{
    "test_accuracy": 0.25,
    "test_f1": 0.1,
    "train_accuracy_history": [
        0.24583333333333332,
        0.225,
        0.24583333333333332,
        0.23333333333333334,
        0.2375,
        0.22916666666666666,
        0.2625,
        0.25,
        0.22916666666666666,
        0.20416666666666666,
        0.2375,
        0.21666666666666667,
        0.2375,
        0.25,
        0.25,
        0.25,
        0.25,
        0.25,
        0.25,
        0.22083333333333333,
        0.20416666666666666,
        0.2125,
        0.225,
        0.25,
        0.22083333333333333,
        0.25,
        0.25,
        0.25,
        0.25,
        0.225,
        0.23333333333333334,
        0.24166666666666667,
        0.23333333333333334,
        0.24583333333333332,
        0.2,
        0.2375,
        0.225,
        0.24166666666666667,
        0.2125,
        0.24166666666666667,
        0.25,
        0.22083333333333333,
        0.225,
        0.25,
        0.24166666666666667,
        0.19166666666666668,
        0.23333333333333334,
        0.20833333333333334,
        0.1625,
        0.20416666666666666,
        0.21666666666666667,
        0.25,
        0.25,
        0.20416666666666666,
        0.17916666666666667,
        0.24583333333333332,
        0.2,
        0.2125,
        0.20833333333333334,
        0.21666666666666667,
        0.22916666666666666,
        0.2375,
        0.21666666666666667,
        0.2125,
        0.21666666666666667,
        0.17916666666666667,
        0.1875,
        0.2375,
        0.2125,
        0.225,
        0.21666666666666667,
        0.22916666666666666,
        0.21666666666666667,
        0.23333333333333334,
        0.22083333333333333,
        0.19166666666666668,
        0.225,
        0.22083333333333333,
        0.2125,
        0.19166666666666668,
        0.22916666666666666,
        0.21666666666666667,
        0.225,
        0.1875,
        0.17916666666666667,
        0.21666666666666667,
        0.24166666666666667,
        0.21666666666666667,
        0.225,
        0.22916666666666666,
        0.2375,
        0.2375,
        0.19583333333333333,
        0.175,
        0.19583333333333333,
        0.24166666666666667,
        0.21666666666666667,
        0.225,
        0.225,
        0.19583333333333333
    ],
    "val_accuracy_history": [
        0.25,
        0.25,
        0.25,
        0.2625,
        0.25,
        0.25,
        0.25,
        0.25,
        0.25,
        0.25,
        0.25,
        0.25,
        0.25,
        0.25,
        0.25,
        0.25,
        0.25,
        0.25,
        0.25,
        0.25,
        0.25,
        0.25,
        0.25,
        0.25,
        0.25,
        0.25,
        0.25,
        0.25,
        0.25,
        0.25,
        0.25,
        0.25,
        0.25,
        0.25,
        0.25,
        0.25,
        0.25,
        0.25,
        0.25,
        0.25,
        0.25,
        0.25,
        0.25,
        0.25,
        0.25,
        0.25,
        0.25,
        0.25,
        0.25,
        0.25,
        0.25,
        0.25,
        0.25,
        0.25,
        0.25,
        0.25,
        0.25,
        0.25,
        0.25,
        0.25,
        0.25,
        0.25,
        0.25,
        0.25,
        0.25,
        0.25,
        0.25,
        0.25,
        0.25,
        0.25,
        0.25,
        0.25,
        0.25,
        0.25,
        0.25,
        0.25,
        0.25,
        0.25,
        0.25,
        0.25,
        0.25,
        0.25,
        0.25,
        0.25,
        0.25,
        0.25,
        0.25,
        0.25,
        0.25,
        0.25,
        0.25,
        0.25,
        0.25,
        0.25,
        0.25,
        0.25,
        0.25,
        0.25,
        0.25,
        0.25
    ],
    "train_loss_history": [
        0.7181394408146541,
        0.376422306895256,
        0.3620775451262792,
        0.3552181412776311,
        0.35517631073792777,
        0.3635165825486183,
        0.3518096054593722,
        0.352028955022494,
        0.3699796328941981,
        0.4214482416709264,
        0.3513028805454572,
        0.3471174731850624,
        0.3471384917696317,
        0.3466833760341009,
        0.3467123905817668,
        0.3467944989601771,
        0.34669660131136576,
        0.34667104929685594,
        0.3466794709364573,
        0.34666950106620786,
        0.3466757595539093,
        0.3466505100329717,
        0.3466967910528183,
        0.3466289406021436,
        0.3466368203361829,
        0.3466792677839597,
        0.3466488992174466,
        0.346629032989343,
        0.3466250613331795,
        0.3466881364583969,
        0.3466412434975306,
        0.34664664218823116,
        0.34663177529970807,
        0.3466300273935,
        0.3466536795099576,
        0.34663975139458975,
        0.3466608107089996,
        0.34665079762538276,
        0.3466511492927869,
        0.34664382139841715,
        0.3466134051481883,
        0.34663154433170956,
        0.3466546709338824,
        0.34666348646084466,
        0.34666564911603925,
        0.3466325283050537,
        0.34668476035197576,
        0.34662797550360364,
        0.34665145973364514,
        0.34664426843325297,
        0.34666122645139696,
        0.34663925717274346,
        0.3466266925136248,
        0.34664854357639946,
        0.3466644912958145,
        0.3466571723421415,
        0.34668193658192953,
        0.34663542211055753,
        0.3466518466671308,
        0.346686652302742,
        0.3466330533226331,
        0.34664197514454526,
        0.3466165065765381,
        0.3466416368881861,
        0.34666777749856315,
        0.3466739406188329,
        0.3467143257459005,
        0.3466403802235921,
        0.34664014130830767,
        0.3466376821200053,
        0.3466798022389412,
        0.34664142032464346,
        0.3466472124059995,
        0.34660794138908385,
        0.3466824322938919,
        0.3466815869013468,
        0.3466719463467598,
        0.346627085407575,
        0.3466482063134511,
        0.34664244453112286,
        0.34665401875972746,
        0.3466160476207733,
        0.3466587553421656,
        0.34666387836138407,
        0.34667653689781824,
        0.34668245563904443,
        0.3467662970225016,
        0.34667791376511253,
        0.3466463794310888,
        0.34664484510819116,
        0.34664019048213957,
        0.3467147216200829,
        0.346634604036808,
        0.34664941231409707,
        0.34662143637736637,
        0.34668305367231367,
        0.3466454729437828,
        0.34667399773995083,
        0.34666987707217534,
        0.3466895634929339
    ],