{
    "test_accuracy": 0.6,
    "test_f1": 0.6152139311187397,
    "train_accuracy_history": [
        0.37083333333333335,
        0.5166666666666667,
        0.5291666666666667,
        0.5625,
        0.6,
        0.5958333333333333,
        0.625,
        0.6833333333333333,
        0.6916666666666667,
        0.75,
        0.8083333333333333,
        0.7625,
        0.7875,
        0.8583333333333333,
        0.8083333333333333,
        0.8375,
        0.8333333333333334,
        0.8416666666666667,
        0.8708333333333333,
        0.8666666666666667,
        0.8875,
        0.9166666666666666,
        0.8625,
        0.85,
        0.8916666666666667,
        0.9166666666666666,
        0.8916666666666667,
        0.9166666666666666,
        0.9,
        0.9208333333333333,
        0.9208333333333333,
        0.8833333333333333,
        0.9083333333333333,
        0.8958333333333334,
        0.8958333333333334,
        0.8666666666666667,
        0.9333333333333333,
        0.9208333333333333,
        0.9458333333333333,
        0.9291666666666667,
        0.9208333333333333,
        0.9125,
        0.9416666666666667,
        0.925,
        0.9,
        0.8916666666666667,
        0.9125,
        0.9041666666666667,
        0.9208333333333333,
        0.9416666666666667,
        0.9416666666666667,
        0.9333333333333333,
        0.9416666666666667,
        0.9333333333333333,
        0.95,
        0.9333333333333333,
        0.9083333333333333,
        0.9375,
        0.9541666666666667,
        0.9375,
        0.9083333333333333,
        0.9041666666666667,
        0.9583333333333334,
        0.9625,
        0.9458333333333333,
        0.9291666666666667,
        0.9375,
        0.9416666666666667,
        0.9375,
        0.9291666666666667,
        0.9041666666666667,
        0.9375,
        0.9583333333333334,
        0.95,
        0.95,
        0.9541666666666667,
        0.95,
        0.9583333333333334,
        0.9666666666666667,
        0.925,
        0.9208333333333333,
        0.9708333333333333,
        0.9416666666666667,
        0.9416666666666667,
        0.9458333333333333,
        0.9708333333333333,
        0.9666666666666667,
        0.9583333333333334,
        0.9875,
        0.9791666666666666,
        0.975,
        0.9708333333333333,
        0.975,
        0.9291666666666667,
        0.9333333333333333,
        0.975,
        0.95,
        0.9708333333333333,
        0.975,
        0.9625
    ],
    "val_accuracy_history": [
        0.25,
        0.2625,
        0.3,
        0.425,
        0.4,
        0.2875,
        0.3375,
        0.3625,
        0.5,
        0.425,
        0.425,
        0.425,
        0.525,
        0.4375,
        0.4375,
        0.3625,
        0.2375,
        0.525,
        0.25,
        0.3125,
        0.4125,
        0.25,
        0.425,
        0.425,
        0.6125,
        0.4125,
        0.55,
        0.5,
        0.4,
        0.25,
        0.275,
        0.4625,
        0.3125,
        0.6,
        0.425,
        0.2625,
        0.5125,
        0.65,
        0.625,
        0.7,
        0.65,
        0.3625,
        0.6375,
        0.3625,
        0.4875,
        0.45,
        0.4375,
        0.5,
        0.6,
        0.65,
        0.5625,
        0.5875,
        0.5375,
        0.5875,
        0.575,
        0.4625,
        0.4625,
        0.6125,
        0.6125,
        0.525,
        0.5125,
        0.5875,
        0.5,
        0.6,
        0.6375,
        0.5875,
        0.4875,
        0.65,
        0.5875,
        0.425,
        0.6125,
        0.6625,
        0.65,
        0.675,
        0.6375,
        0.6875,
        0.5,
        0.6,
        0.625,
        0.425,
        0.6125,
        0.55,
        0.425,
        0.6625,
        0.6125,
        0.6875,
        0.6625,
        0.6,
        0.65,
        0.65,
        0.65,
        0.65,
        0.675,
        0.3625,
        0.6375,
        0.6125,
        0.6125,
        0.5875,
        0.3625,
        0.675
    ],
    "train_loss_history": [
        0.32506014381845794,
        0.27536347284913065,
        0.25265125508109726,
        0.2585434810568889,
        0.24398138858377932,
        0.24444682585696378,
        0.23403887761135897,
        0.2033194128423929,
        0.1973012221356233,
        0.1710585782925288,
        0.1514353358497222,
        0.1599276275994877,
        0.14581315075047313,
        0.1248344387859106,
        0.1292129704883943,
        0.11215706542134285,
        0.11957062801811844,
        0.12511693793348969,
        0.10162429115734994,
        0.09178044005020639,
        0.09386195599120886,
        0.08616855773919573,
        0.10745154137257487,
        0.11163502261818697,
        0.10881917388954511,
        0.06776233609222497,
        0.087083297481513,
        0.0910566748022878,
        0.07705090720167694,
        0.06795307429759607,
        0.0641174733522348,
        0.08584326850541402,
        0.07567701251949378,
        0.08068205984357822,
        0.08682216097513447,
        0.09459580294011781,
        0.0540099558136717,
        0.06336936615310454,
        0.048440843717738366,
        0.05625955507069496,
        0.06893690496923834,
        0.05387641041840349,
        0.044670088739076165,
        0.058660735012987665,
        0.06976506034989143,
        0.09139639892964624,
        0.06850211561541072,
        0.06224676147685386,
        0.06745460203189092,
        0.04519234252851068,
        0.04202786727046236,
        0.04883477270007764,
        0.04323656956257764,
        0.04840855546147698,
        0.0390986212913352,
        0.0833896042100605,
        0.07236158230737147,
        0.04806559203764967,
        0.039015785977517224,
        0.0462205795199831,
        0.06610574827143409,
        0.057498644012306005,
        0.03919175007808728,
        0.035234160227974105,
        0.03901960492307429,
        0.0422309562642719,
        0.05808546948116297,
        0.04370918618706128,
        0.03793655918307195,
        0.048028270062544225,
        0.06755573451106708,
        0.0490840054885363,
        0.03214105528931412,
        0.03537613905840165,
        0.03040978439703821,
        0.037616679157561825,
        0.029316202713296966,
        0.04054349757095679,
        0.018085272208327296,
        0.05415905565556992,
        0.053061620809478426,
        0.03147199642159061,
        0.05008040372601196,
        0.04764112541324721,
        0.03808249132465183,
        0.02847625229381568,
        0.02580284771725966,
        0.02842308082854288,
        0.014506594051507211,
        0.013827117029709336,
        0.016478666784155393,
        0.030292559302195758,
        0.015641188133595562,
        0.0750070395030382,
        0.05287113149127739,
        0.027033854027316315,
        0.03850624897204398,
        0.022730636836361857,
        0.019344586697371824,
        0.022555010842767054
    ],