{
    "test_accuracy": 0.25,
    "test_f1": 0.1,
    "train_accuracy_history": [
        0.23333333333333334,
        0.21666666666666667,
        0.2,
        0.23333333333333334,
        0.26666666666666666,
        0.25,
        0.18333333333333332,
        0.16666666666666666,
        0.23333333333333334,
        0.2833333333333333,
        0.26666666666666666,
        0.3,
        0.26666666666666666,
        0.31666666666666665,
        0.31666666666666665,
        0.25,
        0.2833333333333333,
        0.2833333333333333,
        0.26666666666666666,
        0.2833333333333333,
        0.3,
        0.2833333333333333,
        0.38333333333333336,
        0.23333333333333334,
        0.36666666666666664,
        0.35,
        0.26666666666666666,
        0.3333333333333333,
        0.2833333333333333,
        0.26666666666666666,
        0.31666666666666665,
        0.3,
        0.36666666666666664,
        0.36666666666666664,
        0.23333333333333334,
        0.31666666666666665,
        0.26666666666666666,
        0.36666666666666664,
        0.25,
        0.23333333333333334,
        0.3333333333333333,
        0.3333333333333333,
        0.21666666666666667,
        0.2833333333333333,
        0.23333333333333334,
        0.26666666666666666,
        0.3,
        0.31666666666666665,
        0.21666666666666667,
        0.3,
        0.3,
        0.2833333333333333,
        0.31666666666666665,
        0.25,
        0.2833333333333333,
        0.26666666666666666,
        0.2833333333333333,
        0.31666666666666665,
        0.21666666666666667,
        0.31666666666666665,
        0.2833333333333333,
        0.3333333333333333,
        0.23333333333333334,
        0.26666666666666666,
        0.3333333333333333,
        0.31666666666666665,
        0.2833333333333333,
        0.3333333333333333,
        0.35,
        0.3,
        0.3,
        0.26666666666666666,
        0.23333333333333334,
        0.2833333333333333,
        0.2833333333333333,
        0.2833333333333333,
        0.31666666666666665,
        0.38333333333333336,
        0.35,
        0.3333333333333333,
        0.3,
        0.35,
        0.2833333333333333,
        0.21666666666666667,
        0.31666666666666665,
        0.31666666666666665,
        0.2,
        0.31666666666666665,
        0.26666666666666666,
        0.3333333333333333,
        0.31666666666666665,
        0.26666666666666666,
        0.35,
        0.3333333333333333,
        0.23333333333333334,
        0.31666666666666665,
        0.2,
        0.2833333333333333,
        0.23333333333333334,
        0.23333333333333334
    ],
    "val_accuracy_history": [
        0.25,
        0.25,
        0.2,
        0.25,
        0.25,
        0.25,
        0.25,
        0.15,
        0.2,
        0.25,
        0.25,
        0.2,
        0.2,
        0.2,
        0.15,
        0.2,
        0.2,
        0.2,
        0.25,
        0.25,
        0.15,
        0.2,
        0.2,
        0.2,
        0.25,
        0.2,
        0.2,
        0.2,
        0.2,
        0.25,
        0.2,
        0.25,
        0.2,
        0.15,
        0.2,
        0.25,
        0.2,
        0.25,
        0.25,
        0.2,
        0.2,
        0.25,
        0.15,
        0.25,
        0.25,
        0.25,
        0.25,
        0.2,
        0.2,
        0.2,
        0.2,
        0.2,
        0.25,
        0.25,
        0.2,
        0.25,
        0.25,
        0.25,
        0.2,
        0.2,
        0.2,
        0.25,
        0.2,
        0.25,
        0.25,
        0.25,
        0.2,
        0.25,
        0.25,
        0.3,
        0.25,
        0.25,
        0.25,
        0.15,
        0.25,
        0.3,
        0.25,
        0.25,
        0.2,
        0.2,
        0.2,
        0.3,
        0.2,
        0.2,
        0.25,
        0.25,
        0.25,
        0.25,
        0.3,
        0.3,
        0.3,
        0.25,
        0.3,
        0.3,
        0.25,
        0.2,
        0.25,
        0.25,
        0.25,
        0.25
    ],
    "train_loss_history": [
        177.46076532999675,
        19.158834846814475,
        0.574468853076299,
        0.3729513347148895,
        0.35384825666745506,
        0.3537878175576528,
        0.34862256050109863,
        0.3608540534973145,
        0.36134241422017416,
        0.3546394487222036,
        0.35795328418413797,
        0.34579865137736004,
        0.35184736649195353,
        0.34370216925938923,
        0.3418714702129364,
        0.34271903038024903,
        0.3442595640818278,
        0.3396060526371002,
        0.3511924068133036,
        0.34669414957364403,
        0.33867187102635704,
        0.3337762117385864,
        0.3348528385162354,
        0.3413487752278646,
        0.33379223744074504,
        0.33580424984296164,
        0.33858240644137066,
        0.3394323348999023,
        0.33282573421796163,
        0.3405078192551931,
        0.33303494453430177,
        0.3356627265612284,
        0.33615417083104454,
        0.3296604216098785,
        0.34663925965627035,
        0.3334802786509196,
        0.3332490106423696,
        0.338779350121816,
        0.3584912598133087,
        0.3344574352105459,
        0.33118729790051776,
        0.3340737024943034,
        0.35359496076901753,
        0.33860269784927366,
        0.34589591224988303,
        0.34724348187446596,
        0.3479231814543406,
        0.3358421881993612,
        0.3454562842845917,
        0.33597301642100014,
        0.3343435029188792,
        0.3357336938381195,
        0.33773342370986936,
        0.34432513316472374,
        0.3411594331264496,
        0.3324938913186391,
        0.3375683565934499,
        0.3372943937778473,
        0.36377646525700885,
        0.3509593745072683,
        0.3407521486282349,
        0.33695306777954104,
        0.34509087006251016,
        0.3353725790977478,
        0.3350915392239889,
        0.3322997748851776,
        0.33414991696675617,
        0.3399626890818278,
        0.33184306025505067,
        0.3316781242688497,
        0.3346183200677236,
        0.335678631067276,
        0.34888227383295695,
        0.3316215892632802,
        0.34001296559969585,
        0.33869165380795796,
        0.34375144839286803,
        0.3307902137438456,
        0.34151685039202373,
        0.33246901432673137,
        0.33287790417671204,
        0.32798176606496177,
        0.33160252968470255,
        0.3323088069756826,
        0.33718798955281576,
        0.35250245531400043,
        0.3765167832374573,
        0.3437878688176473,
        0.34197930892308553,
        0.3371148983637492,
        0.3391037046909332,
        0.3339965144793193,
        0.33229122757911683,
        0.3358164628346761,
        0.3699935813744863,
        0.34299195011456807,
        0.34821722904841107,
        0.3478039602438609,
        0.347975347439448,
        0.34584190845489504
    ],