{
    "test_accuracy": 0.4,
    "test_f1": 0.391941391941392,
    "train_accuracy_history": [
        0.28,
        0.4666666666666667,
        0.68,
        0.8133333333333334,
        0.8933333333333333,
        0.92,
        0.9466666666666667,
        0.9866666666666667,
        1.0,
        0.9733333333333334,
        0.9866666666666667,
        0.9866666666666667,
        0.9866666666666667,
        1.0,
        1.0,
        1.0,
        1.0,
        1.0,
        1.0,
        0.9866666666666667,
        1.0,
        1.0,
        1.0,
        1.0,
        1.0,
        1.0,
        1.0,
        1.0,
        1.0,
        1.0,
        1.0,
        1.0,
        1.0,
        1.0,
        1.0,
        1.0,
        1.0,
        1.0,
        1.0,
        1.0,
        1.0,
        1.0,
        1.0,
        1.0,
        1.0,
        1.0,
        1.0,
        1.0,
        1.0,
        1.0,
        1.0,
        1.0,
        1.0,
        1.0,
        1.0,
        1.0,
        1.0,
        1.0,
        1.0,
        1.0,
        1.0,
        1.0,
        1.0,
        1.0,
        1.0,
        1.0,
        1.0,
        1.0,
        1.0,
        1.0,
        1.0,
        1.0,
        1.0,
        1.0,
        1.0,
        1.0,
        1.0,
        1.0,
        1.0,
        1.0,
        1.0,
        1.0,
        1.0,
        1.0,
        1.0,
        1.0,
        1.0,
        1.0,
        1.0,
        1.0,
        1.0,
        1.0,
        1.0,
        1.0,
        1.0,
        1.0,
        1.0,
        1.0,
        1.0,
        1.0
    ],
    "val_accuracy_history": [
        0.28,
        0.2,
        0.2,
        0.32,
        0.28,
        0.2,
        0.28,
        0.2,
        0.2,
        0.2,
        0.32,
        0.2,
        0.28,
        0.2,
        0.12,
        0.36,
        0.24,
        0.2,
        0.2,
        0.36,
        0.2,
        0.16,
        0.28,
        0.2,
        0.24,
        0.2,
        0.36,
        0.28,
        0.32,
        0.24,
        0.24,
        0.32,
        0.44,
        0.32,
        0.16,
        0.2,
        0.4,
        0.28,
        0.32,
        0.36,
        0.2,
        0.32,
        0.16,
        0.32,
        0.32,
        0.32,
        0.28,
        0.12,
        0.24,
        0.24,
        0.28,
        0.32,
        0.2,
        0.16,
        0.12,
        0.36,
        0.4,
        0.28,
        0.32,
        0.24,
        0.24,
        0.32,
        0.28,
        0.32,
        0.32,
        0.28,
        0.28,
        0.28,
        0.32,
        0.36,
        0.36,
        0.36,
        0.24,
        0.32,
        0.24,
        0.32,
        0.32,
        0.24,
        0.24,
        0.16,
        0.28,
        0.28,
        0.32,
        0.36,
        0.24,
        0.24,
        0.24,
        0.36,
        0.28,
        0.2,
        0.32,
        0.16,
        0.16,
        0.28,
        0.28,
        0.2,
        0.28,
        0.24,
        0.36,
        0.28
    ],
    "train_loss_history": [
        0.41356311321258543,
        0.2888228424390157,
        0.23470082720120747,
        0.18131339470545452,
        0.12524977584679922,
        0.10416141947110494,
        0.07761430303255717,
        0.0462703083952268,
        0.039106725851694744,
        0.034200429370005926,
        0.02142048065861066,
        0.019685922687252364,
        0.013786335575083892,
        0.010401070304214954,
        0.012624624595046043,
        0.008352713746329149,
        0.007502887298663457,
        0.006587972541650136,
        0.004435016835729281,
        0.00896806235735615,
        0.0046596714233358705,
        0.0034577749234934647,
        0.003418050343170762,
        0.002803088140984376,
        0.0023591189521054426,
        0.0034667837557693323,
        0.0026220029406249525,
        0.0022257536835968493,
        0.00207946435858806,
        0.001812657257542014,
        0.0014353686850517987,
        0.0017293579348673423,
        0.0013574211408073703,
        0.001841672978674372,
        0.0017097441510607798,
        0.0013404112596375247,
        0.0008958460809662938,
        0.0016552991210483014,
        0.0013655076874420048,
        0.001088088449711601,
        0.0024584098936369023,
        0.0016639236127957702,
        0.0013337825813020268,
        0.0008677280667082717,
        0.0009558865816021958,
        0.0009771750611253082,
        0.0008247764664702118,
        0.0008715181758937737,
        0.0007790444348938763,
        0.0005971279748094579,
        0.0006947603231916825,
        0.0009193286548058192,
        0.0019168635733270397,
        0.0010737795813474803,
        0.0006527733717424174,
        0.0006211165191295246,
        0.0006714874249882996,
        0.0006625250230232874,
        0.0005088379924806456,
        0.0004857913750068595,
        0.0004377482129105677,
        0.0009370828912748645,
        0.0007459009205922485,
        0.0005163753971767922,
        0.0005029645752316962,
        0.00038203463268776737,
        0.0003989136304395894,
        0.000390640403299282,
        0.00048399059761626025,
        0.0004247471111981819,
        0.0002866481469633679,
        0.0003975396820654472,
        0.0003576903642776112,
        0.0002875878766644746,
        0.00027430362960634134,
        0.00028986170170052595,
        0.00025957694083141784,
        0.0003850661225927373,
        0.0003139447207407405,
        0.00021915653138421476,
        0.00023773877726246913,
        0.0002577036832614491,
        0.0002836704432653884,
        0.00022168282710481436,
        0.00022470452512303988,
        0.00028267494577448814,
        0.00027282897809830805,
        0.00019386518727211902,
        0.00022892049707782765,
        0.0002032507296341161,
        0.00015816865702314922,
        0.00029343629740954686,
        0.00023807318900556613,
        0.0002487073534090693,
        0.00024068690215547879,
        0.00025645405946609875,
        0.00016707004591201742,
        0.0002473912717929731,
        0.0001873602425136293,
        0.00017228571271213393
    ],