{
    "test_accuracy": 0.25,
    "test_f1": 0.1,
    "train_accuracy_history": [
        0.25,
        0.26666666666666666,
        0.25,
        0.2,
        0.25,
        0.23333333333333334,
        0.25,
        0.18333333333333332,
        0.16666666666666666,
        0.2,
        0.23333333333333334,
        0.21666666666666667,
        0.2,
        0.23333333333333334,
        0.25,
        0.2,
        0.18333333333333332,
        0.2,
        0.23333333333333334,
        0.25,
        0.23333333333333334,
        0.16666666666666666,
        0.2,
        0.18333333333333332,
        0.2,
        0.25,
        0.2,
        0.18333333333333332,
        0.18333333333333332,
        0.25,
        0.25,
        0.2,
        0.2,
        0.2,
        0.2,
        0.25,
        0.2,
        0.2,
        0.2,
        0.2,
        0.2833333333333333,
        0.21666666666666667,
        0.18333333333333332,
        0.23333333333333334,
        0.2,
        0.25,
        0.18333333333333332,
        0.16666666666666666,
        0.2,
        0.26666666666666666,
        0.08333333333333333,
        0.26666666666666666,
        0.2,
        0.16666666666666666,
        0.18333333333333332,
        0.25,
        0.26666666666666666,
        0.23333333333333334,
        0.25,
        0.2,
        0.11666666666666667,
        0.13333333333333333,
        0.15,
        0.21666666666666667,
        0.2,
        0.18333333333333332,
        0.25,
        0.08333333333333333,
        0.15,
        0.21666666666666667,
        0.25,
        0.23333333333333334,
        0.15,
        0.18333333333333332,
        0.16666666666666666,
        0.15,
        0.08333333333333333,
        0.25,
        0.11666666666666667,
        0.23333333333333334,
        0.2,
        0.2,
        0.2,
        0.13333333333333333,
        0.23333333333333334,
        0.23333333333333334,
        0.2,
        0.16666666666666666,
        0.18333333333333332,
        0.21666666666666667,
        0.26666666666666666,
        0.25,
        0.21666666666666667,
        0.21666666666666667,
        0.2,
        0.21666666666666667,
        0.16666666666666666,
        0.16666666666666666,
        0.25,
        0.15
    ],
    "val_accuracy_history": [
        0.25,
        0.25,
        0.25,
        0.25,
        0.25,
        0.25,
        0.25,
        0.25,
        0.25,
        0.25,
        0.25,
        0.25,
        0.25,
        0.25,
        0.25,
        0.25,
        0.25,
        0.25,
        0.25,
        0.25,
        0.25,
        0.25,
        0.25,
        0.25,
        0.25,
        0.25,
        0.25,
        0.25,
        0.25,
        0.25,
        0.25,
        0.25,
        0.25,
        0.25,
        0.25,
        0.25,
        0.25,
        0.25,
        0.25,
        0.25,
        0.25,
        0.25,
        0.25,
        0.25,
        0.25,
        0.25,
        0.25,
        0.25,
        0.25,
        0.25,
        0.25,
        0.25,
        0.25,
        0.25,
        0.25,
        0.25,
        0.25,
        0.25,
        0.25,
        0.25,
        0.25,
        0.25,
        0.25,
        0.25,
        0.25,
        0.25,
        0.25,
        0.25,
        0.25,
        0.25,
        0.25,
        0.25,
        0.25,
        0.25,
        0.25,
        0.25,
        0.25,
        0.25,
        0.25,
        0.25,
        0.25,
        0.25,
        0.25,
        0.25,
        0.25,
        0.25,
        0.25,
        0.25,
        0.25,
        0.25,
        0.25,
        0.25,
        0.25,
        0.25,
        0.25,
        0.25,
        0.25,
        0.25,
        0.25,
        0.25
    ],
    "train_loss_history": [
        1.5046563078959783,
        0.35638380646705625,
        0.35038352409998574,
        0.3530131181081136,
        0.34983206788698834,
        0.3509038070837657,
        0.34750981132189435,
        0.3500888486703237,
        0.3491136391957601,
        0.3487559815247854,
        0.3485457479953766,
        0.34914931456247966,
        0.3478653132915497,
        0.35207732717196144,
        0.3486401895682017,
        0.3510272284348806,
        0.349075577656428,
        0.34934844573338825,
        0.35063370068868,
        0.3507036745548248,
        0.34889233311017354,
        0.3497757395108541,
        0.3496800164381663,
        0.34844178358713784,
        0.3487377186616262,
        0.3491117040316264,
        0.35411826968193055,
        0.34926641583442686,
        0.3518650730450948,
        0.34816221793492635,
        0.353673525651296,
        0.35196407238642374,
        0.3512407640616099,
        0.35291484991709393,
        0.3521026094754537,
        0.348313570022583,
        0.3498889148235321,
        0.3489525973796844,
        0.3522335350513458,
        0.35245764851570127,
        0.3478083352247874,
        0.35245320002237956,
        0.34985499978065493,
        0.34839173158009845,
        0.35014875332514445,
        0.3484964350859324,
        0.35468930602073667,
        0.34955528378486633,
        0.35390183130900066,
        0.3470136920611064,
        0.35212268829345705,
        0.34719556172688804,
        0.3519887924194336,
        0.348979385693868,
        0.34964200059572853,
        0.3494526147842407,
        0.349932740132014,
        0.3490456183751424,
        0.34975891510645546,
        0.34935884873072304,
        0.3515801548957825,
        0.3501276592413584,
        0.3504169642925262,
        0.34815919597943623,
        0.3542793313662211,
        0.3483418921629588,
        0.3485494017601013,
        0.3534847855567932,
        0.34866439501444496,
        0.3484867612520854,
        0.35037065545717877,
        0.3493654151757558,
        0.35005664825439453,
        0.3510857065518697,
        0.3513438860575358,
        0.34993380506833394,
        0.3492419342199961,
        0.347842941681544,
        0.3499485413233439,
        0.3483834505081177,
        0.3509183764457703,
        0.349526705344518,
        0.35128278930981954,
        0.3505703608194987,
        0.3503487447897593,
        0.3474640130996704,
        0.3494762122631073,
        0.349360058705012,
        0.3493009269237518,
        0.34815077980359393,
        0.3496183534463247,
        0.34875867565472923,
        0.3499086141586304,
        0.3486161212126414,
        0.3490988334019979,
        0.3479319016138713,
        0.34796027342478436,
        0.3478724499543508,
        0.3493154247601827,
        0.3517898678779602
    ],