{
    "test_accuracy": 0.65,
    "test_f1": 0.6592768490374873,
    "train_accuracy_history": [
        0.26666666666666666,
        0.37083333333333335,
        0.4375,
        0.4083333333333333,
        0.4375,
        0.38333333333333336,
        0.5333333333333333,
        0.475,
        0.5208333333333334,
        0.55,
        0.5208333333333334,
        0.6125,
        0.6125,
        0.5333333333333333,
        0.525,
        0.6583333333333333,
        0.6125,
        0.6333333333333333,
        0.6208333333333333,
        0.6666666666666666,
        0.6833333333333333,
        0.6166666666666667,
        0.6666666666666666,
        0.6791666666666667,
        0.6041666666666666,
        0.6458333333333334,
        0.675,
        0.6625,
        0.65,
        0.6833333333333333,
        0.675,
        0.6958333333333333,
        0.5916666666666667,
        0.6375,
        0.6625,
        0.65,
        0.6083333333333333,
        0.675,
        0.65,
        0.6375,
        0.6666666666666666,
        0.6333333333333333,
        0.5916666666666667,
        0.6625,
        0.6708333333333333,
        0.6666666666666666,
        0.6875,
        0.6666666666666666,
        0.6875,
        0.675,
        0.6958333333333333,
        0.7166666666666667,
        0.7083333333333334,
        0.7416666666666667,
        0.7291666666666666,
        0.7041666666666667,
        0.7333333333333333,
        0.7583333333333333,
        0.7458333333333333,
        0.7333333333333333,
        0.7541666666666667,
        0.7666666666666667,
        0.8,
        0.7583333333333333,
        0.8083333333333333,
        0.8291666666666667,
        0.5958333333333333,
        0.6833333333333333,
        0.7541666666666667,
        0.775,
        0.775,
        0.7833333333333333,
        0.85,
        0.8291666666666667,
        0.8666666666666667,
        0.8333333333333334,
        0.8416666666666667,
        0.8708333333333333,
        0.8041666666666667,
        0.8125,
        0.8541666666666666,
        0.8416666666666667,
        0.8708333333333333,
        0.8458333333333333,
        0.8333333333333334,
        0.8708333333333333,
        0.85,
        0.85,
        0.8791666666666667,
        0.8916666666666667,
        0.8625,
        0.8291666666666667,
        0.8666666666666667,
        0.8708333333333333,
        0.8875,
        0.8833333333333333,
        0.8666666666666667,
        0.85,
        0.9083333333333333,
        0.8458333333333333
    ],
    "val_accuracy_history": [
        0.3375,
        0.325,
        0.25,
        0.35,
        0.25,
        0.3125,
        0.3875,
        0.2625,
        0.4,
        0.45,
        0.3875,
        0.4125,
        0.35,
        0.4625,
        0.4625,
        0.5,
        0.4125,
        0.5375,
        0.5125,
        0.5,
        0.5125,
        0.5375,
        0.5875,
        0.475,
        0.2875,
        0.525,
        0.575,
        0.5125,
        0.5375,
        0.475,
        0.5,
        0.4,
        0.4625,
        0.45,
        0.4875,
        0.5875,
        0.575,
        0.4875,
        0.3375,
        0.5,
        0.2625,
        0.4875,
        0.4625,
        0.4625,
        0.4375,
        0.475,
        0.425,
        0.4375,
        0.6125,
        0.5625,
        0.4875,
        0.575,
        0.5,
        0.5625,
        0.5625,
        0.4375,
        0.575,
        0.5125,
        0.275,
        0.5375,
        0.675,
        0.4875,
        0.4875,
        0.2625,
        0.675,
        0.45,
        0.3375,
        0.5625,
        0.5875,
        0.475,
        0.65,
        0.5875,
        0.5125,
        0.5125,
        0.5,
        0.575,
        0.4625,
        0.5375,
        0.65,
        0.5375,
        0.4125,
        0.5625,
        0.4125,
        0.575,
        0.5875,
        0.4875,
        0.45,
        0.6125,
        0.5625,
        0.475,
        0.425,
        0.5375,
        0.4625,
        0.65,
        0.6875,
        0.5875,
        0.525,
        0.5,
        0.5375,
        0.5125
    ],
    "train_loss_history": [
        0.3463691160082817,
        0.31713413099447885,
        0.30317011574904124,
        0.3025579777856668,
        0.2973477624356747,
        0.3003824658691883,
        0.2702491196493308,
        0.2892796495308479,
        0.2758928593248129,
        0.2622928264240424,
        0.2791624781986078,
        0.24087387373050054,
        0.24692448067168396,
        0.25997679320474465,
        0.2507835254073143,
        0.21078316712131104,
        0.26007912705341973,
        0.22616212690869966,
        0.20310828493287167,
        0.18828095306331913,
        0.1982369584341844,
        0.2017742055778702,
        0.1867663827414314,
        0.19073181347921492,
        0.23998560259739557,
        0.20312166785200436,
        0.19833413163820904,
        0.19158798685918252,
        0.19670116330186527,
        0.19478064340849718,
        0.183959018625319,
        0.1638477897271514,
        0.2034306259204944,
        0.208207747216026,
        0.19218686440338692,
        0.1833053239931663,
        0.19309373274445535,
        0.17676021537433068,
        0.21263244232783715,
        0.20530638396739959,
        0.202803906177481,
        0.21016819700598716,
        0.2303399429967006,
        0.19814374608298144,
        0.17528443324069182,
        0.19500357316186032,
        0.18035738070805868,
        0.2091012028977275,
        0.18028982176134983,
        0.18706642718364794,
        0.1741622945914666,
        0.1872631672148903,
        0.16397116631269454,
        0.17095595734814803,
        0.16147578377276658,
        0.1581512398396929,
        0.16047513832648594,
        0.15978086336205402,
        0.17926572173212965,
        0.17804571585729717,
        0.16612167128672203,
        0.16791046280413865,
        0.13741745391550164,
        0.1644807339956363,
        0.14473544309536615,
        0.14539919675638277,
        0.2534047967443864,
        0.22134402468800546,
        0.16302579243977863,
        0.16588970062633354,
        0.15387776621306937,
        0.15954563760509094,
        0.13141043540090322,
        0.13560174515781304,
        0.11365094187203795,
        0.1359441812460621,
        0.14908673586323856,
        0.11014787935030958,
        0.13460096688165019,
        0.13547892107162623,
        0.1149831002112478,
        0.12481236203263203,
        0.11424490183902283,
        0.13671159270452335,
        0.11701664978948732,
        0.10727538801729679,
        0.12278238616030042,
        0.11279283422627487,
        0.11264552846550942,
        0.09432604299702992,
        0.11913519269243504,
        0.12965730394547184,
        0.10237383483521019,
        0.11352802118441711,
        0.09636897556483745,
        0.09939270336957028,
        0.10548651372082532,
        0.13780925306103503,
        0.08877968608867377,
        0.11665080565047295
    ],