{
    "test_accuracy": 0.5875,
    "test_f1": 0.5956626647834274,
    "train_accuracy_history": [
        0.4125,
        0.3958333333333333,
        0.5291666666666667,
        0.5291666666666667,
        0.525,
        0.5333333333333333,
        0.5916666666666667,
        0.675,
        0.7583333333333333,
        0.7083333333333334,
        0.7,
        0.7583333333333333,
        0.7875,
        0.7583333333333333,
        0.875,
        0.8458333333333333,
        0.775,
        0.8083333333333333,
        0.8208333333333333,
        0.8625,
        0.8625,
        0.825,
        0.8625,
        0.9375,
        0.85,
        0.9291666666666667,
        0.9416666666666667,
        0.9041666666666667,
        0.925,
        0.9333333333333333,
        0.9625,
        0.9541666666666667,
        0.9333333333333333,
        0.925,
        0.875,
        0.9208333333333333,
        0.9041666666666667,
        0.9333333333333333,
        0.95,
        0.925,
        0.975,
        0.9625,
        0.9666666666666667,
        0.9833333333333333,
        0.9708333333333333,
        0.8916666666666667,
        0.8666666666666667,
        0.95,
        0.9916666666666667,
        0.9666666666666667,
        0.9375,
        0.9583333333333334,
        0.9916666666666667,
        0.9791666666666666,
        0.975,
        0.9375,
        0.9583333333333334,
        0.9458333333333333,
        0.9791666666666666,
        0.9791666666666666,
        0.975,
        0.9958333333333333,
        0.9916666666666667,
        0.9875,
        0.9791666666666666,
        0.9375,
        0.9458333333333333,
        0.9708333333333333,
        0.9708333333333333,
        0.9791666666666666,
        0.9833333333333333,
        0.9916666666666667,
        0.9958333333333333,
        0.9833333333333333,
        0.9875,
        1.0,
        0.9875,
        0.9791666666666666,
        0.9875,
        0.9666666666666667,
        0.9875,
        0.9375,
        0.9708333333333333,
        0.9708333333333333,
        0.975,
        0.9833333333333333,
        0.9833333333333333,
        0.9875,
        0.9958333333333333,
        1.0,
        0.9958333333333333,
        1.0,
        0.9958333333333333,
        0.9833333333333333,
        0.9875,
        0.9666666666666667,
        0.9333333333333333,
        0.95,
        0.9458333333333333,
        0.9541666666666667
    ],
    "val_accuracy_history": [
        0.2625,
        0.3375,
        0.2625,
        0.25,
        0.375,
        0.375,
        0.25,
        0.4125,
        0.5125,
        0.4625,
        0.35,
        0.475,
        0.425,
        0.4875,
        0.5125,
        0.3875,
        0.25,
        0.4625,
        0.45,
        0.275,
        0.5,
        0.425,
        0.45,
        0.4875,
        0.5,
        0.5875,
        0.5125,
        0.35,
        0.625,
        0.55,
        0.575,
        0.5375,
        0.5,
        0.4375,
        0.625,
        0.5,
        0.475,
        0.525,
        0.4625,
        0.475,
        0.525,
        0.575,
        0.525,
        0.6,
        0.4875,
        0.425,
        0.5625,
        0.375,
        0.575,
        0.55,
        0.4625,
        0.6,
        0.6,
        0.4125,
        0.575,
        0.45,
        0.4875,
        0.6,
        0.6,
        0.55,
        0.575,
        0.6125,
        0.55,
        0.4375,
        0.6,
        0.3375,
        0.5,
        0.5375,
        0.6125,
        0.3625,
        0.525,
        0.6,
        0.5375,
        0.4875,
        0.5875,
        0.6875,
        0.675,
        0.55,
        0.55,
        0.425,
        0.5,
        0.375,
        0.6,
        0.525,
        0.475,
        0.5625,
        0.65,
        0.55,
        0.525,
        0.6,
        0.55,
        0.6,
        0.6125,
        0.4875,
        0.5,
        0.4875,
        0.2625,
        0.575,
        0.4875,
        0.4875
    ],
    "train_loss_history": [
        0.37066678206125897,
        0.31097029224038125,
        0.27920676122109095,
        0.25505089250703655,
        0.2583807922899723,
        0.25301772747188805,
        0.2377308700233698,
        0.1957595579326153,
        0.1659903327624003,
        0.19474064347644646,
        0.20631710675855477,
        0.1603661601121227,
        0.15081333682561915,
        0.16055631634468834,
        0.10095882417323689,
        0.11071944172338893,
        0.15695031417999417,
        0.14254271533961096,
        0.1214839408484598,
        0.10538535276427866,
        0.09207826286631947,
        0.12436442975498115,
        0.10034236571906756,
        0.050265662119879075,
        0.1050281034821334,
        0.05690106647283149,
        0.04252877028969427,
        0.07112726237974129,
        0.060400981246493755,
        0.046339552995050326,
        0.029156136964835846,
        0.026494178650318646,
        0.04955788154135613,
        0.052770723751746115,
        0.10896256836325241,
        0.05061840077978559,
        0.07452028734260238,
        0.056260325854721786,
        0.04021291919634677,
        0.05231191034496684,
        0.023659924603271064,
        0.031227988262738413,
        0.026732438761973752,
        0.012097109027672559,
        0.028882775263870522,
        0.09993747685609075,
        0.09579007190186531,
        0.03810112151744154,
        0.014508509164928303,
        0.025715189472733376,
        0.04923638394381366,
        0.02923360967882521,
        0.00960753353307761,
        0.01940852564366651,
        0.017140818592391346,
        0.05138104690216399,
        0.02652789981366368,
        0.03843484313110821,
        0.017661696387949632,
        0.01529212706045655,
        0.025268661684276595,
        0.004803824666972408,
        0.006046382807653572,
        0.009429184000206684,
        0.02223028775418546,
        0.05104234208799122,
        0.03541559019373987,
        0.018271022997093194,
        0.017780747232245632,
        0.02363780096008365,
        0.010052129406903986,
        0.00587607483003012,
        0.0031058799970499723,
        0.013891541675472277,
        0.016898602535699563,
        0.0018214941238208363,
        0.0098768413398678,
        0.019790597945272263,
        0.011588849999103938,
        0.020519897696764624,
        0.011701849383780428,
        0.04954492320296898,
        0.02349014835441873,
        0.028777755326579304,
        0.015617573454104179,
        0.016051579638527377,
        0.015504901195693794,
        0.00645404519884778,
        0.004000447244501023,
        0.0011627893953724802,
        0.003497519766976135,
        0.0004262065087800693,
        0.0020240170139459225,
        0.014651386131556875,
        0.01118734661868075,
        0.024311746491639495,
        0.05010125367674239,
        0.03975892477007316,
        0.03808962352904928,
        0.03587452030260465
    ],