{
    "test_accuracy": 0.6,
    "test_f1": 0.595417093666735,
    "train_accuracy_history": [
        0.36666666666666664,
        0.42916666666666664,
        0.5333333333333333,
        0.6333333333333333,
        0.6541666666666667,
        0.7583333333333333,
        0.7333333333333333,
        0.8,
        0.8916666666666667,
        0.8083333333333333,
        0.7625,
        0.8791666666666667,
        0.9208333333333333,
        0.9333333333333333,
        0.9,
        0.9041666666666667,
        0.9208333333333333,
        0.9333333333333333,
        0.8958333333333334,
        0.9291666666666667,
        0.9916666666666667,
        0.9416666666666667,
        0.9583333333333334,
        0.9416666666666667,
        0.9666666666666667,
        0.9833333333333333,
        0.975,
        0.9375,
        0.9958333333333333,
        0.9833333333333333,
        0.9708333333333333,
        0.9583333333333334,
        0.9625,
        0.9375,
        0.9833333333333333,
        0.9666666666666667,
        0.975,
        0.9916666666666667,
        1.0,
        0.9875,
        0.9791666666666666,
        0.9708333333333333,
        0.9958333333333333,
        0.9958333333333333,
        0.9875,
        1.0,
        1.0,
        0.9958333333333333,
        0.9958333333333333,
        0.9875,
        0.9666666666666667,
        0.9541666666666667,
        0.9375,
        0.9458333333333333,
        0.9625,
        0.9833333333333333,
        0.9833333333333333,
        0.9916666666666667,
        1.0,
        0.9875,
        0.9958333333333333,
        0.9875,
        0.9916666666666667,
        1.0,
        1.0,
        0.9958333333333333,
        0.975,
        0.9416666666666667,
        0.9375,
        0.9833333333333333,
        0.9666666666666667,
        0.95,
        0.9708333333333333,
        1.0,
        0.9958333333333333,
        0.9916666666666667,
        0.9958333333333333,
        0.9916666666666667,
        0.9875,
        0.9958333333333333,
        1.0,
        1.0,
        0.9958333333333333,
        0.9666666666666667,
        0.9375,
        0.9708333333333333,
        0.9708333333333333,
        1.0,
        0.9958333333333333,
        0.9791666666666666,
        0.9875,
        0.9791666666666666,
        0.9666666666666667,
        0.9833333333333333,
        0.9916666666666667,
        0.9958333333333333,
        0.9916666666666667,
        1.0,
        1.0,
        1.0
    ],
    "val_accuracy_history": [
        0.25,
        0.25,
        0.25,
        0.25,
        0.25,
        0.25,
        0.3875,
        0.4,
        0.3125,
        0.25,
        0.45,
        0.35,
        0.3625,
        0.25,
        0.2625,
        0.25,
        0.425,
        0.2875,
        0.3625,
        0.325,
        0.4375,
        0.375,
        0.3375,
        0.3875,
        0.275,
        0.5,
        0.35,
        0.325,
        0.45,
        0.4375,
        0.5,
        0.425,
        0.425,
        0.25,
        0.5875,
        0.5,
        0.5,
        0.5375,
        0.5625,
        0.5375,
        0.425,
        0.425,
        0.575,
        0.575,
        0.4375,
        0.5875,
        0.6125,
        0.55,
        0.4,
        0.4,
        0.5125,
        0.3875,
        0.325,
        0.425,
        0.525,
        0.5125,
        0.575,
        0.575,
        0.6,
        0.5625,
        0.5125,
        0.5375,
        0.525,
        0.6,
        0.5625,
        0.5125,
        0.4375,
        0.25,
        0.4375,
        0.5375,
        0.425,
        0.425,
        0.575,
        0.5875,
        0.4875,
        0.4625,
        0.5125,
        0.4625,
        0.5375,
        0.4125,
        0.5375,
        0.5375,
        0.325,
        0.425,
        0.4875,
        0.4375,
        0.525,
        0.575,
        0.55,
        0.5375,
        0.5125,
        0.45,
        0.525,
        0.5,
        0.4625,
        0.4125,
        0.4,
        0.5875,
        0.5625,
        0.575
    ],
    "train_loss_history": [
        0.34366320247451465,
        0.3097348980605602,
        0.2815266932050387,
        0.22811349307497342,
        0.22435245389739672,
        0.1889659929399689,
        0.16970200935999552,
        0.14699444761499764,
        0.08880909935881694,
        0.15323481702556213,
        0.1613592359314983,
        0.08230456542223692,
        0.0599803833795401,
        0.050975837542985875,
        0.07395829285572593,
        0.07803458976947392,
        0.058344235958065836,
        0.04487561499311899,
        0.07417326326249167,
        0.0638359553917932,
        0.022444751472600426,
        0.039116087065970834,
        0.03258461059789018,
        0.04243986443228399,
        0.027071828448970336,
        0.014786293650589262,
        0.013447284618208263,
        0.04894307225367811,
        0.007636321385992535,
        0.01830937181924431,
        0.021227886441314087,
        0.03755460317685599,
        0.021140769908864362,
        0.05415975616682166,
        0.023299159608238067,
        0.03964243637068042,
        0.02336665978364181,
        0.013415095745585859,
        0.003795414746067157,
        0.007239173175548785,
        0.015333375492991764,
        0.02086170361568899,
        0.004991473006278587,
        0.004595192611547342,
        0.021952780405232866,
        0.004618592460246873,
        0.001761029056433472,
        0.005138275834785115,
        0.003795806640058193,
        0.010446364182401642,
        0.023908974576230927,
        0.027482483706110845,
        0.06903071439931713,
        0.04056180992071556,
        0.029263327471562663,
        0.014368277634154462,
        0.020859507098066388,
        0.009287662177788055,
        0.0022852127865917284,
        0.006143068019567485,
        0.004677597854515625,
        0.008064491340519453,
        0.008248381790023511,
        0.0027766074153381245,
        0.0020738973990622376,
        0.002142252933845157,
        0.022610194363793804,
        0.054034620839593116,
        0.0454277868502686,
        0.015463421006764596,
        0.018497115376491517,
        0.03361342163267788,
        0.023043896436714326,
        0.00341452851489521,
        0.0018468734172529366,
        0.006644486357966647,
        0.003573424560439283,
        0.008774364734563278,
        0.009088196227192686,
        0.0032782289301318693,
        0.0007344334486788284,
        0.0014601814886873398,
        0.003445836093349423,
        0.02037588025588472,
        0.0512165321275764,
        0.030373087589578063,
        0.024496581467792565,
        0.0032798209871543805,
        0.001639276160828255,
        0.018070842264811895,
        0.008301938981670294,
        0.012525728762041884,
        0.01976093380603743,
        0.009993712906278537,
        0.0063397966656339125,
        0.003240509139353283,
        0.007158970318657035,
        0.000390451959742677,
        0.0004457953609820227,
        0.00045403522442484246
    ],