{
    "test_accuracy": 0.25,
    "test_f1": 0.10416666666666667,
    "train_accuracy_history": [
        0.2,
        0.21666666666666667,
        0.25,
        0.25,
        0.21666666666666667,
        0.21666666666666667,
        0.21666666666666667,
        0.18333333333333332,
        0.23333333333333334,
        0.13333333333333333,
        0.18333333333333332,
        0.23333333333333334,
        0.25,
        0.23333333333333334,
        0.18333333333333332,
        0.18333333333333332,
        0.21666666666666667,
        0.18333333333333332,
        0.16666666666666666,
        0.25,
        0.16666666666666666,
        0.21666666666666667,
        0.16666666666666666,
        0.15,
        0.25,
        0.13333333333333333,
        0.23333333333333334,
        0.16666666666666666,
        0.18333333333333332,
        0.2,
        0.25,
        0.18333333333333332,
        0.2,
        0.25,
        0.15,
        0.18333333333333332,
        0.18333333333333332,
        0.15,
        0.11666666666666667,
        0.25,
        0.13333333333333333,
        0.2,
        0.18333333333333332,
        0.2,
        0.2,
        0.16666666666666666,
        0.15,
        0.16666666666666666,
        0.21666666666666667,
        0.25,
        0.25,
        0.21666666666666667,
        0.18333333333333332,
        0.2,
        0.1,
        0.15,
        0.25,
        0.16666666666666666,
        0.25,
        0.18333333333333332,
        0.25,
        0.18333333333333332,
        0.25,
        0.21666666666666667,
        0.25,
        0.21666666666666667,
        0.25,
        0.23333333333333334,
        0.18333333333333332,
        0.2,
        0.18333333333333332,
        0.25,
        0.2,
        0.2,
        0.23333333333333334,
        0.23333333333333334,
        0.23333333333333334,
        0.25,
        0.21666666666666667,
        0.25,
        0.21666666666666667,
        0.25,
        0.21666666666666667,
        0.21666666666666667,
        0.23333333333333334,
        0.2,
        0.25,
        0.25,
        0.21666666666666667,
        0.2,
        0.2,
        0.25,
        0.2,
        0.2,
        0.23333333333333334,
        0.18333333333333332,
        0.2,
        0.15,
        0.23333333333333334,
        0.16666666666666666
    ],
    "val_accuracy_history": [
        0.25,
        0.25,
        0.25,
        0.25,
        0.25,
        0.25,
        0.25,
        0.25,
        0.25,
        0.25,
        0.25,
        0.25,
        0.25,
        0.25,
        0.25,
        0.25,
        0.25,
        0.25,
        0.25,
        0.25,
        0.25,
        0.25,
        0.25,
        0.25,
        0.25,
        0.25,
        0.25,
        0.25,
        0.25,
        0.25,
        0.25,
        0.25,
        0.25,
        0.25,
        0.25,
        0.25,
        0.25,
        0.25,
        0.25,
        0.25,
        0.25,
        0.25,
        0.25,
        0.25,
        0.25,
        0.25,
        0.25,
        0.25,
        0.25,
        0.25,
        0.25,
        0.25,
        0.25,
        0.25,
        0.25,
        0.25,
        0.25,
        0.25,
        0.25,
        0.25,
        0.25,
        0.25,
        0.25,
        0.25,
        0.25,
        0.25,
        0.25,
        0.25,
        0.25,
        0.25,
        0.25,
        0.25,
        0.25,
        0.25,
        0.25,
        0.25,
        0.25,
        0.25,
        0.25,
        0.25,
        0.25,
        0.25,
        0.25,
        0.25,
        0.25,
        0.25,
        0.25,
        0.25,
        0.25,
        0.25,
        0.25,
        0.25,
        0.25,
        0.25,
        0.25,
        0.25,
        0.25,
        0.25,
        0.25,
        0.25
    ],
    "train_loss_history": [
        0.36795605421066285,
        0.3532338778177897,
        0.34778908888498944,
        0.34811537265777587,
        0.3484825054804484,
        0.35006417830785114,
        0.3482902705669403,
        0.35346686840057373,
        0.3482687671979268,
        0.3487439215183258,
        0.34819734493891397,
        0.34766070048014325,
        0.3484313746293386,
        0.3498802125453949,
        0.34828810890515643,
        0.3503539164861043,
        0.34927351276079815,
        0.34878036975860593,
        0.3511436323324839,
        0.34838807582855225,
        0.3496134678522746,
        0.3489684184392293,
        0.3509360909461975,
        0.3500102241834005,
        0.35013240377108257,
        0.3502772808074951,
        0.34851312438646953,
        0.35146185954411824,
        0.34977333148320516,
        0.3487784802913666,
        0.350986522436142,
        0.3515776256720225,
        0.3487025717894236,
        0.34793261090914407,
        0.3486779391765594,
        0.3507765054702759,
        0.35332772533098855,
        0.3513659139474233,
        0.3485038459300995,
        0.34858146707216897,
        0.34939385851224264,
        0.3492570956548055,
        0.34997111558914185,
        0.34956325888633727,
        0.351024987300237,
        0.3498232940832774,
        0.348612912495931,
        0.348530904452006,
        0.3517061471939087,
        0.347756689786911,
        0.3485695242881775,
        0.3493203183015188,
        0.35083164771397907,
        0.3494356373945872,
        0.34904234608014423,
        0.35045791665712994,
        0.34839187463124593,
        0.3492884377638499,
        0.3480472147464752,
        0.3494569877783457,
        0.34824924866358437,
        0.3485775013764699,
        0.3495875875155131,
        0.3502436916033427,
        0.3509280522664388,
        0.35096280574798583,
        0.3492019951343536,
        0.3494309445222219,
        0.34854344725608827,
        0.3531263033548991,
        0.3478907227516174,
        0.3488589326540629,
        0.34739590883255006,
        0.34829115867614746,
        0.3489676276842753,
        0.34902736147244773,
        0.3506740053494771,
        0.3513815422852834,
        0.3500907361507416,
        0.3489887773990631,
        0.3506280024846395,
        0.3482507507006327,
        0.34873863657315574,
        0.3507162809371948,
        0.34874550104141233,
        0.3495112438996633,
        0.3484347184499105,
        0.3472050309181213,
        0.35122307936350505,
        0.35050764282544455,
        0.34864046971003215,
        0.3519163509209951,
        0.3494640270868937,
        0.3498984138170878,
        0.3496320565541585,
        0.34844185908635456,
        0.349600738286972,
        0.34789338111877444,
        0.3480293393135071,
        0.34926202495892844
    ],