{
    "test_accuracy": 0.4,
    "test_f1": 0.4,
    "train_accuracy_history": [
        0.4666666666666667,
        0.5666666666666667,
        0.7666666666666667,
        0.7666666666666667,
        0.7666666666666667,
        0.9333333333333333,
        0.9333333333333333,
        0.9333333333333333,
        1.0,
        0.9666666666666667,
        1.0,
        1.0,
        1.0,
        1.0,
        1.0,
        1.0,
        1.0,
        1.0,
        1.0,
        1.0,
        1.0,
        1.0,
        1.0,
        1.0,
        1.0,
        1.0,
        1.0,
        1.0,
        1.0,
        1.0,
        1.0,
        1.0,
        1.0,
        1.0,
        1.0,
        1.0,
        1.0,
        1.0,
        1.0,
        1.0,
        1.0,
        1.0,
        1.0,
        1.0,
        1.0,
        1.0,
        1.0,
        1.0,
        1.0,
        1.0,
        1.0,
        1.0,
        1.0,
        1.0,
        1.0,
        1.0,
        1.0,
        1.0,
        1.0,
        1.0,
        1.0,
        1.0,
        1.0,
        1.0,
        1.0,
        1.0,
        1.0,
        1.0,
        1.0,
        1.0,
        1.0,
        1.0,
        1.0,
        1.0,
        1.0,
        1.0,
        1.0,
        1.0,
        1.0,
        1.0,
        1.0,
        1.0,
        1.0,
        1.0,
        1.0,
        1.0,
        1.0,
        1.0,
        1.0,
        1.0,
        1.0,
        1.0,
        1.0,
        1.0,
        1.0,
        1.0,
        1.0,
        1.0,
        1.0,
        1.0
    ],
    "val_accuracy_history": [
        0.4,
        0.4,
        0.6,
        0.8,
        0.8,
        0.7,
        0.8,
        0.5,
        0.6,
        0.6,
        0.6,
        0.6,
        0.6,
        0.6,
        0.6,
        0.6,
        0.6,
        0.6,
        0.7,
        0.6,
        0.7,
        0.6,
        0.9,
        0.6,
        0.6,
        0.6,
        0.6,
        0.4,
        0.4,
        0.4,
        0.7,
        0.8,
        0.8,
        0.9,
        0.8,
        0.9,
        0.6,
        0.4,
        0.8,
        0.7,
        0.5,
        0.7,
        1.0,
        0.8,
        1.0,
        0.8,
        1.0,
        0.8,
        0.9,
        0.9,
        0.9,
        0.5,
        0.7,
        0.5,
        0.6,
        0.7,
        0.7,
        0.9,
        0.7,
        0.8,
        0.9,
        0.8,
        0.9,
        0.9,
        0.9,
        0.7,
        0.7,
        0.6,
        1.0,
        1.0,
        0.9,
        1.0,
        0.9,
        0.7,
        0.7,
        0.8,
        0.8,
        0.8,
        0.9,
        0.7,
        0.9,
        0.8,
        0.8,
        0.8,
        0.9,
        0.7,
        0.6,
        1.0,
        0.9,
        0.7,
        1.0,
        0.9,
        0.8,
        0.7,
        0.8,
        0.9,
        0.8,
        0.8,
        0.7,
        0.7
    ],
    "train_loss_history": [
        0.22219091455141704,
        0.17945413986841838,
        0.15243935386339824,
        0.13855027059714,
        0.1176602820555369,
        0.0973004678885142,
        0.09016977002223332,
        0.08161311397949854,
        0.0660809596379598,
        0.058375104268391924,
        0.045381221423546475,
        0.052005524188280104,
        0.0329475120951732,
        0.03111888828376929,
        0.02381783351302147,
        0.020317721739411355,
        0.015795056149363516,
        0.01506955772638321,
        0.011679688468575478,
        0.012494527952124674,
        0.011430610902607441,
        0.009391132369637489,
        0.006861949401597182,
        0.00910806677614649,
        0.005402438001086315,
        0.0055553337869544825,
        0.005450065868596236,
        0.005062162037938833,
        0.004142829496413469,
        0.0036896605820705493,
        0.006113581794003646,
        0.00425969489539663,
        0.0032299664181967575,
        0.0027288900843511024,
        0.002505229072024425,
        0.002228253489981095,
        0.0027303952568521104,
        0.0022710153988252085,
        0.0018851137564828,
        0.0022768925254543623,
        0.001600916920385013,
        0.0015422610488409797,
        0.0012112788933639725,
        0.0012092461654295524,
        0.001167179069792231,
        0.001404854158560435,
        0.0010276072076521813,
        0.0015955685870721937,
        0.0010702986114968856,
        0.0009286830356965462,
        0.0010273371124640107,
        0.0009542065517355998,
        0.001025669447456797,
        0.0012309230243166289,
        0.0008568350148076812,
        0.0008250027894973755,
        0.0007852359597260753,
        0.0008222061364601056,
        0.0007153871275174122,
        0.0005313341661045949,
        0.0007114864536561071,
        0.0006988923919076721,
        0.0006349282979499548,
        0.0005984643202585478,
        0.0005692353200477859,
        0.000835340303213646,
        0.000964329430523018,
        0.0010469981119967998,
        0.00044828715811794003,
        0.000568175830024605,
        0.0005205707430529098,
        0.0005822286650072784,
        0.000500031477228428,
        0.0006520252112143984,
        0.00043012735162240766,
        0.0005232385592535138,
        0.00041748764342628417,
        0.00038166649950047333,
        0.0005120713477178167,
        0.0003864450166778018,
        0.00034035858892214794,
        0.00039730094916497666,
        0.00041237717474966,
        0.00035443340893834827,
        0.00043288991146255283,
        0.0003246562594237427,
        0.0003388993888317297,
        0.0004214709236597021,
        0.00030246075863639513,
        0.00033826875345160565,
        0.00044596308337834976,
        0.0004201173840556294,
        0.00026374705097017187,
        0.0003551032132236287,
        0.00033493240286285676,
        0.0002451821492286399,
        0.0002211915940279141,
        0.00029150584596209227,
        0.00023185065462409207,
        0.00019857617444358767
    ],