{
    "test_accuracy": 0.35,
    "test_f1": 0.2515527950310559,
    "train_accuracy_history": [
        0.15,
        0.25,
        0.25,
        0.25,
        0.25,
        0.25,
        0.25,
        0.25,
        0.25,
        0.25,
        0.2,
        0.25,
        0.16666666666666666,
        0.16666666666666666,
        0.21666666666666667,
        0.2,
        0.21666666666666667,
        0.18333333333333332,
        0.18333333333333332,
        0.25,
        0.2,
        0.18333333333333332,
        0.2,
        0.2,
        0.16666666666666666,
        0.16666666666666666,
        0.21666666666666667,
        0.16666666666666666,
        0.2,
        0.18333333333333332,
        0.25,
        0.16666666666666666,
        0.16666666666666666,
        0.21666666666666667,
        0.2,
        0.21666666666666667,
        0.15,
        0.25,
        0.18333333333333332,
        0.16666666666666666,
        0.1,
        0.15,
        0.21666666666666667,
        0.15,
        0.15,
        0.25,
        0.18333333333333332,
        0.23333333333333334,
        0.16666666666666666,
        0.25,
        0.25,
        0.21666666666666667,
        0.25,
        0.25,
        0.2,
        0.25,
        0.25,
        0.16666666666666666,
        0.21666666666666667,
        0.21666666666666667,
        0.23333333333333334,
        0.25,
        0.1,
        0.11666666666666667,
        0.25,
        0.2,
        0.2,
        0.21666666666666667,
        0.11666666666666667,
        0.25,
        0.25,
        0.25,
        0.25,
        0.16666666666666666,
        0.21666666666666667,
        0.2,
        0.2,
        0.1,
        0.18333333333333332,
        0.15,
        0.2,
        0.18333333333333332,
        0.25,
        0.23333333333333334,
        0.16666666666666666,
        0.15,
        0.23333333333333334,
        0.2,
        0.18333333333333332,
        0.15,
        0.25,
        0.25,
        0.21666666666666667,
        0.2,
        0.23333333333333334,
        0.25,
        0.08333333333333333,
        0.21666666666666667,
        0.21666666666666667,
        0.23333333333333334
    ],
    "val_accuracy_history": [
        0.25,
        0.25,
        0.25,
        0.25,
        0.25,
        0.3,
        0.3,
        0.3,
        0.3,
        0.3,
        0.3,
        0.3,
        0.3,
        0.3,
        0.3,
        0.3,
        0.25,
        0.3,
        0.25,
        0.25,
        0.3,
        0.25,
        0.25,
        0.3,
        0.25,
        0.25,
        0.3,
        0.3,
        0.25,
        0.3,
        0.3,
        0.3,
        0.3,
        0.3,
        0.25,
        0.3,
        0.3,
        0.3,
        0.3,
        0.3,
        0.3,
        0.3,
        0.3,
        0.3,
        0.25,
        0.25,
        0.3,
        0.25,
        0.25,
        0.25,
        0.25,
        0.3,
        0.3,
        0.3,
        0.3,
        0.3,
        0.3,
        0.3,
        0.3,
        0.25,
        0.3,
        0.3,
        0.3,
        0.3,
        0.3,
        0.25,
        0.3,
        0.3,
        0.3,
        0.25,
        0.25,
        0.25,
        0.25,
        0.3,
        0.3,
        0.3,
        0.3,
        0.25,
        0.25,
        0.3,
        0.25,
        0.3,
        0.3,
        0.3,
        0.3,
        0.25,
        0.3,
        0.3,
        0.3,
        0.3,
        0.25,
        0.3,
        0.3,
        0.3,
        0.3,
        0.3,
        0.25,
        0.3,
        0.25,
        0.3
    ],
    "train_loss_history": [
        0.3508066773414612,
        0.3476260562737783,
        0.3476211408774058,
        0.3477664887905121,
        0.3475650191307068,
        0.34756229718526205,
        0.3475005567073822,
        0.3469922105471293,
        0.3470911224683126,
        0.3469019909699758,
        0.3470186452070872,
        0.34693118135134376,
        0.34684417843818666,
        0.3469723343849182,
        0.3468294580777486,
        0.3472723086675008,
        0.3473760008811951,
        0.34690908590952557,
        0.34740060369173686,
        0.3470068395137787,
        0.34706547657648723,
        0.3478805502255758,
        0.34730486472447714,
        0.3470343053340912,
        0.34691152373949685,
        0.34703344901402794,
        0.34675437211990356,
        0.3469710469245911,
        0.3470081925392151,
        0.3470360219478607,
        0.34714635213216144,
        0.3472790777683258,
        0.3471103211243947,
        0.3469872693220774,
        0.3469411075115204,
        0.34718767603238426,
        0.34705164829889934,
        0.3470927158991496,
        0.34709337949752805,
        0.3471900959809621,
        0.3470429201920827,
        0.347246386607488,
        0.34766550064086915,
        0.3475378354390462,
        0.347099898258845,
        0.34703795313835145,
        0.34706509709358213,
        0.34717054963111876,
        0.34738638599713645,
        0.34723384976387023,
        0.3474407692750295,
        0.34701488018035886,
        0.3469292680422465,
        0.34696290095647175,
        0.3470493415991465,
        0.34688552618026736,
        0.34707435170809425,
        0.34729838569959004,
        0.34679445425669353,
        0.3471504509449005,
        0.34675068656603497,
        0.34697632590929667,
        0.3469054659207662,
        0.3471776088078817,
        0.3470404624938965,
        0.3469414532184601,
        0.34684126973152163,
        0.3470427970091502,
        0.34721603989601135,
        0.34678760965665184,
        0.3468773543834686,
        0.34754465421040853,
        0.3469532092412313,
        0.34747175772984823,
        0.34705994923909506,
        0.34683090845743814,
        0.3471852779388428,
        0.34789950847625734,
        0.3469749470551809,
        0.34668516914049785,
        0.347064067920049,
        0.3473211407661438,
        0.34681662917137146,
        0.3471026023228963,
        0.3473710457483927,
        0.3470433751742045,
        0.346736745039622,
        0.34716177384058633,
        0.3476285378138224,
        0.3471542656421661,
        0.34709322651227315,
        0.34679059584935507,
        0.3469692786534627,
        0.34689604441324867,
        0.34700982371966044,
        0.3473477721214294,
        0.34816726644833884,
        0.34699853261311847,
        0.3471948226292928,
        0.34698025981585184
    ],