{
    "test_accuracy": 0.8,
    "test_f1": 0.8,
    "train_accuracy_history": [
        0.7666666666666667,
        0.9,
        1.0,
        0.9666666666666667,
        1.0,
        1.0,
        1.0,
        1.0,
        1.0,
        1.0,
        1.0,
        1.0,
        1.0,
        1.0,
        1.0,
        1.0,
        1.0,
        1.0,
        1.0,
        1.0,
        1.0,
        1.0,
        1.0,
        1.0,
        1.0,
        1.0,
        1.0,
        1.0,
        1.0,
        1.0,
        1.0,
        1.0,
        1.0,
        1.0,
        1.0,
        1.0,
        1.0,
        1.0,
        1.0,
        1.0,
        1.0,
        1.0,
        1.0,
        1.0,
        1.0,
        1.0,
        1.0,
        1.0,
        1.0,
        1.0,
        1.0,
        1.0,
        1.0,
        1.0,
        1.0,
        1.0,
        1.0,
        1.0,
        1.0,
        1.0,
        1.0,
        1.0,
        1.0,
        1.0,
        1.0,
        1.0,
        1.0,
        1.0,
        1.0,
        1.0,
        1.0,
        1.0,
        1.0,
        1.0,
        1.0,
        1.0,
        1.0,
        1.0,
        1.0,
        1.0,
        1.0,
        1.0,
        1.0,
        1.0,
        1.0,
        1.0,
        1.0,
        1.0,
        1.0,
        1.0,
        1.0,
        1.0,
        1.0,
        1.0,
        1.0,
        1.0,
        1.0,
        1.0,
        1.0,
        1.0
    ],
    "val_accuracy_history": [
        0.5,
        0.5,
        0.5,
        0.5,
        0.5,
        0.5,
        0.5,
        0.5,
        0.7,
        0.8,
        0.9,
        0.9,
        0.8,
        0.9,
        0.9,
        0.8,
        0.5,
        0.5,
        0.5,
        0.8,
        0.8,
        0.8,
        0.9,
        0.9,
        0.5,
        0.5,
        0.8,
        1.0,
        0.8,
        0.8,
        1.0,
        1.0,
        1.0,
        0.6,
        0.5,
        0.6,
        0.7,
        1.0,
        0.9,
        0.8,
        0.8,
        0.9,
        0.9,
        1.0,
        1.0,
        0.9,
        0.6,
        0.5,
        0.9,
        0.8,
        1.0,
        1.0,
        1.0,
        1.0,
        0.7,
        0.8,
        0.8,
        1.0,
        1.0,
        1.0,
        0.9,
        1.0,
        1.0,
        1.0,
        0.9,
        1.0,
        1.0,
        0.9,
        1.0,
        1.0,
        1.0,
        1.0,
        1.0,
        1.0,
        1.0,
        1.0,
        1.0,
        1.0,
        1.0,
        1.0,
        0.6,
        0.7,
        0.8,
        1.0,
        1.0,
        1.0,
        1.0,
        1.0,
        1.0,
        0.9,
        0.9,
        0.9,
        0.9,
        0.9,
        1.0,
        1.0,
        1.0,
        0.9,
        0.9,
        0.9
    ],
    "train_loss_history": [
        0.15389742205540338,
        0.052278439576427145,
        0.02508927546441555,
        0.023607149239008626,
        0.015890642814338208,
        0.014494244133432706,
        0.004462206216218571,
        0.004391957245146235,
        0.0025333429880750676,
        0.005417038490607714,
        0.001430146819135795,
        0.003829085745383054,
        0.0031559565104544163,
        0.0008381864618665229,
        0.000760546323726885,
        0.004499034089652317,
        0.0019109412804633999,
        0.0013767608419584577,
        0.0007989840266721634,
        0.001344036200316623,
        0.0008824292356924465,
        0.0006952212968220314,
        0.0006207356634452784,
        0.0011625598087751617,
        0.003488397960124227,
        0.00033453400634850066,
        0.000966016670766597,
        0.0005756246756694357,
        0.0007805904451136787,
        0.0008361754422367085,
        0.0005109186889664367,
        0.00026715029816841706,
        0.0003199582658756602,
        0.0007330373589259883,
        0.00024072873214511976,
        0.00016782836564743775,
        0.00036692130537024545,
        0.0008906588414295887,
        0.00017866605372394891,
        0.00011257169535383582,
        0.00017834844620665536,
        8.387264188058907e-05,
        0.00021098169818287716,
        0.00039211159067538876,
        0.0004148850423613718,
        0.00018590224814640048,
        0.0008171963524849465,
        0.0001656855163067424,
        0.0005054617630473028,
        0.0002579596816455402,
        0.00012580439118513217,
        0.0003543394791752993,
        0.00025164221102992693,
        0.0002570846305995171,
        7.749319192953407e-05,
        9.934956888173474e-05,
        0.00022583613972528837,
        5.591473753459771e-05,
        0.00011386706767855989,
        0.0001204095454037694,
        0.00012177394513249359,
        4.0240190295056284e-05,
        0.0002536516477751623,
        0.00018997061361005762,
        3.518770563459839e-05,
        0.00011819065272599498,
        0.0002997470991734493,
        4.238370832657286e-05,
        8.768446292985269e-05,
        7.064395249472e-05,
        6.298300140770153e-05,
        0.00020689459958399918,
        6.857037891071135e-05,
        4.685500722795647e-05,
        0.00010303378797592208,
        0.00013357851870144562,
        6.945342711333069e-05,
        0.00013380638086649317,
        7.302030965850766e-05,
        0.0004504157002277983,
        0.00017942127428796084,
        7.0465446030236e-05,
        8.136117855125727e-05,
        0.0001319906165008433,
        6.806653899881591e-05,
        3.491027187010332e-05,
        2.949924646600266e-05,
        4.337916052463697e-05,
        7.182618658892655e-05,
        4.031078057475194e-05,
        4.1061735646508166e-05,
        6.520986553368858e-05,
        6.188708005841667e-05,
        3.986152969446266e-05,
        3.370495536122083e-05,
        4.149600884678269e-05,
        7.258182693779721e-05,
        4.6786283655819715e-05,
        2.2670423034772588e-05,
        7.876284479001091e-05
    ],