{
    "test_accuracy": 0.4,
    "test_f1": 0.2857142857142857,
    "train_accuracy_history": [
        0.5,
        0.8,
        0.7333333333333333,
        0.8333333333333334,
        0.8666666666666667,
        0.9,
        0.8,
        0.8,
        0.9,
        0.9,
        0.9333333333333333,
        0.9333333333333333,
        0.9333333333333333,
        0.8333333333333334,
        0.8666666666666667,
        0.9333333333333333,
        0.9333333333333333,
        0.9333333333333333,
        0.9,
        0.9666666666666667,
        0.9,
        0.9666666666666667,
        0.9666666666666667,
        0.9,
        1.0,
        0.9666666666666667,
        0.9333333333333333,
        0.9666666666666667,
        0.9333333333333333,
        1.0,
        0.9666666666666667,
        0.9666666666666667,
        1.0,
        1.0,
        0.9666666666666667,
        1.0,
        1.0,
        1.0,
        0.9666666666666667,
        0.9666666666666667,
        1.0,
        0.9666666666666667,
        1.0,
        1.0,
        0.9666666666666667,
        1.0,
        1.0,
        1.0,
        1.0,
        0.9666666666666667,
        1.0,
        0.9666666666666667,
        1.0,
        1.0,
        1.0,
        0.9666666666666667,
        1.0,
        1.0,
        1.0,
        1.0,
        1.0,
        1.0,
        1.0,
        1.0,
        0.9666666666666667,
        1.0,
        1.0,
        1.0,
        1.0,
        1.0,
        1.0,
        1.0,
        1.0,
        1.0,
        1.0,
        0.9666666666666667,
        1.0,
        1.0,
        1.0,
        1.0,
        1.0,
        1.0,
        1.0,
        1.0,
        1.0,
        0.9666666666666667,
        1.0,
        1.0,
        1.0,
        1.0,
        1.0,
        1.0,
        1.0,
        1.0,
        1.0,
        1.0,
        1.0,
        1.0,
        1.0,
        1.0
    ],
    "val_accuracy_history": [
        0.6,
        0.6,
        0.6,
        0.4,
        0.4,
        0.4,
        0.4,
        0.4,
        0.4,
        0.4,
        0.4,
        0.4,
        0.6,
        0.6,
        0.6,
        0.6,
        0.6,
        0.6,
        0.4,
        0.4,
        0.4,
        0.4,
        0.4,
        0.6,
        0.6,
        0.6,
        0.6,
        0.6,
        0.6,
        0.6,
        0.6,
        0.4,
        0.4,
        0.6,
        0.6,
        0.4,
        0.4,
        0.4,
        0.4,
        0.4,
        0.4,
        0.4,
        0.4,
        0.4,
        0.6,
        0.6,
        0.6,
        0.6,
        0.6,
        0.6,
        0.6,
        0.6,
        0.6,
        0.6,
        0.6,
        0.4,
        0.4,
        0.4,
        0.4,
        0.4,
        0.6,
        0.6,
        0.6,
        0.4,
        0.4,
        0.4,
        0.4,
        0.4,
        0.6,
        0.6,
        0.4,
        0.6,
        0.6,
        0.6,
        0.4,
        0.4,
        0.6,
        0.6,
        0.6,
        0.6,
        0.6,
        0.6,
        0.4,
        0.4,
        0.4,
        0.4,
        0.4,
        0.4,
        0.4,
        0.4,
        0.4,
        0.6,
        0.6,
        0.3,
        0.4,
        0.4,
        0.4,
        0.6,
        0.6,
        0.5
    ],
    "train_loss_history": [
        0.21993565559387207,
        0.16309858361879984,
        0.1507391293843587,
        0.12372963229815165,
        0.09344559013843537,
        0.11379414101441701,
        0.09404701342185338,
        0.10123253713051478,
        0.07496361484130223,
        0.07160234600305557,
        0.0668205440044403,
        0.051969558993975325,
        0.05641006343066692,
        0.07543587225178877,
        0.08192598198850949,
        0.06619063019752502,
        0.0702951210240523,
        0.06331169754266738,
        0.06708977694312732,
        0.0512115736802419,
        0.07117839381098748,
        0.0396479365726312,
        0.04902059038480123,
        0.051114947597185774,
        0.042988532781600954,
        0.03447531300286452,
        0.04504328885426124,
        0.04315425753593445,
        0.0380893820275863,
        0.03644476719200611,
        0.04407079940040906,
        0.033741242314378424,
        0.033808892716964085,
        0.03306501520176729,
        0.028601515789826712,
        0.02252086376150449,
        0.02615688561151425,
        0.022410660857955615,
        0.026557191150883834,
        0.024320127333824833,
        0.016082808654755355,
        0.016624347182611625,
        0.014953337454547485,
        0.01747147416075071,
        0.02076873971770207,
        0.015997854123512904,
        0.0089404017974933,
        0.012024546849230926,
        0.010216641472652555,
        0.01962564205750823,
        0.009352311088393132,
        0.025280602928251027,
        0.017898741643875837,
        0.010699277743697166,
        0.012047108181286603,
        0.016287253191694617,
        0.013785948107639948,
        0.009317909119029839,
        0.009954442107118665,
        0.01158672859892249,
        0.008949751996745666,
        0.009801483464737732,
        0.010572965070605279,
        0.010722573132564623,
        0.01319394474849105,
        0.009255387680605054,
        0.01048306953938057,
        0.008807941029469172,
        0.009273638250306249,
        0.005632450198754668,
        0.0064223152585327625,
        0.008950448886025697,
        0.006126439974953731,
        0.004822111265578618,
        0.004523836883405844,
        0.010365571376557152,
        0.00397964211491247,
        0.005452225124463439,
        0.004202831959507118,
        0.0038097639412929614,
        0.004989945500468215,
        0.005727394899198165,
        0.007151770327861111,
        0.0025873998218836885,
        0.0038338123510281243,
        0.01017232056086262,
        0.00640726606749619,
        0.0032908617208401362,
        0.0048072825341175,
        0.005661092946926753,
        0.002411930662735055,
        0.004200766365587091,
        0.003495144937187433,
        0.003209318113901342,
        0.0031329751946032047,
        0.002125302729352067,
        0.0018839461049841096,
        0.00445413930574432,
        0.0031242090820645294,
        0.002583711043310662
    ],