{
    "test_accuracy": 0.4,
    "test_f1": 0.4109890109890109,
    "train_accuracy_history": [
        0.3111111111111111,
        0.5555555555555556,
        0.6666666666666666,
        0.7333333333333333,
        0.8444444444444444,
        0.8888888888888888,
        0.9333333333333333,
        0.9555555555555556,
        0.9555555555555556,
        0.9777777777777777,
        0.9777777777777777,
        1.0,
        1.0,
        1.0,
        1.0,
        1.0,
        1.0,
        1.0,
        1.0,
        1.0,
        1.0,
        1.0,
        1.0,
        1.0,
        1.0,
        1.0,
        1.0,
        1.0,
        1.0,
        1.0,
        1.0,
        1.0,
        1.0,
        1.0,
        1.0,
        1.0,
        1.0,
        1.0,
        1.0,
        1.0,
        1.0,
        1.0,
        1.0,
        1.0,
        1.0,
        1.0,
        1.0,
        1.0,
        1.0,
        1.0,
        1.0,
        1.0,
        1.0,
        1.0,
        1.0,
        1.0,
        1.0,
        1.0,
        1.0,
        1.0,
        1.0,
        1.0,
        1.0,
        1.0,
        1.0,
        1.0,
        1.0,
        1.0,
        1.0,
        1.0,
        1.0,
        1.0,
        1.0,
        1.0,
        1.0,
        1.0,
        1.0,
        1.0,
        1.0,
        1.0,
        1.0,
        1.0,
        1.0,
        1.0,
        1.0,
        1.0,
        1.0,
        1.0,
        1.0,
        1.0,
        1.0,
        1.0,
        1.0,
        1.0,
        1.0,
        1.0,
        1.0,
        1.0,
        1.0,
        1.0
    ],
    "val_accuracy_history": [
        0.3333333333333333,
        0.3333333333333333,
        0.4,
        0.26666666666666666,
        0.26666666666666666,
        0.4,
        0.4,
        0.26666666666666666,
        0.26666666666666666,
        0.3333333333333333,
        0.3333333333333333,
        0.2,
        0.26666666666666666,
        0.26666666666666666,
        0.26666666666666666,
        0.26666666666666666,
        0.26666666666666666,
        0.3333333333333333,
        0.3333333333333333,
        0.26666666666666666,
        0.26666666666666666,
        0.4666666666666667,
        0.3333333333333333,
        0.26666666666666666,
        0.26666666666666666,
        0.26666666666666666,
        0.26666666666666666,
        0.3333333333333333,
        0.3333333333333333,
        0.5333333333333333,
        0.4,
        0.4,
        0.4666666666666667,
        0.26666666666666666,
        0.3333333333333333,
        0.4666666666666667,
        0.4,
        0.26666666666666666,
        0.4,
        0.26666666666666666,
        0.26666666666666666,
        0.4666666666666667,
        0.4666666666666667,
        0.3333333333333333,
        0.4,
        0.26666666666666666,
        0.2,
        0.4,
        0.26666666666666666,
        0.3333333333333333,
        0.3333333333333333,
        0.4666666666666667,
        0.5333333333333333,
        0.4,
        0.26666666666666666,
        0.26666666666666666,
        0.4,
        0.3333333333333333,
        0.5333333333333333,
        0.3333333333333333,
        0.4,
        0.4666666666666667,
        0.4666666666666667,
        0.3333333333333333,
        0.5333333333333333,
        0.4666666666666667,
        0.4666666666666667,
        0.4666666666666667,
        0.4666666666666667,
        0.4666666666666667,
        0.26666666666666666,
        0.4,
        0.4666666666666667,
        0.4,
        0.3333333333333333,
        0.4,
        0.4,
        0.4,
        0.6666666666666666,
        0.4666666666666667,
        0.6,
        0.6,
        0.5333333333333333,
        0.4,
        0.4,
        0.4666666666666667,
        0.4666666666666667,
        0.4,
        0.4666666666666667,
        0.4666666666666667,
        0.4,
        0.4666666666666667,
        0.4666666666666667,
        0.4,
        0.3333333333333333,
        0.3333333333333333,
        0.26666666666666666,
        0.26666666666666666,
        0.3333333333333333,
        0.26666666666666666
    ],
    "train_loss_history": [
        0.31965991655985515,
        0.2605840524037679,
        0.22026566399468317,
        0.20138324167993332,
        0.14305463499493068,
        0.10571181376775106,
        0.0773128949933582,
        0.06251506093475553,
        0.05209621489048004,
        0.04263338645299276,
        0.03688732919593652,
        0.02576609171099133,
        0.018604106528477535,
        0.018021042355232768,
        0.013236180589430862,
        0.011320654054482777,
        0.00939227586819066,
        0.007809749680260817,
        0.006897541094157431,
        0.006055241459075155,
        0.004930231678817007,
        0.005122659220877621,
        0.006098320500718223,
        0.005157862727840742,
        0.003479942317224211,
        0.003165805919302834,
        0.0034607189138316447,
        0.00283606443554163,
        0.0029746501189139153,
        0.0022782366308901044,
        0.0028780695878797107,
        0.003124162182211876,
        0.002073786143834392,
        0.0022544990604122478,
        0.0016731363545356241,
        0.0017638327605608436,
        0.0015480282069701287,
        0.0014171808181951443,
        0.0012550622483508455,
        0.0016824607737362385,
        0.001163088566520148,
        0.001091893379473024,
        0.0011317118950602081,
        0.0011894567468617525,
        0.0008530589001667168,
        0.001203462390953468,
        0.000960254956347247,
        0.000889924153064688,
        0.0008520065523447961,
        0.0009321272450809677,
        0.001090948014623589,
        0.0009282881859689951,
        0.0006636888914120694,
        0.0010542720064727795,
        0.001201297279395577,
        0.0005389331838361815,
        0.000474155590766006,
        0.0005423329524799354,
        0.0006714797785712613,
        0.0007654823776748446,
        0.0006131435576308933,
        0.0006668573426496651,
        0.000552191944896347,
        0.0005622532985095556,
        0.0007358304832855032,
        0.0005229645227599475,
        0.0005056466622692015,
        0.0003771575070762386,
        0.00040401282733202806,
        0.0005680557456798852,
        0.000457322689342416,
        0.0005796794482092891,
        0.0006328011235584402,
        0.00040489002777677446,
        0.0004463092404572914,
        0.0003139704815112054,
        0.00031292772231002647,
        0.0002783366453109516,
        0.00036606121187408766,
        0.0002535173371951613,
        0.0003482099299112128,
        0.0002199678985764169,
        0.0004054634754235546,
        0.0003518696059472859,
        0.00023142955324146898,
        0.00035553976194933055,
        0.0005078404954272426,
        0.00033932885530197786,
        0.0003212847565818164,
        0.00020912610214307077,
        0.0002775991105914323,
        0.00035776086571988547,
        0.00018030833226576862,
        0.0004258482684640007,
        0.00027937833090416257,
        0.0002564221433001674,
        0.0003945560724888411,
        0.00019171352295314944,
        0.00021196932535127013,
        0.0002165111202177488
    ],