{
    "test_accuracy": 0.35,
    "test_f1": 0.28594771241830064,
    "train_accuracy_history": [
        0.21666666666666667,
        0.23333333333333334,
        0.21666666666666667,
        0.35,
        0.5833333333333334,
        0.4666666666666667,
        0.43333333333333335,
        0.5666666666666667,
        0.36666666666666664,
        0.5166666666666667,
        0.6666666666666666,
        0.6833333333333333,
        0.6166666666666667,
        0.6666666666666666,
        0.7,
        0.7166666666666667,
        0.75,
        0.7333333333333333,
        0.6666666666666666,
        0.6833333333333333,
        0.7666666666666667,
        0.75,
        0.7,
        0.7833333333333333,
        0.8333333333333334,
        0.5833333333333334,
        0.6833333333333333,
        0.6333333333333333,
        0.75,
        0.8,
        0.9166666666666666,
        0.8333333333333334,
        0.8166666666666667,
        0.8333333333333334,
        0.8333333333333334,
        0.8666666666666667,
        0.7666666666666667,
        0.8333333333333334,
        0.9666666666666667,
        0.9166666666666666,
        1.0,
        0.9666666666666667,
        0.9,
        0.9333333333333333,
        0.95,
        0.9666666666666667,
        1.0,
        1.0,
        1.0,
        1.0,
        1.0,
        1.0,
        1.0,
        1.0,
        1.0,
        1.0,
        1.0,
        1.0,
        1.0,
        0.9833333333333333,
        1.0,
        1.0,
        1.0,
        1.0,
        1.0,
        1.0,
        1.0,
        1.0,
        1.0,
        1.0,
        1.0,
        1.0,
        1.0,
        1.0,
        1.0,
        1.0,
        1.0,
        1.0,
        1.0,
        1.0,
        1.0,
        1.0,
        1.0,
        1.0,
        1.0,
        1.0,
        1.0,
        1.0,
        1.0,
        1.0,
        1.0,
        1.0,
        1.0,
        1.0,
        1.0,
        1.0,
        1.0,
        1.0,
        1.0,
        1.0
    ],
    "val_accuracy_history": [
        0.25,
        0.25,
        0.2,
        0.15,
        0.25,
        0.2,
        0.2,
        0.25,
        0.25,
        0.25,
        0.3,
        0.35,
        0.2,
        0.25,
        0.3,
        0.3,
        0.25,
        0.3,
        0.2,
        0.3,
        0.25,
        0.3,
        0.3,
        0.3,
        0.25,
        0.3,
        0.3,
        0.3,
        0.3,
        0.35,
        0.3,
        0.25,
        0.2,
        0.3,
        0.25,
        0.3,
        0.25,
        0.2,
        0.3,
        0.15,
        0.4,
        0.35,
        0.25,
        0.35,
        0.35,
        0.3,
        0.35,
        0.3,
        0.3,
        0.3,
        0.3,
        0.3,
        0.3,
        0.35,
        0.3,
        0.3,
        0.3,
        0.3,
        0.3,
        0.3,
        0.25,
        0.35,
        0.35,
        0.35,
        0.35,
        0.35,
        0.35,
        0.35,
        0.35,
        0.4,
        0.35,
        0.35,
        0.35,
        0.35,
        0.4,
        0.4,
        0.4,
        0.4,
        0.4,
        0.4,
        0.4,
        0.4,
        0.4,
        0.4,
        0.4,
        0.4,
        0.4,
        0.4,
        0.4,
        0.4,
        0.4,
        0.4,
        0.4,
        0.4,
        0.4,
        0.4,
        0.4,
        0.4,
        0.4,
        0.4
    ],
    "train_loss_history": [
        52.8410036722819,
        13.128843720753988,
        6.05358054637909,
        3.551372055212657,
        1.2613779325503855,
        1.4312124500672023,
        1.3304373979568482,
        1.5386602691937392,
        1.7906712273756662,
        1.0421472625186046,
        0.7624440941076803,
        0.595923500135541,
        0.46624168317454556,
        0.3775808993726969,
        0.24855711032644953,
        0.215655221324414,
        0.2407299641830226,
        0.237565792662402,
        0.4275492896636327,
        0.3623812336785098,
        0.19277694859871797,
        0.3149226463089387,
        0.41039957812366384,
        0.2851330766066288,
        0.33827890414007317,
        0.8601287261466496,
        0.5973837862524306,
        0.9603002053166468,
        0.4834791217821476,
        0.2865845107989666,
        0.05482101066057415,
        0.3239136326798568,
        0.33211445645088794,
        0.3057815558153152,
        0.2627049216358197,
        0.3398891688964795,
        0.36155626756274917,
        0.25523541540517736,
        0.016632152481735336,
        0.10994345862760989,
        3.883240745373347e-05,
        0.012768718440830985,
        0.1747726856239107,
        0.07024686962117764,
        0.06190242052149794,
        0.02580479622574027,
        0.0026304618117530747,
        0.0006132428594985603,
        1.4666654738822634e-05,
        6.6688688773316095e-06,
        7.153334677282667e-06,
        8.192275484949127e-06,
        9.757524338590192e-06,
        7.400681419268788e-05,
        0.0002741842477497573,
        2.015246819428995e-05,
        2.7972714739554762e-05,
        9.505205934938013e-06,
        0.0011369317796672718,
        0.003983067281338275,
        0.0007501416733829498,
        0.0004405856446714059,
        8.503416885889218e-07,
        1.1772956838266661e-05,
        4.914718912279644e-05,
        8.853694300015036e-06,
        5.291480205832736e-05,
        1.6844923915944795e-05,
        0.00022861956761760876,
        2.076775677754365e-05,
        7.251792619141402e-07,
        2.2201407100889505e-06,
        2.00661009973994e-06,
        9.59765031417111e-06,
        1.5247079087406708e-05,
        0.00010713945430656698,
        3.4478587780384373e-06,
        5.4779158569514175e-06,
        1.6052879648675854e-06,
        1.8417151597264573e-06,
        5.320473648140478e-06,
        1.44008220781681e-05,
        2.9040770011453294e-05,
        2.4311817198441334e-05,
        3.0445415155474126e-06,
        6.270695783250346e-06,
        1.1102434406851102e-05,
        1.1011629656702364e-06,
        2.609543476713346e-06,
        1.048520960071168e-06,
        5.044663475928246e-06,
        4.801653448153568e-06,
        3.589696914533628e-06,
        1.8395335665388757e-06,
        2.024449705562148e-06,
        2.5467984383335344e-06,
        2.645386385295249e-06,
        1.101363299556013e-05,
        1.589525324305896e-05,
        8.885799463638951e-07
    ],