{
    "test_accuracy": 0.25,
    "test_f1": 0.1,
    "train_accuracy_history": [
        0.24583333333333332,
        0.25,
        0.22916666666666666,
        0.20833333333333334,
        0.1875,
        0.21666666666666667,
        0.22916666666666666,
        0.20833333333333334,
        0.25,
        0.24166666666666667,
        0.21666666666666667,
        0.22083333333333333,
        0.19166666666666668,
        0.23333333333333334,
        0.22916666666666666,
        0.22916666666666666,
        0.23333333333333334,
        0.18333333333333332,
        0.25,
        0.25416666666666665,
        0.22083333333333333,
        0.225,
        0.21666666666666667,
        0.225,
        0.17916666666666667,
        0.25833333333333336,
        0.2,
        0.2125,
        0.20416666666666666,
        0.23333333333333334,
        0.25,
        0.2375,
        0.25416666666666665,
        0.23333333333333334,
        0.20416666666666666,
        0.2,
        0.22916666666666666,
        0.23333333333333334,
        0.22083333333333333,
        0.2375,
        0.1875,
        0.23333333333333334,
        0.2375,
        0.19583333333333333,
        0.22916666666666666,
        0.25,
        0.23333333333333334,
        0.2375,
        0.21666666666666667,
        0.22916666666666666,
        0.2125,
        0.21666666666666667,
        0.2125,
        0.20416666666666666,
        0.22916666666666666,
        0.20833333333333334,
        0.23333333333333334,
        0.225,
        0.2375,
        0.21666666666666667,
        0.225,
        0.18333333333333332,
        0.22083333333333333,
        0.225,
        0.17916666666666667,
        0.1875,
        0.23333333333333334,
        0.21666666666666667,
        0.225,
        0.2125,
        0.24166666666666667,
        0.1875,
        0.225,
        0.225,
        0.2125,
        0.19166666666666668,
        0.19166666666666668,
        0.25,
        0.25416666666666665,
        0.2125,
        0.225,
        0.20833333333333334,
        0.2,
        0.22916666666666666,
        0.24583333333333332,
        0.20833333333333334,
        0.21666666666666667,
        0.22916666666666666,
        0.2375,
        0.22916666666666666,
        0.2375,
        0.2375,
        0.22083333333333333,
        0.2125,
        0.2125,
        0.23333333333333334,
        0.2,
        0.23333333333333334,
        0.22916666666666666,
        0.22083333333333333
    ],
    "val_accuracy_history": [
        0.25,
        0.25,
        0.25,
        0.25,
        0.25,
        0.25,
        0.25,
        0.25,
        0.25,
        0.25,
        0.25,
        0.25,
        0.25,
        0.25,
        0.25,
        0.25,
        0.25,
        0.2375,
        0.25,
        0.25,
        0.25,
        0.2375,
        0.2375,
        0.25,
        0.25,
        0.25,
        0.25,
        0.25,
        0.2375,
        0.25,
        0.25,
        0.25,
        0.25,
        0.25,
        0.25,
        0.25,
        0.25,
        0.25,
        0.25,
        0.25,
        0.25,
        0.25,
        0.25,
        0.25,
        0.25,
        0.25,
        0.25,
        0.25,
        0.25,
        0.25,
        0.25,
        0.25,
        0.25,
        0.2375,
        0.25,
        0.25,
        0.25,
        0.25,
        0.25,
        0.25,
        0.25,
        0.25,
        0.25,
        0.25,
        0.25,
        0.25,
        0.25,
        0.25,
        0.25,
        0.25,
        0.25,
        0.25,
        0.25,
        0.25,
        0.2375,
        0.25,
        0.25,
        0.25,
        0.25,
        0.25,
        0.25,
        0.25,
        0.25,
        0.25,
        0.25,
        0.25,
        0.25,
        0.25,
        0.25,
        0.25,
        0.25,
        0.25,
        0.25,
        0.25,
        0.25,
        0.25,
        0.2375,
        0.25,
        0.25,
        0.25
    ],
    "train_loss_history": [
        0.3534788782397906,
        0.34791882038116456,
        0.34733495811621345,
        0.3471641873319944,
        0.3474481577674548,
        0.3474213863412539,
        0.3473870982726415,
        0.34752802898486457,
        0.34802119980255763,
        0.34822509785493216,
        0.34775811384121574,
        0.34726335207621256,
        0.34754861444234847,
        0.3471035545070966,
        0.3472377280394236,
        0.34752506266037625,
        0.34738625834385556,
        0.3473080153266589,
        0.34762658129135765,
        0.34761638591686883,
        0.34721175879240035,
        0.34751562476158143,
        0.347187436123689,
        0.34754678308963777,
        0.3472038840254148,
        0.3473362768689791,
        0.3475557342171669,
        0.3475837270418803,
        0.3472697099049886,
        0.3473438024520874,
        0.34751482754945756,
        0.34763278911511103,
        0.34727228780587516,
        0.3470877508322398,
        0.3471665158867836,
        0.34710362056891125,
        0.34721211791038514,
        0.34673474729061127,
        0.34727300256490706,
        0.34705414275328317,
        0.3479292740424474,
        0.34735095252593357,
        0.3471778805057208,
        0.34771473755439125,
        0.3471431538462639,
        0.34683540016412734,
        0.34683039287726086,
        0.34763442128896715,
        0.3472625225782394,
        0.34739986062049866,
        0.34711998999118804,
        0.3471330170830091,
        0.34773955345153806,
        0.34726871450742086,
        0.34718866844971974,
        0.347460467616717,
        0.34720933536688486,
        0.3471336801846822,
        0.34689167737960813,
        0.34695831686258316,
        0.34681621740261714,
        0.34674028754234315,
        0.34706816226243975,
        0.34687362164258956,
        0.34740139891703925,
        0.34664050936698915,
        0.3469822406768799,
        0.34699681351582207,
        0.3469529454906782,
        0.3467887302239736,
        0.3467503582437833,
        0.347481399277846,
        0.34694032818078996,
        0.3473161245385806,
        0.346895162264506,
        0.3469701831539472,
        0.34707067608833314,
        0.34683693448702496,
        0.346256755789121,
        0.34716533770163854,
        0.3469869082172712,
        0.3468200181921323,
        0.34663855731487275,
        0.3466656809051832,
        0.34665062427520754,
        0.34651313026746117,
        0.34682659010092415,
        0.34654863079388937,
        0.3468753616015116,
        0.3470105657974879,
        0.3470516671737035,
        0.34707156717777254,
        0.3470973983407021,
        0.3465470314025879,
        0.34676122715075813,
        0.34683082401752474,
        0.3465406497319539,
        0.34655264218648274,
        0.3467983201146126,
        0.3467904190222422
    ],