{
    "test_accuracy": 0.9583333333333334,
    "test_f1": 0.956442831215971,
    "train_accuracy_history": [
        0.5694444444444444,
        0.9166666666666666,
        0.9166666666666666,
        0.9861111111111112,
        1.0,
        1.0,
        1.0,
        1.0,
        1.0,
        1.0,
        1.0,
        1.0,
        1.0,
        1.0,
        1.0,
        1.0,
        1.0,
        1.0,
        1.0,
        1.0,
        1.0,
        1.0,
        1.0,
        1.0,
        1.0,
        1.0,
        1.0,
        1.0,
        1.0,
        1.0,
        1.0,
        1.0,
        1.0,
        1.0,
        1.0,
        1.0,
        1.0,
        1.0,
        1.0,
        1.0,
        1.0,
        1.0,
        1.0,
        1.0,
        1.0,
        1.0,
        1.0,
        1.0,
        1.0,
        1.0,
        1.0,
        1.0,
        1.0,
        1.0,
        1.0,
        1.0,
        1.0,
        1.0,
        1.0,
        1.0,
        1.0,
        1.0,
        1.0,
        1.0,
        1.0,
        1.0,
        1.0,
        1.0,
        1.0,
        1.0,
        1.0,
        1.0,
        1.0,
        1.0,
        1.0,
        1.0,
        1.0,
        1.0,
        1.0,
        1.0,
        1.0,
        1.0,
        1.0,
        1.0,
        1.0,
        1.0,
        1.0,
        1.0,
        1.0,
        1.0,
        1.0,
        1.0,
        1.0,
        1.0,
        1.0,
        1.0,
        1.0,
        1.0,
        1.0,
        1.0
    ],
    "val_accuracy_history": [
        0.4583333333333333,
        0.4583333333333333,
        0.4583333333333333,
        0.4583333333333333,
        0.4583333333333333,
        0.4583333333333333,
        0.4583333333333333,
        0.5416666666666666,
        0.5,
        0.6666666666666666,
        0.6666666666666666,
        0.625,
        0.625,
        0.6666666666666666,
        0.6666666666666666,
        0.6666666666666666,
        0.6666666666666666,
        0.625,
        0.625,
        0.6666666666666666,
        0.75,
        0.7916666666666666,
        0.5833333333333334,
        0.7083333333333334,
        0.6666666666666666,
        0.8333333333333334,
        0.8333333333333334,
        0.75,
        0.8333333333333334,
        0.75,
        0.6666666666666666,
        0.625,
        0.7916666666666666,
        0.75,
        0.6666666666666666,
        0.7083333333333334,
        0.7083333333333334,
        0.75,
        0.6666666666666666,
        0.4583333333333333,
        0.4583333333333333,
        0.6666666666666666,
        0.75,
        0.6666666666666666,
        0.7083333333333334,
        0.75,
        0.75,
        0.75,
        0.75,
        0.7916666666666666,
        0.7916666666666666,
        0.75,
        0.75,
        0.75,
        0.75,
        0.75,
        0.7916666666666666,
        0.7916666666666666,
        0.8333333333333334,
        0.7916666666666666,
        0.75,
        0.7916666666666666,
        0.8333333333333334,
        0.7916666666666666,
        0.7916666666666666,
        0.7916666666666666,
        0.7916666666666666,
        0.7916666666666666,
        0.7916666666666666,
        0.7916666666666666,
        0.7916666666666666,
        0.75,
        0.75,
        0.75,
        0.7916666666666666,
        0.8333333333333334,
        0.7916666666666666,
        0.7916666666666666,
        0.8333333333333334,
        0.7916666666666666,
        0.75,
        0.7916666666666666,
        0.75,
        0.8333333333333334,
        0.7916666666666666,
        0.8333333333333334,
        0.75,
        0.75,
        0.7916666666666666,
        0.75,
        0.8333333333333334,
        0.7916666666666666,
        0.7916666666666666,
        0.8333333333333334,
        0.8333333333333334,
        0.7916666666666666,
        0.8333333333333334,
        0.8333333333333334,
        0.8333333333333334,
        0.7916666666666666
    ],
    "train_loss_history": [
        0.16938163050346905,
        0.08665819880035189,
        0.05524365702230069,
        0.03352587711479929,
        0.020467822905629873,
        0.010596790997725394,
        0.007841229687781177,
        0.004589745692000078,
        0.0035903330539844725,
        0.0016448924984110312,
        0.001634055090511942,
        0.0016931775062403176,
        0.0012934943079017103,
        0.0009231313965250996,
        0.0009639008534981662,
        0.0011129110749202988,
        0.0007639913908658653,
        0.0008109657517504982,
        0.0005287791795530615,
        0.000498798702311534,
        0.0003369013393239584,
        0.0006303337455998795,
        0.0007986653999978444,
        0.00038289773470347025,
        0.00040920918015924853,
        0.00036581682434189133,
        0.00028975954208160855,
        0.0003278068310868952,
        0.00020070387189561088,
        0.00022699569005150502,
        0.00022639935903296445,
        0.0007440411489420108,
        0.00014540401975359095,
        0.000159661085995645,
        0.0006089522032400257,
        0.00014553619838706154,
        0.00018101866301852473,
        0.00022535119165291285,
        0.00022362510703209814,
        0.0009196256122676358,
        0.0004112971581788669,
        0.00048345866141769674,
        0.00040154438177827007,
        0.00013141176709218093,
        0.00011351481842009687,
        0.00018260089225603023,
        0.00026906856780644576,
        8.202203273160396e-05,
        9.571940121430898e-05,
        0.00011983657911211291,
        8.67837807668871e-05,
        0.00012867470258647195,
        8.399209602632457e-05,
        8.121762569620235e-05,
        8.632051182960115e-05,
        0.00012087914179422417,
        4.62254297543849e-05,
        5.267748959643844e-05,
        4.292591711418936e-05,
        3.11673326602128e-05,
        4.49673831705392e-05,
        5.670973642837554e-05,
        3.8546040716230185e-05,
        3.867534522012445e-05,
        3.4891966802458934e-05,
        3.075520536791979e-05,
        2.9921195757904367e-05,
        2.6536395542583097e-05,
        2.8443117899870333e-05,
        3.9151437956914175e-05,
        3.370611673542751e-05,
        2.4707236914562396e-05,
        2.9021096123768883e-05,
        3.0087073671186066e-05,
        3.66774352187349e-05,
        3.0399062097785645e-05,
        2.3706102777194043e-05,
        2.808254048305672e-05,
        1.7767815746891654e-05,
        2.6829284428862997e-05,
        2.5442703064173758e-05,
        4.0495077630314176e-05,
        3.310048393561576e-05,
        3.825730054687584e-05,
        2.4732517829306744e-05,
        2.1086562747364547e-05,
        2.2558791174434293e-05,
        4.5693011372804904e-05,
        1.1791126685996764e-05,
        2.5094129739500204e-05,
        1.6548104131036074e-05,
        2.391964792675733e-05,
        2.1128479444440825e-05,
        1.4276959164918582e-05,
        3.516814660997625e-05,
        9.605174559131532e-06,
        3.485528993173325e-05,
        1.867443252321108e-05,
        5.931158204930398e-05,
        2.6756956862704505e-05
    ],