{
    "test_accuracy": 0.5625,
    "test_f1": 0.5101351351351351,
    "train_accuracy_history": [
        0.325,
        0.4375,
        0.4041666666666667,
        0.43333333333333335,
        0.44166666666666665,
        0.425,
        0.4875,
        0.4625,
        0.4791666666666667,
        0.5166666666666667,
        0.4791666666666667,
        0.49166666666666664,
        0.49583333333333335,
        0.5208333333333334,
        0.5708333333333333,
        0.3958333333333333,
        0.4791666666666667,
        0.5375,
        0.42083333333333334,
        0.42916666666666664,
        0.5041666666666667,
        0.5083333333333333,
        0.5541666666666667,
        0.5625,
        0.5958333333333333,
        0.5916666666666667,
        0.6166666666666667,
        0.5958333333333333,
        0.6458333333333334,
        0.5166666666666667,
        0.6166666666666667,
        0.6,
        0.6208333333333333,
        0.5833333333333334,
        0.6333333333333333,
        0.65,
        0.6333333333333333,
        0.6541666666666667,
        0.6916666666666667,
        0.6125,
        0.6583333333333333,
        0.6875,
        0.6583333333333333,
        0.65,
        0.6958333333333333,
        0.6916666666666667,
        0.6708333333333333,
        0.6791666666666667,
        0.6625,
        0.5916666666666667,
        0.6375,
        0.6166666666666667,
        0.6125,
        0.6791666666666667,
        0.6458333333333334,
        0.7041666666666667,
        0.6875,
        0.6958333333333333,
        0.6583333333333333,
        0.6166666666666667,
        0.6708333333333333,
        0.7,
        0.6833333333333333,
        0.6875,
        0.6875,
        0.6666666666666666,
        0.7041666666666667,
        0.6791666666666667,
        0.6583333333333333,
        0.7041666666666667,
        0.6875,
        0.7166666666666667,
        0.6625,
        0.675,
        0.7208333333333333,
        0.6458333333333334,
        0.6916666666666667,
        0.6916666666666667,
        0.6875,
        0.7125,
        0.7041666666666667,
        0.7166666666666667,
        0.7083333333333334,
        0.675,
        0.6666666666666666,
        0.6625,
        0.6833333333333333,
        0.6958333333333333,
        0.6791666666666667,
        0.7,
        0.7083333333333334,
        0.6708333333333333,
        0.6791666666666667,
        0.725,
        0.6708333333333333,
        0.6458333333333334,
        0.675,
        0.6958333333333333,
        0.6958333333333333,
        0.6833333333333333
    ],
    "val_accuracy_history": [
        0.2375,
        0.2375,
        0.25,
        0.175,
        0.3375,
        0.275,
        0.375,
        0.4,
        0.3625,
        0.45,
        0.35,
        0.3875,
        0.4375,
        0.45,
        0.475,
        0.4875,
        0.4,
        0.35,
        0.4,
        0.3875,
        0.3,
        0.4625,
        0.4375,
        0.5,
        0.325,
        0.425,
        0.4375,
        0.4375,
        0.4375,
        0.4375,
        0.25,
        0.4,
        0.475,
        0.5125,
        0.4125,
        0.575,
        0.425,
        0.2875,
        0.425,
        0.4625,
        0.3375,
        0.55,
        0.2875,
        0.5125,
        0.4875,
        0.3125,
        0.4,
        0.375,
        0.3125,
        0.4125,
        0.325,
        0.4,
        0.55,
        0.2875,
        0.4875,
        0.325,
        0.425,
        0.4875,
        0.4625,
        0.475,
        0.5875,
        0.5875,
        0.4125,
        0.25,
        0.25,
        0.5875,
        0.5625,
        0.25,
        0.375,
        0.625,
        0.6,
        0.25,
        0.525,
        0.4875,
        0.4,
        0.475,
        0.2625,
        0.45,
        0.4875,
        0.5375,
        0.35,
        0.25,
        0.5375,
        0.3875,
        0.475,
        0.475,
        0.5,
        0.4,
        0.525,
        0.575,
        0.25,
        0.5875,
        0.3125,
        0.5125,
        0.4,
        0.6125,
        0.5375,
        0.25,
        0.425,
        0.25
    ],
    "train_loss_history": [
        0.3432732050617536,
        0.31727295443415643,
        0.31312191635370257,
        0.298356731235981,
        0.29616094132264453,
        0.2771823093295097,
        0.2757215597977241,
        0.2722287659843763,
        0.2748483686397473,
        0.27034683860838415,
        0.28912717029452323,
        0.25905671951671444,
        0.26191899813711644,
        0.256162241846323,
        0.23019726648926736,
        0.2983029343187809,
        0.25403092553218204,
        0.23410819172859193,
        0.30560496052106223,
        0.2851679873963197,
        0.25235331741472083,
        0.25090552208324274,
        0.2403701407214006,
        0.21838730598489445,
        0.2197909493620197,
        0.23307470257083576,
        0.21829075030982495,
        0.20420084844032924,
        0.20825847033411266,
        0.25785887526969115,
        0.1991751864552498,
        0.21828356012701988,
        0.207105118346711,
        0.21897558961063623,
        0.16859559112538894,
        0.16355725557853779,
        0.1755848386635383,
        0.1832841742162903,
        0.16725948757181566,
        0.18204051063706478,
        0.17833881576855978,
        0.15788908458004394,
        0.18812750208502013,
        0.1752065091083447,
        0.15257645479092996,
        0.14848198872059584,
        0.17535152745743593,
        0.15796817845354477,
        0.20471334892014661,
        0.20416352413594724,
        0.18421705222378174,
        0.17632626568277676,
        0.16773262781401474,
        0.15842601868013542,
        0.18074868532518545,
        0.1655006991699338,
        0.1596593435232838,
        0.15606907506783804,
        0.15310720403989156,
        0.17642436275879542,
        0.1626177456850807,
        0.14306915526588757,
        0.14636851058652003,
        0.1501831455156207,
        0.15468739724407593,
        0.15767404033492008,
        0.14593199429412682,
        0.1768652405589819,
        0.20991203840821981,
        0.16620630472898484,
        0.14209313374012708,
        0.14262678815672794,
        0.17225560642157992,
        0.15808541520188252,
        0.1585026373465856,
        0.16273786462843418,
        0.16812625052407384,
        0.14207176888982456,
        0.14429669429858524,
        0.144606098284324,
        0.15399690077950556,
        0.14831240127484005,
        0.15347042605280875,
        0.16069143575926623,
        0.15862539894878863,
        0.16187359920392433,
        0.15084321945905685,
        0.1673621241003275,
        0.1592125174899896,
        0.1454605841388305,
        0.14340130873024465,
        0.16224751143405836,
        0.15124308373779058,
        0.13842850914224983,
        0.17368444732079905,
        0.19283278143654267,
        0.1723064081122478,
        0.1365469337751468,
        0.15709079920003813,
        0.14870494771748782
    ],