{
    "test_accuracy": 0.7333333333333333,
    "test_f1": 0.733652312599681,
    "train_accuracy_history": [
        0.5888888888888889,
        0.8888888888888888,
        0.9222222222222223,
        1.0,
        0.9666666666666667,
        0.9555555555555556,
        0.9111111111111111,
        0.9666666666666667,
        0.9777777777777777,
        1.0,
        1.0,
        1.0,
        0.9777777777777777,
        0.9888888888888889,
        1.0,
        1.0,
        1.0,
        1.0,
        1.0,
        1.0,
        1.0,
        1.0,
        1.0,
        1.0,
        1.0,
        1.0,
        1.0,
        1.0,
        1.0,
        1.0,
        1.0,
        1.0,
        1.0,
        1.0,
        1.0,
        1.0,
        1.0,
        1.0,
        1.0,
        1.0,
        1.0,
        1.0,
        1.0,
        1.0,
        1.0,
        1.0,
        1.0,
        1.0,
        1.0,
        1.0,
        1.0,
        1.0,
        1.0,
        1.0,
        1.0,
        1.0,
        1.0,
        1.0,
        1.0,
        1.0,
        1.0,
        1.0,
        1.0,
        1.0,
        1.0,
        1.0,
        1.0,
        1.0,
        1.0,
        1.0,
        1.0,
        1.0,
        1.0,
        1.0,
        1.0,
        1.0,
        1.0,
        1.0,
        1.0,
        1.0,
        1.0,
        1.0,
        1.0,
        1.0,
        1.0,
        1.0,
        1.0,
        1.0,
        1.0,
        1.0,
        1.0,
        1.0,
        1.0,
        1.0,
        1.0,
        1.0,
        1.0,
        1.0,
        1.0,
        1.0
    ],
    "val_accuracy_history": [
        0.3333333333333333,
        0.3333333333333333,
        0.6,
        0.4,
        0.3333333333333333,
        0.3333333333333333,
        0.3333333333333333,
        0.3333333333333333,
        0.3333333333333333,
        0.3333333333333333,
        0.36666666666666664,
        0.4666666666666667,
        0.3333333333333333,
        0.6666666666666666,
        0.3333333333333333,
        0.3333333333333333,
        0.5,
        0.4666666666666667,
        0.8,
        0.6333333333333333,
        0.6,
        0.4666666666666667,
        0.5,
        0.3333333333333333,
        0.7666666666666667,
        0.3333333333333333,
        0.4,
        0.4666666666666667,
        0.8333333333333334,
        0.8,
        0.7666666666666667,
        0.5666666666666667,
        0.8666666666666667,
        0.5333333333333333,
        0.6,
        0.3333333333333333,
        0.3333333333333333,
        0.3333333333333333,
        0.4,
        0.6333333333333333,
        0.36666666666666664,
        0.6666666666666666,
        0.36666666666666664,
        0.3333333333333333,
        0.4,
        0.8,
        0.9,
        0.9333333333333333,
        0.7333333333333333,
        0.36666666666666664,
        0.8,
        0.9,
        0.5333333333333333,
        0.6333333333333333,
        0.6666666666666666,
        0.8,
        0.7666666666666667,
        0.6666666666666666,
        0.9,
        0.8,
        0.9666666666666667,
        0.8333333333333334,
        0.5666666666666667,
        0.3333333333333333,
        0.8,
        0.9333333333333333,
        0.9666666666666667,
        0.8333333333333334,
        0.9,
        0.9333333333333333,
        0.9666666666666667,
        0.9333333333333333,
        0.6,
        0.9333333333333333,
        0.8666666666666667,
        0.9333333333333333,
        0.5333333333333333,
        0.8333333333333334,
        0.9333333333333333,
        0.9666666666666667,
        0.5,
        0.6666666666666666,
        0.7333333333333333,
        0.9333333333333333,
        0.8,
        0.9333333333333333,
        0.8,
        0.8333333333333334,
        0.8333333333333334,
        0.6,
        0.3333333333333333,
        0.8666666666666667,
        0.5666666666666667,
        0.3333333333333333,
        0.26666666666666666,
        0.6,
        0.5333333333333333,
        0.5666666666666667,
        0.5333333333333333,
        0.6
    ],
    "train_loss_history": [
        0.21606218384371864,
        0.07516986574563715,
        0.050015162924925485,
        0.028662323041094673,
        0.031295819642643136,
        0.0593213918308417,
        0.07311320304870605,
        0.035753470602341825,
        0.02817742556023101,
        0.015818455727357003,
        0.01110279815685418,
        0.011577560752630233,
        0.02056077455377413,
        0.011901367502287031,
        0.01191400423930544,
        0.006058321499990092,
        0.004352579369313187,
        0.007283310830502564,
        0.0052361866562730735,
        0.004151365256661342,
        0.003369271013394205,
        0.0026258783701147573,
        0.001965934680386757,
        0.004378209190326743,
        0.004733071339109706,
        0.0023762889995446635,
        0.0013388551388440343,
        0.00211708820263286,
        0.0015945903507397613,
        0.0009197218919224623,
        0.001313904130640569,
        0.0010156832879551479,
        0.0008619290444282038,
        0.003818317564825217,
        0.003347884497553524,
        0.002779505312274624,
        0.00155069584854775,
        0.0011133988349077602,
        0.0011168931295590786,
        0.0017678349188321994,
        0.0011250265248236246,
        0.0007668306376015405,
        0.0006354923744058599,
        0.0014678198435123906,
        0.0007401325009090618,
        0.0007610991862343832,
        0.0004530078029751571,
        0.0005038508229821066,
        0.00041192708574979206,
        0.0007699241938907007,
        0.0004761402310881143,
        0.00043709526520009,
        0.0005389480630886586,
        0.00042926510060270733,
        0.000515171865441112,
        0.0006746305482718324,
        0.00031169374257539553,
        0.00021945636599411954,
        0.00020091506659001526,
        0.00016584430793752997,
        0.00020110927794626655,
        0.00039992485331418316,
        0.0009428362680612029,
        0.0002990195976356821,
        0.0002744556665372026,
        0.00021882554218690428,
        0.00014223739421544856,
        0.000135184124014308,
        0.00016339571757271188,
        0.00015068120782315317,
        0.00019549767379834924,
        0.0001444149335131644,
        0.00014116423242537874,
        0.0001777397547306868,
        0.00014242353573637147,
        0.00015910672259956805,
        0.0004023344293374167,
        0.0001523120341112695,
        0.00015129198372708036,
        6.755173184905693e-05,
        0.00016941655080700003,
        0.00026687827824439916,
        7.982882549792217e-05,
        0.00012483052351260288,
        0.00012218705507823164,
        8.494166729886073e-05,
        0.00017108558040490607,
        8.626373179746831e-05,
        0.00014513570385538008,
        0.0003160135025104359,
        0.00015778674035118456,
        6.004041238156787e-05,
        0.0007475105641623891,
        0.007406504952491054,
        0.004254659692055106,
        0.0012961991906599401,
        0.0026798121360318166,
        0.0023749881161266887,
        0.0009314701604226785,
        0.0005169165567066456
    ],