{
    "test_accuracy": 0.4,
    "test_f1": 0.30113636363636365,
    "train_accuracy_history": [
        0.23333333333333334,
        0.11666666666666667,
        0.2,
        0.15,
        0.15,
        0.25,
        0.25,
        0.21666666666666667,
        0.21666666666666667,
        0.21666666666666667,
        0.25,
        0.16666666666666666,
        0.2,
        0.11666666666666667,
        0.18333333333333332,
        0.18333333333333332,
        0.18333333333333332,
        0.13333333333333333,
        0.15,
        0.18333333333333332,
        0.2,
        0.18333333333333332,
        0.16666666666666666,
        0.25,
        0.16666666666666666,
        0.23333333333333334,
        0.23333333333333334,
        0.21666666666666667,
        0.13333333333333333,
        0.26666666666666666,
        0.2,
        0.23333333333333334,
        0.16666666666666666,
        0.23333333333333334,
        0.25,
        0.26666666666666666,
        0.26666666666666666,
        0.23333333333333334,
        0.18333333333333332,
        0.23333333333333334,
        0.25,
        0.2833333333333333,
        0.3,
        0.15,
        0.25,
        0.08333333333333333,
        0.23333333333333334,
        0.23333333333333334,
        0.16666666666666666,
        0.2,
        0.23333333333333334,
        0.26666666666666666,
        0.2,
        0.13333333333333333,
        0.25,
        0.2,
        0.16666666666666666,
        0.23333333333333334,
        0.2,
        0.23333333333333334,
        0.21666666666666667,
        0.21666666666666667,
        0.25,
        0.23333333333333334,
        0.13333333333333333,
        0.21666666666666667,
        0.25,
        0.16666666666666666,
        0.25,
        0.18333333333333332,
        0.23333333333333334,
        0.2,
        0.13333333333333333,
        0.23333333333333334,
        0.25,
        0.18333333333333332,
        0.16666666666666666,
        0.2,
        0.2,
        0.21666666666666667,
        0.18333333333333332,
        0.16666666666666666,
        0.25,
        0.2,
        0.16666666666666666,
        0.18333333333333332,
        0.2833333333333333,
        0.1,
        0.23333333333333334,
        0.23333333333333334,
        0.25,
        0.18333333333333332,
        0.21666666666666667,
        0.06666666666666667,
        0.25,
        0.18333333333333332,
        0.16666666666666666,
        0.16666666666666666,
        0.2,
        0.26666666666666666
    ],
    "val_accuracy_history": [
        0.25,
        0.25,
        0.25,
        0.25,
        0.25,
        0.35,
        0.25,
        0.25,
        0.25,
        0.25,
        0.25,
        0.25,
        0.25,
        0.25,
        0.25,
        0.25,
        0.25,
        0.25,
        0.25,
        0.25,
        0.25,
        0.25,
        0.25,
        0.25,
        0.25,
        0.25,
        0.25,
        0.25,
        0.25,
        0.25,
        0.25,
        0.35,
        0.25,
        0.25,
        0.25,
        0.25,
        0.25,
        0.2,
        0.25,
        0.25,
        0.2,
        0.35,
        0.25,
        0.25,
        0.25,
        0.25,
        0.25,
        0.25,
        0.25,
        0.25,
        0.25,
        0.25,
        0.25,
        0.25,
        0.25,
        0.25,
        0.25,
        0.25,
        0.25,
        0.25,
        0.25,
        0.25,
        0.25,
        0.25,
        0.25,
        0.25,
        0.25,
        0.25,
        0.25,
        0.25,
        0.25,
        0.25,
        0.25,
        0.25,
        0.25,
        0.25,
        0.25,
        0.25,
        0.25,
        0.25,
        0.25,
        0.25,
        0.25,
        0.25,
        0.4,
        0.25,
        0.25,
        0.25,
        0.25,
        0.25,
        0.25,
        0.25,
        0.25,
        0.25,
        0.25,
        0.25,
        0.25,
        0.25,
        0.25,
        0.25
    ],
    "train_loss_history": [
        0.4345818201700846,
        0.3817409416039785,
        0.3568340539932251,
        0.35573589205741885,
        0.35415480931599935,
        0.35252968072891233,
        0.3554651816685995,
        0.3656882425149282,
        0.3463661054770152,
        0.3505915184815725,
        0.3493906378746033,
        0.35270214875539146,
        0.35434771378835045,
        0.36325876116752626,
        0.36920131246248883,
        0.35580583016077677,
        0.3525623341401418,
        0.3496580501397451,
        0.35257428884506226,
        0.3499345441659292,
        0.34805764953295387,
        0.35130456487337747,
        0.3533031741778056,
        0.3528410335381826,
        0.3597076674302419,
        0.3514571666717529,
        0.3537102301915487,
        0.34938568274180093,
        0.35433223644892375,
        0.35188243389129636,
        0.35087326367696126,
        0.3496171514193217,
        0.349867707490921,
        0.3509025494257609,
        0.35196964343388876,
        0.34952717622121177,
        0.3484411478042603,
        0.35360783139864604,
        0.35754842559496564,
        0.3489309827486674,
        0.34953107237815856,
        0.34646733005841573,
        0.3493326425552368,
        0.3518904248873393,
        0.3504477699597677,
        0.3523756504058838,
        0.34915953477223716,
        0.348390390475591,
        0.3513675550619761,
        0.3503736992677053,
        0.35077359676361086,
        0.34734816948572794,
        0.3501346528530121,
        0.3548739274342855,
        0.34821207722028097,
        0.3508442461490631,
        0.3517280340194702,
        0.34936986764272054,
        0.3507887621720632,
        0.34963563084602356,
        0.35377020835876466,
        0.35091569821039836,
        0.3483088493347168,
        0.3508198936780294,
        0.3512071708838145,
        0.3482196430365245,
        0.348920077085495,
        0.35015806754430134,
        0.3483733812967936,
        0.3499359428882599,
        0.3480583349863688,
        0.34978290597597755,
        0.35119557778040567,
        0.3491723378499349,
        0.3487253685792287,
        0.3476304590702057,
        0.34888842900594075,
        0.3484194835027059,
        0.3485940118630727,
        0.34860398769378664,
        0.3509475072224935,
        0.3494901974995931,
        0.3495364765326182,
        0.3485802928606669,
        0.34861478209495544,
        0.3551079750061035,
        0.3505139648914337,
        0.3543419261773427,
        0.34923670689264935,
        0.34990257024765015,
        0.34844757517178854,
        0.35146687030792234,
        0.3482893904050191,
        0.3501414875189463,
        0.3480445384979248,
        0.34802902340888975,
        0.35010842482248944,
        0.3485962967077891,
        0.34896400769551594,
        0.35066164334615074
    ],