{
    "test_accuracy": 0.6,
    "test_f1": 0.5833333333333333,
    "train_accuracy_history": [
        0.5,
        0.8333333333333334,
        0.9333333333333333,
        0.9,
        0.9666666666666667,
        1.0,
        1.0,
        0.9666666666666667,
        1.0,
        1.0,
        1.0,
        1.0,
        1.0,
        1.0,
        1.0,
        1.0,
        1.0,
        1.0,
        1.0,
        1.0,
        1.0,
        1.0,
        1.0,
        1.0,
        1.0,
        1.0,
        1.0,
        1.0,
        1.0,
        1.0,
        1.0,
        1.0,
        1.0,
        1.0,
        1.0,
        1.0,
        1.0,
        1.0,
        1.0,
        1.0,
        1.0,
        1.0,
        1.0,
        1.0,
        1.0,
        1.0,
        1.0,
        1.0,
        1.0,
        1.0,
        1.0,
        1.0,
        1.0,
        1.0,
        1.0,
        1.0,
        1.0,
        1.0,
        1.0,
        1.0,
        1.0,
        1.0,
        1.0,
        1.0,
        1.0,
        1.0,
        1.0,
        1.0,
        1.0,
        1.0,
        1.0,
        1.0,
        1.0,
        1.0,
        1.0,
        1.0,
        1.0,
        1.0,
        1.0,
        1.0,
        1.0,
        1.0,
        1.0,
        1.0,
        1.0,
        1.0,
        1.0,
        1.0,
        1.0,
        1.0,
        1.0,
        1.0,
        1.0,
        1.0,
        1.0,
        1.0,
        1.0,
        1.0,
        1.0,
        1.0
    ],
    "val_accuracy_history": [
        0.4,
        0.4,
        0.4,
        0.6,
        0.6,
        0.4,
        0.4,
        0.4,
        0.4,
        0.7,
        0.4,
        0.4,
        0.8,
        0.4,
        0.4,
        0.6,
        0.6,
        0.4,
        0.4,
        0.6,
        0.6,
        0.6,
        0.9,
        0.4,
        0.4,
        0.4,
        0.4,
        0.6,
        0.4,
        0.4,
        0.6,
        1.0,
        0.7,
        0.7,
        0.6,
        0.7,
        0.4,
        0.4,
        0.4,
        0.4,
        0.5,
        0.7,
        0.7,
        0.7,
        0.4,
        0.4,
        0.6,
        0.4,
        0.4,
        0.7,
        0.9,
        0.9,
        0.9,
        0.8,
        0.6,
        0.9,
        0.9,
        0.9,
        0.8,
        0.9,
        0.8,
        0.6,
        0.9,
        0.4,
        0.6,
        0.6,
        0.9,
        0.8,
        0.6,
        0.8,
        0.8,
        0.9,
        0.9,
        0.8,
        0.8,
        1.0,
        0.8,
        0.7,
        0.9,
        0.9,
        0.9,
        0.9,
        0.5,
        0.7,
        0.8,
        1.0,
        1.0,
        0.9,
        0.8,
        0.8,
        0.6,
        0.8,
        0.5,
        0.6,
        0.7,
        0.8,
        0.8,
        0.8,
        0.9,
        0.7
    ],
    "train_loss_history": [
        0.19692329565684,
        0.12923326094945273,
        0.09038012723128001,
        0.07267715136210123,
        0.052996546030044556,
        0.03223218222459157,
        0.03147476973632971,
        0.025886592641472816,
        0.02039091313878695,
        0.012703304861982663,
        0.012312386743724346,
        0.006808877270668745,
        0.007525981652239958,
        0.007491432409733534,
        0.0075785075314342976,
        0.006456154150267442,
        0.004574753794198235,
        0.002946396575619777,
        0.0035268742435922225,
        0.002845792348186175,
        0.003512011608108878,
        0.00344825175901254,
        0.0023557509916524093,
        0.004297885446188351,
        0.0016507336093733707,
        0.0022241898191471894,
        0.0022354022599756717,
        0.0017391462344676257,
        0.001449850721595188,
        0.0011121029732748867,
        0.001396666948373119,
        0.0007870406475073348,
        0.0007150621231024463,
        0.0008500016216809551,
        0.0008287526201456785,
        0.0014514859222496549,
        0.0005390940234065056,
        0.0006557776670282086,
        0.00048663485213182864,
        0.0006274167060231169,
        0.000561802153242752,
        0.0006855762641256054,
        0.0004397028979534904,
        0.0010395587305538356,
        0.0004968900767077382,
        0.00041315822939698893,
        0.0003130574827082455,
        0.0009724491586287817,
        0.00027580206127216417,
        0.0005934824119322002,
        0.00026759184159648913,
        0.00026820050358461836,
        0.00029299551776299876,
        0.00036467859366287787,
        0.00027558583387872205,
        0.00037323866369357955,
        0.0002499626226684389,
        0.000314459348252664,
        0.00022728464003497114,
        0.0003634375723777339,
        0.0002044845624671628,
        0.0004233311396092176,
        0.00030286328789467615,
        0.00023404100211337208,
        0.00019172951336562014,
        0.0002002100266205768,
        0.00027646651384808746,
        0.0003954214043915272,
        0.00013967307944161197,
        0.00019158713791208963,
        0.00017437936912756413,
        0.0001287020225087569,
        0.0002046553614491131,
        0.00011347470378192762,
        0.00014781498175580053,
        0.0002221011120127514,
        0.00011853737766311193,
        0.00014716817774266625,
        0.00029019643504094955,
        0.00013954838723293506,
        0.00013246796491633479,
        0.00011567835996781165,
        9.433963253589658e-05,
        0.00011434189752132321,
        0.00012381938067846933,
        0.00020114428940966415,
        0.00011138843983644619,
        8.783844289913152e-05,
        9.610010893084109e-05,
        0.00019539937735923256,
        0.00014557580846788671,
        0.0002417394954439563,
        8.219180405527974e-05,
        9.82229738535049e-05,
        7.217599656238842e-05,
        7.238566419497753e-05,
        7.164878164379236e-05,
        8.474802380078472e-05,
        7.035377008530001e-05,
        7.095557812135667e-05
    ],