{
    "test_accuracy": 0.25,
    "test_f1": 0.1,
    "train_accuracy_history": [
        0.25,
        0.25,
        0.25,
        0.25,
        0.25,
        0.25,
        0.25,
        0.25,
        0.25,
        0.13333333333333333,
        0.2,
        0.18333333333333332,
        0.18333333333333332,
        0.2,
        0.23333333333333334,
        0.13333333333333333,
        0.21666666666666667,
        0.21666666666666667,
        0.26666666666666666,
        0.26666666666666666,
        0.2833333333333333,
        0.2833333333333333,
        0.21666666666666667,
        0.23333333333333334,
        0.21666666666666667,
        0.2833333333333333,
        0.26666666666666666,
        0.18333333333333332,
        0.11666666666666667,
        0.25,
        0.2833333333333333,
        0.25,
        0.26666666666666666,
        0.25,
        0.25,
        0.2833333333333333,
        0.2833333333333333,
        0.23333333333333334,
        0.2833333333333333,
        0.25,
        0.2833333333333333,
        0.2833333333333333,
        0.23333333333333334,
        0.25,
        0.2,
        0.21666666666666667,
        0.2833333333333333,
        0.2,
        0.25,
        0.25,
        0.2833333333333333,
        0.2,
        0.23333333333333334,
        0.25,
        0.2833333333333333,
        0.2,
        0.13333333333333333,
        0.21666666666666667,
        0.2833333333333333,
        0.21666666666666667,
        0.25,
        0.26666666666666666,
        0.21666666666666667,
        0.23333333333333334,
        0.23333333333333334,
        0.2833333333333333,
        0.16666666666666666,
        0.2833333333333333,
        0.2,
        0.21666666666666667,
        0.2833333333333333,
        0.21666666666666667,
        0.26666666666666666,
        0.23333333333333334,
        0.26666666666666666,
        0.2833333333333333,
        0.21666666666666667,
        0.25,
        0.2833333333333333,
        0.2833333333333333,
        0.2833333333333333,
        0.2833333333333333,
        0.2833333333333333,
        0.26666666666666666,
        0.2833333333333333,
        0.2833333333333333,
        0.23333333333333334,
        0.2833333333333333,
        0.2833333333333333,
        0.16666666666666666,
        0.2833333333333333,
        0.23333333333333334,
        0.25,
        0.2,
        0.25,
        0.2833333333333333,
        0.21666666666666667,
        0.25,
        0.2833333333333333,
        0.21666666666666667
    ],
    "val_accuracy_history": [
        0.25,
        0.25,
        0.25,
        0.25,
        0.25,
        0.25,
        0.25,
        0.25,
        0.25,
        0.25,
        0.25,
        0.25,
        0.25,
        0.25,
        0.25,
        0.25,
        0.25,
        0.25,
        0.25,
        0.25,
        0.25,
        0.25,
        0.25,
        0.25,
        0.25,
        0.25,
        0.25,
        0.25,
        0.25,
        0.25,
        0.25,
        0.25,
        0.25,
        0.25,
        0.25,
        0.25,
        0.25,
        0.25,
        0.25,
        0.25,
        0.25,
        0.25,
        0.25,
        0.25,
        0.25,
        0.25,
        0.25,
        0.25,
        0.25,
        0.25,
        0.25,
        0.25,
        0.25,
        0.25,
        0.25,
        0.25,
        0.25,
        0.25,
        0.25,
        0.25,
        0.25,
        0.25,
        0.25,
        0.25,
        0.25,
        0.25,
        0.25,
        0.25,
        0.25,
        0.25,
        0.25,
        0.25,
        0.25,
        0.25,
        0.25,
        0.25,
        0.25,
        0.25,
        0.25,
        0.25,
        0.25,
        0.25,
        0.25,
        0.25,
        0.25,
        0.25,
        0.25,
        0.25,
        0.25,
        0.25,
        0.25,
        0.25,
        0.25,
        0.25,
        0.25,
        0.25,
        0.25,
        0.25,
        0.25,
        0.25
    ],
    "train_loss_history": [
        0.3504183828830719,
        0.34863237539927167,
        0.3491154253482819,
        0.3480280876159668,
        0.34793015122413634,
        0.3477980097134908,
        0.3473113020261129,
        0.3473207215468089,
        0.3470695674419403,
        0.3477936565876007,
        0.3469647467136383,
        0.347099506855011,
        0.34686341484387717,
        0.34720446864763893,
        0.3469193518161774,
        0.3469079613685608,
        0.34706618785858157,
        0.34707706769307456,
        0.3468866586685181,
        0.34660252928733826,
        0.3465610424677531,
        0.3465151309967041,
        0.34644261598587034,
        0.34691499869028725,
        0.34720585544904076,
        0.34667776425679525,
        0.3461340328057607,
        0.34642719229062396,
        0.34639763037363686,
        0.34700238704681396,
        0.3462759296099345,
        0.3462747871875763,
        0.3464445273081462,
        0.3458177109559377,
        0.34578886230786643,
        0.3457737962404887,
        0.34610095818837483,
        0.3459640403588613,
        0.3457080284754435,
        0.3457815925280253,
        0.3458532790342967,
        0.3455136279265086,
        0.3457119921843211,
        0.3457805057366689,
        0.3459843178590139,
        0.34540406266848245,
        0.34542863567670185,
        0.3456233322620392,
        0.34527118802070617,
        0.34510270357131956,
        0.3451499899228414,
        0.345329749584198,
        0.34514341155687966,
        0.3455163737138112,
        0.3452064176400503,
        0.3451760629812876,
        0.3450779954592387,
        0.34534831245740255,
        0.34494495193163555,
        0.34482669631640117,
        0.34489471713701886,
        0.3447463572025299,
        0.34480204979578655,
        0.34480573137601217,
        0.34515543580055236,
        0.34489471713701886,
        0.3455960253874461,
        0.3449115475018819,
        0.34454928239186605,
        0.34444178541501363,
        0.34530958930651345,
        0.34527125358581545,
        0.34427994887034097,
        0.34417460958162943,
        0.34447635610898336,
        0.34449892640113833,
        0.34452837109565737,
        0.3444455941518148,
        0.3442884127298991,
        0.3442692836125692,
        0.344057168563207,
        0.34409554799397785,
        0.34406548539797466,
        0.3438918709754944,
        0.3439265529314677,
        0.34413297176361085,
        0.34405963818232216,
        0.34428048531214395,
        0.3440594216187795,
        0.34420910676320393,
        0.34409160614013673,
        0.3443019688129425,
        0.34366938670476277,
        0.3439747591813405,
        0.3436185598373413,
        0.3439484477043152,
        0.343882022301356,
        0.3438737193743388,
        0.34392435948053995,
        0.3438198506832123
    ],