{
    "test_accuracy": 0.6625,
    "test_f1": 0.6726190476190476,
    "train_accuracy_history": [
        0.3,
        0.44166666666666665,
        0.5791666666666667,
        0.6125,
        0.6791666666666667,
        0.6666666666666666,
        0.6833333333333333,
        0.7708333333333334,
        0.7583333333333333,
        0.7833333333333333,
        0.8083333333333333,
        0.7958333333333333,
        0.8416666666666667,
        0.8666666666666667,
        0.8666666666666667,
        0.8583333333333333,
        0.8833333333333333,
        0.8708333333333333,
        0.8791666666666667,
        0.925,
        0.8958333333333334,
        0.9041666666666667,
        0.8458333333333333,
        0.9041666666666667,
        0.8958333333333334,
        0.8833333333333333,
        0.9,
        0.9291666666666667,
        0.9333333333333333,
        0.8958333333333334,
        0.9,
        0.9041666666666667,
        0.875,
        0.9041666666666667,
        0.9083333333333333,
        0.8875,
        0.9208333333333333,
        0.9291666666666667,
        0.9291666666666667,
        0.8958333333333334,
        0.9375,
        0.9416666666666667,
        0.925,
        0.9166666666666666,
        0.9375,
        0.9416666666666667,
        0.9166666666666666,
        0.8916666666666667,
        0.9541666666666667,
        0.9375,
        0.9375,
        0.9416666666666667,
        0.925,
        0.95,
        0.9208333333333333,
        0.9583333333333334,
        0.95,
        0.9375,
        0.9583333333333334,
        0.9541666666666667,
        0.9416666666666667,
        0.9041666666666667,
        0.9291666666666667,
        0.9208333333333333,
        0.9333333333333333,
        0.9541666666666667,
        0.95,
        0.9666666666666667,
        0.9625,
        0.9541666666666667,
        0.9666666666666667,
        0.9583333333333334,
        0.9541666666666667,
        0.8541666666666666,
        0.9416666666666667,
        0.9583333333333334,
        0.9375,
        0.9458333333333333,
        0.9791666666666666,
        0.9583333333333334,
        0.9833333333333333,
        0.9125,
        0.925,
        0.95,
        0.9291666666666667,
        0.9583333333333334,
        0.9541666666666667,
        0.95,
        0.9416666666666667,
        0.9416666666666667,
        0.9458333333333333,
        0.9541666666666667,
        0.975,
        0.9625,
        0.9625,
        0.9541666666666667,
        0.975,
        0.9625,
        0.9625,
        0.9666666666666667
    ],
    "val_accuracy_history": [
        0.25,
        0.475,
        0.4875,
        0.3125,
        0.475,
        0.3375,
        0.45,
        0.4875,
        0.575,
        0.55,
        0.525,
        0.55,
        0.4,
        0.625,
        0.55,
        0.525,
        0.6,
        0.525,
        0.5,
        0.6625,
        0.5125,
        0.5,
        0.5,
        0.5125,
        0.625,
        0.575,
        0.5,
        0.55,
        0.5125,
        0.5125,
        0.5625,
        0.625,
        0.625,
        0.6375,
        0.6375,
        0.575,
        0.5625,
        0.725,
        0.3625,
        0.625,
        0.6375,
        0.65,
        0.2625,
        0.65,
        0.6625,
        0.6875,
        0.3875,
        0.5375,
        0.575,
        0.6625,
        0.5875,
        0.675,
        0.4875,
        0.6375,
        0.65,
        0.55,
        0.65,
        0.5,
        0.6125,
        0.6625,
        0.6375,
        0.6625,
        0.475,
        0.5125,
        0.6875,
        0.6625,
        0.65,
        0.6875,
        0.625,
        0.675,
        0.6375,
        0.65,
        0.6,
        0.6125,
        0.65,
        0.65,
        0.6,
        0.6375,
        0.6375,
        0.675,
        0.6875,
        0.3875,
        0.475,
        0.5625,
        0.425,
        0.65,
        0.6875,
        0.6625,
        0.5375,
        0.65,
        0.65,
        0.675,
        0.6125,
        0.625,
        0.6625,
        0.6875,
        0.425,
        0.575,
        0.625,
        0.6625
    ],
    "train_loss_history": [
        0.35028625826040904,
        0.30699833954373995,
        0.24249414242804052,
        0.2152713796744744,
        0.19996205860128005,
        0.20633714357391,
        0.18414978779231508,
        0.15799988573417068,
        0.14398967962091166,
        0.15312277652944128,
        0.1332385612030824,
        0.130340299087887,
        0.12284935021501345,
        0.11620137170733263,
        0.1148648132958139,
        0.09843103459764582,
        0.10205975365048896,
        0.08017612190063422,
        0.08091893212404103,
        0.07413912551164685,
        0.07868573670372522,
        0.07984715163523409,
        0.09627704068067638,
        0.06680748973133935,
        0.07394428234013807,
        0.09136542587560446,
        0.06290052968785555,
        0.0665327406769696,
        0.061064913349885806,
        0.07588468523487488,
        0.07759797146281926,
        0.06685650962936052,
        0.10253290067921625,
        0.08952027206153919,
        0.06832650300906001,
        0.07373917112472554,
        0.058176899903552716,
        0.0568790517498807,
        0.053639826295481426,
        0.07180427242443936,
        0.047993586938451925,
        0.05334505200941445,
        0.04817743784757719,
        0.05458865471620129,
        0.04348846191035894,
        0.0453100779455023,
        0.07894308401445756,
        0.10423464609872705,
        0.03963090705365176,
        0.051620601512665114,
        0.03864115785160417,
        0.05592437915062571,
        0.05297166923242003,
        0.04090733110297151,
        0.06965316666755825,
        0.039347402325923514,
        0.03725341736767784,
        0.050236218143353044,
        0.04588656936058063,
        0.028375654915907943,
        0.041399822203190224,
        0.05744727721968654,
        0.0722897984239656,
        0.06962700945781156,
        0.041126998516119784,
        0.039135022615664636,
        0.03623879175297588,
        0.0241826270003268,
        0.036504614201578536,
        0.032228210243747904,
        0.023836504892447864,
        0.03149175664957037,
        0.033507226216776535,
        0.12115770186962133,
        0.03808428244071062,
        0.028473019623857,
        0.036867409714032344,
        0.04371911992477635,
        0.021281478401791294,
        0.023604316450117343,
        0.016377367961242346,
        0.07051733179516191,
        0.064888689237326,
        0.03589438401888095,
        0.0423317133384946,
        0.02859924921591149,
        0.05658663777014965,
        0.031383899259190426,
        0.04753400753519881,
        0.0346501929145802,
        0.03971896315855095,
        0.02876648423770322,
        0.027160402026280856,
        0.021484272354386123,
        0.024436229729161003,
        0.038799764569494265,
        0.02036665289222507,
        0.030888114810924586,
        0.027047678563593535,
        0.026428621858728244
    ],