{
    "test_accuracy": 0.45,
    "test_f1": 0.3924512987012987,
    "train_accuracy_history": [
        0.35,
        0.65,
        0.7166666666666667,
        0.85,
        0.8666666666666667,
        0.9,
        1.0,
        0.95,
        1.0,
        1.0,
        1.0,
        1.0,
        1.0,
        1.0,
        1.0,
        1.0,
        1.0,
        1.0,
        1.0,
        1.0,
        1.0,
        1.0,
        1.0,
        1.0,
        1.0,
        1.0,
        1.0,
        1.0,
        1.0,
        1.0,
        1.0,
        1.0,
        1.0,
        1.0,
        1.0,
        1.0,
        1.0,
        1.0,
        1.0,
        1.0,
        1.0,
        1.0,
        1.0,
        1.0,
        1.0,
        1.0,
        1.0,
        1.0,
        1.0,
        1.0,
        1.0,
        1.0,
        1.0,
        1.0,
        1.0,
        1.0,
        1.0,
        1.0,
        1.0,
        1.0,
        1.0,
        1.0,
        1.0,
        1.0,
        1.0,
        1.0,
        1.0,
        1.0,
        1.0,
        1.0,
        1.0,
        1.0,
        1.0,
        1.0,
        1.0,
        1.0,
        1.0,
        1.0,
        1.0,
        1.0,
        1.0,
        1.0,
        1.0,
        1.0,
        1.0,
        1.0,
        1.0,
        1.0,
        1.0,
        1.0,
        1.0,
        1.0,
        1.0,
        1.0,
        1.0,
        1.0,
        1.0,
        1.0,
        1.0,
        1.0
    ],
    "val_accuracy_history": [
        0.2,
        0.25,
        0.25,
        0.25,
        0.2,
        0.2,
        0.25,
        0.4,
        0.3,
        0.3,
        0.3,
        0.3,
        0.35,
        0.3,
        0.25,
        0.25,
        0.3,
        0.3,
        0.3,
        0.3,
        0.2,
        0.25,
        0.3,
        0.35,
        0.1,
        0.35,
        0.25,
        0.25,
        0.3,
        0.3,
        0.3,
        0.45,
        0.4,
        0.25,
        0.4,
        0.4,
        0.3,
        0.35,
        0.3,
        0.25,
        0.5,
        0.3,
        0.3,
        0.5,
        0.25,
        0.35,
        0.5,
        0.5,
        0.35,
        0.3,
        0.3,
        0.35,
        0.4,
        0.45,
        0.55,
        0.6,
        0.35,
        0.35,
        0.55,
        0.3,
        0.5,
        0.4,
        0.4,
        0.4,
        0.3,
        0.4,
        0.3,
        0.3,
        0.35,
        0.3,
        0.4,
        0.35,
        0.55,
        0.5,
        0.4,
        0.3,
        0.4,
        0.4,
        0.35,
        0.35,
        0.45,
        0.45,
        0.45,
        0.55,
        0.35,
        0.3,
        0.5,
        0.5,
        0.4,
        0.55,
        0.5,
        0.25,
        0.3,
        0.3,
        0.55,
        0.45,
        0.45,
        0.55,
        0.45,
        0.3
    ],
    "train_loss_history": [
        0.36042646169662473,
        0.25601425766944885,
        0.198007799188296,
        0.14517652988433838,
        0.12078332056601843,
        0.09116555700699489,
        0.07243254544834296,
        0.06687884194155534,
        0.042059215779105825,
        0.03290714851270119,
        0.025448885435859363,
        0.01972065328930815,
        0.02272344077937305,
        0.019528197962790726,
        0.012518317035088936,
        0.014999210058401028,
        0.016010663441071906,
        0.012112694994236032,
        0.013618102281664808,
        0.009671996456260483,
        0.009868994541466235,
        0.008663644688203931,
        0.006136032457773884,
        0.005205300908225278,
        0.008993791330916186,
        0.0051167159341275695,
        0.006860212230822072,
        0.006340780877508223,
        0.005850634789870431,
        0.005894140262777607,
        0.004223585124903669,
        0.004118213825859129,
        0.0024830587635127207,
        0.0032863439390591036,
        0.003052561035534988,
        0.003193553356686607,
        0.004474960504254947,
        0.0037579176559423407,
        0.003990163420288202,
        0.0033277992663594586,
        0.002831977743577833,
        0.003237104986328632,
        0.002553978267436226,
        0.0021861622119710472,
        0.0022918505574731777,
        0.001629281024603794,
        0.002286807677592151,
        0.0013214416394475847,
        0.0013384098487828548,
        0.0019135750888381153,
        0.0015476541710086166,
        0.0017239185729219268,
        0.001695030132153382,
        0.0014411898417165502,
        0.0014137003861833363,
        0.001024298625998199,
        0.0018622882091828311,
        0.0016023757105964856,
        0.0032499613599308455,
        0.003378030434638883,
        0.0011967218335485086,
        0.0017191512471375367,
        0.0013389163408040379,
        0.0010165061949616453,
        0.0012940265044259528,
        0.0007059495440140987,
        0.0016373154532629997,
        0.0009728886148271461,
        0.0006369878836267162,
        0.0009872285639479135,
        0.0008448983935522847,
        0.000784954875416588,
        0.0007497426054518049,
        0.0007676756259267374,
        0.0006758216656938506,
        0.0008257164484045158,
        0.0006315425814439853,
        0.0006388689827872441,
        0.0004677529829981116,
        0.0006673972015657152,
        0.0008743794741652285,
        0.0005441214658276295,
        0.0005221768393918561,
        0.000661765089413772,
        0.0006918039309918337,
        0.0014182659433572553,
        0.0009101922871195712,
        0.0007237045657044898,
        0.0005397079995115443,
        0.0005162057112708377,
        0.0004226819025158572,
        0.000700830440352244,
        0.0008464700513286516,
        0.0003666593244512721,
        0.0006114056178679069,
        0.00034869796472776217,
        0.00040866173054989,
        0.0002969405424664728,
        0.00043514140003632443,
        0.0005011552042560652
    ],