{
    "test_accuracy": 0.25,
    "test_f1": 0.1,
    "train_accuracy_history": [
        0.2791666666666667,
        0.2375,
        0.23333333333333334,
        0.23333333333333334,
        0.22916666666666666,
        0.2833333333333333,
        0.24583333333333332,
        0.30416666666666664,
        0.2708333333333333,
        0.2791666666666667,
        0.3541666666666667,
        0.3333333333333333,
        0.2625,
        0.26666666666666666,
        0.2708333333333333,
        0.24583333333333332,
        0.25,
        0.25,
        0.25,
        0.25,
        0.25,
        0.25,
        0.2,
        0.25,
        0.25,
        0.25,
        0.25,
        0.25,
        0.25,
        0.25,
        0.20416666666666666,
        0.2125,
        0.25833333333333336,
        0.25,
        0.225,
        0.25,
        0.25,
        0.1875,
        0.22916666666666666,
        0.2375,
        0.17916666666666667,
        0.15,
        0.22916666666666666,
        0.21666666666666667,
        0.19583333333333333,
        0.2125,
        0.175,
        0.225,
        0.24583333333333332,
        0.2125,
        0.19583333333333333,
        0.21666666666666667,
        0.23333333333333334,
        0.25,
        0.19583333333333333,
        0.2125,
        0.22916666666666666,
        0.20833333333333334,
        0.19583333333333333,
        0.22083333333333333,
        0.25,
        0.2125,
        0.24583333333333332,
        0.23333333333333334,
        0.20416666666666666,
        0.2,
        0.24583333333333332,
        0.23333333333333334,
        0.19166666666666668,
        0.24166666666666667,
        0.25,
        0.25,
        0.225,
        0.24166666666666667,
        0.24166666666666667,
        0.18333333333333332,
        0.2,
        0.1625,
        0.225,
        0.21666666666666667,
        0.25,
        0.25,
        0.21666666666666667,
        0.24583333333333332,
        0.2,
        0.20833333333333334,
        0.25,
        0.23333333333333334,
        0.21666666666666667,
        0.22083333333333333,
        0.20833333333333334,
        0.21666666666666667,
        0.24583333333333332,
        0.17916666666666667,
        0.24166666666666667,
        0.21666666666666667,
        0.22083333333333333,
        0.19166666666666668,
        0.1875,
        0.20416666666666666
    ],
    "val_accuracy_history": [
        0.2375,
        0.25,
        0.25,
        0.25,
        0.25,
        0.2125,
        0.225,
        0.275,
        0.25,
        0.225,
        0.25,
        0.25,
        0.25,
        0.25,
        0.25,
        0.25,
        0.25,
        0.25,
        0.25,
        0.25,
        0.25,
        0.25,
        0.25,
        0.25,
        0.25,
        0.25,
        0.25,
        0.25,
        0.25,
        0.25,
        0.25,
        0.25,
        0.25,
        0.25,
        0.25,
        0.25,
        0.25,
        0.25,
        0.25,
        0.25,
        0.25,
        0.25,
        0.25,
        0.25,
        0.25,
        0.25,
        0.25,
        0.25,
        0.25,
        0.25,
        0.25,
        0.25,
        0.25,
        0.25,
        0.25,
        0.25,
        0.25,
        0.25,
        0.25,
        0.25,
        0.25,
        0.25,
        0.25,
        0.25,
        0.25,
        0.25,
        0.25,
        0.25,
        0.25,
        0.25,
        0.25,
        0.25,
        0.25,
        0.25,
        0.25,
        0.25,
        0.25,
        0.25,
        0.25,
        0.25,
        0.25,
        0.25,
        0.25,
        0.25,
        0.25,
        0.25,
        0.25,
        0.25,
        0.25,
        0.25,
        0.25,
        0.25,
        0.25,
        0.25,
        0.25,
        0.25,
        0.25,
        0.25,
        0.25,
        0.25
    ],
    "train_loss_history": [
        22.738911028703054,
        0.4614506448308627,
        0.419069242477417,
        0.39283572683731716,
        0.37371691862742107,
        0.367598041643699,
        0.362749249736468,
        0.35019187033176424,
        0.34829095999399823,
        0.34563874651988347,
        0.4465480123956998,
        0.3866514394680659,
        0.3558398092786471,
        0.35534062087535856,
        0.3475070243080457,
        0.35098922699689866,
        0.3469431683421135,
        0.3468469316760699,
        0.3467752029498418,
        0.34676992694536846,
        0.34675436168909074,
        0.3467470367749532,
        0.346886116762956,
        0.34670947641134264,
        0.3467603156963984,
        0.34673366248607634,
        0.34674219489097596,
        0.34666507442792255,
        0.34671523521343867,
        0.34668543140093483,
        0.34679007281859714,
        0.3467133313417435,
        0.34668068438768385,
        0.3466880078117053,
        0.3467491388320923,
        0.34672627796729405,
        0.346718900402387,
        0.34670459280411403,
        0.34666532973448433,
        0.34671470820903777,
        0.3467078482111295,
        0.3467354411880175,
        0.34666974395513533,
        0.34666764388481774,
        0.34673300981521604,
        0.3467790961265564,
        0.3466726447145144,
        0.34674100776513417,
        0.3467472195625305,
        0.3467348486185074,
        0.3467532734076182,
        0.3467220351099968,
        0.3467212478319804,
        0.3466817950208982,
        0.3467415894071261,
        0.34671646108229953,
        0.3467221975326538,
        0.3467295358578364,
        0.34666958848635354,
        0.3467533399661382,
        0.3466990391413371,
        0.3466883550087611,
        0.34667255679766334,
        0.3466819852590561,
        0.34673594584067663,
        0.3467001939813296,
        0.3467245951294899,
        0.34667052179574964,
        0.34673248678445817,
        0.34667913715044657,
        0.34668629864851636,
        0.34663698375225066,
        0.34666425784428917,
        0.346738504866759,
        0.3466421330968539,
        0.34671617796023685,
        0.34676500111818315,
        0.34671780665715535,
        0.34671836694081626,
        0.346683328350385,
        0.34668419063091277,
        0.34668375700712206,
        0.34676557729641594,
        0.346660922964414,
        0.34672831843296686,
        0.34669802486896517,
        0.34664026101430256,
        0.3467095201214155,
        0.3466668571035067,
        0.3466161941488584,
        0.346742711464564,
        0.3467056935032209,
        0.3468164066473643,
        0.34670277883609135,
        0.34666832635800043,
        0.3467192014058431,
        0.3466863046089808,
        0.3466885656118393,
        0.34667390833298367,
        0.34666244089603426
    ],