{
    "test_accuracy": 0.55,
    "test_f1": 0.5066454013822435,
    "train_accuracy_history": [
        0.35,
        0.44166666666666665,
        0.5375,
        0.5791666666666667,
        0.6208333333333333,
        0.65,
        0.675,
        0.6833333333333333,
        0.7583333333333333,
        0.7625,
        0.7875,
        0.8333333333333334,
        0.8958333333333334,
        0.8708333333333333,
        0.875,
        0.9291666666666667,
        0.9583333333333334,
        0.9125,
        0.9375,
        0.95,
        0.95,
        0.9333333333333333,
        0.9708333333333333,
        0.9916666666666667,
        0.9333333333333333,
        0.9666666666666667,
        0.9291666666666667,
        0.95,
        0.9625,
        0.975,
        0.9791666666666666,
        0.9916666666666667,
        0.9708333333333333,
        0.9625,
        0.9875,
        0.9875,
        0.9916666666666667,
        0.9833333333333333,
        0.9625,
        0.9583333333333334,
        0.9833333333333333,
        1.0,
        0.9916666666666667,
        1.0,
        1.0,
        1.0,
        1.0,
        0.9833333333333333,
        0.9666666666666667,
        0.9625,
        0.9666666666666667,
        0.925,
        0.925,
        0.9791666666666666,
        0.9958333333333333,
        0.9958333333333333,
        0.9958333333333333,
        0.9916666666666667,
        1.0,
        0.9958333333333333,
        1.0,
        0.9958333333333333,
        0.9875,
        0.975,
        0.9916666666666667,
        1.0,
        0.9958333333333333,
        1.0,
        1.0,
        1.0,
        1.0,
        1.0,
        1.0,
        1.0,
        1.0,
        1.0,
        1.0,
        0.9958333333333333,
        0.9583333333333334,
        0.9458333333333333,
        0.85,
        0.9166666666666666,
        0.9708333333333333,
        0.9625,
        0.9791666666666666,
        0.9916666666666667,
        0.9916666666666667,
        0.9958333333333333,
        0.9791666666666666,
        0.9833333333333333,
        0.9875,
        1.0,
        0.9958333333333333,
        1.0,
        0.9916666666666667,
        1.0,
        1.0,
        1.0,
        0.9958333333333333,
        1.0
    ],
    "val_accuracy_history": [
        0.25,
        0.2375,
        0.3,
        0.25,
        0.2875,
        0.3375,
        0.3875,
        0.35,
        0.25,
        0.25,
        0.3625,
        0.3,
        0.5125,
        0.25,
        0.325,
        0.525,
        0.2875,
        0.4,
        0.525,
        0.3625,
        0.2875,
        0.475,
        0.5375,
        0.4375,
        0.325,
        0.4125,
        0.5625,
        0.425,
        0.4875,
        0.45,
        0.4,
        0.4625,
        0.375,
        0.5125,
        0.55,
        0.5125,
        0.5375,
        0.325,
        0.525,
        0.3,
        0.4375,
        0.5375,
        0.55,
        0.5125,
        0.575,
        0.6125,
        0.5375,
        0.4875,
        0.35,
        0.525,
        0.475,
        0.5875,
        0.35,
        0.525,
        0.5375,
        0.525,
        0.525,
        0.55,
        0.5,
        0.5625,
        0.525,
        0.425,
        0.5375,
        0.4625,
        0.6,
        0.5625,
        0.5875,
        0.625,
        0.625,
        0.6375,
        0.65,
        0.6,
        0.6375,
        0.625,
        0.6125,
        0.6,
        0.625,
        0.5,
        0.425,
        0.55,
        0.5125,
        0.4625,
        0.5625,
        0.55,
        0.575,
        0.5875,
        0.525,
        0.5125,
        0.5625,
        0.475,
        0.5875,
        0.6375,
        0.575,
        0.625,
        0.5625,
        0.6,
        0.6,
        0.575,
        0.5625,
        0.6
    ],
    "train_loss_history": [
        0.35282899538675944,
        0.31398501272002854,
        0.27386429347097874,
        0.25199533676107727,
        0.22085804231464862,
        0.21464643304546674,
        0.19253968509534994,
        0.17883417618771394,
        0.1446394241725405,
        0.16120294254894058,
        0.14370267942237358,
        0.12047440620760123,
        0.08053284066263586,
        0.07808464290574194,
        0.07869065974373371,
        0.05608123075993111,
        0.04642401182403167,
        0.06480605458685508,
        0.043442335647220415,
        0.030781416289391926,
        0.03956745015651298,
        0.049131108915510896,
        0.02443776599393459,
        0.013686594073078595,
        0.046929063736267075,
        0.03458963463053806,
        0.041885104187046336,
        0.02744231132916563,
        0.027914216755501306,
        0.015068710651515478,
        0.01936899705663867,
        0.01224771597092816,
        0.025197750354830836,
        0.025819524172402453,
        0.013077923013527955,
        0.008431648959412997,
        0.008423598412142989,
        0.009791936922071424,
        0.035021009733585136,
        0.03867227988127221,
        0.012998803219306864,
        0.004121928718753528,
        0.01252849956817954,
        0.003105886914666674,
        0.004037757872796041,
        0.0014238841936882332,
        0.001002504219710924,
        0.010692602342866545,
        0.01968577674979315,
        0.02054275557784422,
        0.027445853211611394,
        0.06871679367820131,
        0.044000681222920925,
        0.02948620930959199,
        0.008259676867298064,
        0.009627518316362209,
        0.006087845119085008,
        0.004865220290366778,
        0.0014477235861098355,
        0.0032815190272534283,
        0.002104219371297707,
        0.0017842473813895292,
        0.016502539141993112,
        0.01996096198987895,
        0.006914082119692466,
        0.001743448384331714,
        0.0021451183640389597,
        0.0014855018026006899,
        0.0012261846158404903,
        0.0004871643794103875,
        0.0002161274246229065,
        0.0007425718881374148,
        0.0005129648919629896,
        0.000574348961049509,
        0.0016515608049454992,
        0.0004219930769674344,
        0.0010668409054138313,
        0.002682086456907958,
        0.03957938934988003,
        0.048828250598247296,
        0.13007034939576745,
        0.06846970280991324,
        0.016881467432358476,
        0.02472071731235701,
        0.015950111393127978,
        0.0062635795150526976,
        0.012509659803739245,
        0.004178397711802973,
        0.017204920488741966,
        0.01281706166754096,
        0.008256764592260879,
        0.0012455286749324538,
        0.0021084537370370526,
        0.0008778061083906626,
        0.002091834461907638,
        0.0006475245717259289,
        0.00039440323930648444,
        0.0008984268210876204,
        0.001414865369307942,
        0.0004926677748395984
    ],