{
    "test_accuracy": 0.4,
    "test_f1": 0.3125,
    "train_accuracy_history": [
        0.4166666666666667,
        0.7166666666666667,
        0.8333333333333334,
        0.95,
        0.9666666666666667,
        0.9833333333333333,
        1.0,
        0.9833333333333333,
        0.9833333333333333,
        1.0,
        1.0,
        1.0,
        1.0,
        1.0,
        0.9833333333333333,
        0.9666666666666667,
        1.0,
        1.0,
        1.0,
        1.0,
        1.0,
        1.0,
        1.0,
        1.0,
        0.9833333333333333,
        0.9833333333333333,
        1.0,
        1.0,
        0.9833333333333333,
        1.0,
        1.0,
        1.0,
        1.0,
        1.0,
        1.0,
        1.0,
        1.0,
        1.0,
        1.0,
        1.0,
        1.0,
        1.0,
        1.0,
        1.0,
        1.0,
        1.0,
        1.0,
        1.0,
        1.0,
        1.0,
        1.0,
        1.0,
        1.0,
        1.0,
        1.0,
        1.0,
        1.0,
        1.0,
        1.0,
        1.0,
        1.0,
        1.0,
        1.0,
        1.0,
        1.0,
        1.0,
        1.0,
        1.0,
        1.0,
        1.0,
        1.0,
        1.0,
        1.0,
        1.0,
        1.0,
        1.0,
        1.0,
        1.0,
        1.0,
        1.0,
        1.0,
        1.0,
        1.0,
        1.0,
        1.0,
        1.0,
        1.0,
        1.0,
        1.0,
        1.0,
        1.0,
        1.0,
        1.0,
        1.0,
        1.0,
        1.0,
        1.0,
        1.0,
        1.0,
        1.0
    ],
    "val_accuracy_history": [
        0.25,
        0.25,
        0.4,
        0.4,
        0.25,
        0.3,
        0.3,
        0.45,
        0.25,
        0.4,
        0.35,
        0.4,
        0.3,
        0.4,
        0.25,
        0.25,
        0.35,
        0.4,
        0.45,
        0.6,
        0.6,
        0.6,
        0.55,
        0.6,
        0.25,
        0.25,
        0.3,
        0.5,
        0.25,
        0.25,
        0.4,
        0.35,
        0.45,
        0.55,
        0.6,
        0.5,
        0.5,
        0.55,
        0.5,
        0.5,
        0.55,
        0.55,
        0.55,
        0.55,
        0.55,
        0.55,
        0.55,
        0.55,
        0.55,
        0.65,
        0.35,
        0.6,
        0.6,
        0.55,
        0.6,
        0.55,
        0.5,
        0.55,
        0.55,
        0.55,
        0.55,
        0.55,
        0.55,
        0.55,
        0.55,
        0.55,
        0.55,
        0.5,
        0.6,
        0.55,
        0.55,
        0.55,
        0.55,
        0.55,
        0.6,
        0.6,
        0.55,
        0.55,
        0.55,
        0.55,
        0.55,
        0.55,
        0.55,
        0.55,
        0.55,
        0.5,
        0.55,
        0.5,
        0.5,
        0.55,
        0.55,
        0.55,
        0.55,
        0.55,
        0.5,
        0.6,
        0.5,
        0.5,
        0.5,
        0.5
    ],
    "train_loss_history": [
        0.3503185033798218,
        0.16219658702611922,
        0.11508958712220192,
        0.058574013660351434,
        0.037449249004324274,
        0.0357204535510391,
        0.013964006653986871,
        0.017873924194524684,
        0.010659483269167443,
        0.0056520738522522155,
        0.005459578265435994,
        0.003577209669553364,
        0.005856509776397918,
        0.0027694201067788526,
        0.011385348249071588,
        0.020094957480129474,
        0.009365878537452469,
        0.0031637046641359726,
        0.0012294638358677427,
        0.0011856207303935662,
        0.000575051186994339,
        0.0006945906148757786,
        0.0003738645461756581,
        0.00026920033269561827,
        0.010323888507749264,
        0.009445264419385542,
        0.008096680419597154,
        0.002366144264427324,
        0.005641942247166298,
        0.0018390511342052682,
        0.0015311253858574976,
        0.0038701947773612726,
        0.0012847387110620427,
        0.0004515344534108105,
        0.0002787203266052529,
        0.00028620488058853273,
        0.0002852415134839248,
        0.00046278757120793066,
        0.00033607716504775454,
        0.00017482397282340875,
        0.00025731603661067006,
        9.98087663598805e-05,
        8.596749964150756e-05,
        0.00022893215500516818,
        8.520580346763988e-05,
        9.114078159958202e-05,
        7.664175500394776e-05,
        6.0039138164332445e-05,
        9.978828093153425e-05,
        0.0003533941217331934,
        0.00010372682736488059,
        6.357788151944987e-05,
        6.628457388918226e-05,
        8.390853666545202e-05,
        0.0001344511335143276,
        4.8582784620521126e-05,
        6.009208270067271e-05,
        4.5879461989291785e-05,
        5.992362439428689e-05,
        3.3356435293778e-05,
        6.208721330646464e-05,
        5.232083940427401e-05,
        5.764438695526527e-05,
        4.9728661209276956e-05,
        4.01580214202113e-05,
        4.238593004023035e-05,
        4.012123148034637e-05,
        3.396107743659134e-05,
        2.60191368094335e-05,
        3.997619526974934e-05,
        5.718835748969771e-05,
        5.530591752176406e-05,
        6.464768218089982e-05,
        4.811881106737322e-05,
        4.279920197708028e-05,
        3.953534812050445e-05,
        8.094738647438741e-05,
        9.948610556117879e-05,
        2.321012543688994e-05,
        3.0825907826207793e-05,
        2.5415160386425366e-05,
        1.7296243944050122e-05,
        3.417102846772953e-05,
        3.1575767146326446e-05,
        4.268648984483055e-05,
        3.242996654080343e-05,
        1.8462114864329728e-05,
        2.6038583625146807e-05,
        1.857711267803097e-05,
        2.015336064384125e-05,
        2.72227300532298e-05,
        2.0272570903519712e-05,
        3.1698747231227266e-05,
        2.2884374266141096e-05,
        2.7947688234538267e-05,
        7.343502914712493e-05,
        2.1271591564679207e-05,
        1.6092317582661054e-05,
        1.881921590817607e-05,
        1.8013871855752465e-05
    ],