{
    "test_accuracy": 0.4666666666666667,
    "test_f1": 0.43681917211328974,
    "train_accuracy_history": [
        0.5777777777777777,
        0.8,
        0.8222222222222222,
        0.9777777777777777,
        0.9777777777777777,
        1.0,
        1.0,
        1.0,
        1.0,
        1.0,
        1.0,
        1.0,
        1.0,
        1.0,
        1.0,
        1.0,
        1.0,
        1.0,
        1.0,
        1.0,
        1.0,
        1.0,
        1.0,
        1.0,
        1.0,
        1.0,
        1.0,
        1.0,
        1.0,
        1.0,
        1.0,
        1.0,
        1.0,
        1.0,
        1.0,
        1.0,
        1.0,
        1.0,
        1.0,
        1.0,
        1.0,
        1.0,
        1.0,
        1.0,
        1.0,
        1.0,
        1.0,
        1.0,
        1.0,
        1.0,
        1.0,
        1.0,
        1.0,
        1.0,
        1.0,
        1.0,
        1.0,
        1.0,
        1.0,
        1.0,
        1.0,
        1.0,
        1.0,
        1.0,
        1.0,
        1.0,
        1.0,
        1.0,
        1.0,
        1.0,
        1.0,
        1.0,
        1.0,
        1.0,
        1.0,
        1.0,
        1.0,
        1.0,
        1.0,
        1.0,
        1.0,
        1.0,
        1.0,
        1.0,
        1.0,
        1.0,
        1.0,
        1.0,
        1.0,
        1.0,
        1.0,
        1.0,
        1.0,
        1.0,
        1.0,
        1.0,
        1.0,
        1.0,
        1.0,
        1.0
    ],
    "val_accuracy_history": [
        0.4,
        0.3333333333333333,
        0.4,
        0.4,
        0.3333333333333333,
        0.4666666666666667,
        0.4666666666666667,
        0.4666666666666667,
        0.4,
        0.4,
        0.4,
        0.4,
        0.6666666666666666,
        0.6666666666666666,
        0.7333333333333333,
        0.7333333333333333,
        0.6666666666666666,
        0.6666666666666666,
        0.6666666666666666,
        0.6666666666666666,
        0.5333333333333333,
        0.5333333333333333,
        0.6666666666666666,
        0.5333333333333333,
        0.6666666666666666,
        0.6,
        0.4666666666666667,
        0.6,
        0.6,
        0.5333333333333333,
        0.5333333333333333,
        0.6,
        0.6,
        0.6666666666666666,
        0.5333333333333333,
        0.5333333333333333,
        0.5333333333333333,
        0.6,
        0.5333333333333333,
        0.6,
        0.6,
        0.6666666666666666,
        0.6,
        0.5333333333333333,
        0.6,
        0.5333333333333333,
        0.5333333333333333,
        0.6,
        0.5333333333333333,
        0.5333333333333333,
        0.6,
        0.7333333333333333,
        0.6,
        0.6,
        0.6,
        0.4666666666666667,
        0.5333333333333333,
        0.4666666666666667,
        0.6,
        0.5333333333333333,
        0.5333333333333333,
        0.5333333333333333,
        0.5333333333333333,
        0.5333333333333333,
        0.5333333333333333,
        0.5333333333333333,
        0.6,
        0.6,
        0.5333333333333333,
        0.5333333333333333,
        0.5333333333333333,
        0.4666666666666667,
        0.5333333333333333,
        0.6,
        0.5333333333333333,
        0.5333333333333333,
        0.6666666666666666,
        0.6,
        0.4666666666666667,
        0.5333333333333333,
        0.6,
        0.6,
        0.5333333333333333,
        0.6,
        0.5333333333333333,
        0.6,
        0.6,
        0.5333333333333333,
        0.6,
        0.5333333333333333,
        0.4666666666666667,
        0.6,
        0.6,
        0.5333333333333333,
        0.6,
        0.6,
        0.5333333333333333,
        0.4666666666666667,
        0.6,
        0.4666666666666667
    ],
    "train_loss_history": [
        0.24231081141365898,
        0.12806153520941735,
        0.08025089633010793,
        0.045202801144882364,
        0.03648483327188943,
        0.01909514953214158,
        0.017780236527323724,
        0.014832580503490235,
        0.014418379020773702,
        0.010558313907434542,
        0.005732109863311052,
        0.0045302822875479855,
        0.0036653861299984986,
        0.003066573292016983,
        0.0029971767553231784,
        0.0033482864188651242,
        0.0021194870221532052,
        0.001851417331231965,
        0.0014000868088462287,
        0.0014811571040708159,
        0.0013971101993067551,
        0.0011517678620293736,
        0.0008618081609406482,
        0.0009438313687294592,
        0.0007564162482999058,
        0.000789138425735953,
        0.0006080069365755965,
        0.0006589679178634672,
        0.0004687210131022665,
        0.0007155533915566694,
        0.0003814540619916645,
        0.0006077098821858979,
        0.0005416916230589979,
        0.0005243529824333059,
        0.0005123894857307379,
        0.0003227562456029571,
        0.00033126261421582764,
        0.0003126316613310741,
        0.00033101234132320515,
        0.0008351067423872236,
        0.00035211424563167765,
        0.0003194030151159192,
        0.000369469310519182,
        0.0003142706747490188,
        0.0003077277823144363,
        0.00029203762921194235,
        0.00024545225573496685,
        0.0003312895472239082,
        0.0002678693855866893,
        0.0001853852982296505,
        0.00019446513038019476,
        0.00015078203638646908,
        0.00014296212983835074,
        0.00015601406533581516,
        0.00017986028785041224,
        0.0002631322162920292,
        0.0002164649686569141,
        0.00020755662537542068,
        0.0001702088148805261,
        0.00014995255704788077,
        0.00014710980928308952,
        0.00010229836302136796,
        0.00011444344604064504,
        0.00012825833958534833,
        0.00010238539721790908,
        9.233005201975983e-05,
        0.00011096473948176329,
        0.00013513062432240176,
        8.361062888676922e-05,
        0.00011002254323102533,
        0.0001300576467151081,
        0.00013187865358001242,
        6.614659489261814e-05,
        8.704880286434976e-05,
        8.862761589827844e-05,
        0.00011151035222509463,
        0.00010013909860491468,
        7.728433168570821e-05,
        0.0001361371205550515,
        9.682109068510019e-05,
        0.0001269777138885628,
        0.0001291327288426045,
        0.00010866359435668629,
        0.00010312948239364536,
        7.409002632306915e-05,
        9.659081293244122e-05,
        6.95137011158901e-05,
        6.336254058017707e-05,
        7.940957546881893e-05,
        7.567810842172347e-05,
        6.871078011398721e-05,
        5.7460524031840675e-05,
        7.513957158759392e-05,
        7.084530677982709e-05,
        8.344843449271543e-05,
        7.042545120283547e-05,
        8.633796767551556e-05,
        0.00010065031973580416,
        8.27918377202271e-05,
        6.422858457679265e-05
    ],