{
    "test_accuracy": 0.7,
    "test_f1": 0.696969696969697,
    "train_accuracy_history": [
        0.6,
        0.7,
        0.7333333333333333,
        0.8666666666666667,
        0.9333333333333333,
        0.9333333333333333,
        1.0,
        0.9,
        0.9666666666666667,
        1.0,
        0.9666666666666667,
        1.0,
        1.0,
        1.0,
        1.0,
        1.0,
        1.0,
        1.0,
        1.0,
        1.0,
        1.0,
        1.0,
        1.0,
        1.0,
        1.0,
        1.0,
        1.0,
        1.0,
        1.0,
        1.0,
        1.0,
        1.0,
        1.0,
        1.0,
        1.0,
        1.0,
        1.0,
        1.0,
        1.0,
        1.0,
        1.0,
        1.0,
        1.0,
        1.0,
        1.0,
        1.0,
        1.0,
        1.0,
        1.0,
        1.0,
        1.0,
        1.0,
        1.0,
        1.0,
        1.0,
        1.0,
        1.0,
        1.0,
        1.0,
        1.0,
        1.0,
        1.0,
        1.0,
        1.0,
        1.0,
        1.0,
        1.0,
        1.0,
        1.0,
        1.0,
        1.0,
        1.0,
        1.0,
        1.0,
        1.0,
        1.0,
        1.0,
        1.0,
        1.0,
        1.0,
        1.0,
        1.0,
        1.0,
        1.0,
        1.0,
        1.0,
        1.0,
        1.0,
        1.0,
        1.0,
        1.0,
        1.0,
        1.0,
        1.0,
        1.0,
        1.0,
        1.0,
        1.0,
        1.0,
        1.0
    ],
    "val_accuracy_history": [
        0.4,
        0.4,
        0.4,
        0.4,
        0.4,
        0.2,
        0.4,
        0.4,
        0.4,
        0.4,
        0.3,
        0.4,
        0.4,
        0.4,
        0.6,
        0.5,
        0.6,
        0.6,
        0.6,
        0.6,
        0.6,
        0.6,
        0.6,
        0.6,
        0.4,
        0.2,
        0.4,
        0.4,
        0.4,
        0.4,
        0.4,
        0.6,
        0.6,
        0.4,
        0.4,
        0.4,
        0.3,
        0.6,
        0.6,
        0.6,
        0.6,
        0.6,
        0.3,
        0.4,
        0.4,
        0.7,
        0.6,
        0.6,
        0.6,
        0.6,
        0.6,
        0.6,
        0.6,
        0.6,
        0.6,
        0.6,
        0.3,
        0.5,
        0.6,
        0.6,
        0.6,
        0.6,
        0.6,
        0.6,
        0.6,
        0.6,
        0.6,
        0.5,
        0.5,
        0.7,
        0.6,
        0.6,
        0.6,
        0.6,
        0.6,
        0.6,
        0.6,
        0.6,
        0.8,
        0.5,
        0.6,
        0.6,
        0.6,
        0.5,
        0.6,
        0.4,
        0.4,
        0.6,
        0.6,
        0.4,
        0.4,
        0.4,
        0.4,
        0.4,
        0.6,
        0.5,
        0.6,
        0.5,
        0.4,
        0.3
    ],
    "train_loss_history": [
        0.1955764849980672,
        0.12739976346492768,
        0.11362754702568054,
        0.07766360466678937,
        0.05416750175257524,
        0.06785037790735562,
        0.03981889983018239,
        0.05169427382449309,
        0.029479033872485162,
        0.02024748461941878,
        0.028819279310603938,
        0.019872441018621127,
        0.015362973759571711,
        0.01744077398131291,
        0.03154701019326846,
        0.014494009812672933,
        0.00903628853460153,
        0.011801424405227105,
        0.008053150400519371,
        0.004768024726460377,
        0.0053809790251155695,
        0.004383866861462593,
        0.003756806875268618,
        0.006586768951577445,
        0.010330616628440719,
        0.004348362485567729,
        0.0037012726068496706,
        0.0024236894057442743,
        0.0035466353874653578,
        0.00218490914752086,
        0.0018411277482906978,
        0.0014725529045487443,
        0.0018786362061897913,
        0.0030333696321273845,
        0.002217802180287739,
        0.0010254683205857874,
        0.001301392373473694,
        0.0013179739161084095,
        0.0009788528899662198,
        0.0016483622835949062,
        0.0007681285690826675,
        0.0008509635808877647,
        0.0012165820497709015,
        0.0006524965749122203,
        0.0012569708400405944,
        0.0013539200318822017,
        0.0008250554325059056,
        0.0007891233389576276,
        0.001172816603987788,
        0.000609815576657032,
        0.0006664421603394051,
        0.0010563464020378888,
        0.0007029162118366609,
        0.0005164277002525827,
        0.00045409222754339376,
        0.0003116268703403572,
        0.0006482806658217062,
        0.0003502926837730532,
        0.00025711989922759434,
        0.0004229831489889572,
        0.00037452901694147537,
        0.00023890965288349739,
        0.0005427781424562757,
        0.00028992595713740835,
        0.0002985795756103471,
        0.00018989395272607604,
        0.0003230086663582673,
        0.0003705610744267081,
        0.00077488778042607,
        0.0002859116449447659,
        0.0005591430029501984,
        0.00019402439744832615,
        0.00041319155522311725,
        0.00020570607448462398,
        0.0002554128150222823,
        0.00014776052654876063,
        0.00023746564596270522,
        0.00013456208544084802,
        0.00017533215577714145,
        0.00018077367518950875,
        0.00013832375455725317,
        0.00013055918486012767,
        0.00020122629357501864,
        0.00018947591015603394,
        9.983238463367646e-05,
        0.00011495231350030129,
        0.00018524049470822017,
        0.00019032021082239227,
        0.00022673342561271663,
        0.00014991982946715627,
        0.00012241031896943847,
        0.00011620247629859174,
        9.597151814280855e-05,
        0.00010583985616297771,
        0.00011582441996627798,
        0.00024715599647606723,
        0.00013219496177043765,
        0.00014801406941842288,
        0.00020929633101332,
        0.0002662899142402845
    ],