{
    "test_accuracy": 0.25,
    "test_f1": 0.1,
    "train_accuracy_history": [
        0.25416666666666665,
        0.24166666666666667,
        0.2125,
        0.21666666666666667,
        0.25,
        0.20416666666666666,
        0.2,
        0.25,
        0.225,
        0.22916666666666666,
        0.225,
        0.23333333333333334,
        0.21666666666666667,
        0.20833333333333334,
        0.25416666666666665,
        0.19583333333333333,
        0.25,
        0.25,
        0.225,
        0.25,
        0.225,
        0.22083333333333333,
        0.25,
        0.18333333333333332,
        0.1875,
        0.25,
        0.20416666666666666,
        0.225,
        0.20416666666666666,
        0.2375,
        0.2,
        0.20833333333333334,
        0.19583333333333333,
        0.23333333333333334,
        0.22083333333333333,
        0.2,
        0.22916666666666666,
        0.1875,
        0.25416666666666665,
        0.24583333333333332,
        0.22083333333333333,
        0.21666666666666667,
        0.23333333333333334,
        0.2125,
        0.21666666666666667,
        0.24166666666666667,
        0.23333333333333334,
        0.24166666666666667,
        0.22083333333333333,
        0.20416666666666666,
        0.24166666666666667,
        0.19583333333333333,
        0.21666666666666667,
        0.21666666666666667,
        0.225,
        0.24583333333333332,
        0.23333333333333334,
        0.24583333333333332,
        0.21666666666666667,
        0.1875,
        0.20833333333333334,
        0.2375,
        0.20833333333333334,
        0.24583333333333332,
        0.21666666666666667,
        0.1875,
        0.20833333333333334,
        0.25833333333333336,
        0.22916666666666666,
        0.2125,
        0.24166666666666667,
        0.25,
        0.2375,
        0.2375,
        0.25,
        0.20416666666666666,
        0.23333333333333334,
        0.25,
        0.2791666666666667,
        0.22083333333333333,
        0.20833333333333334,
        0.17916666666666667,
        0.21666666666666667,
        0.24583333333333332,
        0.225,
        0.2,
        0.22083333333333333,
        0.2125,
        0.19166666666666668,
        0.18333333333333332,
        0.21666666666666667,
        0.25,
        0.17916666666666667,
        0.21666666666666667,
        0.21666666666666667,
        0.2,
        0.19583333333333333,
        0.2125,
        0.21666666666666667,
        0.25416666666666665
    ],
    "val_accuracy_history": [
        0.225,
        0.25,
        0.25,
        0.25,
        0.25,
        0.25,
        0.25,
        0.25,
        0.25,
        0.25,
        0.25,
        0.25,
        0.25,
        0.25,
        0.25,
        0.25,
        0.25,
        0.25,
        0.25,
        0.25,
        0.25,
        0.25,
        0.25,
        0.25,
        0.25,
        0.25,
        0.25,
        0.25,
        0.25,
        0.25,
        0.25,
        0.25,
        0.25,
        0.25,
        0.25,
        0.25,
        0.25,
        0.25,
        0.25,
        0.25,
        0.25,
        0.25,
        0.25,
        0.25,
        0.25,
        0.25,
        0.25,
        0.25,
        0.25,
        0.25,
        0.25,
        0.25,
        0.25,
        0.25,
        0.25,
        0.25,
        0.25,
        0.25,
        0.25,
        0.25,
        0.25,
        0.25,
        0.25,
        0.25,
        0.25,
        0.25,
        0.25,
        0.25,
        0.25,
        0.25,
        0.25,
        0.25,
        0.25,
        0.25,
        0.25,
        0.25,
        0.25,
        0.25,
        0.25,
        0.25,
        0.25,
        0.25,
        0.25,
        0.25,
        0.25,
        0.25,
        0.25,
        0.25,
        0.25,
        0.25,
        0.25,
        0.25,
        0.25,
        0.25,
        0.25,
        0.25,
        0.25,
        0.25,
        0.25,
        0.25
    ],
    "train_loss_history": [
        0.34877159744501113,
        0.3483288581172625,
        0.34800212184588114,
        0.348122327029705,
        0.34766378651062646,
        0.3477485924959183,
        0.34723709772030514,
        0.34799311856428783,
        0.34758471995592116,
        0.34845841079950335,
        0.34777489056189853,
        0.3472989772756894,
        0.3480674996972084,
        0.3474977448582649,
        0.34805351694424946,
        0.34902815967798234,
        0.3478128045797348,
        0.34836658239364626,
        0.34762402921915053,
        0.3480539227525393,
        0.34771434317032496,
        0.3480799709757169,
        0.3484257996082306,
        0.34788832515478135,
        0.34746193190415703,
        0.3477552577853203,
        0.3475895384947459,
        0.3477144444982211,
        0.34802389790614446,
        0.3478828107317289,
        0.34776258617639544,
        0.34828880031903586,
        0.34843535870313647,
        0.3481255089243253,
        0.34742208967606225,
        0.3476348256071409,
        0.34757416099309923,
        0.34808130661646525,
        0.34850081950426104,
        0.34791735261678697,
        0.3475583518544833,
        0.34779733916123706,
        0.3490141118566195,
        0.3481070101261139,
        0.34852478951215743,
        0.34822251250346503,
        0.34767942676941554,
        0.34852072497208914,
        0.34785112192233403,
        0.3478932792941729,
        0.34779377778371173,
        0.34774971902370455,
        0.3484204719463984,
        0.3478804628054301,
        0.34770243962605796,
        0.3482812603314718,
        0.3479189639290174,
        0.3480521450440089,
        0.34820439318815866,
        0.3482466732462247,
        0.3486766497294108,
        0.347688353061676,
        0.34829116264979043,
        0.348196213444074,
        0.34882946213086446,
        0.34796128968397777,
        0.3486749952038129,
        0.34757216572761535,
        0.347900997598966,
        0.34798744569222134,
        0.34791484475135803,
        0.3474405919512113,
        0.3477033510804176,
        0.34784247279167174,
        0.34786954075098037,
        0.3483524555961291,
        0.34832521925369897,
        0.3477543895443281,
        0.34900909413894016,
        0.3486616258819898,
        0.34857640316088995,
        0.3480459580818812,
        0.34886551002661387,
        0.3477020367980003,
        0.3480001514156659,
        0.34759577761093774,
        0.3480544442931811,
        0.3475415165225665,
        0.34854762653509774,
        0.34811913073062895,
        0.34889600972334545,
        0.34756655792395275,
        0.3483916347225507,
        0.34767846365769706,
        0.3484760358929634,
        0.34791488498449324,
        0.3481881355245908,
        0.3479391967256864,
        0.34839965601762135,
        0.3487947002053261
    ],