{
    "test_accuracy": 0.35,
    "test_f1": 0.28594771241830064,
    "train_accuracy_history": [
        0.23333333333333334,
        0.5166666666666667,
        0.75,
        0.9166666666666666,
        0.9666666666666667,
        0.9833333333333333,
        0.9833333333333333,
        1.0,
        1.0,
        1.0,
        1.0,
        1.0,
        1.0,
        1.0,
        1.0,
        1.0,
        1.0,
        1.0,
        1.0,
        1.0,
        1.0,
        1.0,
        1.0,
        1.0,
        1.0,
        1.0,
        1.0,
        1.0,
        1.0,
        1.0,
        1.0,
        1.0,
        1.0,
        1.0,
        1.0,
        1.0,
        1.0,
        1.0,
        1.0,
        1.0,
        1.0,
        1.0,
        1.0,
        1.0,
        1.0,
        1.0,
        1.0,
        1.0,
        1.0,
        1.0,
        1.0,
        1.0,
        1.0,
        1.0,
        1.0,
        1.0,
        1.0,
        1.0,
        1.0,
        1.0,
        1.0,
        1.0,
        1.0,
        1.0,
        1.0,
        1.0,
        1.0,
        1.0,
        1.0,
        1.0,
        1.0,
        1.0,
        1.0,
        1.0,
        1.0,
        1.0,
        1.0,
        1.0,
        1.0,
        1.0,
        1.0,
        1.0,
        1.0,
        1.0,
        1.0,
        1.0,
        1.0,
        1.0,
        1.0,
        1.0,
        1.0,
        1.0,
        1.0,
        1.0,
        1.0,
        1.0,
        1.0,
        1.0,
        1.0,
        1.0
    ],
    "val_accuracy_history": [
        0.15,
        0.15,
        0.25,
        0.15,
        0.15,
        0.15,
        0.4,
        0.2,
        0.15,
        0.4,
        0.35,
        0.15,
        0.4,
        0.25,
        0.15,
        0.3,
        0.15,
        0.4,
        0.3,
        0.1,
        0.05,
        0.25,
        0.1,
        0.15,
        0.35,
        0.35,
        0.4,
        0.45,
        0.15,
        0.15,
        0.3,
        0.2,
        0.1,
        0.15,
        0.25,
        0.45,
        0.35,
        0.2,
        0.15,
        0.15,
        0.35,
        0.45,
        0.45,
        0.15,
        0.2,
        0.3,
        0.1,
        0.15,
        0.2,
        0.15,
        0.5,
        0.2,
        0.4,
        0.15,
        0.1,
        0.15,
        0.35,
        0.1,
        0.25,
        0.5,
        0.2,
        0.45,
        0.25,
        0.15,
        0.05,
        0.2,
        0.3,
        0.3,
        0.1,
        0.15,
        0.35,
        0.4,
        0.35,
        0.25,
        0.15,
        0.25,
        0.1,
        0.1,
        0.5,
        0.45,
        0.4,
        0.1,
        0.15,
        0.35,
        0.3,
        0.2,
        0.15,
        0.15,
        0.25,
        0.35,
        0.45,
        0.1,
        0.15,
        0.3,
        0.3,
        0.15,
        0.15,
        0.2,
        0.3,
        0.45
    ],
    "train_loss_history": [
        0.38838016589482627,
        0.2620283047358195,
        0.2019159158070882,
        0.13419686555862426,
        0.08977385982871056,
        0.0542443361133337,
        0.043706485504905385,
        0.030041621004541715,
        0.024726534510652223,
        0.01506994552910328,
        0.012567658737922708,
        0.012415486217165986,
        0.009331695161138971,
        0.00600496877450496,
        0.006177343769619862,
        0.003991860803216696,
        0.006937665616472562,
        0.004305394443993767,
        0.0035333736799657346,
        0.003492458867064367,
        0.003211152087897062,
        0.0021493570607466,
        0.002258844021707773,
        0.0030289642920251934,
        0.0017094746969329815,
        0.001377641613362357,
        0.001395959504103909,
        0.0015577023616060615,
        0.001049312522324423,
        0.0025637001478268453,
        0.0013170346016219507,
        0.0015175941594255467,
        0.001090874943959837,
        0.0010387021427353223,
        0.0008263294643256813,
        0.0008848397177644074,
        0.0010832631844095886,
        0.0006881666001087675,
        0.0010538115806411953,
        0.000768561465277647,
        0.0004967873527978857,
        0.000577343719972608,
        0.0005694055895825537,
        0.0006176990384119563,
        0.000721732467354741,
        0.000572070029253761,
        0.00045293445873539895,
        0.0005704364661748211,
        0.0006650237560582657,
        0.0004199642814152564,
        0.00044216859193208316,
        0.0003179091916535981,
        0.0002820035030405658,
        0.0003582152261515148,
        0.0004504734092430832,
        0.00033188326051458716,
        0.0002953006992659842,
        0.0004406091805625086,
        0.0003122205564674611,
        0.00030565759055510474,
        0.0003524712005552525,
        0.0002806637436151505,
        0.00031753762499041235,
        0.00029582060184717797,
        0.0004504140747788673,
        0.0002735806452013397,
        0.0002596216671615063,
        0.00030480046649851525,
        0.00031113603957540664,
        0.00017668642928280557,
        0.00019182266745095453,
        0.0002061915254065146,
        0.00019427281949901953,
        0.00015379857153069071,
        0.00024269404772591467,
        0.00016844366036821156,
        0.0002792891904391581,
        0.00022284638689598068,
        0.0002200011372527418,
        0.0001667097577107294,
        0.0002098455050145276,
        0.00023272439211723394,
        0.00019198236950614955,
        0.0001787856854207348,
        0.00023630323291096527,
        0.00015722808723997634,
        0.00013891071478913848,
        0.00013738905133019823,
        0.00013892248631843055,
        9.792785519190754e-05,
        0.0001844891091119886,
        0.00012414500840047065,
        0.00014699521755877262,
        0.00028338886234754074,
        0.00011714725981922432,
        0.00020245953686147308,
        0.0001941763999639079,
        0.00012870760256191715,
        0.00016342715643986595,
        0.00014543558051324605
    ],