{
    "test_accuracy": 0.6375,
    "test_f1": 0.648347545406369,
    "train_accuracy_history": [
        0.375,
        0.4791666666666667,
        0.5,
        0.5666666666666667,
        0.625,
        0.7083333333333334,
        0.7666666666666667,
        0.8,
        0.7458333333333333,
        0.8666666666666667,
        0.8166666666666667,
        0.8208333333333333,
        0.8875,
        0.9125,
        0.9375,
        0.9416666666666667,
        0.9375,
        0.925,
        0.9083333333333333,
        0.9708333333333333,
        0.9833333333333333,
        0.9666666666666667,
        0.9666666666666667,
        0.9625,
        0.9791666666666666,
        0.9958333333333333,
        1.0,
        0.9791666666666666,
        0.9833333333333333,
        0.9708333333333333,
        0.9708333333333333,
        0.9583333333333334,
        0.9416666666666667,
        0.95,
        0.9208333333333333,
        0.9625,
        0.9625,
        0.9791666666666666,
        0.975,
        0.9916666666666667,
        0.9916666666666667,
        0.9833333333333333,
        0.9875,
        0.9833333333333333,
        0.9791666666666666,
        0.9958333333333333,
        0.9916666666666667,
        0.9666666666666667,
        0.9875,
        0.9875,
        0.975,
        0.9666666666666667,
        1.0,
        0.9791666666666666,
        0.9916666666666667,
        0.9916666666666667,
        0.9958333333333333,
        0.9958333333333333,
        1.0,
        1.0,
        0.9916666666666667,
        0.9958333333333333,
        0.9875,
        0.9625,
        0.9666666666666667,
        0.9458333333333333,
        0.9541666666666667,
        0.975,
        0.9958333333333333,
        0.9875,
        0.9958333333333333,
        1.0,
        1.0,
        1.0,
        1.0,
        0.9958333333333333,
        0.9958333333333333,
        0.9875,
        0.9875,
        0.9791666666666666,
        0.9875,
        0.9875,
        0.9375,
        0.9416666666666667,
        0.9666666666666667,
        1.0,
        1.0,
        0.9916666666666667,
        1.0,
        1.0,
        1.0,
        1.0,
        1.0,
        1.0,
        1.0,
        1.0,
        1.0,
        1.0,
        1.0,
        1.0
    ],
    "val_accuracy_history": [
        0.2875,
        0.25,
        0.2875,
        0.25,
        0.2875,
        0.3375,
        0.25,
        0.25,
        0.4375,
        0.3125,
        0.25,
        0.2625,
        0.5625,
        0.4125,
        0.3875,
        0.45,
        0.4875,
        0.4625,
        0.4625,
        0.25,
        0.5,
        0.425,
        0.4375,
        0.5875,
        0.4625,
        0.5875,
        0.5875,
        0.4875,
        0.5375,
        0.25,
        0.25,
        0.475,
        0.475,
        0.35,
        0.4375,
        0.5375,
        0.5125,
        0.25,
        0.425,
        0.6,
        0.6,
        0.375,
        0.3375,
        0.4875,
        0.625,
        0.5625,
        0.4,
        0.4,
        0.575,
        0.4625,
        0.4,
        0.5,
        0.55,
        0.5125,
        0.6125,
        0.6,
        0.575,
        0.625,
        0.6,
        0.625,
        0.575,
        0.3875,
        0.375,
        0.3875,
        0.5625,
        0.25,
        0.4125,
        0.425,
        0.4625,
        0.5625,
        0.6625,
        0.6,
        0.625,
        0.6375,
        0.6875,
        0.6,
        0.5125,
        0.3125,
        0.2625,
        0.4,
        0.5625,
        0.375,
        0.325,
        0.375,
        0.6,
        0.6125,
        0.6,
        0.525,
        0.575,
        0.5875,
        0.6125,
        0.5875,
        0.575,
        0.625,
        0.5875,
        0.6,
        0.6,
        0.6625,
        0.625,
        0.6125
    ],
    "train_loss_history": [
        0.34755878075957297,
        0.2901583671569824,
        0.2917449196179708,
        0.24952152073383332,
        0.22226157560944557,
        0.19017373354484637,
        0.16705958303064108,
        0.15090776008243362,
        0.16761885238811375,
        0.09484088617997864,
        0.10411236814300841,
        0.11711325213933985,
        0.08003173628433918,
        0.06672023272452256,
        0.04262202389654703,
        0.04746732149117937,
        0.05306109171457744,
        0.06103030476660933,
        0.06671512495668139,
        0.024554242438656122,
        0.013907664753302622,
        0.02388105080802537,
        0.04057327313736702,
        0.02373368027037941,
        0.012171343206136952,
        0.007598132674077837,
        0.0072413673532234196,
        0.014281128902439377,
        0.013500795607736411,
        0.020301852024810312,
        0.024272235335774894,
        0.028902092917026796,
        0.03747198596950815,
        0.03810387826464042,
        0.06913353138612971,
        0.033038665094257645,
        0.028815382658406937,
        0.024788789082837562,
        0.014355490961437074,
        0.0075848213162923155,
        0.004497395638676001,
        0.011351224810641724,
        0.01569467570419268,
        0.013447165193611,
        0.013737648298562515,
        0.005579310507982882,
        0.013424858276266605,
        0.022410562237928387,
        0.010215031887370666,
        0.011495696073325234,
        0.016835164561659136,
        0.030286218906015468,
        0.004599547832973864,
        0.019838130341698464,
        0.0066179187103747004,
        0.0071833882007922515,
        0.0022008220474920865,
        0.0022841703510645553,
        0.0008660362242759826,
        0.0005814875727310209,
        0.004020637227472435,
        0.0038668350577665935,
        0.011244121035664042,
        0.04108617919742225,
        0.022514305363286743,
        0.04032938108316557,
        0.035318531415305186,
        0.011637740722183784,
        0.004784408035773898,
        0.008105052831888315,
        0.0020458733573264,
        0.0013057807986228908,
        0.0006325191882410764,
        0.0003320318500072972,
        0.00024042539342114348,
        0.003752056190918059,
        0.0026586969020172546,
        0.010381647721040584,
        0.008484648976173048,
        0.01882470386640307,
        0.0052254054949192625,
        0.011269843579733181,
        0.046876507576052974,
        0.04018264194686102,
        0.01679477405347522,
        0.001848125906099085,
        0.001012511747702168,
        0.004324394110066502,
        0.0013236301292333034,
        0.00037393743659777103,
        0.000253579111677027,
        0.0003335862686147569,
        0.00045816869438984517,
        0.001084468489466417,
        0.0008973333600579281,
        0.0001827798799164763,
        0.0008006238979002471,
        0.0004994873194580881,
        0.0002566766066896283,
        6.833278101415393e-05
    ],