{
    "test_accuracy": 0.65,
    "test_f1": 0.6527777777777778,
    "train_accuracy_history": [
        0.2,
        0.21666666666666667,
        0.2,
        0.3333333333333333,
        0.31666666666666665,
        0.5,
        0.5166666666666667,
        0.5666666666666667,
        0.48333333333333334,
        0.5666666666666667,
        0.5333333333333333,
        0.7,
        0.6833333333333333,
        0.75,
        0.75,
        0.7333333333333333,
        0.7166666666666667,
        0.7833333333333333,
        0.6833333333333333,
        0.75,
        0.75,
        0.7166666666666667,
        0.7,
        0.85,
        0.85,
        0.8833333333333333,
        0.9,
        0.9333333333333333,
        0.9666666666666667,
        0.95,
        0.9166666666666666,
        0.95,
        0.9333333333333333,
        0.95,
        0.9333333333333333,
        0.9833333333333333,
        0.9833333333333333,
        0.9666666666666667,
        0.9666666666666667,
        1.0,
        1.0,
        1.0,
        1.0,
        1.0,
        0.9833333333333333,
        1.0,
        1.0,
        1.0,
        1.0,
        1.0,
        0.9833333333333333,
        1.0,
        0.9833333333333333,
        1.0,
        1.0,
        1.0,
        1.0,
        1.0,
        1.0,
        1.0,
        1.0,
        1.0,
        1.0,
        1.0,
        1.0,
        1.0,
        1.0,
        1.0,
        1.0,
        1.0,
        1.0,
        1.0,
        1.0,
        1.0,
        1.0,
        1.0,
        1.0,
        1.0,
        1.0,
        1.0,
        1.0,
        1.0,
        1.0,
        1.0,
        1.0,
        1.0,
        1.0,
        1.0,
        1.0,
        1.0,
        1.0,
        1.0,
        1.0,
        1.0,
        1.0,
        1.0,
        1.0,
        1.0,
        1.0,
        1.0
    ],
    "val_accuracy_history": [
        0.25,
        0.25,
        0.25,
        0.25,
        0.2,
        0.25,
        0.45,
        0.35,
        0.45,
        0.35,
        0.5,
        0.3,
        0.4,
        0.45,
        0.5,
        0.45,
        0.55,
        0.45,
        0.3,
        0.3,
        0.55,
        0.5,
        0.5,
        0.3,
        0.5,
        0.45,
        0.55,
        0.45,
        0.6,
        0.45,
        0.6,
        0.5,
        0.55,
        0.55,
        0.55,
        0.5,
        0.6,
        0.65,
        0.55,
        0.75,
        0.65,
        0.75,
        0.65,
        0.6,
        0.65,
        0.65,
        0.55,
        0.75,
        0.85,
        0.55,
        0.75,
        0.55,
        0.75,
        0.65,
        0.65,
        0.7,
        0.8,
        0.6,
        0.7,
        0.8,
        0.65,
        0.75,
        0.75,
        0.75,
        0.8,
        0.8,
        0.75,
        0.8,
        0.8,
        0.8,
        0.8,
        0.8,
        0.8,
        0.75,
        0.8,
        0.8,
        0.8,
        0.8,
        0.8,
        0.8,
        0.8,
        0.8,
        0.8,
        0.8,
        0.8,
        0.8,
        0.8,
        0.8,
        0.8,
        0.8,
        0.8,
        0.8,
        0.8,
        0.8,
        0.8,
        0.8,
        0.8,
        0.8,
        0.8,
        0.8
    ],
    "train_loss_history": [
        30.89085448582967,
        6.299309133489927,
        2.4863840142885842,
        1.0183768928050996,
        0.6979446172714233,
        0.48479127064347266,
        0.4036672820647558,
        0.29844349722067515,
        0.34463254113992053,
        0.28770185460646946,
        0.29257752348979316,
        0.19711516971389453,
        0.1956271807352702,
        0.16204303428530692,
        0.15385867382089297,
        0.18176550194621086,
        0.17425124446551005,
        0.14346591706077258,
        0.17219351083040238,
        0.2189911998808384,
        0.22633791069189707,
        0.1829512671257059,
        0.16248464242865643,
        0.10362068203588327,
        0.0922924463947614,
        0.09123258609324694,
        0.0796482538804412,
        0.08516607197622458,
        0.07128398890296618,
        0.06404856120546659,
        0.06566297557825844,
        0.06530792519139747,
        0.05710525065660477,
        0.05776644023135304,
        0.04949407503008842,
        0.04629271353284518,
        0.046257906469206016,
        0.03808696915705999,
        0.03852927563712001,
        0.03755036985191206,
        0.03200506251305342,
        0.03129791508739193,
        0.029208637587726117,
        0.03013758563126127,
        0.03332511655365427,
        0.02559138376964256,
        0.02410411319384972,
        0.023581098361561696,
        0.023656362978120644,
        0.022099497200300296,
        0.023556211326892177,
        0.01852351991304507,
        0.020840222124631207,
        0.017986807970252507,
        0.01603923229267821,
        0.014334130900291104,
        0.013743971691777308,
        0.015296384940544765,
        0.01324843392552187,
        0.012621539924293757,
        0.01011117526019613,
        0.009314755264980098,
        0.007644455740228295,
        0.007042740161220233,
        0.006650215589130918,
        0.006616678779634336,
        0.007110122591257095,
        0.005899426674780746,
        0.0055984674215627216,
        0.005637348955497145,
        0.005379823921248317,
        0.0051793341379379855,
        0.004295965090083579,
        0.004736900343171631,
        0.004287371130582566,
        0.0038223682024787803,
        0.0038390343077480795,
        0.0037345270024767767,
        0.003481266327435151,
        0.003321683111911019,
        0.003070185976199961,
        0.002980605739867315,
        0.0028868159434447685,
        0.002791291175526567,
        0.0028367500082822515,
        0.002510078233899549,
        0.002488722663838416,
        0.0023433288302233753,
        0.0023301918680469196,
        0.002253643749281764,
        0.0021383712921912473,
        0.002230172992373506,
        0.0020677955433105427,
        0.0020177764119580386,
        0.0018490148494796207,
        0.0018264845789720614,
        0.0018796251097228378,
        0.0016552146097334722,
        0.0017051515984348952,
        0.0015393946475038927
    ],