{
    "test_accuracy": 0.25,
    "test_f1": 0.1,
    "train_accuracy_history": [
        0.31666666666666665,
        0.2,
        0.15,
        0.3333333333333333,
        0.26666666666666666,
        0.3,
        0.3,
        0.21666666666666667,
        0.2,
        0.2833333333333333,
        0.26666666666666666,
        0.23333333333333334,
        0.26666666666666666,
        0.2833333333333333,
        0.23333333333333334,
        0.26666666666666666,
        0.2833333333333333,
        0.2,
        0.21666666666666667,
        0.25,
        0.2833333333333333,
        0.25,
        0.2833333333333333,
        0.26666666666666666,
        0.2833333333333333,
        0.3,
        0.26666666666666666,
        0.23333333333333334,
        0.35,
        0.26666666666666666,
        0.2,
        0.3333333333333333,
        0.25,
        0.26666666666666666,
        0.2,
        0.25,
        0.35,
        0.35,
        0.26666666666666666,
        0.26666666666666666,
        0.3,
        0.3333333333333333,
        0.3333333333333333,
        0.3333333333333333,
        0.31666666666666665,
        0.23333333333333334,
        0.2833333333333333,
        0.3,
        0.3333333333333333,
        0.2833333333333333,
        0.23333333333333334,
        0.2833333333333333,
        0.2,
        0.3,
        0.25,
        0.31666666666666665,
        0.2833333333333333,
        0.38333333333333336,
        0.35,
        0.18333333333333332,
        0.25,
        0.2833333333333333,
        0.3,
        0.3,
        0.25,
        0.31666666666666665,
        0.2833333333333333,
        0.26666666666666666,
        0.2833333333333333,
        0.26666666666666666,
        0.3,
        0.31666666666666665,
        0.31666666666666665,
        0.21666666666666667,
        0.23333333333333334,
        0.25,
        0.25,
        0.25,
        0.25,
        0.25,
        0.25,
        0.25,
        0.25,
        0.25,
        0.25,
        0.25,
        0.25,
        0.25,
        0.25,
        0.25,
        0.25,
        0.25,
        0.25,
        0.25,
        0.25,
        0.25,
        0.25,
        0.25,
        0.25,
        0.25
    ],
    "val_accuracy_history": [
        0.25,
        0.3,
        0.25,
        0.25,
        0.25,
        0.25,
        0.25,
        0.25,
        0.25,
        0.15,
        0.25,
        0.25,
        0.2,
        0.2,
        0.15,
        0.2,
        0.25,
        0.25,
        0.25,
        0.25,
        0.25,
        0.25,
        0.25,
        0.25,
        0.25,
        0.25,
        0.25,
        0.25,
        0.25,
        0.3,
        0.4,
        0.2,
        0.2,
        0.25,
        0.25,
        0.2,
        0.25,
        0.25,
        0.2,
        0.25,
        0.25,
        0.25,
        0.25,
        0.25,
        0.25,
        0.25,
        0.2,
        0.25,
        0.25,
        0.25,
        0.3,
        0.25,
        0.25,
        0.35,
        0.25,
        0.25,
        0.25,
        0.25,
        0.25,
        0.25,
        0.35,
        0.2,
        0.25,
        0.25,
        0.3,
        0.25,
        0.25,
        0.25,
        0.25,
        0.25,
        0.25,
        0.25,
        0.25,
        0.2,
        0.35,
        0.25,
        0.25,
        0.25,
        0.25,
        0.25,
        0.25,
        0.25,
        0.25,
        0.25,
        0.25,
        0.25,
        0.25,
        0.25,
        0.25,
        0.25,
        0.25,
        0.25,
        0.25,
        0.25,
        0.25,
        0.25,
        0.25,
        0.25,
        0.25,
        0.25
    ],
    "train_loss_history": [
        309.4508060455322,
        6.691845790545146,
        0.42548073728879293,
        0.43916754325230917,
        0.42097671031951905,
        0.40754446188608806,
        0.3754258632659912,
        0.3982744912306468,
        0.4388957619667053,
        0.4025479773680369,
        0.41862478653589885,
        0.385370930035909,
        0.39366852641105654,
        0.3896333634853363,
        0.35879316329956057,
        0.3652970890204112,
        0.358424719174703,
        0.3595970133940379,
        0.3720184663931529,
        0.4107133229573568,
        0.3616594930489858,
        0.3652033805847168,
        0.3593869666258494,
        0.3569647034009298,
        0.34673612217108407,
        0.35742706855138145,
        0.3728024860223134,
        0.3512811561425527,
        0.34797773758570355,
        0.3462221542994181,
        0.3627377271652222,
        0.35314759612083435,
        0.343195907274882,
        0.35010374188423155,
        0.3616742769877116,
        0.35103585322697956,
        0.34029538234074913,
        0.35631130139033,
        0.3501498937606812,
        0.3409665366013845,
        0.34864232341448465,
        0.3440754274527232,
        0.3410838047663371,
        0.34274067481358844,
        0.3401828507582347,
        0.34691102504730226,
        0.34770129919052123,
        0.3444750249385834,
        0.3414707720279694,
        0.3503239035606384,
        0.34539318482081094,
        0.3432320495446523,
        0.34454192717870075,
        0.34766478339831036,
        0.345372861623764,
        0.3484868824481964,
        0.3461343705654144,
        0.34570176204045616,
        0.3839766720930735,
        0.34321820934613545,
        0.34863932530085245,
        0.35215576489766437,
        0.33975855708122255,
        0.34961925745010375,
        0.3467484811941783,
        0.3430239160855611,
        0.34710509578386944,
        0.3484625895818075,
        0.345516308148702,
        0.3456394096215566,
        0.3415107945601145,
        0.3436047375202179,
        0.3388451556364695,
        0.3400402148564657,
        0.34803492625554405,
        0.34565221865971885,
        0.34694078962008157,
        0.34692800243695576,
        0.3468914210796356,
        0.34688426852226256,
        0.346865838766098,
        0.34686015248298646,
        0.3468137741088867,
        0.3468259791533152,
        0.3468076268831889,
        0.346878308057785,
        0.34676424860954286,
        0.3467836360136668,
        0.346767654021581,
        0.3467573285102844,
        0.3467466990152995,
        0.346741924683253,
        0.34679092367490133,
        0.3467780629793803,
        0.34674445589383446,
        0.34673409660657245,
        0.3467324097951253,
        0.34671497742335,
        0.346698256333669,
        0.3467023968696594
    ],