{
    "test_accuracy": 0.4,
    "test_f1": 0.3832417582417582,
    "train_accuracy_history": [
        0.21666666666666667,
        0.26666666666666666,
        0.5166666666666667,
        0.7166666666666667,
        0.75,
        0.85,
        0.9333333333333333,
        0.9833333333333333,
        0.9833333333333333,
        1.0,
        1.0,
        1.0,
        1.0,
        1.0,
        1.0,
        1.0,
        1.0,
        1.0,
        1.0,
        1.0,
        1.0,
        1.0,
        1.0,
        1.0,
        1.0,
        1.0,
        1.0,
        1.0,
        1.0,
        1.0,
        1.0,
        1.0,
        1.0,
        1.0,
        1.0,
        1.0,
        1.0,
        1.0,
        1.0,
        1.0,
        1.0,
        1.0,
        1.0,
        1.0,
        1.0,
        1.0,
        1.0,
        1.0,
        1.0,
        1.0,
        1.0,
        1.0,
        1.0,
        1.0,
        1.0,
        1.0,
        1.0,
        1.0,
        1.0,
        1.0,
        1.0,
        1.0,
        1.0,
        1.0,
        1.0,
        1.0,
        1.0,
        1.0,
        1.0,
        1.0,
        1.0,
        1.0,
        1.0,
        1.0,
        1.0,
        1.0,
        1.0,
        1.0,
        1.0,
        1.0,
        1.0,
        1.0,
        1.0,
        1.0,
        1.0,
        1.0,
        1.0,
        1.0,
        1.0,
        1.0,
        1.0,
        1.0,
        1.0,
        1.0,
        1.0,
        1.0,
        1.0,
        1.0,
        1.0,
        1.0
    ],
    "val_accuracy_history": [
        0.25,
        0.4,
        0.35,
        0.35,
        0.35,
        0.2,
        0.35,
        0.35,
        0.35,
        0.2,
        0.35,
        0.25,
        0.2,
        0.2,
        0.35,
        0.3,
        0.3,
        0.25,
        0.2,
        0.2,
        0.2,
        0.2,
        0.3,
        0.2,
        0.2,
        0.2,
        0.25,
        0.3,
        0.2,
        0.2,
        0.25,
        0.2,
        0.3,
        0.2,
        0.25,
        0.35,
        0.3,
        0.3,
        0.35,
        0.25,
        0.3,
        0.25,
        0.3,
        0.3,
        0.3,
        0.3,
        0.25,
        0.2,
        0.2,
        0.3,
        0.35,
        0.3,
        0.35,
        0.25,
        0.2,
        0.2,
        0.2,
        0.3,
        0.25,
        0.3,
        0.2,
        0.25,
        0.25,
        0.25,
        0.45,
        0.25,
        0.2,
        0.2,
        0.2,
        0.3,
        0.4,
        0.3,
        0.2,
        0.3,
        0.4,
        0.35,
        0.4,
        0.4,
        0.4,
        0.35,
        0.15,
        0.2,
        0.3,
        0.25,
        0.2,
        0.4,
        0.25,
        0.2,
        0.35,
        0.3,
        0.4,
        0.3,
        0.3,
        0.4,
        0.4,
        0.25,
        0.35,
        0.2,
        0.2,
        0.35
    ],
    "train_loss_history": [
        0.37506125768025717,
        0.3408366501331329,
        0.29077785511811577,
        0.21578937371571857,
        0.16731902758280437,
        0.11445658951997757,
        0.08277744327982267,
        0.057950156802932425,
        0.04771602023392916,
        0.03313881016025941,
        0.03245457398394744,
        0.02240321123972535,
        0.019004642901321252,
        0.015811152973522744,
        0.013049931870773435,
        0.010415853032221397,
        0.011827006051316858,
        0.013659585220739245,
        0.007654945257430276,
        0.007089937563675145,
        0.0067186968711515265,
        0.005244963491956393,
        0.006807554202775161,
        0.005082754542430242,
        0.004422582189242045,
        0.00493131751815478,
        0.003561460234535237,
        0.0030186567067479095,
        0.0030871196494748196,
        0.0026769316134353477,
        0.0028862250270321964,
        0.0026200648164376615,
        0.002736347680911422,
        0.002659734586874644,
        0.0025859803582231203,
        0.002489571409144749,
        0.0024565542582422493,
        0.0019097559998044744,
        0.001733210711972788,
        0.0016771532866793374,
        0.0018803723835541556,
        0.0015272635694903631,
        0.00145948930682304,
        0.0013725748402066528,
        0.001977344600406165,
        0.0015483954339288175,
        0.001621745682011048,
        0.0014804033213295042,
        0.0015606523287715391,
        0.0010321591660613194,
        0.0012060542028242101,
        0.001303409676377972,
        0.0009416311125581464,
        0.000999458502822866,
        0.0010281179837572077,
        0.0008050079399254173,
        0.0006373143696691841,
        0.0009573380928486585,
        0.0008157746012633046,
        0.0007064011403902744,
        0.0007187646910703431,
        0.0007636104108920942,
        0.0006806711283085557,
        0.0011705796117894352,
        0.0006705249887697088,
        0.0006160008488222957,
        0.0005921124034405996,
        0.0006064777252807592,
        0.0005146802752278746,
        0.0006447934744452747,
        0.0005291178793413564,
        0.0006779984900883089,
        0.0006303759204456582,
        0.000436688539533255,
        0.0004637294439210867,
        0.00031958160010011244,
        0.0004739314327404524,
        0.0003858836183402066,
        0.0004366905447871735,
        0.0004476539383176714,
        0.0003156757962036257,
        0.0004346195360994898,
        0.0003932559348565216,
        0.00037596933301150176,
        0.00036133025229598086,
        0.00028850687134157247,
        0.00028555808530654757,
        0.0004374979825418753,
        0.00034563018368013825,
        0.0003470112841265897,
        0.00036052659270353616,
        0.00030854358919896185,
        0.000200196668447461,
        0.00025584665757681554,
        0.00028835428529419007,
        0.00032068598423696436,
        0.00034673222398851067,
        0.00023352398857241498,
        0.000278900290625946,
        0.0002522957947803661
    ],