{
    "test_accuracy": 0.6333333333333333,
    "test_f1": 0.6336977709975421,
    "train_accuracy_history": [
        0.5,
        0.7666666666666667,
        0.9,
        0.9333333333333333,
        0.9777777777777777,
        0.9888888888888889,
        0.9888888888888889,
        0.9777777777777777,
        0.9777777777777777,
        1.0,
        0.9888888888888889,
        1.0,
        1.0,
        1.0,
        1.0,
        1.0,
        1.0,
        1.0,
        1.0,
        1.0,
        1.0,
        1.0,
        1.0,
        1.0,
        1.0,
        1.0,
        1.0,
        1.0,
        1.0,
        1.0,
        1.0,
        1.0,
        1.0,
        1.0,
        1.0,
        1.0,
        1.0,
        1.0,
        1.0,
        1.0,
        1.0,
        1.0,
        1.0,
        1.0,
        1.0,
        0.9777777777777777,
        1.0,
        0.9888888888888889,
        1.0,
        0.9888888888888889,
        0.9777777777777777,
        1.0,
        1.0,
        1.0,
        1.0,
        1.0,
        1.0,
        1.0,
        1.0,
        1.0,
        1.0,
        1.0,
        1.0,
        1.0,
        1.0,
        1.0,
        1.0,
        1.0,
        1.0,
        1.0,
        1.0,
        1.0,
        1.0,
        1.0,
        1.0,
        1.0,
        1.0,
        1.0,
        1.0,
        1.0,
        1.0,
        1.0,
        1.0,
        1.0,
        1.0,
        1.0,
        1.0,
        1.0,
        1.0,
        1.0,
        1.0,
        1.0,
        1.0,
        1.0,
        1.0,
        1.0,
        1.0,
        1.0,
        1.0,
        1.0
    ],
    "val_accuracy_history": [
        0.3333333333333333,
        0.3333333333333333,
        0.3333333333333333,
        0.3333333333333333,
        0.3333333333333333,
        0.3333333333333333,
        0.3333333333333333,
        0.3333333333333333,
        0.43333333333333335,
        0.7,
        0.5,
        0.4,
        0.5666666666666667,
        0.6333333333333333,
        0.6333333333333333,
        0.4,
        0.5333333333333333,
        0.8333333333333334,
        0.6333333333333333,
        0.6666666666666666,
        0.6333333333333333,
        0.7333333333333333,
        0.8333333333333334,
        0.7333333333333333,
        0.4666666666666667,
        0.7333333333333333,
        0.7,
        0.7666666666666667,
        0.5666666666666667,
        0.8333333333333334,
        0.7333333333333333,
        0.6666666666666666,
        0.7666666666666667,
        0.6,
        0.7333333333333333,
        0.6666666666666666,
        0.7666666666666667,
        0.43333333333333335,
        0.6333333333333333,
        0.7666666666666667,
        0.8333333333333334,
        0.7666666666666667,
        0.9333333333333333,
        0.6333333333333333,
        0.6,
        0.3333333333333333,
        0.5,
        0.6,
        0.6,
        0.3333333333333333,
        0.3333333333333333,
        0.3333333333333333,
        0.5333333333333333,
        0.5,
        0.6333333333333333,
        0.8,
        0.7666666666666667,
        0.7,
        0.7,
        0.8,
        0.6333333333333333,
        0.6333333333333333,
        0.7666666666666667,
        0.6666666666666666,
        0.8666666666666667,
        0.6666666666666666,
        0.8,
        0.6333333333333333,
        0.6333333333333333,
        0.3,
        0.6,
        0.6,
        0.7333333333333333,
        0.5,
        0.7666666666666667,
        0.7,
        0.7,
        0.7666666666666667,
        0.8333333333333334,
        0.43333333333333335,
        0.5333333333333333,
        0.5,
        0.6333333333333333,
        0.7666666666666667,
        0.6,
        0.7666666666666667,
        0.36666666666666664,
        0.36666666666666664,
        0.7666666666666667,
        0.8,
        0.6666666666666666,
        0.9,
        0.9333333333333333,
        0.8333333333333334,
        0.7666666666666667,
        0.6333333333333333,
        0.7333333333333333,
        0.5666666666666667,
        0.7333333333333333,
        0.6
    ],
    "train_loss_history": [
        0.2507798178328408,
        0.14505644192298253,
        0.09843089932368862,
        0.06972260706954532,
        0.04697501373787721,
        0.03190628962798251,
        0.03260472383764055,
        0.028038002757562533,
        0.022583448773043024,
        0.016226081694993708,
        0.02094640660410126,
        0.010831657791924146,
        0.013380638475064188,
        0.0077804757023437155,
        0.008722966122958396,
        0.005081400523583094,
        0.004553529366643892,
        0.0037009953495322004,
        0.0037031306341911356,
        0.006164943980466988,
        0.0032040122961108056,
        0.0034789289136016224,
        0.003208313915011887,
        0.0037641487756950986,
        0.0032208338897261354,
        0.002919505411086397,
        0.0016585239901259128,
        0.0014809189474261884,
        0.001702442301514869,
        0.0013854775170329958,
        0.0017861401933866243,
        0.002524294244358316,
        0.0013305910884001705,
        0.0017826835757457755,
        0.0009070503269968969,
        0.001078508211260972,
        0.0009055539127277572,
        0.001259854443034985,
        0.00145193558677824,
        0.0007282749091650152,
        0.0006322827568510548,
        0.0010233822039380255,
        0.0010361631067806027,
        0.0039002482297493973,
        0.0067125528242387295,
        0.01708344012214285,
        0.009218151624211007,
        0.00789519096724689,
        0.004157419877527799,
        0.012012044507234048,
        0.015817044142426715,
        0.006303529616626394,
        0.0034873158257040715,
        0.003529600102532034,
        0.001422838506469917,
        0.0021412534969082724,
        0.0014563837509033166,
        0.0010813255060283054,
        0.0009173434185666136,
        0.0011165024150007715,
        0.0010157573118704023,
        0.0006592568682713641,
        0.0009149264230573963,
        0.0007851813246411944,
        0.0007583043525098926,
        0.0017208626584356858,
        0.0006975873985841948,
        0.0012173909089243453,
        0.0014349248514109706,
        0.0009326259747871922,
        0.0018432106768967867,
        0.0004818778248186896,
        0.0008243323817926769,
        0.0008684445246867907,
        0.0007942291540934497,
        0.0009557482703207319,
        0.0005947518654971241,
        0.00043953409230097247,
        0.0003080327805946581,
        0.0010259718305153202,
        0.0006260313428710005,
        0.0006280501030333755,
        0.0004010222483581553,
        0.00034788813467861876,
        0.00040723732996007637,
        0.00029566723403857194,
        0.0005014003716900737,
        0.00024744589221275723,
        0.00028884905045237653,
        0.00018987365177357182,
        0.0006996989870256382,
        0.0008630455034007254,
        0.0002369625258223904,
        0.000249557211120393,
        0.00017121715100074653,
        0.0002097191156078932,
        0.0001709646693699243,
        0.00017297649266967912,
        0.00015908282570712293,
        0.00021266708568469362
    ],