{
    "test_accuracy": 0.5,
    "test_f1": 0.4949494949494949,
    "train_accuracy_history": [
        0.36666666666666664,
        0.5666666666666667,
        0.8666666666666667,
        0.9333333333333333,
        0.9666666666666667,
        1.0,
        0.9666666666666667,
        0.9666666666666667,
        1.0,
        0.9666666666666667,
        1.0,
        1.0,
        1.0,
        1.0,
        1.0,
        1.0,
        1.0,
        1.0,
        1.0,
        1.0,
        1.0,
        1.0,
        1.0,
        1.0,
        1.0,
        1.0,
        1.0,
        1.0,
        1.0,
        1.0,
        1.0,
        1.0,
        1.0,
        1.0,
        1.0,
        1.0,
        1.0,
        1.0,
        1.0,
        1.0,
        1.0,
        1.0,
        1.0,
        1.0,
        1.0,
        1.0,
        1.0,
        1.0,
        1.0,
        1.0,
        1.0,
        1.0,
        1.0,
        1.0,
        1.0,
        1.0,
        1.0,
        1.0,
        1.0,
        1.0,
        1.0,
        1.0,
        1.0,
        1.0,
        1.0,
        1.0,
        1.0,
        1.0,
        1.0,
        1.0,
        1.0,
        1.0,
        1.0,
        1.0,
        1.0,
        1.0,
        1.0,
        1.0,
        1.0,
        1.0,
        1.0,
        1.0,
        1.0,
        1.0,
        1.0,
        1.0,
        1.0,
        1.0,
        1.0,
        1.0,
        1.0,
        1.0,
        1.0,
        1.0,
        1.0,
        1.0,
        1.0,
        1.0,
        1.0,
        1.0
    ],
    "val_accuracy_history": [
        0.5,
        0.5,
        0.5,
        0.5,
        0.5,
        0.5,
        0.4,
        0.5,
        0.5,
        0.5,
        0.5,
        0.5,
        0.5,
        0.7,
        0.7,
        0.7,
        0.4,
        0.4,
        0.7,
        0.6,
        0.7,
        0.5,
        0.5,
        0.5,
        0.5,
        0.5,
        0.5,
        0.5,
        0.5,
        0.5,
        0.5,
        0.5,
        0.5,
        0.5,
        0.5,
        0.5,
        0.4,
        0.5,
        0.5,
        0.5,
        0.6,
        0.5,
        0.5,
        0.4,
        0.8,
        0.6,
        0.6,
        0.4,
        0.4,
        0.8,
        0.7,
        0.4,
        0.7,
        0.5,
        0.4,
        0.4,
        0.5,
        0.8,
        0.6,
        0.7,
        0.7,
        0.5,
        0.8,
        0.6,
        0.8,
        0.8,
        0.6,
        0.5,
        0.7,
        0.5,
        0.6,
        0.6,
        0.6,
        0.8,
        0.7,
        0.5,
        0.6,
        0.5,
        0.5,
        0.5,
        0.5,
        0.5,
        0.5,
        0.5,
        0.5,
        0.5,
        0.8,
        0.5,
        0.4,
        0.4,
        0.5,
        0.5,
        0.7,
        0.7,
        0.8,
        0.7,
        0.7,
        0.7,
        0.6,
        0.5
    ],
    "train_loss_history": [
        0.19847579995791118,
        0.15531519254048665,
        0.11321470538775126,
        0.08711529622475306,
        0.05279446169734001,
        0.035151460021734235,
        0.02778136028597752,
        0.017479812167584895,
        0.01742180936659376,
        0.0163534315302968,
        0.008556733715037505,
        0.00917054619640112,
        0.004527103435248136,
        0.0046471357345581055,
        0.002982118912041187,
        0.003104279593875011,
        0.0026941972008595865,
        0.0030823647044599055,
        0.002134366046326856,
        0.0031636531464755537,
        0.0012667639064602553,
        0.0016542667290195823,
        0.000825548127371197,
        0.0009296450414694845,
        0.0007536617650960882,
        0.0014471984235569836,
        0.0008853915069873135,
        0.0007615466369315982,
        0.0010793319175718351,
        0.0007898808068906268,
        0.0007204356836155057,
        0.0009555237871002949,
        0.0004951993653473134,
        0.0007734463453137626,
        0.0008545934353605845,
        0.0010819961258675902,
        0.0003791942794729645,
        0.00043649771444809936,
        0.0003880573499676151,
        0.0003999832644088504,
        0.000391167185928983,
        0.0006677345916007956,
        0.0002925233061735829,
        0.00027532669143207994,
        0.0003624300119554391,
        0.00027403032824319475,
        0.0003055578607018106,
        0.00030078190005345583,
        0.00034279636820429006,
        0.00038132171951777615,
        0.00021235723009643454,
        0.000298292354758208,
        0.00018096905114362016,
        0.00019558595085982232,
        0.00014834519097348676,
        0.0002882463430069038,
        0.00030488438399819035,
        0.0003417017365184923,
        0.0001813876093365252,
        0.0002716794534838603,
        0.00017212756580799274,
        0.00010847093144548126,
        0.00016027252422645688,
        0.0001532594781262257,
        0.00020083467728303125,
        0.00035655792938390124,
        0.0001921498939433756,
        0.00012335131032159552,
        9.633070391525204e-05,
        0.0001363302758060551,
        0.00017682385284084983,
        0.00012378527802259972,
        0.00018532111522896836,
        0.00010121631876245374,
        7.844761429017429e-05,
        9.738522591457392e-05,
        6.193317482635999e-05,
        6.010512831077601e-05,
        0.0010539639714806982,
        0.0001836616017196017,
        0.0021939859124055754,
        0.0006908266484970226,
        0.0007610872310275833,
        0.0008033746349004407,
        0.0009293845107701296,
        0.0005770417124343415,
        0.0003018893631330381,
        0.00044562785575787226,
        0.0005045490058061356,
        0.00016471322984822716,
        0.00015472359567259749,
        0.00010369024433506031,
        0.0001481447032953535,
        0.00018109244459386294,
        0.00013989279177621937,
        6.709930967190303e-05,
        6.87528598064091e-05,
        7.182272820500657e-05,
        0.00016907304840666862,
        8.296345282966892e-05
    ],