{
    "test_accuracy": 0.45,
    "test_f1": 0.35347985347985345,
    "train_accuracy_history": [
        0.4,
        0.6333333333333333,
        0.8166666666666667,
        0.7333333333333333,
        0.7833333333333333,
        0.8333333333333334,
        0.9666666666666667,
        0.9,
        0.9166666666666666,
        0.9,
        0.9,
        0.9666666666666667,
        0.95,
        1.0,
        0.9833333333333333,
        1.0,
        0.9833333333333333,
        1.0,
        1.0,
        1.0,
        1.0,
        1.0,
        1.0,
        1.0,
        1.0,
        1.0,
        0.9833333333333333,
        0.95,
        0.8833333333333333,
        0.9,
        0.8666666666666667,
        0.7833333333333333,
        0.9333333333333333,
        0.8333333333333334,
        0.8833333333333333,
        0.9333333333333333,
        0.95,
        1.0,
        0.9666666666666667,
        1.0,
        0.9833333333333333,
        0.9666666666666667,
        0.9833333333333333,
        0.9833333333333333,
        1.0,
        0.9833333333333333,
        0.9833333333333333,
        0.9833333333333333,
        1.0,
        1.0,
        0.9666666666666667,
        0.9833333333333333,
        0.95,
        0.9333333333333333,
        0.9666666666666667,
        0.9,
        0.9333333333333333,
        0.9833333333333333,
        0.9666666666666667,
        0.95,
        1.0,
        0.9833333333333333,
        0.9666666666666667,
        0.9833333333333333,
        0.9833333333333333,
        1.0,
        1.0,
        0.9833333333333333,
        1.0,
        1.0,
        1.0,
        1.0,
        1.0,
        1.0,
        1.0,
        1.0,
        1.0,
        1.0,
        1.0,
        1.0,
        1.0,
        1.0,
        1.0,
        1.0,
        1.0,
        1.0,
        1.0,
        1.0,
        1.0,
        1.0,
        1.0,
        1.0,
        1.0,
        1.0,
        1.0,
        1.0,
        1.0,
        1.0,
        1.0,
        1.0
    ],
    "val_accuracy_history": [
        0.25,
        0.25,
        0.25,
        0.3,
        0.25,
        0.4,
        0.5,
        0.35,
        0.3,
        0.45,
        0.3,
        0.25,
        0.5,
        0.25,
        0.65,
        0.55,
        0.5,
        0.65,
        0.65,
        0.6,
        0.6,
        0.6,
        0.6,
        0.6,
        0.6,
        0.6,
        0.55,
        0.35,
        0.4,
        0.2,
        0.25,
        0.3,
        0.3,
        0.4,
        0.3,
        0.4,
        0.35,
        0.4,
        0.55,
        0.4,
        0.4,
        0.4,
        0.5,
        0.55,
        0.4,
        0.45,
        0.3,
        0.35,
        0.4,
        0.45,
        0.3,
        0.3,
        0.4,
        0.25,
        0.2,
        0.25,
        0.3,
        0.2,
        0.25,
        0.45,
        0.6,
        0.5,
        0.3,
        0.35,
        0.2,
        0.3,
        0.3,
        0.3,
        0.35,
        0.3,
        0.3,
        0.4,
        0.4,
        0.35,
        0.35,
        0.4,
        0.35,
        0.35,
        0.35,
        0.4,
        0.35,
        0.35,
        0.35,
        0.4,
        0.35,
        0.4,
        0.4,
        0.4,
        0.4,
        0.4,
        0.4,
        0.4,
        0.4,
        0.4,
        0.4,
        0.4,
        0.45,
        0.4,
        0.4,
        0.4
    ],
    "train_loss_history": [
        0.42869393626848856,
        0.25915302336215973,
        0.150919192781051,
        0.1403371303031842,
        0.1374928745130698,
        0.09188769978160659,
        0.042918002838268875,
        0.0841169256096085,
        0.06836922240133086,
        0.05553612263562779,
        0.04264189530125198,
        0.03458099002794673,
        0.02471462526397469,
        0.010180615291271048,
        0.00860555653271149,
        0.004602605862964992,
        0.009191965227485829,
        0.0020979837039097524,
        0.0035545320686651396,
        0.0023934971675771523,
        0.0017488229925826696,
        0.0003336221922533393,
        0.0001870435170530982,
        0.00028483680307545,
        0.00021778900772915222,
        0.0006235251416001119,
        0.01068055655414355,
        0.021762664349807892,
        0.08349548470384131,
        0.11626037805496404,
        0.09026860902085901,
        0.13759242466961344,
        0.07739351252287936,
        0.13858531675844762,
        0.0819914388342416,
        0.033110137324547394,
        0.029549041812545813,
        0.003729713020990744,
        0.022064466389338122,
        0.004256935305056686,
        0.0224648635230551,
        0.042967554571805525,
        0.007492938836124571,
        0.00742706914077947,
        0.005067096998997537,
        0.014271905693021836,
        0.005041995650753961,
        0.01628017656192071,
        0.004248527627141859,
        0.003232089726357875,
        0.011227278115408504,
        0.01731773172737879,
        0.019854965102693238,
        0.04834097630900184,
        0.021830880746284247,
        0.11059339958786343,
        0.03072438585213604,
        0.00957809546452116,
        0.039627116611829175,
        0.01992332806272922,
        0.0003884240279755128,
        0.012218828649956019,
        0.009086902970739174,
        0.006200157461485863,
        0.007738417627190586,
        0.0011838464243642951,
        0.0005031932819870614,
        0.004428077249225737,
        0.0008122962541771509,
        0.001102179734789388,
        0.0008746436679447337,
        0.0009674561773920232,
        0.00025663701860925887,
        0.0015798850994087842,
        0.0003249842252671442,
        0.001240709420001925,
        0.00038567841277294216,
        2.894679580454825e-05,
        0.00011047032224193269,
        7.854282890302026e-05,
        0.0001303654206814997,
        0.0001764513039271757,
        4.39604237480277e-05,
        0.0003434093514215123,
        0.0001296909728883596,
        3.703662025931938e-05,
        5.2725793141898215e-05,
        4.3384496554684425e-05,
        4.744645498426792e-05,
        0.00021094755508102025,
        2.270671895180006e-05,
        6.595814945455913e-05,
        0.0002090057973570462,
        5.6065347117240095e-05,
        1.1369607644458787e-05,
        4.7984435658321444e-05,
        0.00011844831842608983,
        2.4231082618797473e-05,
        2.1123100469348326e-05,
        1.5131332142429936e-05
    ],