{
    "test_accuracy": 0.26666666666666666,
    "test_f1": 0.2619047619047619,
    "train_accuracy_history": [
        0.28888888888888886,
        0.4666666666666667,
        0.7333333333333333,
        0.8222222222222222,
        0.8666666666666667,
        0.9111111111111111,
        0.9777777777777777,
        1.0,
        0.9555555555555556,
        1.0,
        1.0,
        1.0,
        1.0,
        1.0,
        1.0,
        1.0,
        1.0,
        1.0,
        1.0,
        1.0,
        1.0,
        1.0,
        1.0,
        1.0,
        1.0,
        1.0,
        1.0,
        1.0,
        1.0,
        1.0,
        1.0,
        1.0,
        1.0,
        1.0,
        1.0,
        1.0,
        1.0,
        1.0,
        1.0,
        1.0,
        1.0,
        1.0,
        1.0,
        1.0,
        1.0,
        1.0,
        1.0,
        1.0,
        1.0,
        1.0,
        1.0,
        1.0,
        1.0,
        1.0,
        1.0,
        1.0,
        1.0,
        1.0,
        1.0,
        1.0,
        1.0,
        1.0,
        1.0,
        1.0,
        1.0,
        1.0,
        1.0,
        1.0,
        1.0,
        1.0,
        1.0,
        1.0,
        1.0,
        1.0,
        1.0,
        1.0,
        1.0,
        1.0,
        1.0,
        1.0,
        1.0,
        1.0,
        1.0,
        1.0,
        1.0,
        1.0,
        1.0,
        1.0,
        1.0,
        1.0,
        1.0,
        1.0,
        1.0,
        1.0,
        1.0,
        1.0,
        1.0,
        1.0,
        1.0,
        1.0
    ],
    "val_accuracy_history": [
        0.26666666666666666,
        0.3333333333333333,
        0.3333333333333333,
        0.3333333333333333,
        0.3333333333333333,
        0.4,
        0.4666666666666667,
        0.26666666666666666,
        0.3333333333333333,
        0.26666666666666666,
        0.3333333333333333,
        0.3333333333333333,
        0.26666666666666666,
        0.26666666666666666,
        0.26666666666666666,
        0.3333333333333333,
        0.3333333333333333,
        0.3333333333333333,
        0.3333333333333333,
        0.3333333333333333,
        0.3333333333333333,
        0.3333333333333333,
        0.26666666666666666,
        0.26666666666666666,
        0.3333333333333333,
        0.3333333333333333,
        0.26666666666666666,
        0.3333333333333333,
        0.3333333333333333,
        0.4666666666666667,
        0.26666666666666666,
        0.3333333333333333,
        0.26666666666666666,
        0.3333333333333333,
        0.4666666666666667,
        0.3333333333333333,
        0.3333333333333333,
        0.3333333333333333,
        0.4,
        0.4,
        0.4,
        0.4,
        0.3333333333333333,
        0.3333333333333333,
        0.4,
        0.4,
        0.5333333333333333,
        0.4666666666666667,
        0.26666666666666666,
        0.26666666666666666,
        0.26666666666666666,
        0.4666666666666667,
        0.3333333333333333,
        0.3333333333333333,
        0.26666666666666666,
        0.26666666666666666,
        0.3333333333333333,
        0.4,
        0.4,
        0.4,
        0.4,
        0.3333333333333333,
        0.4,
        0.26666666666666666,
        0.4,
        0.2,
        0.26666666666666666,
        0.2,
        0.4,
        0.3333333333333333,
        0.26666666666666666,
        0.4,
        0.26666666666666666,
        0.26666666666666666,
        0.4,
        0.3333333333333333,
        0.3333333333333333,
        0.3333333333333333,
        0.26666666666666666,
        0.3333333333333333,
        0.4,
        0.4,
        0.3333333333333333,
        0.26666666666666666,
        0.26666666666666666,
        0.2,
        0.5333333333333333,
        0.5333333333333333,
        0.3333333333333333,
        0.4,
        0.3333333333333333,
        0.3333333333333333,
        0.4,
        0.4,
        0.3333333333333333,
        0.4666666666666667,
        0.4,
        0.3333333333333333,
        0.26666666666666666,
        0.26666666666666666
    ],
    "train_loss_history": [
        0.3225941472583347,
        0.2485160099135505,
        0.18982423610157437,
        0.14272277818785772,
        0.11814330783155229,
        0.08210553725560506,
        0.07979744325081507,
        0.04347967671023475,
        0.04668063819408417,
        0.02866155430674553,
        0.026386914898951848,
        0.018473510506252448,
        0.01657018384171857,
        0.010893897795014911,
        0.013849571057491832,
        0.01137588353206714,
        0.00789974412570397,
        0.007725523598492145,
        0.007013750717871719,
        0.005655169445607397,
        0.008075321258770096,
        0.007273122926967012,
        0.006092841467923589,
        0.004703123360458347,
        0.0041563577018678185,
        0.005651261450515853,
        0.0034010909627088244,
        0.005387229151609871,
        0.0024350952874455187,
        0.002252696371740765,
        0.0024522107611927722,
        0.003423203939261536,
        0.002025713740537564,
        0.002343857210750381,
        0.0021480587362829183,
        0.001931934190603594,
        0.002542523258469171,
        0.0021135141814334524,
        0.0021370629573033914,
        0.001164377266023722,
        0.001116248161997646,
        0.001601587829645723,
        0.0016847406358768543,
        0.0013110313668019242,
        0.0012315146366341247,
        0.0010295776973685456,
        0.0011776473812965883,
        0.0010911987680527898,
        0.0013848056732159522,
        0.00109921459807083,
        0.0007483689560710143,
        0.0010860951242244077,
        0.0009630109332243187,
        0.000812906608916819,
        0.0017883651346589128,
        0.0008023734377477214,
        0.0016031051856569118,
        0.0010883591370657087,
        0.0009747903043818143,
        0.0011978182217313184,
        0.000816273032170203,
        0.0005398319865990844,
        0.0005016365858157062,
        0.0007732013292196724,
        0.0008219381639113029,
        0.00046513712602770993,
        0.0007697562337853015,
        0.0005833275448013511,
        0.0003761634177256686,
        0.0004587144901355108,
        0.00041939558448373445,
        0.00044897927825028697,
        0.0003834739485884913,
        0.0005456947850891286,
        0.0004276318058449154,
        0.0004688045779605293,
        0.0005227186147951418,
        0.0003942373389792111,
        0.0006538004394517177,
        0.0005311715778791242,
        0.00042473216308280826,
        0.0003227077495668911,
        0.000427931193391689,
        0.00043993204663921563,
        0.0005248597486772471,
        0.0002704102791742318,
        0.0003746348669260947,
        0.0003228254296118394,
        0.0003407842616070411,
        0.0005151248802172227,
        0.00033260542194410745,
        0.00031451059815784297,
        0.0002442486834802872,
        0.00029355221065796084,
        0.00027365061283085704,
        0.00036288130019480983,
        0.00024984865061317883,
        0.00030152759249580817,
        0.00027230159547697336,
        0.0002669044343444208
    ],