{
    "test_accuracy": 0.625,
    "test_f1": 0.6405216890402725,
    "train_accuracy_history": [
        0.2833333333333333,
        0.42916666666666664,
        0.36666666666666664,
        0.3625,
        0.44583333333333336,
        0.4791666666666667,
        0.4708333333333333,
        0.4791666666666667,
        0.44166666666666665,
        0.45,
        0.4375,
        0.5041666666666667,
        0.5333333333333333,
        0.5583333333333333,
        0.5583333333333333,
        0.6041666666666666,
        0.575,
        0.5541666666666667,
        0.5791666666666667,
        0.675,
        0.6333333333333333,
        0.6333333333333333,
        0.6333333333333333,
        0.5625,
        0.6291666666666667,
        0.625,
        0.6708333333333333,
        0.7,
        0.6916666666666667,
        0.6416666666666667,
        0.6541666666666667,
        0.6958333333333333,
        0.7333333333333333,
        0.675,
        0.6833333333333333,
        0.6083333333333333,
        0.4166666666666667,
        0.5583333333333333,
        0.6541666666666667,
        0.5833333333333334,
        0.45,
        0.5833333333333334,
        0.6125,
        0.6166666666666667,
        0.6458333333333334,
        0.6583333333333333,
        0.6166666666666667,
        0.6708333333333333,
        0.6875,
        0.625,
        0.6708333333333333,
        0.7166666666666667,
        0.7375,
        0.775,
        0.7291666666666666,
        0.7375,
        0.7125,
        0.7791666666666667,
        0.7166666666666667,
        0.7625,
        0.7541666666666667,
        0.7458333333333333,
        0.7,
        0.7541666666666667,
        0.6583333333333333,
        0.6958333333333333,
        0.7666666666666667,
        0.7708333333333334,
        0.775,
        0.7791666666666667,
        0.8083333333333333,
        0.8333333333333334,
        0.8333333333333334,
        0.8458333333333333,
        0.8458333333333333,
        0.8291666666666667,
        0.8416666666666667,
        0.7875,
        0.8041666666666667,
        0.825,
        0.6291666666666667,
        0.7833333333333333,
        0.8416666666666667,
        0.8166666666666667,
        0.8541666666666666,
        0.8291666666666667,
        0.8291666666666667,
        0.7916666666666666,
        0.8,
        0.8375,
        0.8333333333333334,
        0.8166666666666667,
        0.8625,
        0.8083333333333333,
        0.8625,
        0.825,
        0.8666666666666667,
        0.8666666666666667,
        0.8625,
        0.8916666666666667
    ],
    "val_accuracy_history": [
        0.25,
        0.2625,
        0.25,
        0.25,
        0.3875,
        0.25,
        0.3125,
        0.525,
        0.425,
        0.4625,
        0.4125,
        0.425,
        0.425,
        0.3875,
        0.3125,
        0.475,
        0.425,
        0.425,
        0.375,
        0.425,
        0.4875,
        0.3875,
        0.25,
        0.4125,
        0.5,
        0.575,
        0.3875,
        0.525,
        0.5125,
        0.35,
        0.425,
        0.4375,
        0.3875,
        0.5375,
        0.6,
        0.45,
        0.3875,
        0.4375,
        0.425,
        0.4875,
        0.3,
        0.35,
        0.3375,
        0.3125,
        0.425,
        0.625,
        0.425,
        0.525,
        0.5875,
        0.4125,
        0.4375,
        0.45,
        0.625,
        0.4125,
        0.5625,
        0.4875,
        0.5625,
        0.4375,
        0.5875,
        0.4375,
        0.5875,
        0.4375,
        0.6125,
        0.425,
        0.475,
        0.65,
        0.3875,
        0.4125,
        0.6,
        0.2875,
        0.575,
        0.425,
        0.5875,
        0.55,
        0.4125,
        0.675,
        0.625,
        0.625,
        0.3125,
        0.575,
        0.45,
        0.275,
        0.525,
        0.5625,
        0.5625,
        0.575,
        0.5875,
        0.475,
        0.5375,
        0.5375,
        0.5,
        0.5875,
        0.2625,
        0.6125,
        0.525,
        0.425,
        0.6,
        0.575,
        0.6375,
        0.6
    ],
    "train_loss_history": [
        0.3486825093626976,
        0.31161631469925244,
        0.3154749770959218,
        0.31647255395849544,
        0.2933505249520143,
        0.277798555791378,
        0.2759120653072993,
        0.25987809846798576,
        0.2828563573459784,
        0.2577939702818791,
        0.281049686918656,
        0.2652957720061143,
        0.2478191069016854,
        0.24754227604717016,
        0.24679446518421172,
        0.2413502287119627,
        0.24371836185455323,
        0.2583651984731356,
        0.23219078468779722,
        0.21524440099795658,
        0.2121538482606411,
        0.21786000511298578,
        0.2288274728382627,
        0.24486920361717543,
        0.20960988625884056,
        0.21426216308027507,
        0.1947167107835412,
        0.1944569901873668,
        0.21136998037497204,
        0.20887521263211967,
        0.19460802301764488,
        0.17396099337687096,
        0.16461189948022364,
        0.18711020064850648,
        0.19983457370350757,
        0.23723769697050254,
        0.2573801842828592,
        0.21962103769183158,
        0.20011243745684623,
        0.2306344909593463,
        0.2734843244155248,
        0.2145983918259541,
        0.21070502878477176,
        0.20389214009046555,
        0.18828954820831617,
        0.1760510432223479,
        0.18900030770649512,
        0.17801670332749683,
        0.15975600375483434,
        0.17663980635503929,
        0.16418270592888196,
        0.16457827109843493,
        0.15272851288318634,
        0.16204564872508248,
        0.14776787782708803,
        0.1473389483988285,
        0.19726325217634438,
        0.14577039054905375,
        0.1707931611686945,
        0.14910002726440627,
        0.1407945500376324,
        0.17225304941336314,
        0.18892860642323892,
        0.1516333441560467,
        0.2145283465584119,
        0.16903391784677904,
        0.15443132600436607,
        0.1450883069386085,
        0.1450593665863077,
        0.16014305396626394,
        0.14187537282705306,
        0.13505799948858718,
        0.1201800229648749,
        0.1325239003635943,
        0.12266831651019554,
        0.12743248933305343,
        0.11265904248381654,
        0.14815317328708869,
        0.12298136114453276,
        0.12290923075440029,
        0.2531313414995869,
        0.1543944229061405,
        0.1221879066588978,
        0.13335294625721872,
        0.10854002904767791,
        0.11380559680207322,
        0.123620474524796,
        0.15127683536460002,
        0.15644004481534163,
        0.11401719485099117,
        0.12335048465368649,
        0.11699192087010792,
        0.09478619407551984,
        0.1261516550866266,
        0.09380416154551009,
        0.11904174769297242,
        0.10914638228714466,
        0.10460782958349833,
        0.12007039468735456,
        0.09220484994972745
    ],