{
    "test_accuracy": 0.5,
    "test_f1": 0.43356643356643354,
    "train_accuracy_history": [
        0.26666666666666666,
        0.5833333333333334,
        0.65,
        0.7833333333333333,
        0.7666666666666667,
        0.7666666666666667,
        0.7833333333333333,
        0.9333333333333333,
        0.8166666666666667,
        0.9833333333333333,
        0.9,
        0.9833333333333333,
        0.9666666666666667,
        1.0,
        0.9666666666666667,
        0.9666666666666667,
        0.9666666666666667,
        1.0,
        1.0,
        1.0,
        0.9833333333333333,
        0.9833333333333333,
        0.9833333333333333,
        0.95,
        0.9833333333333333,
        1.0,
        1.0,
        1.0,
        1.0,
        1.0,
        1.0,
        1.0,
        1.0,
        0.9833333333333333,
        1.0,
        1.0,
        1.0,
        1.0,
        1.0,
        1.0,
        1.0,
        1.0,
        1.0,
        1.0,
        1.0,
        1.0,
        1.0,
        1.0,
        1.0,
        1.0,
        1.0,
        0.9833333333333333,
        1.0,
        1.0,
        1.0,
        1.0,
        1.0,
        1.0,
        1.0,
        1.0,
        1.0,
        1.0,
        1.0,
        1.0,
        1.0,
        1.0,
        1.0,
        1.0,
        1.0,
        1.0,
        1.0,
        1.0,
        1.0,
        1.0,
        1.0,
        1.0,
        1.0,
        1.0,
        1.0,
        1.0,
        1.0,
        1.0,
        1.0,
        1.0,
        1.0,
        1.0,
        1.0,
        1.0,
        1.0,
        1.0,
        1.0,
        1.0,
        1.0,
        1.0,
        1.0,
        1.0,
        1.0,
        1.0,
        1.0,
        1.0
    ],
    "val_accuracy_history": [
        0.25,
        0.25,
        0.5,
        0.45,
        0.25,
        0.25,
        0.25,
        0.25,
        0.25,
        0.35,
        0.25,
        0.25,
        0.25,
        0.25,
        0.25,
        0.25,
        0.25,
        0.25,
        0.25,
        0.25,
        0.25,
        0.25,
        0.25,
        0.25,
        0.25,
        0.25,
        0.25,
        0.5,
        0.4,
        0.3,
        0.4,
        0.45,
        0.25,
        0.25,
        0.25,
        0.25,
        0.25,
        0.35,
        0.25,
        0.25,
        0.25,
        0.25,
        0.5,
        0.3,
        0.25,
        0.25,
        0.35,
        0.25,
        0.25,
        0.35,
        0.25,
        0.25,
        0.25,
        0.3,
        0.2,
        0.25,
        0.25,
        0.25,
        0.35,
        0.65,
        0.65,
        0.7,
        0.45,
        0.5,
        0.25,
        0.25,
        0.25,
        0.4,
        0.4,
        0.4,
        0.35,
        0.25,
        0.25,
        0.55,
        0.45,
        0.35,
        0.4,
        0.25,
        0.25,
        0.3,
        0.4,
        0.4,
        0.3,
        0.5,
        0.25,
        0.25,
        0.3,
        0.25,
        0.3,
        0.35,
        0.55,
        0.4,
        0.3,
        0.5,
        0.3,
        0.3,
        0.6,
        0.6,
        0.45,
        0.5
    ],
    "train_loss_history": [
        0.3512044648329417,
        0.27854120433330537,
        0.2242941975593567,
        0.17984360754489898,
        0.16275706638892493,
        0.1640139808257421,
        0.13422188808520635,
        0.09707983036835989,
        0.11649759883681933,
        0.07130613674720128,
        0.07362693126002948,
        0.056703524912397066,
        0.04896051337321599,
        0.04408350791782141,
        0.04484870204081138,
        0.043368080134193104,
        0.03680172410483162,
        0.02649596200014154,
        0.02641039645920197,
        0.026101822305160265,
        0.03129978254437447,
        0.02255811883757512,
        0.03171734344214201,
        0.03677959848816196,
        0.022901829363157353,
        0.01859325827099383,
        0.020854385398949186,
        0.010070523883526524,
        0.011350789262602726,
        0.011498230548265079,
        0.01209962818150719,
        0.012705849390476942,
        0.009169471201797326,
        0.01127614025414611,
        0.010818685218691827,
        0.008039922500029207,
        0.008394619845785201,
        0.008995487719463806,
        0.009217255050316453,
        0.007673482272851592,
        0.00826461090085407,
        0.004684107393647234,
        0.003860971805018683,
        0.00509704693686217,
        0.007204011528907965,
        0.005215639698629578,
        0.006711111811455339,
        0.004087196080945432,
        0.007492069931079944,
        0.004851852726036062,
        0.004575464983160297,
        0.008696180244442075,
        0.0038311595291209716,
        0.004219986378060033,
        0.005425227027929699,
        0.005350858811289072,
        0.007472564338240772,
        0.0028692281572148203,
        0.0026649656395117444,
        0.0022980133614813286,
        0.002646110626422645,
        0.002739292974971856,
        0.0031886910864462456,
        0.003794017937616445,
        0.002463991451077163,
        0.0022356244813029964,
        0.002137060653573523,
        0.002074466139310971,
        0.0023694898971977334,
        0.0021122476435266437,
        0.0016214605828281492,
        0.003320746571019602,
        0.0018755446537397802,
        0.0012926647497806699,
        0.002294985348513971,
        0.0016524370410479605,
        0.002357681086868979,
        0.0022448778230076036,
        0.001217186097528611,
        0.0012555067155820628,
        0.001188516632343332,
        0.0016545916839580362,
        0.0019753080550193166,
        0.0015987221132187793,
        0.000923275711829774,
        0.0017978319568404306,
        0.0010996252645175749,
        0.0016388628612427662,
        0.0010799987067002803,
        0.0011351917938251669,
        0.0012029339413857087,
        0.000919006436985607,
        0.0010834264986139411,
        0.0010243114127661101,
        0.0011009600624674932,
        0.0014692123671314523,
        0.0014461479455349035,
        0.0008873151644365862,
        0.0013137865942553617,
        0.0009267480335741614
    ],