{
    "test_accuracy": 0.25,
    "test_f1": 0.1,
    "train_accuracy_history": [
        0.2,
        0.21666666666666667,
        0.26666666666666666,
        0.25,
        0.18333333333333332,
        0.2,
        0.15,
        0.2,
        0.2,
        0.2,
        0.25,
        0.2,
        0.16666666666666666,
        0.11666666666666667,
        0.15,
        0.25,
        0.25,
        0.21666666666666667,
        0.21666666666666667,
        0.21666666666666667,
        0.2,
        0.13333333333333333,
        0.21666666666666667,
        0.18333333333333332,
        0.21666666666666667,
        0.21666666666666667,
        0.25,
        0.13333333333333333,
        0.25,
        0.23333333333333334,
        0.16666666666666666,
        0.21666666666666667,
        0.21666666666666667,
        0.21666666666666667,
        0.18333333333333332,
        0.25,
        0.21666666666666667,
        0.21666666666666667,
        0.23333333333333334,
        0.15,
        0.13333333333333333,
        0.2,
        0.18333333333333332,
        0.18333333333333332,
        0.25,
        0.21666666666666667,
        0.21666666666666667,
        0.23333333333333334,
        0.25,
        0.18333333333333332,
        0.25,
        0.18333333333333332,
        0.23333333333333334,
        0.25,
        0.18333333333333332,
        0.18333333333333332,
        0.21666666666666667,
        0.23333333333333334,
        0.21666666666666667,
        0.25,
        0.25,
        0.18333333333333332,
        0.16666666666666666,
        0.23333333333333334,
        0.23333333333333334,
        0.25,
        0.26666666666666666,
        0.21666666666666667,
        0.18333333333333332,
        0.23333333333333334,
        0.21666666666666667,
        0.16666666666666666,
        0.18333333333333332,
        0.21666666666666667,
        0.2,
        0.23333333333333334,
        0.13333333333333333,
        0.18333333333333332,
        0.21666666666666667,
        0.21666666666666667,
        0.21666666666666667,
        0.15,
        0.25,
        0.18333333333333332,
        0.25,
        0.18333333333333332,
        0.18333333333333332,
        0.25,
        0.2,
        0.2,
        0.21666666666666667,
        0.23333333333333334,
        0.2,
        0.21666666666666667,
        0.23333333333333334,
        0.11666666666666667,
        0.15,
        0.18333333333333332,
        0.18333333333333332,
        0.18333333333333332
    ],
    "val_accuracy_history": [
        0.2,
        0.2,
        0.25,
        0.25,
        0.2,
        0.25,
        0.25,
        0.25,
        0.25,
        0.2,
        0.2,
        0.25,
        0.2,
        0.25,
        0.25,
        0.25,
        0.25,
        0.25,
        0.2,
        0.2,
        0.25,
        0.25,
        0.25,
        0.25,
        0.2,
        0.25,
        0.2,
        0.25,
        0.25,
        0.2,
        0.25,
        0.25,
        0.2,
        0.2,
        0.25,
        0.25,
        0.25,
        0.2,
        0.2,
        0.25,
        0.25,
        0.2,
        0.25,
        0.2,
        0.2,
        0.25,
        0.25,
        0.2,
        0.25,
        0.25,
        0.25,
        0.25,
        0.2,
        0.25,
        0.2,
        0.25,
        0.2,
        0.25,
        0.25,
        0.2,
        0.25,
        0.25,
        0.25,
        0.2,
        0.2,
        0.25,
        0.2,
        0.25,
        0.2,
        0.25,
        0.2,
        0.2,
        0.25,
        0.25,
        0.25,
        0.25,
        0.25,
        0.25,
        0.25,
        0.25,
        0.25,
        0.25,
        0.2,
        0.25,
        0.25,
        0.25,
        0.25,
        0.2,
        0.2,
        0.25,
        0.25,
        0.25,
        0.25,
        0.2,
        0.25,
        0.25,
        0.25,
        0.2,
        0.25,
        0.25
    ],
    "train_loss_history": [
        0.3625904381275177,
        0.3484922707080841,
        0.3491843044757843,
        0.3511553903420766,
        0.35026780764261883,
        0.35087936917940776,
        0.34876023332277933,
        0.34998175303141277,
        0.3512955367565155,
        0.3491334497928619,
        0.3488640566666921,
        0.35005539457003276,
        0.35098934968312584,
        0.3493023157119751,
        0.34780051509539284,
        0.34978391925493874,
        0.34820430278778075,
        0.3479344586531321,
        0.34814061721165973,
        0.34753119150797523,
        0.3486767292022705,
        0.35037061174710593,
        0.3482679069042206,
        0.34958954056104025,
        0.34775687058766686,
        0.34772659142812096,
        0.34904959400494895,
        0.3497112234433492,
        0.34773729046185814,
        0.35255989829699197,
        0.3484299421310425,
        0.35250258644421895,
        0.3486693421999613,
        0.3486467162768046,
        0.34856284856796266,
        0.3487539172172546,
        0.34794820149739586,
        0.3479853868484497,
        0.34959330360094704,
        0.35042258103688556,
        0.3492130219936371,
        0.3522639016310374,
        0.34880387783050537,
        0.3486298660437266,
        0.34910834829012555,
        0.3503374934196472,
        0.3479949712753296,
        0.34993106325467427,
        0.34755732615788776,
        0.3499172786871592,
        0.35233959356943767,
        0.3480479657649994,
        0.3486411929130554,
        0.3482883771260579,
        0.34756687680880227,
        0.3493423600991567,
        0.34929670095443727,
        0.3491614580154419,
        0.34762580394744874,
        0.34835710922876995,
        0.347486674785614,
        0.34868945280710856,
        0.35028027892112734,
        0.347673112154007,
        0.3488570094108582,
        0.3496830662091573,
        0.34785787065823875,
        0.3488008956114451,
        0.3485189477602641,
        0.3519237657388051,
        0.34777822097142536,
        0.35021589398384095,
        0.35019068320592245,
        0.3492883781592051,
        0.3489957491556803,
        0.3489580531915029,
        0.35252315998077394,
        0.3500330448150635,
        0.3506619612375895,
        0.3488010028998057,
        0.34827426075935364,
        0.34864489634831747,
        0.3491092006365458,
        0.34806180198987324,
        0.34905754327774047,
        0.34857920606931053,
        0.34950338999430336,
        0.34815210700035093,
        0.35162192781766255,
        0.3509891351064046,
        0.3476151009400686,
        0.3503300428390503,
        0.3489834209283193,
        0.3490777492523193,
        0.3496309796969096,
        0.35097984671592714,
        0.3486651360988617,
        0.3489614168802897,
        0.35075602134068806,
        0.3490850985050201
    ],