{
    "test_accuracy": 0.7125,
    "test_f1": 0.7235588972431077,
    "train_accuracy_history": [
        0.2833333333333333,
        0.45,
        0.42083333333333334,
        0.4583333333333333,
        0.4375,
        0.45,
        0.42083333333333334,
        0.575,
        0.5166666666666667,
        0.5125,
        0.5916666666666667,
        0.575,
        0.6375,
        0.6208333333333333,
        0.6625,
        0.5541666666666667,
        0.6,
        0.6166666666666667,
        0.6458333333333334,
        0.6125,
        0.6291666666666667,
        0.6916666666666667,
        0.6208333333333333,
        0.6583333333333333,
        0.6041666666666666,
        0.625,
        0.675,
        0.6166666666666667,
        0.6583333333333333,
        0.6125,
        0.6458333333333334,
        0.6625,
        0.6708333333333333,
        0.6791666666666667,
        0.6875,
        0.65,
        0.7291666666666666,
        0.6708333333333333,
        0.65,
        0.6833333333333333,
        0.5166666666666667,
        0.6916666666666667,
        0.5875,
        0.6125,
        0.6375,
        0.6708333333333333,
        0.7166666666666667,
        0.7291666666666666,
        0.6291666666666667,
        0.6875,
        0.7041666666666667,
        0.7083333333333334,
        0.7666666666666667,
        0.775,
        0.7375,
        0.7416666666666667,
        0.8208333333333333,
        0.7583333333333333,
        0.7833333333333333,
        0.8208333333333333,
        0.8125,
        0.8458333333333333,
        0.825,
        0.8333333333333334,
        0.8416666666666667,
        0.75,
        0.7625,
        0.8083333333333333,
        0.8375,
        0.8625,
        0.8791666666666667,
        0.8333333333333334,
        0.85,
        0.8375,
        0.875,
        0.8166666666666667,
        0.8416666666666667,
        0.8458333333333333,
        0.8166666666666667,
        0.85,
        0.8958333333333334,
        0.8708333333333333,
        0.85,
        0.8708333333333333,
        0.825,
        0.8833333333333333,
        0.9041666666666667,
        0.9083333333333333,
        0.8916666666666667,
        0.8708333333333333,
        0.8416666666666667,
        0.9083333333333333,
        0.8916666666666667,
        0.9083333333333333,
        0.8916666666666667,
        0.8916666666666667,
        0.8666666666666667,
        0.8791666666666667,
        0.8708333333333333,
        0.8833333333333333
    ],
    "val_accuracy_history": [
        0.25,
        0.25,
        0.2875,
        0.25,
        0.425,
        0.3375,
        0.4,
        0.475,
        0.3625,
        0.3,
        0.35,
        0.3375,
        0.4625,
        0.3375,
        0.3625,
        0.4,
        0.525,
        0.5875,
        0.4375,
        0.4875,
        0.4375,
        0.35,
        0.55,
        0.525,
        0.475,
        0.4,
        0.5125,
        0.625,
        0.6,
        0.4625,
        0.25,
        0.5625,
        0.5,
        0.6,
        0.5875,
        0.5375,
        0.45,
        0.475,
        0.4,
        0.5375,
        0.5125,
        0.5125,
        0.25,
        0.475,
        0.4875,
        0.55,
        0.4625,
        0.625,
        0.325,
        0.6,
        0.5375,
        0.5,
        0.5,
        0.5625,
        0.575,
        0.5875,
        0.5,
        0.5,
        0.5875,
        0.6375,
        0.6375,
        0.5875,
        0.55,
        0.5375,
        0.6625,
        0.425,
        0.5,
        0.55,
        0.575,
        0.4125,
        0.55,
        0.6,
        0.4,
        0.6,
        0.5625,
        0.5375,
        0.4,
        0.2875,
        0.6625,
        0.375,
        0.6125,
        0.5875,
        0.5125,
        0.6375,
        0.525,
        0.65,
        0.7,
        0.575,
        0.4625,
        0.4875,
        0.725,
        0.6125,
        0.45,
        0.4875,
        0.5875,
        0.6,
        0.575,
        0.3375,
        0.4,
        0.4
    ],
    "train_loss_history": [
        0.3440369158983231,
        0.31881635238726935,
        0.32091086680690445,
        0.30537168805797893,
        0.29622442250450454,
        0.2984512597322464,
        0.2935026062031587,
        0.262146803115805,
        0.27056312511364616,
        0.26539625401298206,
        0.23696812223643066,
        0.24832700329522292,
        0.22198814246803522,
        0.20045325979590417,
        0.19051657598465682,
        0.24336191316445668,
        0.2208084320028623,
        0.2104476339183748,
        0.2008372971167167,
        0.1891909137989084,
        0.2166544858366251,
        0.2117618627846241,
        0.21686467776695886,
        0.1778270710259676,
        0.2091556888073683,
        0.20063803183535736,
        0.19215620110432308,
        0.20549500708778698,
        0.1791397220765551,
        0.195394370953242,
        0.16910881170382103,
        0.19122967235743998,
        0.17989541105926038,
        0.17477177120745183,
        0.17283570027599732,
        0.17547642427186172,
        0.15662035600592691,
        0.18650044432530802,
        0.19569345929970344,
        0.18716955396036308,
        0.24384685804446538,
        0.18819494675844908,
        0.24273191373795272,
        0.21879906188696624,
        0.1893439962839087,
        0.1770205141045153,
        0.18055018465965986,
        0.15579813830554484,
        0.2223943868651986,
        0.18068931403880317,
        0.172321444687744,
        0.16874473815162977,
        0.17121491680542628,
        0.1616446079686284,
        0.14506823319631318,
        0.14788363836705684,
        0.13089703479781747,
        0.1707672396985193,
        0.15389256191750367,
        0.14152241665869952,
        0.13528275802576292,
        0.11716546575383593,
        0.14813184870096543,
        0.11804870027117431,
        0.1192285009038945,
        0.17568206842212628,
        0.16483770413324236,
        0.13673056857660412,
        0.1363855257630348,
        0.10765742501049923,
        0.09751574075780808,
        0.13543049045062314,
        0.11607964381886025,
        0.1296915454013894,
        0.09681426119059325,
        0.14243881101720035,
        0.11411901322814326,
        0.11492910420347471,
        0.15411804118193687,
        0.1205689196009189,
        0.0970091731986031,
        0.10516185603725413,
        0.11142025656687717,
        0.09979556515948691,
        0.12829379586910364,
        0.10247971559874713,
        0.08908536867238581,
        0.08597763922686379,
        0.08950448144945161,
        0.11862642722553574,
        0.1274824218339442,
        0.07604813565073225,
        0.08659557919600047,
        0.08588139101339039,
        0.08551592621855282,
        0.08395441983593628,
        0.09472149144761109,
        0.09610950944722087,
        0.11211468320495138,
        0.09144002234485621
    ],