{
    "test_accuracy": 0.4,
    "test_f1": 0.38181818181818183,
    "train_accuracy_history": [
        0.4222222222222222,
        0.7555555555555555,
        0.8,
        0.8666666666666667,
        0.8666666666666667,
        0.9333333333333333,
        0.9111111111111111,
        0.9777777777777777,
        0.9333333333333333,
        1.0,
        1.0,
        1.0,
        1.0,
        1.0,
        1.0,
        1.0,
        1.0,
        1.0,
        1.0,
        1.0,
        0.9777777777777777,
        1.0,
        0.9777777777777777,
        0.9777777777777777,
        1.0,
        0.9777777777777777,
        1.0,
        1.0,
        1.0,
        1.0,
        1.0,
        1.0,
        1.0,
        1.0,
        1.0,
        1.0,
        1.0,
        1.0,
        1.0,
        1.0,
        1.0,
        1.0,
        1.0,
        1.0,
        1.0,
        1.0,
        1.0,
        1.0,
        1.0,
        1.0,
        1.0,
        1.0,
        1.0,
        1.0,
        1.0,
        1.0,
        1.0,
        1.0,
        1.0,
        1.0,
        1.0,
        1.0,
        1.0,
        1.0,
        1.0,
        1.0,
        1.0,
        1.0,
        1.0,
        1.0,
        1.0,
        1.0,
        1.0,
        1.0,
        1.0,
        1.0,
        1.0,
        1.0,
        1.0,
        1.0,
        1.0,
        1.0,
        1.0,
        1.0,
        1.0,
        1.0,
        1.0,
        1.0,
        1.0,
        1.0,
        1.0,
        1.0,
        1.0,
        1.0,
        1.0,
        1.0,
        1.0,
        0.9777777777777777,
        1.0,
        0.9555555555555556
    ],
    "val_accuracy_history": [
        0.5333333333333333,
        0.2,
        0.2,
        0.6666666666666666,
        0.5333333333333333,
        0.5333333333333333,
        0.5333333333333333,
        0.5333333333333333,
        0.6666666666666666,
        0.26666666666666666,
        0.3333333333333333,
        0.6666666666666666,
        0.6,
        0.5333333333333333,
        0.6666666666666666,
        0.5333333333333333,
        0.6,
        0.6666666666666666,
        0.4,
        0.2,
        0.2,
        0.2,
        0.6,
        0.5333333333333333,
        0.5333333333333333,
        0.2,
        0.2,
        0.2,
        0.5333333333333333,
        0.6,
        0.26666666666666666,
        0.3333333333333333,
        0.4666666666666667,
        0.5333333333333333,
        0.4,
        0.6666666666666666,
        0.4666666666666667,
        0.3333333333333333,
        0.4,
        0.5333333333333333,
        0.6666666666666666,
        0.6666666666666666,
        0.6,
        0.6,
        0.5333333333333333,
        0.5333333333333333,
        0.6,
        0.5333333333333333,
        0.5333333333333333,
        0.7333333333333333,
        0.8,
        0.7333333333333333,
        0.6666666666666666,
        0.5333333333333333,
        0.4,
        0.5333333333333333,
        0.26666666666666666,
        0.4666666666666667,
        0.6666666666666666,
        0.5333333333333333,
        0.6666666666666666,
        0.26666666666666666,
        0.26666666666666666,
        0.5333333333333333,
        0.5333333333333333,
        0.5333333333333333,
        0.2,
        0.26666666666666666,
        0.7333333333333333,
        0.26666666666666666,
        0.6,
        0.2,
        0.26666666666666666,
        0.2,
        0.2,
        0.6,
        0.6666666666666666,
        0.6666666666666666,
        0.6666666666666666,
        0.7333333333333333,
        0.26666666666666666,
        0.5333333333333333,
        0.4666666666666667,
        0.7333333333333333,
        0.7333333333333333,
        0.5333333333333333,
        0.6,
        0.6,
        0.5333333333333333,
        0.6,
        0.2,
        0.5333333333333333,
        0.6666666666666666,
        0.7333333333333333,
        0.6666666666666666,
        0.6666666666666666,
        0.2,
        0.26666666666666666,
        0.5333333333333333,
        0.2
    ],
    "train_loss_history": [
        0.2902295298046536,
        0.1881933503680759,
        0.14351305531130898,
        0.13383602367507086,
        0.10581154508723153,
        0.09786717891693116,
        0.06938996066649755,
        0.045016985138257345,
        0.05535688698291778,
        0.031633280879921385,
        0.027611333276662563,
        0.023964286057485476,
        0.018292185250255798,
        0.014681335083312458,
        0.013790928199887276,
        0.010380052198241983,
        0.008162615272319979,
        0.010808717449092203,
        0.015361045300960541,
        0.013004855946120289,
        0.014418539239300622,
        0.006050275421390931,
        0.03829027297389176,
        0.01700480743828747,
        0.01698353149824672,
        0.013329029166036182,
        0.005636578839686181,
        0.009422686835750937,
        0.006901001151547664,
        0.009070390897492567,
        0.003816864316144751,
        0.0035184609186318183,
        0.003486547613930371,
        0.0034547378516031637,
        0.002707665517098374,
        0.004086654271102614,
        0.003996070257077614,
        0.002184344882455965,
        0.0032195093763423047,
        0.002310459985811677,
        0.00200294119422324,
        0.002148630180292659,
        0.0011435958194649881,
        0.0012642590406661232,
        0.0015957010289033254,
        0.0017692453667728437,
        0.0011191832419070933,
        0.0008635773659787245,
        0.0010203552587578694,
        0.0012367791599697537,
        0.0010292137892166566,
        0.0009737697598110471,
        0.0009795542521816162,
        0.0006409885797539674,
        0.0005795460957516399,
        0.0010565235188955235,
        0.0007386495902513465,
        0.0007017465993865497,
        0.0009976394668531916,
        0.0019460423002278225,
        0.0007080924215390244,
        0.0016247944291939752,
        0.0008085051874837113,
        0.0006360312859113845,
        0.000585408363905218,
        0.0005525041513869331,
        0.0027230344725669257,
        0.0014707060524314227,
        0.001301964363341944,
        0.0008014924452355546,
        0.000707449722621176,
        0.0016044780728407203,
        0.0005608492340090581,
        0.0006596310400507516,
        0.0004925216638690067,
        0.0006193161566948725,
        0.0008467954033727033,
        0.0007507853992542045,
        0.0007880734221544117,
        0.00041875078216738377,
        0.0006777836449651254,
        0.0004736193759729051,
        0.000394151247059603,
        0.00045543239814125827,
        0.0003273681310626368,
        0.0005970220974025627,
        0.00025670775923774473,
        0.00032375095987744216,
        0.00038296838368599614,
        0.0004974082707323962,
        0.0004960922514631723,
        0.000390774616951401,
        0.0003308072142923872,
        0.0003372040637057378,
        0.0003328484098245907,
        0.00026413187539825835,
        0.009307262153662224,
        0.00868842672660119,
        0.013176893018600014,
        0.043805624632578755
    ],