{
    "test_accuracy": 0.3,
    "test_f1": 0.18434343434343436,
    "train_accuracy_history": [
        0.26666666666666666,
        0.23333333333333334,
        0.35,
        0.3,
        0.3333333333333333,
        0.4666666666666667,
        0.5,
        0.6,
        0.48333333333333334,
        0.65,
        0.6,
        0.6833333333333333,
        0.5166666666666667,
        0.75,
        0.6666666666666666,
        0.7666666666666667,
        0.8833333333333333,
        0.8333333333333334,
        0.8666666666666667,
        0.8166666666666667,
        0.9,
        0.95,
        0.9333333333333333,
        0.9333333333333333,
        0.9666666666666667,
        0.95,
        0.8166666666666667,
        0.9,
        0.85,
        0.95,
        0.9833333333333333,
        1.0,
        1.0,
        1.0,
        1.0,
        1.0,
        1.0,
        1.0,
        1.0,
        1.0,
        1.0,
        1.0,
        1.0,
        1.0,
        1.0,
        1.0,
        1.0,
        1.0,
        1.0,
        1.0,
        1.0,
        1.0,
        1.0,
        1.0,
        1.0,
        1.0,
        1.0,
        1.0,
        1.0,
        1.0,
        1.0,
        1.0,
        1.0,
        1.0,
        1.0,
        1.0,
        1.0,
        1.0,
        1.0,
        1.0,
        1.0,
        1.0,
        1.0,
        1.0,
        1.0,
        1.0,
        1.0,
        1.0,
        1.0,
        1.0,
        1.0,
        1.0,
        1.0,
        1.0,
        1.0,
        1.0,
        1.0,
        1.0,
        1.0,
        1.0,
        1.0,
        1.0,
        1.0,
        1.0,
        1.0,
        1.0,
        1.0,
        1.0,
        1.0,
        1.0
    ],
    "val_accuracy_history": [
        0.3,
        0.25,
        0.2,
        0.3,
        0.3,
        0.25,
        0.3,
        0.3,
        0.3,
        0.3,
        0.25,
        0.25,
        0.25,
        0.25,
        0.25,
        0.25,
        0.45,
        0.3,
        0.35,
        0.4,
        0.45,
        0.45,
        0.35,
        0.35,
        0.55,
        0.3,
        0.25,
        0.35,
        0.3,
        0.4,
        0.5,
        0.35,
        0.35,
        0.35,
        0.35,
        0.35,
        0.35,
        0.35,
        0.35,
        0.35,
        0.35,
        0.35,
        0.35,
        0.35,
        0.35,
        0.35,
        0.35,
        0.35,
        0.35,
        0.35,
        0.35,
        0.35,
        0.35,
        0.35,
        0.35,
        0.35,
        0.35,
        0.35,
        0.35,
        0.35,
        0.35,
        0.35,
        0.35,
        0.35,
        0.35,
        0.35,
        0.35,
        0.35,
        0.35,
        0.35,
        0.35,
        0.35,
        0.35,
        0.35,
        0.35,
        0.35,
        0.35,
        0.35,
        0.35,
        0.35,
        0.35,
        0.35,
        0.35,
        0.35,
        0.35,
        0.35,
        0.35,
        0.35,
        0.35,
        0.35,
        0.35,
        0.35,
        0.35,
        0.35,
        0.35,
        0.35,
        0.35,
        0.4,
        0.4,
        0.35
    ],
    "train_loss_history": [
        69.14103005727132,
        24.048262190818786,
        16.606608810027442,
        8.234031756718954,
        3.3816296617190043,
        1.7887399702022473,
        1.33198439515351,
        0.8230966902158495,
        0.9059773754949371,
        0.6240352357310864,
        0.3091502348892391,
        0.519558778909656,
        0.5849874168634415,
        0.208565960607181,
        0.3057880807667971,
        0.2203743747784756,
        0.08130760259615878,
        0.17769046172810096,
        0.12212648797018726,
        0.11905120989928643,
        0.05984420549551336,
        0.03941504945008394,
        0.039947955139602226,
        0.045342972571961584,
        0.04613522900375149,
        0.03620467869041022,
        0.08881158128885241,
        0.09757754574141776,
        0.13580359558109195,
        0.039796067797215076,
        0.018193697427341247,
        0.0031807996766777553,
        0.0024752478163766983,
        0.0020369078250951135,
        0.0016901536694300982,
        0.0013543453009333462,
        0.003013154333651376,
        0.002180310866727571,
        0.001999580477903843,
        0.001466307317605242,
        0.0011764930044591893,
        0.0017253454164044039,
        0.0009759770255186595,
        0.001751885413978016,
        0.00121751796832541,
        0.0011541848076982812,
        0.0011615768550351884,
        0.0009802093559187596,
        0.0008647288872452918,
        0.0007516733618103899,
        0.001000814347450311,
        0.0008518532757686141,
        0.0009407542300323257,
        0.0007239093227932851,
        0.000790977434371598,
        0.0010022876037207122,
        0.0007945380795717938,
        0.000704098837498653,
        0.0008025939496292267,
        0.0007206324837170542,
        0.0006387893581025612,
        0.0007470865690265782,
        0.0005412201309809462,
        0.0007063698405545438,
        0.0009044428701296662,
        0.0005103252896636452,
        0.0007138947602167415,
        0.0007144795442097044,
        0.0006914307707120316,
        0.0004329288730787084,
        0.0005417832740628607,
        0.0005799617948468949,
        0.000531027374987995,
        0.0006773875042199506,
        0.000520915513819394,
        0.0004695320041112912,
        0.0007056037735310383,
        0.0004493221232526897,
        0.0005007361357759995,
        0.0003904665216396097,
        0.0005055118291541779,
        0.00032294611943749864,
        0.0004255095385209036,
        0.00047878275812157276,
        0.00044674676387330693,
        0.0004630946010972063,
        0.0005849343815498287,
        0.00036073032582256324,
        0.0005112895928808332,
        0.0003376573995410581,
        0.00033983254640285545,
        0.0004054444192358157,
        0.0003492546940227233,
        0.0003262165175328846,
        0.00035409657008737366,
        0.00030962821656430604,
        0.0003021404848974877,
        0.0005627849153825082,
        0.0003468754633407419,
        0.0003869616288284305
    ],