{
    "test_accuracy": 0.6625,
    "test_f1": 0.6774274571960887,
    "train_accuracy_history": [
        0.2916666666666667,
        0.3875,
        0.36666666666666664,
        0.4625,
        0.4583333333333333,
        0.44166666666666665,
        0.5125,
        0.4583333333333333,
        0.4875,
        0.4625,
        0.5416666666666666,
        0.49583333333333335,
        0.5208333333333334,
        0.5125,
        0.5125,
        0.525,
        0.5208333333333334,
        0.5583333333333333,
        0.5791666666666667,
        0.6375,
        0.5791666666666667,
        0.6166666666666667,
        0.6416666666666667,
        0.675,
        0.6583333333333333,
        0.7458333333333333,
        0.7166666666666667,
        0.65,
        0.6666666666666666,
        0.775,
        0.75,
        0.7166666666666667,
        0.7541666666666667,
        0.8291666666666667,
        0.7541666666666667,
        0.7291666666666666,
        0.7791666666666667,
        0.8458333333333333,
        0.8625,
        0.825,
        0.7958333333333333,
        0.7958333333333333,
        0.8541666666666666,
        0.8416666666666667,
        0.8958333333333334,
        0.85,
        0.8166666666666667,
        0.8208333333333333,
        0.8083333333333333,
        0.8083333333333333,
        0.8041666666666667,
        0.8083333333333333,
        0.8458333333333333,
        0.85,
        0.8958333333333334,
        0.8708333333333333,
        0.7708333333333334,
        0.85,
        0.8583333333333333,
        0.8666666666666667,
        0.8625,
        0.9041666666666667,
        0.8541666666666666,
        0.8666666666666667,
        0.8791666666666667,
        0.8916666666666667,
        0.8916666666666667,
        0.8333333333333334,
        0.825,
        0.8375,
        0.8708333333333333,
        0.9,
        0.9041666666666667,
        0.8083333333333333,
        0.8708333333333333,
        0.8625,
        0.8625,
        0.875,
        0.8458333333333333,
        0.9,
        0.8625,
        0.8916666666666667,
        0.9041666666666667,
        0.8916666666666667,
        0.9,
        0.8666666666666667,
        0.8791666666666667,
        0.8916666666666667,
        0.8875,
        0.8833333333333333,
        0.8875,
        0.8541666666666666,
        0.9,
        0.9,
        0.9083333333333333,
        0.9041666666666667,
        0.9291666666666667,
        0.8166666666666667,
        0.8916666666666667,
        0.9041666666666667
    ],
    "val_accuracy_history": [
        0.25,
        0.25,
        0.325,
        0.275,
        0.325,
        0.25,
        0.25,
        0.35,
        0.25,
        0.45,
        0.3,
        0.275,
        0.425,
        0.2875,
        0.4,
        0.325,
        0.375,
        0.2375,
        0.425,
        0.2875,
        0.3875,
        0.425,
        0.3875,
        0.25,
        0.3875,
        0.5125,
        0.5125,
        0.5,
        0.4375,
        0.4375,
        0.4,
        0.4125,
        0.6375,
        0.25,
        0.3,
        0.4375,
        0.3875,
        0.5,
        0.325,
        0.3375,
        0.6125,
        0.65,
        0.5875,
        0.5375,
        0.6375,
        0.65,
        0.4625,
        0.625,
        0.5375,
        0.6125,
        0.625,
        0.6125,
        0.625,
        0.65,
        0.5375,
        0.2875,
        0.425,
        0.65,
        0.625,
        0.6,
        0.575,
        0.4,
        0.5625,
        0.375,
        0.525,
        0.5125,
        0.425,
        0.55,
        0.4625,
        0.4375,
        0.6875,
        0.6125,
        0.6125,
        0.6,
        0.6875,
        0.4125,
        0.6375,
        0.625,
        0.7125,
        0.675,
        0.6125,
        0.6875,
        0.7,
        0.7125,
        0.6625,
        0.6875,
        0.6375,
        0.7125,
        0.6875,
        0.45,
        0.3,
        0.425,
        0.6625,
        0.4,
        0.4625,
        0.675,
        0.6375,
        0.3125,
        0.6,
        0.6
    ],
    "train_loss_history": [
        0.3525062784552574,
        0.32310405174891155,
        0.3224773628016313,
        0.2969410782059034,
        0.30263110995292664,
        0.29808572977781295,
        0.28762093037366865,
        0.30955273682872453,
        0.3009979546070099,
        0.2993114866316319,
        0.29172374357779823,
        0.2950206033885479,
        0.28919567093253135,
        0.28458910435438156,
        0.29252668221791583,
        0.28049100016554196,
        0.2857448600232601,
        0.273634235560894,
        0.26937854339679085,
        0.23154299023250738,
        0.25136493196090065,
        0.2381021815041701,
        0.22785073773314554,
        0.2060949596265952,
        0.23633461631834507,
        0.17416503125180802,
        0.20821563610807062,
        0.20572648930052917,
        0.21843793522566557,
        0.16435659391184648,
        0.19006371339783074,
        0.1919637130573392,
        0.1677486965743204,
        0.13801298309117555,
        0.18092426372071108,
        0.18495405099044243,
        0.15949238821243247,
        0.12879390077820668,
        0.1218816020525992,
        0.13243407781701536,
        0.16310197630276282,
        0.1577529469349732,
        0.12110066552801678,
        0.1432718339531372,
        0.1029156787165751,
        0.1317235804667386,
        0.1447412343385319,
        0.14332834941645464,
        0.15473599140532315,
        0.15668177098656694,
        0.14363674638637652,
        0.15037743415062627,
        0.12922304165549575,
        0.13399413493461906,
        0.0968008567035819,
        0.10728443048428744,
        0.17322070747613907,
        0.1354766698088497,
        0.12719963879014054,
        0.1167551249731332,
        0.11689632759662345,
        0.09467688402704273,
        0.14406317158136517,
        0.1190597673257192,
        0.11473109903745353,
        0.10597480298796048,
        0.09174913484991218,
        0.12844680659472943,
        0.16518906744119402,
        0.13826142366354663,
        0.1085229859202324,
        0.09388120660247902,
        0.09614776284142863,
        0.15331561816856265,
        0.0931799088915189,
        0.11147506963073586,
        0.11142248310497962,
        0.10686201783828438,
        0.12359385949093848,
        0.1043124760578697,
        0.1032346709582877,
        0.07627130457549355,
        0.08633012004817525,
        0.08855410899268464,
        0.09953786842913057,
        0.11222444131659964,
        0.09097283044829965,
        0.09677582357544452,
        0.08654565992183053,
        0.09659428552064735,
        0.0920720579335466,
        0.1085019110100499,
        0.09180349425393312,
        0.08356529355514794,
        0.08489613492274657,
        0.08501593782469476,
        0.06818146441073622,
        0.14051503813825547,
        0.10076688983050795,
        0.092848181015385
    ],