{
    "test_accuracy": 0.4666666666666667,
    "test_f1": 0.4707070707070707,
    "train_accuracy_history": [
        0.4,
        0.5333333333333333,
        0.7777777777777778,
        0.8222222222222222,
        0.8,
        0.8222222222222222,
        0.8666666666666667,
        0.8888888888888888,
        0.8666666666666667,
        0.9111111111111111,
        0.9555555555555556,
        0.9555555555555556,
        0.9333333333333333,
        0.9777777777777777,
        1.0,
        1.0,
        1.0,
        1.0,
        1.0,
        1.0,
        1.0,
        1.0,
        1.0,
        1.0,
        1.0,
        1.0,
        1.0,
        1.0,
        1.0,
        1.0,
        1.0,
        1.0,
        1.0,
        1.0,
        1.0,
        1.0,
        1.0,
        1.0,
        1.0,
        1.0,
        1.0,
        1.0,
        1.0,
        1.0,
        1.0,
        1.0,
        1.0,
        1.0,
        1.0,
        1.0,
        1.0,
        1.0,
        1.0,
        1.0,
        1.0,
        1.0,
        1.0,
        1.0,
        1.0,
        1.0,
        1.0,
        1.0,
        1.0,
        1.0,
        1.0,
        1.0,
        1.0,
        1.0,
        1.0,
        1.0,
        1.0,
        1.0,
        1.0,
        1.0,
        1.0,
        1.0,
        1.0,
        1.0,
        1.0,
        1.0,
        1.0,
        1.0,
        1.0,
        1.0,
        1.0,
        1.0,
        1.0,
        1.0,
        1.0,
        1.0,
        1.0,
        1.0,
        1.0,
        1.0,
        1.0,
        1.0,
        1.0,
        1.0,
        1.0,
        1.0
    ],
    "val_accuracy_history": [
        0.13333333333333333,
        0.13333333333333333,
        0.13333333333333333,
        0.4,
        0.13333333333333333,
        0.2,
        0.13333333333333333,
        0.2,
        0.4666666666666667,
        0.13333333333333333,
        0.2,
        0.4666666666666667,
        0.4666666666666667,
        0.4,
        0.4666666666666667,
        0.4666666666666667,
        0.4666666666666667,
        0.13333333333333333,
        0.13333333333333333,
        0.4666666666666667,
        0.4,
        0.2,
        0.6,
        0.5333333333333333,
        0.4666666666666667,
        0.26666666666666666,
        0.6666666666666666,
        0.4666666666666667,
        0.4,
        0.3333333333333333,
        0.26666666666666666,
        0.4,
        0.3333333333333333,
        0.3333333333333333,
        0.6,
        0.6,
        0.4666666666666667,
        0.4,
        0.13333333333333333,
        0.06666666666666667,
        0.4666666666666667,
        0.4666666666666667,
        0.5333333333333333,
        0.4,
        0.6,
        0.6666666666666666,
        0.4,
        0.4666666666666667,
        0.3333333333333333,
        0.4666666666666667,
        0.4666666666666667,
        0.3333333333333333,
        0.26666666666666666,
        0.6666666666666666,
        0.6,
        0.4666666666666667,
        0.6,
        0.3333333333333333,
        0.6,
        0.4,
        0.3333333333333333,
        0.5333333333333333,
        0.5333333333333333,
        0.3333333333333333,
        0.3333333333333333,
        0.6,
        0.4666666666666667,
        0.6666666666666666,
        0.5333333333333333,
        0.4,
        0.4,
        0.4666666666666667,
        0.5333333333333333,
        0.6,
        0.3333333333333333,
        0.26666666666666666,
        0.4,
        0.2,
        0.4,
        0.6,
        0.4,
        0.5333333333333333,
        0.5333333333333333,
        0.4,
        0.5333333333333333,
        0.6666666666666666,
        0.3333333333333333,
        0.6,
        0.6,
        0.6,
        0.6666666666666666,
        0.4666666666666667,
        0.5333333333333333,
        0.4666666666666667,
        0.6,
        0.6,
        0.6666666666666666,
        0.6,
        0.3333333333333333,
        0.3333333333333333
    ],
    "train_loss_history": [
        0.307802767223782,
        0.24939414196544224,
        0.1954736676481035,
        0.1605437994003296,
        0.14188333286179436,
        0.12756720847553676,
        0.10994393825531006,
        0.09952693598137961,
        0.1341952661673228,
        0.09370098180241054,
        0.08078980214065976,
        0.07608650028705596,
        0.057921139068073696,
        0.05280950301223331,
        0.040438485145568845,
        0.038799850311544204,
        0.038619202458196215,
        0.030289154830906127,
        0.042797495590315926,
        0.030958888100253212,
        0.029614289270506966,
        0.022231560283237032,
        0.018424607854750422,
        0.016656996164884832,
        0.015593887658582793,
        0.01221906916341848,
        0.011779842217866746,
        0.019154678160945574,
        0.011430205818679597,
        0.009208347048196527,
        0.009932133141491148,
        0.008502566607462035,
        0.009840197737018268,
        0.009799156110319826,
        0.009564841238574848,
        0.008963078695038955,
        0.006604322320264247,
        0.004693875192768044,
        0.0067198720657163195,
        0.00782259762701061,
        0.005888982264635464,
        0.003795491124037653,
        0.004703916340238519,
        0.004696346071755721,
        0.003616743203666475,
        0.003918977852703796,
        0.0038917203123370807,
        0.003731756460749441,
        0.0036570690365301237,
        0.004110113055341773,
        0.002952192873797483,
        0.0033484302383537095,
        0.003101461437634296,
        0.003444444155320525,
        0.003895450931870275,
        0.00265829747206428,
        0.0029408448479241794,
        0.0032758873680399526,
        0.002323141140449378,
        0.0031538270155174863,
        0.0023561613815319205,
        0.0023943363637146022,
        0.0020579996570530864,
        0.001623725052922964,
        0.0022155099341438877,
        0.002147757727652788,
        0.002239483398281866,
        0.0017119062236613698,
        0.003312299493700266,
        0.0023551878622836537,
        0.002240131681578027,
        0.0020999182740019428,
        0.001882532528705067,
        0.001143220002349052,
        0.0013289307037161456,
        0.0017842595336130924,
        0.001381082765551077,
        0.0017077824204332298,
        0.001161797740496695,
        0.0012539374525658785,
        0.001970438084875544,
        0.0010978047735989093,
        0.001133013858149449,
        0.0012343009856219092,
        0.0011082360986620187,
        0.0015925230762352132,
        0.0011176967062056064,
        0.0007058221711001048,
        0.0009597637600058483,
        0.0009695975174609985,
        0.0009775557128402093,
        0.0012730428871388236,
        0.0011234678961854015,
        0.0006719913023213545,
        0.0008000891940254304,
        0.0007175589445978404,
        0.0006963296418285204,
        0.0008224084766374694,
        0.0007734930854187244,
        0.0011692299662778775
    ],