{
    "test_accuracy": 0.65,
    "test_f1": 0.6639448410674825,
    "train_accuracy_history": [
        0.31666666666666665,
        0.44166666666666665,
        0.44166666666666665,
        0.5458333333333333,
        0.5,
        0.575,
        0.5916666666666667,
        0.6208333333333333,
        0.6208333333333333,
        0.6625,
        0.7083333333333334,
        0.6916666666666667,
        0.7166666666666667,
        0.725,
        0.7375,
        0.7916666666666666,
        0.7708333333333334,
        0.7333333333333333,
        0.7791666666666667,
        0.8166666666666667,
        0.8458333333333333,
        0.8416666666666667,
        0.875,
        0.8333333333333334,
        0.8708333333333333,
        0.8583333333333333,
        0.9083333333333333,
        0.8375,
        0.8833333333333333,
        0.9041666666666667,
        0.875,
        0.8625,
        0.9,
        0.8583333333333333,
        0.8875,
        0.8708333333333333,
        0.875,
        0.925,
        0.9125,
        0.9125,
        0.8916666666666667,
        0.925,
        0.9,
        0.9041666666666667,
        0.925,
        0.8875,
        0.9166666666666666,
        0.8958333333333334,
        0.8916666666666667,
        0.9333333333333333,
        0.925,
        0.9291666666666667,
        0.9,
        0.9541666666666667,
        0.9208333333333333,
        0.9166666666666666,
        0.9333333333333333,
        0.9625,
        0.9541666666666667,
        0.9416666666666667,
        0.9458333333333333,
        0.925,
        0.9666666666666667,
        0.9416666666666667,
        0.9375,
        0.9083333333333333,
        0.9166666666666666,
        0.9125,
        0.95,
        0.9625,
        0.9541666666666667,
        0.9458333333333333,
        0.9375,
        0.9791666666666666,
        0.8666666666666667,
        0.9166666666666666,
        0.9291666666666667,
        0.9375,
        0.9666666666666667,
        0.95,
        0.95,
        0.975,
        0.9375,
        0.9166666666666666,
        0.9333333333333333,
        0.9625,
        0.9458333333333333,
        0.9625,
        0.9666666666666667,
        0.9625,
        0.9833333333333333,
        0.975,
        0.9583333333333334,
        0.9708333333333333,
        0.95,
        0.925,
        0.9041666666666667,
        0.8875,
        0.9458333333333333,
        0.9666666666666667
    ],
    "val_accuracy_history": [
        0.25,
        0.3375,
        0.425,
        0.375,
        0.3125,
        0.4875,
        0.4625,
        0.3875,
        0.4,
        0.3375,
        0.45,
        0.4625,
        0.4125,
        0.425,
        0.5375,
        0.475,
        0.425,
        0.425,
        0.425,
        0.5375,
        0.5875,
        0.5125,
        0.575,
        0.3875,
        0.375,
        0.4625,
        0.3,
        0.4875,
        0.425,
        0.4125,
        0.425,
        0.25,
        0.4,
        0.5625,
        0.45,
        0.25,
        0.4375,
        0.65,
        0.575,
        0.675,
        0.6875,
        0.575,
        0.5875,
        0.4125,
        0.6125,
        0.4875,
        0.25,
        0.425,
        0.4375,
        0.6375,
        0.575,
        0.4125,
        0.4125,
        0.6625,
        0.6625,
        0.6375,
        0.6875,
        0.575,
        0.5375,
        0.5,
        0.475,
        0.6875,
        0.725,
        0.675,
        0.6,
        0.6125,
        0.575,
        0.6875,
        0.6625,
        0.6625,
        0.65,
        0.6625,
        0.6875,
        0.6125,
        0.4375,
        0.6,
        0.6625,
        0.625,
        0.6,
        0.725,
        0.7125,
        0.6,
        0.5375,
        0.45,
        0.6,
        0.6875,
        0.725,
        0.4875,
        0.675,
        0.675,
        0.6875,
        0.675,
        0.675,
        0.6375,
        0.575,
        0.575,
        0.2875,
        0.4125,
        0.6,
        0.5625
    ],
    "train_loss_history": [
        0.3449391377468904,
        0.28249912758668266,
        0.2570337444543839,
        0.24583955866595109,
        0.25548634169002377,
        0.2405194751918316,
        0.2279956765472889,
        0.2242329268405835,
        0.21767593088249365,
        0.19123027563715975,
        0.185275817119206,
        0.18083731868925193,
        0.16104381751889985,
        0.16752466786808023,
        0.16437832315762838,
        0.14485186353946725,
        0.15348188485950232,
        0.16661994906608016,
        0.15325871367628377,
        0.1258069758672112,
        0.11330460033689936,
        0.12286867491008403,
        0.1058073740103282,
        0.10456679128013396,
        0.09127017566546176,
        0.11114645928610116,
        0.07336267175257187,
        0.11611127063515596,
        0.09200749158044345,
        0.07885919946505358,
        0.08809987886149126,
        0.11055684656603262,
        0.07874652231112123,
        0.10230036283658896,
        0.09617516785122765,
        0.08306373864324997,
        0.08532959709312611,
        0.06524065452006957,
        0.07276786999039662,
        0.08304322353406614,
        0.08378436683948773,
        0.06351348248501078,
        0.09060051656949024,
        0.06711127885840446,
        0.06423408950768135,
        0.08948300682144085,
        0.06702781213922814,
        0.07893252664556107,
        0.07710902260684331,
        0.05449264830773851,
        0.04880777069556643,
        0.048939047130602376,
        0.07408169509241512,
        0.04074269132203578,
        0.056545182307885015,
        0.06285010295299193,
        0.04359534129301513,
        0.03489350058225682,
        0.04034957792385422,
        0.042092385399155316,
        0.03992037478535622,
        0.05051635243598866,
        0.026055404077836405,
        0.04763197512615989,
        0.03465637023260986,
        0.07944638830649638,
        0.0631045191786446,
        0.07254852978033645,
        0.038522832910287734,
        0.02715435115104962,
        0.04340733344649076,
        0.03512870094831063,
        0.03585372390942894,
        0.031018088717435905,
        0.14397406636605106,
        0.06489308485057942,
        0.04172107333749106,
        0.05031226762948791,
        0.037670111703209844,
        0.032776379549492654,
        0.029152481143016,
        0.024585355048812586,
        0.04901885644987184,
        0.061627001978759685,
        0.05319169494486952,
        0.03609376424497555,
        0.04132336707194403,
        0.023585251819652816,
        0.03682605304438174,
        0.025861688783621516,
        0.020161327592980054,
        0.023211020764081998,
        0.02593115069532246,
        0.026546241695205985,
        0.04289168573774672,
        0.044989423023061664,
        0.06786557828605642,
        0.10131716220342545,
        0.04106819222830988,
        0.019856625129098877
    ],