{
    "test_accuracy": 0.3,
    "test_f1": 0.28055555555555556,
    "train_accuracy_history": [
        0.2833333333333333,
        0.26666666666666666,
        0.25,
        0.36666666666666664,
        0.5666666666666667,
        0.6166666666666667,
        0.65,
        0.7666666666666667,
        0.8833333333333333,
        0.9666666666666667,
        0.9833333333333333,
        0.9833333333333333,
        1.0,
        1.0,
        1.0,
        1.0,
        0.9833333333333333,
        1.0,
        1.0,
        1.0,
        1.0,
        1.0,
        1.0,
        1.0,
        1.0,
        1.0,
        1.0,
        1.0,
        1.0,
        1.0,
        1.0,
        1.0,
        1.0,
        1.0,
        1.0,
        1.0,
        1.0,
        1.0,
        1.0,
        1.0,
        1.0,
        1.0,
        1.0,
        1.0,
        1.0,
        1.0,
        1.0,
        1.0,
        1.0,
        1.0,
        1.0,
        1.0,
        1.0,
        1.0,
        1.0,
        1.0,
        1.0,
        1.0,
        1.0,
        1.0,
        1.0,
        1.0,
        1.0,
        1.0,
        1.0,
        1.0,
        1.0,
        1.0,
        1.0,
        1.0,
        1.0,
        1.0,
        1.0,
        1.0,
        1.0,
        1.0,
        1.0,
        1.0,
        1.0,
        1.0,
        1.0,
        1.0,
        1.0,
        1.0,
        1.0,
        1.0,
        1.0,
        1.0,
        1.0,
        1.0,
        1.0,
        1.0,
        1.0,
        1.0,
        1.0,
        1.0,
        1.0,
        1.0,
        1.0,
        1.0
    ],
    "val_accuracy_history": [
        0.25,
        0.05,
        0.05,
        0.4,
        0.4,
        0.4,
        0.4,
        0.4,
        0.05,
        0.3,
        0.3,
        0.3,
        0.3,
        0.05,
        0.3,
        0.3,
        0.3,
        0.35,
        0.4,
        0.4,
        0.4,
        0.4,
        0.4,
        0.4,
        0.45,
        0.45,
        0.25,
        0.25,
        0.4,
        0.35,
        0.4,
        0.4,
        0.4,
        0.4,
        0.35,
        0.45,
        0.2,
        0.25,
        0.3,
        0.3,
        0.35,
        0.35,
        0.1,
        0.3,
        0.35,
        0.4,
        0.5,
        0.45,
        0.25,
        0.5,
        0.5,
        0.4,
        0.5,
        0.2,
        0.1,
        0.3,
        0.5,
        0.4,
        0.1,
        0.1,
        0.1,
        0.4,
        0.45,
        0.55,
        0.55,
        0.55,
        0.5,
        0.45,
        0.4,
        0.3,
        0.35,
        0.4,
        0.4,
        0.4,
        0.45,
        0.25,
        0.25,
        0.4,
        0.3,
        0.05,
        0.15,
        0.1,
        0.25,
        0.45,
        0.3,
        0.2,
        0.4,
        0.25,
        0.4,
        0.2,
        0.05,
        0.3,
        0.4,
        0.45,
        0.35,
        0.35,
        0.45,
        0.45,
        0.2,
        0.45
    ],
    "train_loss_history": [
        0.3615277071793874,
        0.3547310610612234,
        0.3504444420337677,
        0.33085580468177794,
        0.2934265563885371,
        0.26047717134157816,
        0.22855024139086405,
        0.19394671072562536,
        0.1493882601459821,
        0.11916845093170801,
        0.09729810133576393,
        0.08189564198255539,
        0.06451362520456314,
        0.05300106468300025,
        0.04102138218780359,
        0.037311387186249094,
        0.03351630469163259,
        0.027093965436021487,
        0.023630803388853868,
        0.01966991350054741,
        0.018132124717036884,
        0.017491535749286413,
        0.013370720048745474,
        0.014638855308294296,
        0.01429509169732531,
        0.012367316583792368,
        0.010758754921456178,
        0.009776853832105796,
        0.007588095311075449,
        0.006929321105902394,
        0.006994285698359211,
        0.008168009420235952,
        0.007042116454492013,
        0.005185127165168524,
        0.00542694735340774,
        0.005284436807657281,
        0.006251419490824143,
        0.00410975309399267,
        0.004992491782953342,
        0.004128762955466906,
        0.00484970131268104,
        0.003993898397311568,
        0.0036359844962134957,
        0.0029712162368620435,
        0.0038533743393297,
        0.003020375392710169,
        0.002962976080986361,
        0.0025163634059329827,
        0.0031899208552204072,
        0.0024785173280785482,
        0.002728870262702306,
        0.0025122226565144957,
        0.001993529358878732,
        0.001967746310401708,
        0.002275111324464281,
        0.0018768374342471362,
        0.0021167325011144083,
        0.0021802084520459175,
        0.0020773291044558087,
        0.00173833555697153,
        0.0019612574018538,
        0.0018913451892634233,
        0.0015674395874763528,
        0.0015105449749777714,
        0.0013592799077741802,
        0.001362835398564736,
        0.0014629164633030692,
        0.0013384719262830914,
        0.0013897228326338032,
        0.0013182839572740098,
        0.0011600270537504306,
        0.0012204241356812418,
        0.0010721307053851584,
        0.0010966543418665727,
        0.0012278171915871402,
        0.0011937374869982402,
        0.001136863996119549,
        0.0009309702203609049,
        0.0010044815271006277,
        0.00122402182702596,
        0.001081849333907788,
        0.0009737189024842034,
        0.0010428903178156665,
        0.000793859539165472,
        0.0007756117110451062,
        0.0007423607496699939,
        0.0008525809952213119,
        0.0007791555971683313,
        0.0007109233876690269,
        0.0007402963587082922,
        0.0006658673461060971,
        0.0008488037332426756,
        0.0007497600726007174,
        0.0005721368041122332,
        0.0008053211912435169,
        0.0006766734761185945,
        0.0007235658529680222,
        0.0006439549188750486,
        0.0005849878070876002,
        0.0006325838156044483
    ],