{
    "test_accuracy": 0.25,
    "test_f1": 0.1,
    "train_accuracy_history": [
        0.25,
        0.25,
        0.25,
        0.20833333333333334,
        0.24166666666666667,
        0.19166666666666668,
        0.19166666666666668,
        0.225,
        0.2,
        0.25,
        0.21666666666666667,
        0.225,
        0.2,
        0.22083333333333333,
        0.25,
        0.22916666666666666,
        0.20416666666666666,
        0.20833333333333334,
        0.2125,
        0.22083333333333333,
        0.225,
        0.22083333333333333,
        0.17916666666666667,
        0.22916666666666666,
        0.2,
        0.24166666666666667,
        0.225,
        0.20833333333333334,
        0.1875,
        0.2375,
        0.22083333333333333,
        0.24583333333333332,
        0.20833333333333334,
        0.23333333333333334,
        0.23333333333333334,
        0.20833333333333334,
        0.20416666666666666,
        0.21666666666666667,
        0.22916666666666666,
        0.23333333333333334,
        0.225,
        0.22083333333333333,
        0.21666666666666667,
        0.22083333333333333,
        0.19583333333333333,
        0.21666666666666667,
        0.21666666666666667,
        0.24583333333333332,
        0.1875,
        0.2125,
        0.1875,
        0.24166666666666667,
        0.2,
        0.22916666666666666,
        0.20833333333333334,
        0.24166666666666667,
        0.24166666666666667,
        0.2,
        0.24166666666666667,
        0.23333333333333334,
        0.2125,
        0.18333333333333332,
        0.22083333333333333,
        0.225,
        0.19583333333333333,
        0.22916666666666666,
        0.1875,
        0.23333333333333334,
        0.175,
        0.19166666666666668,
        0.2,
        0.2,
        0.20416666666666666,
        0.20416666666666666,
        0.22916666666666666,
        0.2,
        0.1875,
        0.2375,
        0.2125,
        0.20833333333333334,
        0.2125,
        0.23333333333333334,
        0.2125,
        0.20416666666666666,
        0.2125,
        0.22083333333333333,
        0.225,
        0.2375,
        0.20416666666666666,
        0.2375,
        0.22916666666666666,
        0.2375,
        0.23333333333333334,
        0.21666666666666667,
        0.19583333333333333,
        0.15416666666666667,
        0.225,
        0.21666666666666667,
        0.2375,
        0.20833333333333334
    ],
    "val_accuracy_history": [
        0.25,
        0.25,
        0.25,
        0.25,
        0.25,
        0.25,
        0.25,
        0.25,
        0.25,
        0.25,
        0.25,
        0.25,
        0.25,
        0.25,
        0.25,
        0.25,
        0.25,
        0.25,
        0.25,
        0.25,
        0.25,
        0.25,
        0.25,
        0.25,
        0.25,
        0.25,
        0.25,
        0.25,
        0.25,
        0.25,
        0.25,
        0.25,
        0.25,
        0.25,
        0.25,
        0.25,
        0.25,
        0.25,
        0.25,
        0.25,
        0.25,
        0.25,
        0.25,
        0.25,
        0.25,
        0.25,
        0.25,
        0.25,
        0.25,
        0.25,
        0.25,
        0.25,
        0.25,
        0.25,
        0.25,
        0.25,
        0.25,
        0.25,
        0.25,
        0.25,
        0.25,
        0.25,
        0.25,
        0.25,
        0.25,
        0.25,
        0.25,
        0.25,
        0.25,
        0.25,
        0.25,
        0.25,
        0.25,
        0.25,
        0.25,
        0.25,
        0.25,
        0.25,
        0.25,
        0.25,
        0.25,
        0.25,
        0.25,
        0.25,
        0.25,
        0.25,
        0.25,
        0.25,
        0.25,
        0.25,
        0.25,
        0.25,
        0.25,
        0.25,
        0.25,
        0.25,
        0.25,
        0.25,
        0.25,
        0.25
    ],
    "train_loss_history": [
        0.35081637104352315,
        0.34829993546009064,
        0.34771348486344017,
        0.3476733441154162,
        0.34815830141305926,
        0.34732340822617214,
        0.34775948425134023,
        0.34814839959144595,
        0.34760139137506485,
        0.3475894838571548,
        0.3477281828721364,
        0.3480237712462743,
        0.34734750042359036,
        0.34715269058942794,
        0.3476954693595568,
        0.3477716356515884,
        0.34779768586158755,
        0.34794014890988667,
        0.34765412161747616,
        0.3474003712336222,
        0.3472825283805529,
        0.3478175724546115,
        0.3479700277249018,
        0.3471754123767217,
        0.3474790468811989,
        0.3477942690253258,
        0.3476356272896131,
        0.3476532513896624,
        0.3482079709569613,
        0.34766107201576235,
        0.3478839894135793,
        0.3475293626387914,
        0.3475932250420252,
        0.34745629926522575,
        0.3478888173898061,
        0.3473802442351977,
        0.3471716418862343,
        0.34710428714752195,
        0.3475573495030403,
        0.34777466555436454,
        0.347326905031999,
        0.3478864848613739,
        0.3472945625583331,
        0.34749531745910645,
        0.34771458705266317,
        0.34820821434259414,
        0.347608611981074,
        0.34734235852956774,
        0.3485057716568311,
        0.3489160930116971,
        0.3477512096365293,
        0.34722581654787066,
        0.3475624114274979,
        0.3474171722928683,
        0.34766407310962677,
        0.34792200376590093,
        0.3480162228147189,
        0.3475390801827113,
        0.3471117506424586,
        0.34750802367925643,
        0.34782348523537315,
        0.34742254416147866,
        0.34747131218512856,
        0.3473835860689481,
        0.34777601063251495,
        0.34764074434836706,
        0.3474065581957499,
        0.34764348020156227,
        0.34735488643248874,
        0.3479615643620491,
        0.3480555603901545,
        0.3477570801973343,
        0.3479539821545283,
        0.3475364789366722,
        0.3473647192120552,
        0.3479019671678543,
        0.34759610096613563,
        0.34794425865014394,
        0.34784891506036125,
        0.3474005391200384,
        0.3483322362105052,
        0.3472818578282992,
        0.3474880144000053,
        0.3475689083337784,
        0.34746649612983066,
        0.34856181740760805,
        0.3474591126044591,
        0.34741957833369574,
        0.3474021504322688,
        0.34761938999096553,
        0.34766321033239367,
        0.3471420561273893,
        0.3480514074365298,
        0.34769513706366223,
        0.3476366932193438,
        0.34767209390799203,
        0.3472160557905833,
        0.34738169262806573,
        0.34740378757317864,
        0.3472245012720426
    ],