{
    "test_accuracy": 0.5875,
    "test_f1": 0.5951571282308448,
    "train_accuracy_history": [
        0.26666666666666666,
        0.37916666666666665,
        0.3958333333333333,
        0.4041666666666667,
        0.475,
        0.5458333333333333,
        0.48333333333333334,
        0.5875,
        0.5458333333333333,
        0.6708333333333333,
        0.6333333333333333,
        0.6583333333333333,
        0.6875,
        0.6375,
        0.6625,
        0.6666666666666666,
        0.7,
        0.6125,
        0.7541666666666667,
        0.7625,
        0.7291666666666666,
        0.7875,
        0.6875,
        0.7291666666666666,
        0.7916666666666666,
        0.7583333333333333,
        0.8541666666666666,
        0.8625,
        0.875,
        0.85,
        0.8458333333333333,
        0.7916666666666666,
        0.8791666666666667,
        0.8708333333333333,
        0.8291666666666667,
        0.8333333333333334,
        0.8916666666666667,
        0.8791666666666667,
        0.9166666666666666,
        0.8791666666666667,
        0.8916666666666667,
        0.8375,
        0.8583333333333333,
        0.7041666666666667,
        0.8791666666666667,
        0.8625,
        0.8875,
        0.9291666666666667,
        0.9291666666666667,
        0.9416666666666667,
        0.95,
        0.9458333333333333,
        0.95,
        0.9333333333333333,
        0.8958333333333334,
        0.7666666666666667,
        0.5375,
        0.5125,
        0.7666666666666667,
        0.8958333333333334,
        0.9208333333333333,
        0.9291666666666667,
        0.9375,
        0.9125,
        0.9083333333333333,
        0.9458333333333333,
        0.9458333333333333,
        0.9416666666666667,
        0.9583333333333334,
        0.9708333333333333,
        0.9541666666666667,
        0.9583333333333334,
        0.9625,
        0.9708333333333333,
        0.9625,
        0.9666666666666667,
        0.9583333333333334,
        0.9791666666666666,
        0.9791666666666666,
        0.9541666666666667,
        0.8916666666666667,
        0.8916666666666667,
        0.9208333333333333,
        0.925,
        0.9458333333333333,
        0.9375,
        0.9625,
        0.9666666666666667,
        0.9833333333333333,
        0.9833333333333333,
        0.9875,
        0.9875,
        0.9833333333333333,
        0.9833333333333333,
        0.9958333333333333,
        0.975,
        0.9958333333333333,
        0.9916666666666667,
        0.975,
        0.8541666666666666
    ],
    "val_accuracy_history": [
        0.2875,
        0.325,
        0.25,
        0.425,
        0.375,
        0.4125,
        0.425,
        0.4125,
        0.5125,
        0.4625,
        0.4125,
        0.5125,
        0.4625,
        0.3625,
        0.475,
        0.5125,
        0.55,
        0.5,
        0.55,
        0.55,
        0.5375,
        0.4625,
        0.475,
        0.4875,
        0.5125,
        0.6,
        0.5625,
        0.625,
        0.5875,
        0.5,
        0.6,
        0.5875,
        0.575,
        0.5625,
        0.6125,
        0.6,
        0.575,
        0.5875,
        0.65,
        0.575,
        0.5375,
        0.575,
        0.575,
        0.5875,
        0.625,
        0.65,
        0.625,
        0.6375,
        0.6375,
        0.625,
        0.625,
        0.65,
        0.6,
        0.5625,
        0.6125,
        0.5125,
        0.325,
        0.5125,
        0.5875,
        0.6,
        0.625,
        0.6,
        0.6,
        0.625,
        0.6375,
        0.65,
        0.65,
        0.65,
        0.6125,
        0.625,
        0.625,
        0.65,
        0.6375,
        0.6125,
        0.65,
        0.6375,
        0.625,
        0.65,
        0.625,
        0.65,
        0.5875,
        0.625,
        0.6375,
        0.6375,
        0.575,
        0.6375,
        0.6375,
        0.65,
        0.6125,
        0.6375,
        0.625,
        0.6125,
        0.6375,
        0.6125,
        0.6,
        0.6,
        0.6375,
        0.6625,
        0.575,
        0.45
    ],
    "train_loss_history": [
        7.894704047590494,
        0.506018941104412,
        0.38906429409980775,
        0.37178439379980166,
        0.31318870882193245,
        0.2664013460278511,
        0.3070211268340548,
        0.2594480775607129,
        0.2494784075456361,
        0.2010506081394851,
        0.2420811344558994,
        0.21025436126316588,
        0.19431743649765848,
        0.25331418768813213,
        0.2214420212743183,
        0.18998725878385206,
        0.20412469549725454,
        0.25222460031509397,
        0.17126471223309636,
        0.16587477078816543,
        0.1528025277890265,
        0.15036062522170443,
        0.22699158596030125,
        0.18217290502119188,
        0.14101873594724262,
        0.16103060661504667,
        0.11979384839069099,
        0.10569541205962499,
        0.1025882161455229,
        0.1066282089566812,
        0.12065435193168621,
        0.14300190666690468,
        0.09683419802070906,
        0.09287924280458053,
        0.12189259900090595,
        0.11880752489281197,
        0.09712183489464224,
        0.08739582431735471,
        0.08565867894600766,
        0.09578267556365366,
        0.09519309061191356,
        0.133052851112249,
        0.1256047910660224,
        0.3433786243214854,
        0.11651316386802743,
        0.09541910222275571,
        0.09521443874109536,
        0.07518650828448396,
        0.06299665053957142,
        0.05358270186504039,
        0.04003981030449116,
        0.043828204038679056,
        0.04404447584796192,
        0.059381123819427256,
        0.08970567861433665,
        0.20726203566919138,
        2.493120035789131,
        1.2334489846214032,
        0.1824264061326782,
        0.09826372550354184,
        0.07459373935125768,
        0.06537098818225787,
        0.0631684883905109,
        0.06259115230835353,
        0.06916004932718352,
        0.047825521499665534,
        0.04072699710377492,
        0.046572206399287094,
        0.03898384653342267,
        0.036770247485037544,
        0.030981508643890265,
        0.043904544352699304,
        0.026253610337153076,
        0.029911822638132433,
        0.026515079709497513,
        0.02707309132045642,
        0.0296881266233866,
        0.0211638704128139,
        0.023092479255865328,
        0.04411816397969233,
        0.08925622001515876,
        0.08451946360971002,
        0.055242242772995574,
        0.0596219502562235,
        0.08197443042893914,
        0.046751810905825406,
        0.02793522370120627,
        0.025961931108455853,
        0.014515188700685636,
        0.01242461015729835,
        0.011333743403160195,
        0.01468881309510787,
        0.012951245295926127,
        0.009528383181456471,
        0.006773453002385092,
        0.01162153907495546,
        0.0076343684594273025,
        0.006019199589906066,
        0.017582400036126464,
        0.26791602828387795
    ],