{
    "test_accuracy": 0.55,
    "test_f1": 0.5504329004329004,
    "train_accuracy_history": [
        0.38333333333333336,
        0.7333333333333333,
        0.8666666666666667,
        0.9666666666666667,
        0.95,
        1.0,
        1.0,
        1.0,
        1.0,
        0.9833333333333333,
        0.9833333333333333,
        1.0,
        0.9833333333333333,
        1.0,
        1.0,
        1.0,
        1.0,
        1.0,
        1.0,
        0.9833333333333333,
        1.0,
        0.9833333333333333,
        1.0,
        1.0,
        1.0,
        1.0,
        1.0,
        1.0,
        1.0,
        1.0,
        1.0,
        1.0,
        1.0,
        1.0,
        1.0,
        1.0,
        1.0,
        1.0,
        1.0,
        1.0,
        1.0,
        1.0,
        1.0,
        1.0,
        1.0,
        1.0,
        1.0,
        1.0,
        1.0,
        1.0,
        1.0,
        1.0,
        1.0,
        1.0,
        1.0,
        1.0,
        1.0,
        1.0,
        1.0,
        1.0,
        1.0,
        1.0,
        1.0,
        1.0,
        1.0,
        1.0,
        1.0,
        1.0,
        0.95,
        0.95,
        0.8333333333333334,
        0.9,
        0.9666666666666667,
        0.9833333333333333,
        0.9666666666666667,
        0.9833333333333333,
        0.9833333333333333,
        0.9833333333333333,
        1.0,
        1.0,
        1.0,
        1.0,
        1.0,
        1.0,
        1.0,
        1.0,
        1.0,
        1.0,
        1.0,
        1.0,
        1.0,
        1.0,
        1.0,
        1.0,
        1.0,
        1.0,
        1.0,
        1.0,
        1.0,
        1.0
    ],
    "val_accuracy_history": [
        0.25,
        0.25,
        0.25,
        0.4,
        0.25,
        0.35,
        0.4,
        0.4,
        0.45,
        0.4,
        0.25,
        0.35,
        0.25,
        0.3,
        0.35,
        0.4,
        0.5,
        0.55,
        0.5,
        0.4,
        0.35,
        0.25,
        0.25,
        0.55,
        0.45,
        0.3,
        0.3,
        0.55,
        0.5,
        0.5,
        0.55,
        0.45,
        0.5,
        0.45,
        0.55,
        0.6,
        0.65,
        0.3,
        0.5,
        0.45,
        0.55,
        0.5,
        0.55,
        0.6,
        0.55,
        0.55,
        0.45,
        0.5,
        0.5,
        0.5,
        0.5,
        0.5,
        0.55,
        0.45,
        0.45,
        0.5,
        0.5,
        0.6,
        0.5,
        0.25,
        0.25,
        0.5,
        0.45,
        0.5,
        0.5,
        0.5,
        0.5,
        0.65,
        0.25,
        0.25,
        0.25,
        0.25,
        0.3,
        0.4,
        0.15,
        0.35,
        0.35,
        0.35,
        0.6,
        0.65,
        0.6,
        0.6,
        0.55,
        0.55,
        0.55,
        0.55,
        0.55,
        0.35,
        0.4,
        0.5,
        0.55,
        0.5,
        0.5,
        0.5,
        0.5,
        0.5,
        0.5,
        0.5,
        0.55,
        0.5
    ],
    "train_loss_history": [
        0.3745491594076157,
        0.2014644647638003,
        0.12525855352481205,
        0.06193330306559801,
        0.050931179088850816,
        0.014402390581866105,
        0.011777565519635876,
        0.005518159204317878,
        0.007839971516902248,
        0.008038173635335018,
        0.009031382133252918,
        0.006607976311352104,
        0.005964696364632497,
        0.0025629026039193075,
        0.0015198609403644999,
        0.0012787938088877127,
        0.001066572466515936,
        0.0005333296144575191,
        0.0005300126159757686,
        0.006140244499935458,
        0.0031308877863921226,
        0.00709621304704342,
        0.0031090336303653504,
        0.0014688964583911002,
        0.0016631035270014158,
        0.002668715345983704,
        0.0008891991543350741,
        0.0015157324574829544,
        0.0015342783270170912,
        0.0009801244615421942,
        0.0005930620058885931,
        0.0002614682311104843,
        0.0003506184761742285,
        0.0016526114365357596,
        0.0001391207304550335,
        0.00020308123785071076,
        0.00020604481069312895,
        0.001637480866338592,
        0.0017874258589775612,
        0.00034513253801075433,
        0.0003397185888995106,
        0.00014589053062081804,
        0.000342164653314588,
        0.0001399953576765256,
        0.00011112853656716956,
        0.0002512987738252074,
        0.00016677772994929305,
        0.00011364804086042569,
        9.373356733703986e-05,
        0.00013563732851859338,
        5.993655674198332e-05,
        4.519573055101015e-05,
        0.0002562566696118059,
        5.4767209470204155e-05,
        0.00011574120489967754,
        3.3089574814463654e-05,
        5.568142332776915e-05,
        0.000129996164135567,
        3.499202666716883e-05,
        0.0007790363708409132,
        0.0002608804197734571,
        0.00031447781293536536,
        6.248161953408271e-05,
        9.274552870313831e-05,
        5.3085434895668486e-05,
        0.00031541197195110725,
        8.908384807000402e-05,
        0.0024246283840814917,
        0.015498077023463945,
        0.061133125455429156,
        0.13701823639372984,
        0.07415604005048711,
        0.01992722580131764,
        0.024479439478212347,
        0.016712584092844433,
        0.025242640146097985,
        0.006385430320854842,
        0.005835158648248277,
        0.0012885633589273008,
        0.002258971045959394,
        0.0014560459033721902,
        0.000990788258551826,
        0.00029811405856889906,
        0.00032016766135711805,
        0.0004831969239755078,
        0.0008084401434833428,
        0.00013486846719388268,
        0.001467974045453957,
        0.00015769289812700055,
        0.000497875504959211,
        0.00021741327365063512,
        8.612755568719877e-05,
        0.0002173774599062502,
        0.00012693416026271127,
        0.0001027753929292885,
        4.905786836009914e-05,
        0.00010949636573513999,
        0.0001979347505766782,
        0.0003940016408402395,
        3.651582356762143e-05
    ],