{
    "test_accuracy": 0.4,
    "test_f1": 0.4171428571428571,
    "train_accuracy_history": [
        0.21333333333333335,
        0.4533333333333333,
        0.6666666666666666,
        0.7733333333333333,
        0.8666666666666667,
        0.8933333333333333,
        0.9066666666666666,
        0.9066666666666666,
        0.9466666666666667,
        0.9733333333333334,
        0.96,
        0.96,
        1.0,
        1.0,
        1.0,
        1.0,
        0.9733333333333334,
        1.0,
        1.0,
        1.0,
        1.0,
        1.0,
        1.0,
        1.0,
        1.0,
        1.0,
        1.0,
        1.0,
        1.0,
        1.0,
        1.0,
        1.0,
        1.0,
        1.0,
        1.0,
        1.0,
        1.0,
        1.0,
        1.0,
        1.0,
        1.0,
        1.0,
        1.0,
        1.0,
        1.0,
        1.0,
        1.0,
        1.0,
        1.0,
        1.0,
        1.0,
        1.0,
        1.0,
        1.0,
        1.0,
        1.0,
        1.0,
        1.0,
        1.0,
        1.0,
        1.0,
        1.0,
        1.0,
        1.0,
        1.0,
        1.0,
        1.0,
        1.0,
        1.0,
        1.0,
        1.0,
        1.0,
        1.0,
        1.0,
        1.0,
        1.0,
        1.0,
        1.0,
        1.0,
        1.0,
        1.0,
        1.0,
        1.0,
        1.0,
        1.0,
        1.0,
        1.0,
        1.0,
        1.0,
        1.0,
        1.0,
        1.0,
        1.0,
        1.0,
        1.0,
        1.0,
        1.0,
        1.0,
        1.0,
        1.0
    ],
    "val_accuracy_history": [
        0.2,
        0.2,
        0.16,
        0.16,
        0.16,
        0.32,
        0.28,
        0.16,
        0.16,
        0.16,
        0.16,
        0.16,
        0.16,
        0.16,
        0.16,
        0.16,
        0.2,
        0.16,
        0.4,
        0.32,
        0.36,
        0.36,
        0.4,
        0.28,
        0.36,
        0.32,
        0.16,
        0.4,
        0.48,
        0.36,
        0.2,
        0.16,
        0.32,
        0.4,
        0.48,
        0.4,
        0.44,
        0.32,
        0.4,
        0.16,
        0.24,
        0.4,
        0.28,
        0.4,
        0.16,
        0.32,
        0.48,
        0.44,
        0.4,
        0.36,
        0.4,
        0.2,
        0.36,
        0.36,
        0.4,
        0.44,
        0.4,
        0.4,
        0.4,
        0.44,
        0.4,
        0.4,
        0.32,
        0.36,
        0.44,
        0.44,
        0.48,
        0.4,
        0.44,
        0.4,
        0.48,
        0.4,
        0.4,
        0.44,
        0.4,
        0.36,
        0.36,
        0.44,
        0.4,
        0.4,
        0.44,
        0.4,
        0.4,
        0.4,
        0.44,
        0.4,
        0.4,
        0.4,
        0.36,
        0.32,
        0.28,
        0.32,
        0.4,
        0.44,
        0.44,
        0.36,
        0.32,
        0.36,
        0.44,
        0.44
    ],
    "train_loss_history": [
        0.43360729694366457,
        0.32989184141159056,
        0.2521634880701701,
        0.20067755937576293,
        0.15357140819231668,
        0.12895707607269288,
        0.1301074423392614,
        0.11711082061131796,
        0.08562788168589273,
        0.0644540199637413,
        0.051386220902204516,
        0.039400372356176376,
        0.03395055457949638,
        0.0217703196251144,
        0.015109702683985234,
        0.017526381835341453,
        0.021179346106946467,
        0.009819803610444069,
        0.009227875458697478,
        0.006039624229694406,
        0.007587415395925443,
        0.006431706771254539,
        0.005010341176142295,
        0.004772261058290799,
        0.005699914131934444,
        0.0038099218936016163,
        0.004798499131575227,
        0.005358432742456595,
        0.0036752854629109304,
        0.0027837007648001113,
        0.0030390754279990993,
        0.0034419075942908723,
        0.002481808077233533,
        0.003364979869996508,
        0.0017813670728355647,
        0.002687106056449314,
        0.0024050419273165366,
        0.0016174624084184567,
        0.0014661968033760787,
        0.0014191441618216535,
        0.003184806047938764,
        0.0022351821325719357,
        0.0021892523059311012,
        0.0013265038266157111,
        0.0020199880360936124,
        0.0010753612557891756,
        0.0009489458558770517,
        0.0014660892775282264,
        0.001038373059515531,
        0.0006638074658500651,
        0.0010751805687323212,
        0.0011187819271193196,
        0.0008582859408731262,
        0.001056588803573201,
        0.0011076751436727742,
        0.0008335106167942285,
        0.0006896031469417115,
        0.0007071590916408847,
        0.000660291351377964,
        0.0007238077783646683,
        0.0005961272702552378,
        0.0007344021380413324,
        0.0007040094613330438,
        0.0005901618020531411,
        0.0006289608380757272,
        0.0005701821305168172,
        0.0004452829551883042,
        0.0004513734090141952,
        0.0005761518275054793,
        0.0005284831682608153,
        0.0009273944112161795,
        0.00048756438734320304,
        0.0006002551691684251,
        0.0005269063712330535,
        0.0004190407084145894,
        0.0005772684646459917,
        0.0005023240953839073,
        0.00041989686743666726,
        0.0002983694837894291,
        0.00034412932426979145,
        0.00035858804107798885,
        0.00032329531493208684,
        0.0004677923673686261,
        0.00032898449406881504,
        0.0002955462282989174,
        0.0002912565510875235,
        0.0003122730676356393,
        0.0002598050271626562,
        0.0013386014065084359,
        0.00027373025135602803,
        0.0004870169704857593,
        0.0003649028421690067,
        0.00024914703739341347,
        0.0001652750621724408,
        0.00021276583128686374,
        0.00021515797338603684,
        0.0001866836167755537,
        0.00021074822347145528,
        0.0002391825862772142,
        0.00014111185950847963
    ],