{
    "test_accuracy": 0.6,
    "test_f1": 0.5833333333333333,
    "train_accuracy_history": [
        0.5,
        0.7,
        0.8333333333333334,
        0.7666666666666667,
        0.9,
        0.9333333333333333,
        0.9666666666666667,
        0.9666666666666667,
        1.0,
        1.0,
        1.0,
        1.0,
        1.0,
        1.0,
        1.0,
        1.0,
        1.0,
        1.0,
        1.0,
        1.0,
        1.0,
        1.0,
        1.0,
        1.0,
        1.0,
        1.0,
        1.0,
        1.0,
        1.0,
        1.0,
        1.0,
        1.0,
        1.0,
        1.0,
        1.0,
        1.0,
        1.0,
        1.0,
        1.0,
        1.0,
        1.0,
        1.0,
        1.0,
        1.0,
        1.0,
        1.0,
        1.0,
        1.0,
        1.0,
        1.0,
        1.0,
        1.0,
        1.0,
        1.0,
        1.0,
        1.0,
        1.0,
        1.0,
        1.0,
        1.0,
        1.0,
        1.0,
        1.0,
        1.0,
        1.0,
        1.0,
        1.0,
        1.0,
        1.0,
        1.0,
        1.0,
        1.0,
        1.0,
        1.0,
        1.0,
        1.0,
        1.0,
        1.0,
        1.0,
        1.0,
        1.0,
        1.0,
        1.0,
        1.0,
        1.0,
        1.0,
        1.0,
        1.0,
        1.0,
        1.0,
        1.0,
        1.0,
        1.0,
        1.0,
        1.0,
        1.0,
        1.0,
        1.0,
        1.0,
        1.0
    ],
    "val_accuracy_history": [
        0.5,
        0.5,
        0.5,
        0.5,
        0.5,
        0.5,
        0.5,
        0.5,
        0.5,
        0.5,
        0.4,
        0.6,
        0.5,
        0.5,
        0.5,
        0.5,
        0.7,
        0.8,
        0.7,
        0.6,
        0.7,
        0.6,
        0.7,
        0.7,
        0.6,
        0.7,
        0.8,
        0.8,
        0.8,
        0.9,
        0.8,
        0.8,
        0.8,
        0.9,
        0.9,
        0.7,
        0.8,
        0.8,
        0.8,
        0.7,
        0.8,
        0.8,
        0.7,
        0.8,
        0.7,
        1.0,
        0.6,
        0.6,
        0.8,
        0.7,
        0.8,
        0.8,
        0.6,
        0.8,
        0.7,
        0.7,
        0.8,
        0.7,
        0.7,
        0.6,
        0.6,
        0.6,
        0.6,
        0.6,
        0.8,
        0.8,
        0.7,
        0.7,
        0.6,
        0.7,
        0.7,
        0.7,
        0.8,
        0.8,
        0.8,
        0.8,
        0.8,
        0.9,
        0.9,
        0.8,
        0.7,
        0.9,
        0.9,
        0.7,
        0.7,
        0.7,
        0.8,
        0.8,
        0.8,
        0.7,
        0.8,
        0.8,
        0.8,
        0.8,
        0.8,
        0.8,
        0.8,
        0.8,
        0.7,
        0.7
    ],
    "train_loss_history": [
        0.22085127035776775,
        0.15207159121831257,
        0.12391863564650217,
        0.10881369660298029,
        0.07993303289016088,
        0.07493776927391688,
        0.03687559838096301,
        0.02890596923728784,
        0.020565398782491685,
        0.01773115595181783,
        0.012730443912247816,
        0.015293694287538528,
        0.01994422214726607,
        0.016205608348051705,
        0.01327847105761369,
        0.01710771918296814,
        0.012018286002178987,
        0.006286325429876645,
        0.004585005529224873,
        0.004955164405206839,
        0.006102967339878281,
        0.004977725415180127,
        0.004749505695266028,
        0.004662868628899256,
        0.0036611001162479323,
        0.002755222919707497,
        0.002585100580472499,
        0.0025523890430728595,
        0.003691610647365451,
        0.002820287039503455,
        0.0020899674855172634,
        0.0022962688002735377,
        0.0018006385265228648,
        0.002569513573932151,
        0.0024638512016584477,
        0.0016962088954945405,
        0.001446921572399636,
        0.0014488893328234553,
        0.0014088020465957622,
        0.001948864272950838,
        0.0016537029994651675,
        0.0014648658102184224,
        0.0008707557028780381,
        0.0009811421817479034,
        0.000887346015466998,
        0.0015475200721994042,
        0.001352495785492162,
        0.001183088899900516,
        0.0010491743489789466,
        0.0008400742003383736,
        0.0012082547259827455,
        0.0007285164746766289,
        0.0009875285904854536,
        0.001241041081569468,
        0.000527560562477447,
        0.0005223462823778391,
        0.0015260168622868756,
        0.0008878598164301366,
        0.0008056702208705246,
        0.000748752718209289,
        0.0007813163480022922,
        0.0006471000049108019,
        0.0009049342246726155,
        0.00039119278662838044,
        0.0004375470511149615,
        0.0005089901659327249,
        0.0008111326809739694,
        0.0005439378893546139,
        0.0007450763291368882,
        0.000374058173232091,
        0.000377640991549318,
        0.00048279579726416463,
        0.0003423504085124781,
        0.00043375029151017467,
        0.00046302960836328564,
        0.0004263541680605461,
        0.00047617031377740205,
        0.00042555817247678837,
        0.0003054316931714614,
        0.000562381496032079,
        0.0006338730784288297,
        0.0003639337587325523,
        0.0005535403567288691,
        0.0006154107550779979,
        0.0003559081664207042,
        0.0002672992309574814,
        0.0002387183514656499,
        0.00032652308921872947,
        0.00018911312217824162,
        0.0003212517374777235,
        0.00035227872528291,
        0.0003121783665847033,
        0.00028431736379085727,
        0.00021263712988002227,
        0.00016618453082628548,
        0.0003031773205293575,
        0.00017532712323979163,
        0.0003462239258321157,
        0.0001927204556371483,
        0.00023697189802381521
    ],