{
    "test_accuracy": 0.9,
    "test_f1": 0.898989898989899,
    "train_accuracy_history": [
        0.6333333333333333,
        0.8666666666666667,
        0.9333333333333333,
        1.0,
        1.0,
        1.0,
        1.0,
        1.0,
        1.0,
        1.0,
        1.0,
        1.0,
        1.0,
        1.0,
        1.0,
        1.0,
        1.0,
        1.0,
        1.0,
        1.0,
        1.0,
        1.0,
        1.0,
        1.0,
        1.0,
        1.0,
        1.0,
        1.0,
        1.0,
        1.0,
        1.0,
        1.0,
        1.0,
        1.0,
        1.0,
        1.0,
        1.0,
        1.0,
        1.0,
        1.0,
        1.0,
        1.0,
        1.0,
        1.0,
        1.0,
        1.0,
        1.0,
        1.0,
        1.0,
        1.0,
        1.0,
        1.0,
        1.0,
        1.0,
        1.0,
        1.0,
        1.0,
        1.0,
        1.0,
        1.0,
        1.0,
        1.0,
        1.0,
        1.0,
        1.0,
        1.0,
        1.0,
        1.0,
        1.0,
        1.0,
        1.0,
        1.0,
        1.0,
        1.0,
        1.0,
        1.0,
        1.0,
        1.0,
        1.0,
        1.0,
        1.0,
        1.0,
        1.0,
        1.0,
        1.0,
        1.0,
        1.0,
        1.0,
        1.0,
        1.0,
        1.0,
        1.0,
        1.0,
        1.0,
        1.0,
        1.0,
        1.0,
        1.0,
        1.0,
        1.0
    ],
    "val_accuracy_history": [
        0.4,
        0.4,
        0.5,
        0.6,
        0.6,
        0.7,
        0.7,
        0.8,
        0.8,
        0.9,
        0.7,
        0.9,
        0.8,
        0.8,
        0.9,
        0.9,
        0.8,
        0.9,
        0.9,
        0.8,
        0.9,
        0.5,
        0.8,
        0.9,
        0.9,
        0.9,
        0.9,
        0.9,
        0.9,
        0.9,
        0.9,
        0.8,
        0.8,
        0.9,
        0.9,
        0.9,
        0.8,
        0.8,
        0.8,
        0.8,
        0.8,
        0.8,
        0.8,
        0.8,
        0.8,
        0.8,
        0.8,
        0.9,
        0.9,
        0.9,
        0.9,
        0.8,
        0.9,
        0.9,
        0.9,
        0.9,
        0.9,
        0.9,
        0.9,
        0.9,
        0.9,
        0.9,
        0.8,
        0.8,
        0.8,
        0.8,
        0.8,
        0.8,
        0.8,
        0.9,
        0.8,
        0.8,
        0.8,
        0.8,
        0.8,
        0.8,
        0.8,
        0.8,
        0.8,
        0.9,
        0.9,
        0.8,
        0.8,
        0.8,
        0.8,
        0.8,
        0.8,
        0.8,
        0.8,
        0.8,
        0.8,
        0.9,
        0.8,
        0.8,
        0.8,
        0.8,
        0.9,
        0.9,
        0.9,
        0.8
    ],
    "train_loss_history": [
        0.15822750627994536,
        0.06439776569604874,
        0.03150473330169916,
        0.01933512222021818,
        0.007432684767991304,
        0.006982760837612053,
        0.005547153297811747,
        0.0033019688446074722,
        0.002119051780512867,
        0.0011658092456248899,
        0.001442804466933012,
        0.0007430762751027941,
        0.00094527886249125,
        0.0009396376282287141,
        0.0010936816960262755,
        0.0007894244617394482,
        0.0005595298716798425,
        0.0004802276050516715,
        0.0006414797292867055,
        0.000361071911174804,
        0.0008119075209833682,
        0.0004324024077504873,
        0.00032992519554682077,
        0.0003286891219128544,
        0.00041915285012995206,
        0.0003841335594188422,
        0.0004394332218604783,
        0.00022395695462667692,
        0.0002144387840720204,
        0.0002547686565473365,
        0.00022936817258596421,
        0.00017492331680841745,
        0.00018136335808473328,
        0.00024361446558032184,
        0.0002859698792841906,
        0.000247232171871777,
        0.00021198604760381084,
        0.000225667609871986,
        0.00021789758660209675,
        0.00016832044542146226,
        0.00014003341687687982,
        0.00019527541104859362,
        0.00012116224819086104,
        0.00012973595888373288,
        0.0001131856416274483,
        9.6964550903067e-05,
        0.00012325463903835044,
        0.00013932356135531638,
        0.0001289819124698018,
        0.0001242119469679892,
        0.00016086892671107004,
        0.00015612517963745632,
        9.847383917076513e-05,
        6.977890855826747e-05,
        0.0001436668979295064,
        9.950767901803678e-05,
        0.00010117218140900755,
        9.710430070602646e-05,
        9.598539303018091e-05,
        8.553340812795795e-05,
        0.00010010258241284949,
        0.00015491973147921574,
        6.780372326223491e-05,
        5.9670928627989876e-05,
        4.757145919332591e-05,
        6.372299309684118e-05,
        4.5635883240417266e-05,
        7.662306379643268e-05,
        4.539658845412002e-05,
        6.876537797021835e-05,
        6.00538657939372e-05,
        6.113213021308184e-05,
        4.346234709373675e-05,
        8.259817320019161e-05,
        6.238092028070241e-05,
        4.7252882359316574e-05,
        6.99880644485044e-05,
        4.4077824350097215e-05,
        3.3705887229492264e-05,
        4.8300303281697175e-05,
        4.537432347812379e-05,
        4.9108749105168194e-05,
        5.350000404481155e-05,
        5.81772163665543e-05,
        5.602392411674373e-05,
        4.087538194047132e-05,
        6.27989174972754e-05,
        3.0037561737117356e-05,
        2.8168912528296157e-05,
        2.9711764000239782e-05,
        4.1768285761160466e-05,
        3.45849327762456e-05,
        3.0826883994450326e-05,
        3.1086121422655805e-05,
        3.305193907484257e-05,
        4.0563842897730255e-05,
        2.7712596177783175e-05,
        4.258497331951124e-05,
        4.1468401589857726e-05,
        2.337427219269254e-05
    ],