{
    "test_accuracy": 0.8,
    "test_f1": 0.8011363636363638,
    "train_accuracy_history": [
        0.23333333333333334,
        0.21666666666666667,
        0.35,
        0.31666666666666665,
        0.5,
        0.6833333333333333,
        0.5666666666666667,
        0.65,
        0.7,
        0.7,
        0.7666666666666667,
        0.8166666666666667,
        0.8833333333333333,
        0.8833333333333333,
        0.9,
        0.9166666666666666,
        0.9166666666666666,
        0.9666666666666667,
        0.9666666666666667,
        0.8666666666666667,
        0.8,
        0.9166666666666666,
        0.9666666666666667,
        0.9833333333333333,
        1.0,
        0.9666666666666667,
        0.9666666666666667,
        0.95,
        0.9666666666666667,
        0.9833333333333333,
        1.0,
        1.0,
        1.0,
        1.0,
        1.0,
        1.0,
        1.0,
        1.0,
        1.0,
        1.0,
        1.0,
        1.0,
        1.0,
        1.0,
        1.0,
        1.0,
        1.0,
        1.0,
        1.0,
        1.0,
        1.0,
        1.0,
        1.0,
        1.0,
        1.0,
        1.0,
        1.0,
        1.0,
        1.0,
        1.0,
        1.0,
        1.0,
        1.0,
        1.0,
        1.0,
        0.9166666666666666,
        0.8166666666666667,
        0.8166666666666667,
        0.85,
        0.9833333333333333,
        1.0,
        1.0,
        0.9666666666666667,
        0.9666666666666667,
        0.95,
        1.0,
        1.0,
        1.0,
        1.0,
        1.0,
        1.0,
        1.0,
        1.0,
        1.0,
        1.0,
        1.0,
        1.0,
        1.0,
        1.0,
        1.0,
        1.0,
        1.0,
        1.0,
        1.0,
        1.0,
        1.0,
        1.0,
        1.0,
        1.0,
        1.0
    ],
    "val_accuracy_history": [
        0.25,
        0.25,
        0.25,
        0.25,
        0.25,
        0.25,
        0.4,
        0.5,
        0.45,
        0.25,
        0.25,
        0.4,
        0.25,
        0.25,
        0.55,
        0.25,
        0.55,
        0.4,
        0.65,
        0.25,
        0.5,
        0.45,
        0.2,
        0.4,
        0.4,
        0.4,
        0.65,
        0.55,
        0.2,
        0.6,
        0.4,
        0.55,
        0.45,
        0.5,
        0.6,
        0.4,
        0.7,
        0.8,
        0.85,
        0.8,
        0.8,
        0.8,
        0.8,
        0.85,
        0.8,
        0.8,
        0.8,
        0.8,
        0.8,
        0.8,
        0.8,
        0.8,
        0.8,
        0.8,
        0.8,
        0.8,
        0.8,
        0.8,
        0.75,
        0.75,
        0.75,
        0.8,
        0.8,
        0.8,
        0.25,
        0.25,
        0.25,
        0.5,
        0.75,
        0.7,
        0.8,
        0.5,
        0.7,
        0.35,
        0.25,
        0.4,
        0.6,
        0.8,
        0.85,
        0.75,
        0.9,
        0.75,
        0.75,
        0.85,
        0.8,
        0.8,
        0.75,
        0.85,
        0.8,
        0.9,
        0.5,
        0.7,
        0.85,
        0.85,
        0.85,
        0.85,
        0.85,
        0.85,
        0.85,
        0.85
    ],
    "train_loss_history": [
        0.3543402095635732,
        0.3523493071397146,
        0.33922958572705586,
        0.3029659161965052,
        0.24130731572707495,
        0.1828626590470473,
        0.19736437896887463,
        0.17291514774163563,
        0.16790565699338914,
        0.128114390745759,
        0.11485899686813354,
        0.10328710253039995,
        0.0678257388373216,
        0.07432445526743929,
        0.07348333979025483,
        0.0691492677355806,
        0.03518880404687176,
        0.018839165537307658,
        0.014250353013630956,
        0.08578236478885325,
        0.10885420308137933,
        0.0728166602551937,
        0.03831604154935728,
        0.020314549706138982,
        0.006298934066823373,
        0.02034327329165535,
        0.015418526072365542,
        0.0254781659838045,
        0.031736090550206576,
        0.022091213815535107,
        0.006160830791547293,
        0.0009426697382878046,
        0.0024987133700657676,
        0.0022574365939815283,
        0.0008937068685781924,
        0.00031397555076750905,
        0.0002815682559533646,
        0.00011037032821406,
        0.00042176454035901164,
        0.00017104860252175057,
        0.00010755723008533853,
        0.00010501333749743936,
        9.530119435036492e-05,
        6.71617381537241e-05,
        8.694865862253209e-05,
        4.1539673313195634e-05,
        3.803278995443785e-05,
        3.6062366921877736e-05,
        2.054681525578417e-05,
        2.3899959377615686e-05,
        6.180519583066276e-05,
        1.964678710824804e-05,
        2.933110079842057e-05,
        5.604187164083285e-05,
        1.554094465040142e-05,
        5.0047625237918206e-05,
        1.4636312915901802e-05,
        3.8288826436290906e-05,
        1.644616023478799e-05,
        4.7492547640951933e-05,
        3.5246327310053024e-05,
        1.6162303856385544e-05,
        9.979794662218211e-06,
        1.705382994619716e-05,
        0.0028760104175338105,
        0.131245008283742,
        0.19896800027539333,
        0.11270334236323834,
        0.08126816706111034,
        0.03420969144681294,
        0.015685912947325655,
        0.010402305088670497,
        0.01911628943053074,
        0.0346178863963966,
        0.01912857602437725,
        0.004862898639112245,
        0.001293748208986282,
        0.0011766251056239223,
        0.0008688820805180815,
        0.0005959252386672868,
        0.00017710836281139563,
        0.0006595941418633326,
        0.000425118649873942,
        0.0001317946075554725,
        0.00013756409319777655,
        0.00039048880407790423,
        0.00011090346912633701,
        0.0002145227074530946,
        0.00011702536977885222,
        0.00047286953050331706,
        0.0008222802472516832,
        0.00043418584580952785,
        0.00021641266644865099,
        0.00010333664554120029,
        7.968561780889635e-05,
        8.86724578355332e-05,
        8.634858467644335e-05,
        5.663986664785625e-05,
        2.976849128467999e-05,
        2.643987557651902e-05
    ],