{
    "test_accuracy": 0.25,
    "test_f1": 0.1,
    "train_accuracy_history": [
        0.25,
        0.25,
        0.25,
        0.25,
        0.25,
        0.25,
        0.25,
        0.25,
        0.25,
        0.25,
        0.25,
        0.25,
        0.21666666666666667,
        0.16666666666666666,
        0.25,
        0.25,
        0.25,
        0.21666666666666667,
        0.23333333333333334,
        0.16666666666666666,
        0.2,
        0.18333333333333332,
        0.2,
        0.2,
        0.23333333333333334,
        0.18333333333333332,
        0.2,
        0.13333333333333333,
        0.18333333333333332,
        0.21666666666666667,
        0.16666666666666666,
        0.2,
        0.18333333333333332,
        0.2,
        0.2,
        0.15,
        0.25,
        0.21666666666666667,
        0.25,
        0.15,
        0.15,
        0.18333333333333332,
        0.25,
        0.21666666666666667,
        0.25,
        0.23333333333333334,
        0.15,
        0.13333333333333333,
        0.18333333333333332,
        0.21666666666666667,
        0.25,
        0.13333333333333333,
        0.15,
        0.25,
        0.18333333333333332,
        0.18333333333333332,
        0.25,
        0.21666666666666667,
        0.2,
        0.2,
        0.2,
        0.25,
        0.25,
        0.18333333333333332,
        0.15,
        0.2,
        0.2,
        0.23333333333333334,
        0.13333333333333333,
        0.16666666666666666,
        0.25,
        0.2,
        0.25,
        0.15,
        0.21666666666666667,
        0.16666666666666666,
        0.15,
        0.15,
        0.16666666666666666,
        0.16666666666666666,
        0.25,
        0.2,
        0.21666666666666667,
        0.21666666666666667,
        0.21666666666666667,
        0.25,
        0.13333333333333333,
        0.2,
        0.23333333333333334,
        0.18333333333333332,
        0.2,
        0.21666666666666667,
        0.23333333333333334,
        0.23333333333333334,
        0.16666666666666666,
        0.25,
        0.21666666666666667,
        0.25,
        0.18333333333333332,
        0.21666666666666667
    ],
    "val_accuracy_history": [
        0.25,
        0.25,
        0.25,
        0.25,
        0.25,
        0.25,
        0.25,
        0.25,
        0.25,
        0.25,
        0.25,
        0.25,
        0.25,
        0.25,
        0.25,
        0.25,
        0.25,
        0.25,
        0.25,
        0.25,
        0.25,
        0.25,
        0.25,
        0.25,
        0.25,
        0.25,
        0.25,
        0.25,
        0.25,
        0.25,
        0.25,
        0.25,
        0.25,
        0.25,
        0.25,
        0.25,
        0.25,
        0.25,
        0.25,
        0.25,
        0.25,
        0.25,
        0.25,
        0.25,
        0.25,
        0.25,
        0.25,
        0.25,
        0.25,
        0.25,
        0.25,
        0.25,
        0.25,
        0.25,
        0.25,
        0.25,
        0.25,
        0.25,
        0.25,
        0.25,
        0.25,
        0.25,
        0.25,
        0.25,
        0.25,
        0.25,
        0.25,
        0.25,
        0.25,
        0.25,
        0.25,
        0.25,
        0.25,
        0.25,
        0.25,
        0.25,
        0.25,
        0.25,
        0.25,
        0.25,
        0.25,
        0.25,
        0.25,
        0.25,
        0.25,
        0.25,
        0.25,
        0.25,
        0.25,
        0.25,
        0.25,
        0.25,
        0.25,
        0.25,
        0.25,
        0.25,
        0.25,
        0.25,
        0.25,
        0.25
    ],
    "train_loss_history": [
        0.36229461034139,
        0.3565269033114115,
        0.35450910925865176,
        0.3501300315062205,
        0.3490254004796346,
        0.34814180731773375,
        0.3480427622795105,
        0.3472616593043009,
        0.3473763406276703,
        0.34717815518379214,
        0.34688547253608704,
        0.3470218598842621,
        0.3470049222310384,
        0.34706686933835346,
        0.3470541616280874,
        0.3471583127975464,
        0.3473872025807699,
        0.3468204895655314,
        0.3471449792385101,
        0.34732956091562905,
        0.3471059481302897,
        0.3470245858033498,
        0.34705212314923606,
        0.34715158144632974,
        0.3472013036410014,
        0.34702372352282207,
        0.3471396744251251,
        0.34735359946886696,
        0.34701027274131774,
        0.3469863037268321,
        0.347957847515742,
        0.3470101833343506,
        0.3475741823514303,
        0.34705650607744853,
        0.3476683994134267,
        0.3472100615501404,
        0.3468517263730367,
        0.3471314529577891,
        0.3470358232657115,
        0.3471540371576945,
        0.34737910827000934,
        0.3476337214310964,
        0.34695088267326357,
        0.34743781487147013,
        0.3468855798244476,
        0.34673653642336527,
        0.34687756101290385,
        0.3470647354920705,
        0.3471343199412028,
        0.3470469037691752,
        0.3469179411729177,
        0.3473790427049001,
        0.346989252169927,
        0.3470639983812968,
        0.34722471237182617,
        0.34735609690348307,
        0.34712351163228355,
        0.34721150596936545,
        0.34720311959584554,
        0.34701165556907654,
        0.3471038222312927,
        0.347297074397405,
        0.34699563185373944,
        0.34684255719184875,
        0.347028656800588,
        0.3473125874996185,
        0.34707631468772887,
        0.34757145047187804,
        0.34717461268107097,
        0.34696283340454104,
        0.34691209594408673,
        0.3469496786594391,
        0.3469805677731832,
        0.3472808301448822,
        0.347154180208842,
        0.34766555627187096,
        0.3472356955210368,
        0.34755314389864606,
        0.34737321734428406,
        0.3469260235627492,
        0.3469333330790202,
        0.3471014459927877,
        0.34678064386049906,
        0.3470065911610921,
        0.3469971458117167,
        0.347937939564387,
        0.3478407561779022,
        0.3470562895139058,
        0.3473832229773203,
        0.34709945917129514,
        0.3470129152139028,
        0.3468317806720734,
        0.3474407414595286,
        0.3471097409725189,
        0.3473304291566213,
        0.347309007247289,
        0.34697898030281066,
        0.34711079200108846,
        0.34718963305155437,
        0.34739667375882466
    ],