{
    "test_accuracy": 0.25,
    "test_f1": 0.10204081632653061,
    "train_accuracy_history": [
        0.20833333333333334,
        0.19583333333333333,
        0.23333333333333334,
        0.22083333333333333,
        0.2375,
        0.23333333333333334,
        0.25,
        0.16666666666666666,
        0.225,
        0.225,
        0.19583333333333333,
        0.225,
        0.275,
        0.225,
        0.20416666666666666,
        0.25416666666666665,
        0.225,
        0.24166666666666667,
        0.24583333333333332,
        0.19583333333333333,
        0.2625,
        0.175,
        0.2,
        0.22083333333333333,
        0.19583333333333333,
        0.23333333333333334,
        0.22083333333333333,
        0.2,
        0.20416666666666666,
        0.20416666666666666,
        0.2,
        0.25,
        0.275,
        0.2375,
        0.2,
        0.225,
        0.225,
        0.25416666666666665,
        0.25833333333333336,
        0.2375,
        0.225,
        0.21666666666666667,
        0.25,
        0.20833333333333334,
        0.22083333333333333,
        0.22916666666666666,
        0.20416666666666666,
        0.25416666666666665,
        0.16666666666666666,
        0.23333333333333334,
        0.2,
        0.22916666666666666,
        0.20833333333333334,
        0.1875,
        0.2375,
        0.225,
        0.21666666666666667,
        0.1875,
        0.22916666666666666,
        0.21666666666666667,
        0.2791666666666667,
        0.24583333333333332,
        0.20416666666666666,
        0.24166666666666667,
        0.19583333333333333,
        0.23333333333333334,
        0.19583333333333333,
        0.20416666666666666,
        0.21666666666666667,
        0.20833333333333334,
        0.22083333333333333,
        0.2375,
        0.2375,
        0.25416666666666665,
        0.225,
        0.23333333333333334,
        0.21666666666666667,
        0.21666666666666667,
        0.225,
        0.25416666666666665,
        0.2375,
        0.26666666666666666,
        0.24583333333333332,
        0.24166666666666667,
        0.2,
        0.22916666666666666,
        0.23333333333333334,
        0.24166666666666667,
        0.2,
        0.22916666666666666,
        0.22916666666666666,
        0.21666666666666667,
        0.2375,
        0.22916666666666666,
        0.22916666666666666,
        0.24166666666666667,
        0.2791666666666667,
        0.225,
        0.25,
        0.22916666666666666
    ],
    "val_accuracy_history": [
        0.25,
        0.25,
        0.25,
        0.25,
        0.25,
        0.25,
        0.25,
        0.25,
        0.25,
        0.25,
        0.25,
        0.25,
        0.25,
        0.25,
        0.25,
        0.25,
        0.25,
        0.25,
        0.25,
        0.25,
        0.25,
        0.25,
        0.25,
        0.25,
        0.25,
        0.25,
        0.25,
        0.25,
        0.25,
        0.25,
        0.25,
        0.25,
        0.25,
        0.25,
        0.25,
        0.25,
        0.25,
        0.25,
        0.25,
        0.25,
        0.25,
        0.25,
        0.25,
        0.25,
        0.25,
        0.25,
        0.25,
        0.25,
        0.25,
        0.25,
        0.25,
        0.25,
        0.25,
        0.25,
        0.2375,
        0.25,
        0.25,
        0.25,
        0.25,
        0.25,
        0.25,
        0.25,
        0.25,
        0.25,
        0.25,
        0.25,
        0.25,
        0.25,
        0.25,
        0.25,
        0.25,
        0.25,
        0.25,
        0.25,
        0.25,
        0.25,
        0.25,
        0.25,
        0.25,
        0.25,
        0.25,
        0.25,
        0.2375,
        0.25,
        0.25,
        0.25,
        0.25,
        0.25,
        0.25,
        0.25,
        0.2375,
        0.25,
        0.25,
        0.25,
        0.25,
        0.25,
        0.25,
        0.25,
        0.25,
        0.25
    ],
    "train_loss_history": [
        0.35759169856707257,
        0.34968247363964716,
        0.3494495689868927,
        0.34994650234778724,
        0.3504677539070447,
        0.35030701458454133,
        0.34994880855083466,
        0.3545532122254372,
        0.3521636505921682,
        0.3515091101328532,
        0.3514303401112556,
        0.35130809247493744,
        0.34929561068614323,
        0.3514658431212107,
        0.3499624123175939,
        0.3491500933965047,
        0.3510761762658755,
        0.35126734028259915,
        0.34938787867625554,
        0.3517078012228012,
        0.3482168525457382,
        0.35261674722035724,
        0.3501037130753199,
        0.35168226758639015,
        0.35234254548947014,
        0.35102276156346,
        0.3501347184181213,
        0.34990713745355606,
        0.3505334585905075,
        0.35083887428045274,
        0.348573537170887,
        0.34946807026863097,
        0.3507241477568944,
        0.34916094640890755,
        0.35123010277748107,
        0.35058715790510175,
        0.3496505762139956,
        0.35026791244745253,
        0.35027108738819757,
        0.3529776776830355,
        0.3524345969160398,
        0.35170043458541234,
        0.35210589269797005,
        0.34932136386632917,
        0.35065726389487584,
        0.349964369336764,
        0.3534249097108841,
        0.34995241413513817,
        0.3493155414859454,
        0.35068595508734385,
        0.3534538651506106,
        0.35133912563323977,
        0.35003579209248226,
        0.35128602335850395,
        0.34905631293853123,
        0.3505949983994166,
        0.3486747880776723,
        0.3516392906506856,
        0.34998205850521724,
        0.34996406435966493,
        0.34928579280773797,
        0.34993074735005697,
        0.3538240020473798,
        0.3503325099746386,
        0.3516332800189654,
        0.35009934157133105,
        0.3523611436287562,
        0.3492243399222692,
        0.35154474129279456,
        0.3513603925704956,
        0.3503445083896319,
        0.3493036980430285,
        0.34920129030942915,
        0.35010469804207484,
        0.3511645202835401,
        0.3507063214977582,
        0.3507352481285731,
        0.3505924498041471,
        0.3494126543402672,
        0.34939915587504705,
        0.3528526544570923,
        0.34807350983222324,
        0.35130720883607863,
        0.3532391458749771,
        0.3510048553347588,
        0.3501814072330793,
        0.35088649541139605,
        0.3516259695092837,
        0.35056057771046956,
        0.3504291410247485,
        0.35022091766198477,
        0.34977971812089287,
        0.35244131137927376,
        0.34921842912832896,
        0.3500004048148791,
        0.35044663896163303,
        0.3512016360958417,
        0.3503806675473849,
        0.3503820776939392,
        0.35057845860719683
    ],