{
    "test_accuracy": 0.8,
    "test_f1": 0.7916666666666667,
    "train_accuracy_history": [
        0.6,
        0.6,
        0.8666666666666667,
        0.9333333333333333,
        0.9,
        0.9,
        0.9666666666666667,
        1.0,
        1.0,
        1.0,
        1.0,
        1.0,
        1.0,
        1.0,
        1.0,
        1.0,
        1.0,
        1.0,
        1.0,
        1.0,
        1.0,
        1.0,
        1.0,
        1.0,
        1.0,
        1.0,
        1.0,
        1.0,
        1.0,
        1.0,
        1.0,
        1.0,
        1.0,
        1.0,
        1.0,
        1.0,
        1.0,
        1.0,
        1.0,
        1.0,
        1.0,
        1.0,
        1.0,
        1.0,
        1.0,
        1.0,
        1.0,
        1.0,
        1.0,
        1.0,
        1.0,
        1.0,
        1.0,
        1.0,
        1.0,
        1.0,
        1.0,
        1.0,
        1.0,
        1.0,
        1.0,
        1.0,
        1.0,
        1.0,
        1.0,
        1.0,
        1.0,
        1.0,
        1.0,
        1.0,
        1.0,
        1.0,
        1.0,
        1.0,
        1.0,
        1.0,
        1.0,
        1.0,
        1.0,
        1.0,
        1.0,
        1.0,
        1.0,
        1.0,
        1.0,
        1.0,
        1.0,
        1.0,
        1.0,
        1.0,
        1.0,
        1.0,
        1.0,
        1.0,
        1.0,
        1.0,
        1.0,
        1.0,
        1.0,
        1.0
    ],
    "val_accuracy_history": [
        0.5,
        0.5,
        0.5,
        0.5,
        0.5,
        0.7,
        0.6,
        0.5,
        0.5,
        0.5,
        0.5,
        0.5,
        0.7,
        0.6,
        0.6,
        0.6,
        0.5,
        0.5,
        0.7,
        0.7,
        0.8,
        0.8,
        0.8,
        0.8,
        0.8,
        0.8,
        0.6,
        0.8,
        0.6,
        0.6,
        0.7,
        0.6,
        0.6,
        0.5,
        0.7,
        0.8,
        0.6,
        0.6,
        0.7,
        0.6,
        0.6,
        0.7,
        0.8,
        0.6,
        0.6,
        0.6,
        0.7,
        0.7,
        0.6,
        0.5,
        0.6,
        0.7,
        0.8,
        0.8,
        0.8,
        0.8,
        0.6,
        0.6,
        0.8,
        0.8,
        0.8,
        0.7,
        0.6,
        0.7,
        0.6,
        0.7,
        0.6,
        0.7,
        0.8,
        0.6,
        0.5,
        0.6,
        0.8,
        0.8,
        0.8,
        0.6,
        0.6,
        0.8,
        0.8,
        0.7,
        0.6,
        0.6,
        0.7,
        0.6,
        0.6,
        0.6,
        0.6,
        0.6,
        0.6,
        0.6,
        0.8,
        0.7,
        0.7,
        0.6,
        0.7,
        0.6,
        0.6,
        0.8,
        0.8,
        0.7
    ],
    "train_loss_history": [
        0.17287754813830059,
        0.16698467930157979,
        0.14303503235181173,
        0.080642702182134,
        0.06302693697313468,
        0.05225333459675312,
        0.03297617323696613,
        0.023479018174111844,
        0.01674568889041742,
        0.013604302145540714,
        0.01348449382930994,
        0.006696444780876239,
        0.005610326755171021,
        0.003641142634054025,
        0.003297240143486609,
        0.002560689290597414,
        0.0037962985787695896,
        0.0033964879888420305,
        0.001979068759828806,
        0.002395525912288576,
        0.0017925670190985935,
        0.0013699151187514266,
        0.0010760331162600778,
        0.0008358035353012383,
        0.0009497645951341838,
        0.0011665340571198612,
        0.0010628222861366035,
        0.000822390658625712,
        0.0012404014298226685,
        0.0011035325876340115,
        0.0006778776374024649,
        0.0009790385782252997,
        0.000870076056465526,
        0.0007798338813396791,
        0.0006018959276843816,
        0.0005671061012738694,
        0.0008240020770851213,
        0.0007234333189747607,
        0.000450669177613842,
        0.0005964507135407378,
        0.00035478146843767415,
        0.00040230916832418494,
        0.0008626261726021767,
        0.00039392873441101983,
        0.00047260257609499,
        0.0002745897882656815,
        0.00033483147950998197,
        0.0005535356547625269,
        0.0004305173657485284,
        0.0002971380044982652,
        0.0006290330522460863,
        0.00032279849983751774,
        0.00041244245561150215,
        0.00022389968041049239,
        0.00023393309866150957,
        0.0001903126472219204,
        0.00043667942566874747,
        0.00020180989326187653,
        0.00030927416034198053,
        0.0002858122684604799,
        0.00030721148747640353,
        0.00023238841331476578,
        0.00032925543006664764,
        0.0002727074509796997,
        0.0002669493092942806,
        0.00019980346066101145,
        0.00017739888826326933,
        0.00022305093395213286,
        0.0002709945552245093,
        0.00028391686792019757,
        0.00014007477123717155,
        0.0001432465637359807,
        0.0002476783385039501,
        0.00022367149892185505,
        0.0002493212840514995,
        0.00016307384066749364,
        0.0001435696402040776,
        0.00011250188545091078,
        6.954690101489784e-05,
        0.00012012247219293689,
        0.00014435712121970332,
        0.0001713669262244366,
        0.000124702740383024,
        0.00017889749021075355,
        0.00011392339209426912,
        0.00021794890490127726,
        0.00015625675999520657,
        7.947726480779238e-05,
        0.00012071119005364986,
        7.041934053025519e-05,
        0.00012469684224925004,
        0.00015421691447651634,
        0.000221000339956845,
        0.0001326903119358273,
        0.00013704789477439288,
        0.0001752445721649565,
        0.0002629245568338471,
        6.914987946705272e-05,
        0.00011942319518614871,
        5.564767707255669e-05
    ],