{
    "test_accuracy": 0.5125,
    "test_f1": 0.5288356791670683,
    "train_accuracy_history": [
        0.24583333333333332,
        0.29583333333333334,
        0.4375,
        0.4625,
        0.5083333333333333,
        0.5083333333333333,
        0.5541666666666667,
        0.5958333333333333,
        0.5958333333333333,
        0.6416666666666667,
        0.6916666666666667,
        0.6708333333333333,
        0.6791666666666667,
        0.6708333333333333,
        0.7166666666666667,
        0.6916666666666667,
        0.6791666666666667,
        0.7041666666666667,
        0.7,
        0.7333333333333333,
        0.7375,
        0.7583333333333333,
        0.7875,
        0.7791666666666667,
        0.8,
        0.7666666666666667,
        0.7875,
        0.8166666666666667,
        0.8125,
        0.825,
        0.85,
        0.85,
        0.8333333333333334,
        0.8416666666666667,
        0.85,
        0.8583333333333333,
        0.8833333333333333,
        0.875,
        0.8875,
        0.9,
        0.8708333333333333,
        0.8625,
        0.8833333333333333,
        0.8666666666666667,
        0.8791666666666667,
        0.875,
        0.8666666666666667,
        0.8708333333333333,
        0.8625,
        0.8625,
        0.9291666666666667,
        0.9083333333333333,
        0.875,
        0.8916666666666667,
        0.9041666666666667,
        0.9125,
        0.925,
        0.8958333333333334,
        0.9041666666666667,
        0.9041666666666667,
        0.9041666666666667,
        0.9083333333333333,
        0.9375,
        0.9125,
        0.9291666666666667,
        0.9208333333333333,
        0.9416666666666667,
        0.925,
        0.9333333333333333,
        0.9208333333333333,
        0.9458333333333333,
        0.9333333333333333,
        0.9625,
        0.9416666666666667,
        0.95,
        0.9333333333333333,
        0.9541666666666667,
        0.9541666666666667,
        0.95,
        0.9708333333333333,
        0.9625,
        0.9666666666666667,
        0.9625,
        0.9583333333333334,
        0.9583333333333334,
        0.9541666666666667,
        0.95,
        0.9625,
        0.9625,
        0.975,
        0.9666666666666667,
        0.9625,
        0.975,
        0.9708333333333333,
        0.9416666666666667,
        0.9541666666666667,
        0.9708333333333333,
        0.9625,
        0.9666666666666667,
        0.975
    ],
    "val_accuracy_history": [
        0.25,
        0.275,
        0.275,
        0.25,
        0.2875,
        0.4,
        0.2625,
        0.3,
        0.35,
        0.3,
        0.3,
        0.3875,
        0.25,
        0.25,
        0.25,
        0.2625,
        0.25,
        0.3375,
        0.425,
        0.25,
        0.3875,
        0.3875,
        0.325,
        0.25,
        0.2625,
        0.275,
        0.3,
        0.575,
        0.425,
        0.475,
        0.5125,
        0.25,
        0.2625,
        0.45,
        0.4,
        0.4875,
        0.425,
        0.25,
        0.3125,
        0.25,
        0.2875,
        0.4625,
        0.425,
        0.4375,
        0.25,
        0.5375,
        0.2625,
        0.25,
        0.5,
        0.3375,
        0.425,
        0.325,
        0.3375,
        0.425,
        0.25,
        0.275,
        0.475,
        0.2375,
        0.4,
        0.3875,
        0.3,
        0.4125,
        0.25,
        0.525,
        0.35,
        0.525,
        0.35,
        0.2875,
        0.25,
        0.2625,
        0.3875,
        0.5375,
        0.25,
        0.4,
        0.575,
        0.4,
        0.25,
        0.5125,
        0.475,
        0.2375,
        0.4125,
        0.25,
        0.425,
        0.25,
        0.425,
        0.325,
        0.5375,
        0.4875,
        0.4875,
        0.5625,
        0.2375,
        0.2375,
        0.4875,
        0.1625,
        0.3125,
        0.25,
        0.525,
        0.425,
        0.525,
        0.4125
    ],
    "train_loss_history": [
        0.3536238859097163,
        0.34985742916663487,
        0.32535016536712646,
        0.2977529801428318,
        0.2714534270266692,
        0.2743951541682084,
        0.2548065219074488,
        0.24099870175123214,
        0.23501524105668067,
        0.22819487104813257,
        0.21155508731802306,
        0.20903263352811335,
        0.20819281339645385,
        0.21088099628686904,
        0.19900734225908914,
        0.18633587242414554,
        0.19693349562585355,
        0.1906711577127377,
        0.18818397807578247,
        0.1810841248681148,
        0.1723842797180017,
        0.16372381976495187,
        0.15636013715217512,
        0.1512377254044016,
        0.1518348696641624,
        0.15163234773402412,
        0.14804891136785348,
        0.13817362735668817,
        0.12981543561133246,
        0.12320835708330075,
        0.12020173566415907,
        0.11758041813348731,
        0.11852865122879545,
        0.10405692017326752,
        0.1033619253585736,
        0.10298704421147704,
        0.09621655844772856,
        0.09570047644277414,
        0.09540407918393612,
        0.0971196089250346,
        0.09666016570602855,
        0.09523805708158761,
        0.08875343417748809,
        0.09783678768823544,
        0.08533219262026251,
        0.09141135633302232,
        0.09073374050979813,
        0.08842219996731729,
        0.08579220008881142,
        0.0935114170036589,
        0.07474844057578593,
        0.07200151771927873,
        0.08507080132452151,
        0.07640195189354321,
        0.08138255258090794,
        0.07123445552618553,
        0.06357273433047037,
        0.07229055222899963,
        0.06858191130061944,
        0.0686331593276312,
        0.06519151092021881,
        0.0716165504961585,
        0.05758241469350954,
        0.06702469308705379,
        0.04779932050344845,
        0.056133829057216644,
        0.05487042366100165,
        0.0591456852077196,
        0.050827726054315764,
        0.06242923225314977,
        0.05790486088565861,
        0.05111828720740353,
        0.04330962204451983,
        0.04412321823668511,
        0.04420782878684501,
        0.044308907841332255,
        0.04389589308702853,
        0.039066466126435745,
        0.0365214695930869,
        0.03938392399189373,
        0.040439121877231324,
        0.030126522809344653,
        0.03962385729925397,
        0.034978699893690644,
        0.03277900026878342,
        0.03401591953394624,
        0.04455770744243637,
        0.03560591195321952,
        0.031187890060634042,
        0.0301400077684472,
        0.03214768832937504,
        0.034627264198691894,
        0.025179301973063655,
        0.03280106641614111,
        0.047616152983391655,
        0.03795745083868193,
        0.030424905382096766,
        0.034556707980906744,
        0.030972612138915185,
        0.022877236457619195
    ],