{
    "test_accuracy": 0.15,
    "test_f1": 0.13942307692307693,
    "train_accuracy_history": [
        0.26666666666666666,
        0.36666666666666664,
        0.4,
        0.5166666666666667,
        0.6166666666666667,
        0.6333333333333333,
        0.6166666666666667,
        0.6333333333333333,
        0.7166666666666667,
        0.7666666666666667,
        0.7833333333333333,
        0.7666666666666667,
        0.8666666666666667,
        0.9166666666666666,
        0.9166666666666666,
        0.9333333333333333,
        0.95,
        0.9833333333333333,
        0.9833333333333333,
        0.9833333333333333,
        1.0,
        0.9666666666666667,
        0.9666666666666667,
        1.0,
        1.0,
        1.0,
        1.0,
        1.0,
        1.0,
        0.9833333333333333,
        1.0,
        0.9833333333333333,
        1.0,
        0.9833333333333333,
        0.9833333333333333,
        1.0,
        1.0,
        1.0,
        1.0,
        1.0,
        1.0,
        1.0,
        1.0,
        1.0,
        1.0,
        1.0,
        1.0,
        1.0,
        1.0,
        1.0,
        1.0,
        1.0,
        1.0,
        1.0,
        1.0,
        1.0,
        1.0,
        1.0,
        1.0,
        1.0,
        1.0,
        1.0,
        1.0,
        1.0,
        1.0,
        1.0,
        1.0,
        1.0,
        1.0,
        1.0,
        1.0,
        1.0,
        1.0,
        1.0,
        1.0,
        1.0,
        1.0,
        1.0,
        1.0,
        1.0,
        1.0,
        1.0,
        1.0,
        1.0,
        1.0,
        1.0,
        1.0,
        1.0,
        1.0,
        1.0,
        1.0,
        1.0,
        1.0,
        1.0,
        1.0,
        1.0,
        1.0,
        1.0,
        1.0,
        1.0
    ],
    "val_accuracy_history": [
        0.05,
        0.05,
        0.35,
        0.05,
        0.3,
        0.3,
        0.1,
        0.3,
        0.3,
        0.3,
        0.3,
        0.3,
        0.3,
        0.3,
        0.15,
        0.3,
        0.35,
        0.35,
        0.1,
        0.3,
        0.3,
        0.3,
        0.05,
        0.25,
        0.1,
        0.3,
        0.15,
        0.05,
        0.35,
        0.35,
        0.05,
        0.05,
        0.05,
        0.25,
        0.35,
        0.35,
        0.3,
        0.35,
        0.2,
        0.05,
        0.25,
        0.45,
        0.05,
        0.15,
        0.15,
        0.05,
        0.15,
        0.25,
        0.35,
        0.4,
        0.45,
        0.25,
        0.4,
        0.35,
        0.45,
        0.4,
        0.15,
        0.3,
        0.3,
        0.5,
        0.35,
        0.3,
        0.3,
        0.3,
        0.3,
        0.4,
        0.15,
        0.15,
        0.5,
        0.4,
        0.3,
        0.3,
        0.55,
        0.15,
        0.3,
        0.55,
        0.4,
        0.3,
        0.05,
        0.35,
        0.4,
        0.35,
        0.3,
        0.35,
        0.05,
        0.35,
        0.4,
        0.2,
        0.3,
        0.3,
        0.35,
        0.05,
        0.3,
        0.45,
        0.35,
        0.4,
        0.3,
        0.25,
        0.1,
        0.25
    ],
    "train_loss_history": [
        0.3603355606396993,
        0.33163962960243226,
        0.31795933842658997,
        0.28762192130088804,
        0.27374949753284455,
        0.25181141396363577,
        0.2570200502872467,
        0.249661386013031,
        0.21909405489762623,
        0.19180787354707718,
        0.16060434033473334,
        0.15688959161440533,
        0.13234225486715634,
        0.10717587471008301,
        0.09576345632473628,
        0.08196936572591464,
        0.07745659090578556,
        0.054632527257005375,
        0.049119358882308006,
        0.04260391996552547,
        0.04053689589103063,
        0.038241549581289294,
        0.03378508426249027,
        0.02929950219889482,
        0.0214009507248799,
        0.014793290663510561,
        0.01735136949767669,
        0.016337892645969986,
        0.013157058817644915,
        0.01876717635896057,
        0.015543423003206651,
        0.01458507338538766,
        0.015501005435362458,
        0.012893883883953095,
        0.014372698807468018,
        0.008113851941501101,
        0.010545366676524282,
        0.005265066873592635,
        0.007211156996587912,
        0.007253666982675592,
        0.004296304223438104,
        0.0047530040688191855,
        0.007339741099470606,
        0.006231653053934375,
        0.005259579066963245,
        0.0036016367996732396,
        0.002877161007684966,
        0.0022504052030853927,
        0.0030866551989068586,
        0.002534097037278116,
        0.002061798095625515,
        0.0046867830096744,
        0.0019320360928152998,
        0.0018406268461452176,
        0.0020043811450401942,
        0.0022792834245289367,
        0.002147985827953865,
        0.0018638175970409065,
        0.002005325676873326,
        0.0016998160552854338,
        0.0027259205797842394,
        0.00833494570106268,
        0.005569737101905048,
        0.0061363112685891485,
        0.004743003523132453,
        0.003514889879928281,
        0.0036092120494383077,
        0.00321394184914728,
        0.003305737356034418,
        0.002516133749547104,
        0.003383161375919978,
        0.0023622410565925143,
        0.0021798987484847507,
        0.002829129646609848,
        0.0033600218943320216,
        0.002573420281987637,
        0.001862283394439146,
        0.002038828811297814,
        0.0022579430466673025,
        0.0018096289325815935,
        0.0015732774588589867,
        0.0013435011108716328,
        0.0030710850007987273,
        0.004210059554316104,
        0.001614653846869866,
        0.00377384409851705,
        0.0023630565498024224,
        0.0018207774691594144,
        0.0029437081927123168,
        0.0014230691129341721,
        0.0012839226711851856,
        0.0033350343680164465,
        0.0016941995253243172,
        0.0022628174648464967,
        0.0011756687881036973,
        0.0022641529998509214,
        0.0011672964436002075,
        0.0016471153144569446,
        0.0010491088692409297,
        0.0014992763744279122
    ],