{
    "test_accuracy": 0.3,
    "test_f1": 0.20238095238095238,
    "train_accuracy_history": [
        0.23333333333333334,
        0.2833333333333333,
        0.36666666666666664,
        0.3333333333333333,
        0.2833333333333333,
        0.45,
        0.36666666666666664,
        0.48333333333333334,
        0.38333333333333336,
        0.4666666666666667,
        0.65,
        0.6,
        0.6166666666666667,
        0.6833333333333333,
        0.5833333333333334,
        0.65,
        0.6166666666666667,
        0.6333333333333333,
        0.7333333333333333,
        0.7666666666666667,
        0.7666666666666667,
        0.8,
        0.8666666666666667,
        0.8833333333333333,
        0.8666666666666667,
        0.9166666666666666,
        1.0,
        1.0,
        1.0,
        1.0,
        1.0,
        1.0,
        1.0,
        1.0,
        1.0,
        1.0,
        1.0,
        1.0,
        1.0,
        1.0,
        1.0,
        1.0,
        1.0,
        1.0,
        1.0,
        1.0,
        1.0,
        1.0,
        1.0,
        1.0,
        1.0,
        1.0,
        1.0,
        1.0,
        1.0,
        1.0,
        1.0,
        1.0,
        1.0,
        1.0,
        1.0,
        1.0,
        1.0,
        1.0,
        1.0,
        1.0,
        1.0,
        1.0,
        1.0,
        1.0,
        1.0,
        1.0,
        1.0,
        1.0,
        1.0,
        1.0,
        1.0,
        1.0,
        1.0,
        1.0,
        1.0,
        1.0,
        1.0,
        1.0,
        1.0,
        1.0,
        1.0,
        1.0,
        1.0,
        1.0,
        1.0,
        1.0,
        1.0,
        1.0,
        1.0,
        1.0,
        1.0,
        1.0,
        1.0,
        1.0
    ],
    "val_accuracy_history": [
        0.2,
        0.25,
        0.2,
        0.25,
        0.2,
        0.2,
        0.3,
        0.3,
        0.25,
        0.2,
        0.25,
        0.3,
        0.3,
        0.25,
        0.2,
        0.3,
        0.25,
        0.3,
        0.35,
        0.25,
        0.25,
        0.2,
        0.3,
        0.25,
        0.3,
        0.35,
        0.4,
        0.4,
        0.4,
        0.4,
        0.4,
        0.4,
        0.4,
        0.4,
        0.4,
        0.4,
        0.4,
        0.4,
        0.4,
        0.4,
        0.4,
        0.4,
        0.4,
        0.4,
        0.4,
        0.4,
        0.4,
        0.45,
        0.4,
        0.4,
        0.4,
        0.4,
        0.4,
        0.4,
        0.4,
        0.4,
        0.4,
        0.4,
        0.45,
        0.4,
        0.4,
        0.4,
        0.4,
        0.4,
        0.4,
        0.4,
        0.4,
        0.4,
        0.45,
        0.45,
        0.4,
        0.4,
        0.4,
        0.4,
        0.4,
        0.4,
        0.4,
        0.4,
        0.4,
        0.4,
        0.4,
        0.4,
        0.4,
        0.4,
        0.4,
        0.4,
        0.4,
        0.4,
        0.4,
        0.4,
        0.4,
        0.4,
        0.4,
        0.4,
        0.4,
        0.4,
        0.4,
        0.4,
        0.4,
        0.4
    ],
    "train_loss_history": [
        71.20456733703614,
        40.54113917350769,
        12.05067753791809,
        7.729454056421916,
        6.858143377304077,
        3.9166189690430957,
        3.479919357151569,
        2.9489258641996607,
        3.385634494572878,
        2.3305276641466963,
        1.233698781579733,
        0.6445094890038793,
        0.8044147662352771,
        0.7632716637958462,
        1.0962231561418776,
        0.7686493288386524,
        1.2871097709052264,
        0.819442360541628,
        0.5933424912742339,
        0.5358025288199618,
        0.4100883378761258,
        0.13072673373681026,
        0.0914271930193839,
        0.051924112998919254,
        0.12026109287595024,
        0.05126068265011933,
        0.008472712513563845,
        0.006128608919012398,
        0.004817443587429201,
        0.001595502978307195,
        0.0011560852938904038,
        0.0007803402862919029,
        0.0006862658009140432,
        0.0008261571217493232,
        0.00071803690101054,
        0.0007534251812179112,
        0.0008280659699721582,
        0.0006966572009938925,
        0.0006481609523082928,
        0.0006149372731063825,
        0.0006312065476474041,
        0.0006309273931644081,
        0.0006608603291558287,
        0.0005855296499248652,
        0.000755489641596796,
        0.0006410442169605328,
        0.0005933601977555251,
        0.0005904903476486349,
        0.000885159998688323,
        0.0011200198805606002,
        0.0008897810393439916,
        0.0006565192968385721,
        0.00046850782274911277,
        0.0005182402914215345,
        0.0005136685471370583,
        0.0004563619259291348,
        0.0004974871698019949,
        0.0004954954437077201,
        0.0005487661338217247,
        0.0005227920785273454,
        0.0006109636088960239,
        0.000679114313440247,
        0.0005032788621368429,
        0.00043859970498184945,
        0.00045064771015859153,
        0.0004893499680292734,
        0.0005192376685348184,
        0.00038570913066375095,
        0.0003720031051974123,
        0.00038708317739898724,
        0.0005168078973895263,
        0.00031810663267606287,
        0.0004089170692167817,
        0.00036381677761407143,
        0.00039264976730919444,
        0.0003183775500626022,
        0.000404902181981015,
        0.00040442495301249435,
        0.00031905400610412473,
        0.00030077629426159545,
        0.0003109920402342444,
        0.00023181817235619443,
        0.0003028401327052658,
        0.000312819365683481,
        0.00030828649081131586,
        0.0003223384024749976,
        0.0003849279746039732,
        0.0002560450974366783,
        0.0002784473283099942,
        0.00025330046476786566,
        0.00025455905054817173,
        0.00022908903732362282,
        0.00026948553808476086,
        0.00028932435148666024,
        0.0002694294953471399,
        0.00026186392566742713,
        0.00022451817041826416,
        0.0002859921210377555,
        0.00024723206770431715,
        0.00019943214168354945
    ],