{
    "test_accuracy": 0.45,
    "test_f1": 0.425595238095238,
    "train_accuracy_history": [
        0.18333333333333332,
        0.4,
        0.5833333333333334,
        0.7333333333333333,
        0.7666666666666667,
        0.9,
        0.8833333333333333,
        0.9833333333333333,
        0.9666666666666667,
        1.0,
        1.0,
        1.0,
        1.0,
        1.0,
        0.9833333333333333,
        1.0,
        1.0,
        1.0,
        1.0,
        1.0,
        1.0,
        1.0,
        1.0,
        1.0,
        1.0,
        1.0,
        1.0,
        1.0,
        1.0,
        1.0,
        1.0,
        1.0,
        1.0,
        1.0,
        1.0,
        1.0,
        1.0,
        1.0,
        1.0,
        1.0,
        1.0,
        1.0,
        1.0,
        1.0,
        1.0,
        1.0,
        1.0,
        1.0,
        1.0,
        1.0,
        1.0,
        1.0,
        1.0,
        1.0,
        1.0,
        1.0,
        1.0,
        1.0,
        1.0,
        1.0,
        1.0,
        1.0,
        1.0,
        1.0,
        1.0,
        1.0,
        1.0,
        1.0,
        1.0,
        1.0,
        1.0,
        1.0,
        1.0,
        1.0,
        1.0,
        1.0,
        1.0,
        1.0,
        1.0,
        1.0,
        1.0,
        1.0,
        1.0,
        1.0,
        1.0,
        1.0,
        1.0,
        1.0,
        1.0,
        1.0,
        1.0,
        1.0,
        1.0,
        1.0,
        1.0,
        1.0,
        1.0,
        1.0,
        1.0,
        1.0
    ],
    "val_accuracy_history": [
        0.4,
        0.4,
        0.4,
        0.4,
        0.4,
        0.4,
        0.4,
        0.4,
        0.4,
        0.15,
        0.2,
        0.4,
        0.4,
        0.4,
        0.4,
        0.4,
        0.3,
        0.3,
        0.4,
        0.4,
        0.4,
        0.2,
        0.35,
        0.4,
        0.2,
        0.6,
        0.4,
        0.4,
        0.45,
        0.2,
        0.2,
        0.2,
        0.55,
        0.25,
        0.6,
        0.65,
        0.2,
        0.45,
        0.5,
        0.55,
        0.45,
        0.5,
        0.5,
        0.55,
        0.55,
        0.55,
        0.55,
        0.5,
        0.3,
        0.6,
        0.6,
        0.45,
        0.55,
        0.55,
        0.6,
        0.55,
        0.5,
        0.5,
        0.6,
        0.5,
        0.4,
        0.55,
        0.5,
        0.6,
        0.5,
        0.6,
        0.55,
        0.55,
        0.6,
        0.55,
        0.65,
        0.6,
        0.6,
        0.55,
        0.5,
        0.65,
        0.6,
        0.5,
        0.6,
        0.5,
        0.3,
        0.5,
        0.5,
        0.45,
        0.5,
        0.6,
        0.6,
        0.55,
        0.45,
        0.5,
        0.5,
        0.6,
        0.55,
        0.55,
        0.65,
        0.65,
        0.55,
        0.6,
        0.4,
        0.55
    ],
    "train_loss_history": [
        0.36200539271036786,
        0.3149498373270035,
        0.26211844583352406,
        0.20080751876036326,
        0.1752848376830419,
        0.11699178516864776,
        0.09776023129622141,
        0.07821523075302442,
        0.07242018692195415,
        0.05017012345294158,
        0.033487589471042155,
        0.02601062962785363,
        0.024129829555749892,
        0.015592536920060714,
        0.016640085261315107,
        0.010217449550206462,
        0.008264547990014156,
        0.0072543883696198465,
        0.0063835966633632776,
        0.005570612389904758,
        0.004377819458022713,
        0.003977235546335578,
        0.004103579853350917,
        0.004957669414579868,
        0.0033932665983835856,
        0.003188176309534659,
        0.0030626024624022343,
        0.0019181927976508935,
        0.0021996704085419576,
        0.0017506267487381896,
        0.001733749177462111,
        0.0018249530112370849,
        0.0012451644967465352,
        0.002000682339227448,
        0.001759171769178162,
        0.0016621771404364456,
        0.001788705800815175,
        0.0012465574060721944,
        0.0013524492639893045,
        0.0009081887857367595,
        0.001085429072069625,
        0.0010206370391339684,
        0.000961676396157903,
        0.0008210708474507555,
        0.0008263300250594814,
        0.0007342402105374883,
        0.0007263337242572258,
        0.0008723496575839818,
        0.0008098724123556167,
        0.0006883859954541549,
        0.0006256526336073876,
        0.0006546776392497122,
        0.0007623761455761268,
        0.0006230874491545062,
        0.0006282039044890553,
        0.0005412774296322217,
        0.0006021510567128037,
        0.0005414446049447481,
        0.0004657652044746404,
        0.0004804328641815422,
        0.00044324785509767633,
        0.0004327729759097565,
        0.00041446532025778046,
        0.00044047266516524056,
        0.00047674855692700173,
        0.00032470061317629493,
        0.0003842718637315556,
        0.0003183814100339077,
        0.000318929136362082,
        0.00028525710804387926,
        0.0003099878221595039,
        0.00028212057610896106,
        0.0003424423541825187,
        0.00026255562600757307,
        0.0002994037354559017,
        0.00025268855339769897,
        0.00030147037493103806,
        0.00024464073164078096,
        0.00031548561237286775,
        0.00024792233113354694,
        0.00032561294065089894,
        0.00019836400460917502,
        0.00028554067757795564,
        0.00023493087113214036,
        0.00016360924443385252,
        0.00019837251068868984,
        0.0001505782388752171,
        0.0002273955076816492,
        0.0001835285744164139,
        0.00018264556832339924,
        0.00013717864033727285,
        0.0001515525029390119,
        0.0001673622195085045,
        0.0002787382856089001,
        0.0002072816915945926,
        0.0001280176184081938,
        0.0001760785640120351,
        0.00019397363284952008,
        0.00012894401443190872,
        0.00018640870791083823
    ],