{
    "test_accuracy": 0.6125,
    "test_f1": 0.621204090306773,
    "train_accuracy_history": [
        0.25,
        0.3333333333333333,
        0.35,
        0.42083333333333334,
        0.4041666666666667,
        0.5333333333333333,
        0.42916666666666664,
        0.5208333333333334,
        0.6041666666666666,
        0.6,
        0.6666666666666666,
        0.6625,
        0.6458333333333334,
        0.6916666666666667,
        0.7458333333333333,
        0.7416666666666667,
        0.7666666666666667,
        0.7291666666666666,
        0.625,
        0.575,
        0.7375,
        0.7666666666666667,
        0.8,
        0.7458333333333333,
        0.7791666666666667,
        0.8458333333333333,
        0.8708333333333333,
        0.85,
        0.875,
        0.9291666666666667,
        0.8708333333333333,
        0.8791666666666667,
        0.8958333333333334,
        0.8291666666666667,
        0.7083333333333334,
        0.8208333333333333,
        0.7958333333333333,
        0.8666666666666667,
        0.9,
        0.8875,
        0.8666666666666667,
        0.8625,
        0.9208333333333333,
        0.9291666666666667,
        0.9166666666666666,
        0.9458333333333333,
        0.9333333333333333,
        0.9416666666666667,
        0.9416666666666667,
        0.9708333333333333,
        0.9791666666666666,
        0.9791666666666666,
        0.9666666666666667,
        0.9708333333333333,
        0.9541666666666667,
        0.9416666666666667,
        0.8541666666666666,
        0.6458333333333334,
        0.6666666666666666,
        0.8541666666666666,
        0.7875,
        0.9166666666666666,
        0.9583333333333334,
        0.9583333333333334,
        0.9833333333333333,
        0.9833333333333333,
        0.9833333333333333,
        0.9875,
        0.9833333333333333,
        0.9916666666666667,
        0.9875,
        0.9958333333333333,
        0.9875,
        0.9958333333333333,
        0.9875,
        0.9916666666666667,
        0.9958333333333333,
        0.9916666666666667,
        0.975,
        0.9083333333333333,
        0.7166666666666667,
        0.49583333333333335,
        0.7,
        0.8791666666666667,
        0.9333333333333333,
        0.95,
        0.9666666666666667,
        0.9791666666666666,
        0.975,
        0.9791666666666666,
        0.9833333333333333,
        0.9791666666666666,
        0.9833333333333333,
        0.9916666666666667,
        0.9916666666666667,
        0.9916666666666667,
        0.9916666666666667,
        0.9916666666666667,
        0.9958333333333333,
        0.9958333333333333
    ],
    "val_accuracy_history": [
        0.2375,
        0.4,
        0.3375,
        0.3375,
        0.4,
        0.4,
        0.4625,
        0.3875,
        0.4375,
        0.5,
        0.45,
        0.45,
        0.525,
        0.4625,
        0.5375,
        0.5125,
        0.5,
        0.5875,
        0.375,
        0.4125,
        0.5375,
        0.5375,
        0.5,
        0.5,
        0.55,
        0.4875,
        0.5875,
        0.55,
        0.6125,
        0.625,
        0.5125,
        0.5625,
        0.6,
        0.55,
        0.5,
        0.4125,
        0.5125,
        0.55,
        0.575,
        0.475,
        0.5875,
        0.5625,
        0.5625,
        0.6375,
        0.625,
        0.6125,
        0.6,
        0.675,
        0.6375,
        0.625,
        0.6,
        0.6,
        0.6375,
        0.6125,
        0.6375,
        0.525,
        0.5125,
        0.4375,
        0.575,
        0.5125,
        0.5,
        0.5875,
        0.5625,
        0.65,
        0.5875,
        0.6375,
        0.65,
        0.6,
        0.6,
        0.625,
        0.6125,
        0.6375,
        0.6125,
        0.6125,
        0.6375,
        0.5875,
        0.625,
        0.5875,
        0.55,
        0.55,
        0.3375,
        0.475,
        0.55,
        0.575,
        0.575,
        0.575,
        0.575,
        0.5625,
        0.575,
        0.5625,
        0.5875,
        0.6125,
        0.55,
        0.5625,
        0.6125,
        0.6,
        0.5625,
        0.5875,
        0.575,
        0.6125
    ],
    "train_loss_history": [
        6.3646542633573215,
        0.530087232341369,
        0.4540319739530484,
        0.37837270672122636,
        0.33245463240891693,
        0.4157723423093557,
        0.3918883522351583,
        0.27367460963626705,
        0.23811716412504513,
        0.2157891858369112,
        0.1942758343182504,
        0.2084699172526598,
        0.21433095696071783,
        0.1770174693587857,
        0.16935810379994412,
        0.16029864363372326,
        0.16589495879597962,
        0.17595985991259416,
        0.27606827321772776,
        0.41934936298445485,
        0.17807947594362,
        0.15057348643119137,
        0.12470685471586572,
        0.16728914626097927,
        0.14342421160157148,
        0.10902496297688534,
        0.10310747255571187,
        0.0979593132341203,
        0.09539790976365718,
        0.06772979809126506,
        0.08356583991444495,
        0.07922216186998413,
        0.08367519977812966,
        0.13205735760905857,
        0.280659514068005,
        0.1347688267902413,
        0.1505143731167967,
        0.0873260937165469,
        0.08288700901321136,
        0.09220517186889386,
        0.08633762281679083,
        0.09343229564013503,
        0.0693100047975804,
        0.04929458551487187,
        0.059749871753107676,
        0.05069916497935386,
        0.06336735237564425,
        0.04221935601496322,
        0.051630769238302794,
        0.0367631216917592,
        0.027375193495875767,
        0.02511095351246695,
        0.0291245940112276,
        0.029120909284586105,
        0.027314606205315308,
        0.05202753970552294,
        0.1614991728817889,
        0.7886559905648938,
        0.6452214318401578,
        0.13061275917335421,
        0.20671426292210526,
        0.07702487250129479,
        0.03595571369432946,
        0.027542867167145837,
        0.021044748928989065,
        0.02010057993478161,
        0.017397058669606242,
        0.014430044881472289,
        0.013015900817269237,
        0.010919778674512296,
        0.011294558411407252,
        0.007936700443726371,
        0.010376278012014002,
        0.008774224309331658,
        0.006471271986659606,
        0.006788514907649794,
        0.00540824743320627,
        0.007036048088483919,
        0.019030680443088956,
        0.06858435454811153,
        0.8533425944647254,
        1.9280857935982567,
        0.5005048113707441,
        0.09516665648655666,
        0.07582002356890977,
        0.05034326675631367,
        0.03363180425254957,
        0.02449979288758186,
        0.019842006815949276,
        0.024050319147196693,
        0.016171683373020565,
        0.018573681870536044,
        0.015269663895567949,
        0.011422172372355514,
        0.009167966047304315,
        0.008287758194455819,
        0.008831222233205456,
        0.007371120984801868,
        0.005042453660414026,
        0.005119025143604479
    ],