{
    "test_accuracy": 0.2,
    "test_f1": 0.17663817663817663,
    "train_accuracy_history": [
        0.4222222222222222,
        0.6,
        0.6444444444444445,
        0.8222222222222222,
        0.8444444444444444,
        0.9333333333333333,
        1.0,
        1.0,
        1.0,
        1.0,
        1.0,
        1.0,
        1.0,
        1.0,
        1.0,
        1.0,
        1.0,
        1.0,
        1.0,
        1.0,
        1.0,
        1.0,
        1.0,
        1.0,
        1.0,
        1.0,
        1.0,
        1.0,
        1.0,
        1.0,
        1.0,
        1.0,
        1.0,
        1.0,
        1.0,
        1.0,
        1.0,
        1.0,
        1.0,
        1.0,
        1.0,
        1.0,
        1.0,
        1.0,
        1.0,
        1.0,
        1.0,
        1.0,
        1.0,
        1.0,
        1.0,
        1.0,
        1.0,
        1.0,
        1.0,
        1.0,
        1.0,
        1.0,
        1.0,
        1.0,
        1.0,
        1.0,
        1.0,
        1.0,
        1.0,
        1.0,
        1.0,
        1.0,
        1.0,
        1.0,
        1.0,
        1.0,
        1.0,
        1.0,
        1.0,
        1.0,
        1.0,
        1.0,
        1.0,
        1.0,
        1.0,
        1.0,
        1.0,
        1.0,
        1.0,
        1.0,
        1.0,
        1.0,
        1.0,
        1.0,
        1.0,
        1.0,
        1.0,
        1.0,
        1.0,
        1.0,
        1.0,
        1.0,
        1.0,
        1.0
    ],
    "val_accuracy_history": [
        0.2,
        0.3333333333333333,
        0.3333333333333333,
        0.3333333333333333,
        0.3333333333333333,
        0.3333333333333333,
        0.3333333333333333,
        0.13333333333333333,
        0.2,
        0.2,
        0.2,
        0.2,
        0.3333333333333333,
        0.3333333333333333,
        0.4,
        0.4666666666666667,
        0.4666666666666667,
        0.4666666666666667,
        0.4,
        0.2,
        0.4666666666666667,
        0.2,
        0.2,
        0.26666666666666666,
        0.5333333333333333,
        0.3333333333333333,
        0.3333333333333333,
        0.3333333333333333,
        0.4666666666666667,
        0.4,
        0.3333333333333333,
        0.4,
        0.6666666666666666,
        0.4666666666666667,
        0.26666666666666666,
        0.2,
        0.26666666666666666,
        0.3333333333333333,
        0.2,
        0.3333333333333333,
        0.4666666666666667,
        0.4,
        0.26666666666666666,
        0.3333333333333333,
        0.3333333333333333,
        0.3333333333333333,
        0.26666666666666666,
        0.4666666666666667,
        0.3333333333333333,
        0.4666666666666667,
        0.4666666666666667,
        0.4,
        0.4,
        0.4666666666666667,
        0.4,
        0.4,
        0.4,
        0.26666666666666666,
        0.3333333333333333,
        0.26666666666666666,
        0.2,
        0.3333333333333333,
        0.2,
        0.3333333333333333,
        0.3333333333333333,
        0.26666666666666666,
        0.4666666666666667,
        0.4,
        0.5333333333333333,
        0.5333333333333333,
        0.5333333333333333,
        0.2,
        0.2,
        0.26666666666666666,
        0.4666666666666667,
        0.4666666666666667,
        0.4666666666666667,
        0.4,
        0.4,
        0.4666666666666667,
        0.4666666666666667,
        0.4666666666666667,
        0.4666666666666667,
        0.4666666666666667,
        0.4,
        0.4,
        0.3333333333333333,
        0.3333333333333333,
        0.4,
        0.3333333333333333,
        0.4,
        0.3333333333333333,
        0.4,
        0.4666666666666667,
        0.4666666666666667,
        0.4,
        0.4666666666666667,
        0.4666666666666667,
        0.4,
        0.4
    ],
    "train_loss_history": [
        0.2986570013893975,
        0.2335324101977878,
        0.20651499231656392,
        0.16258826454480488,
        0.10780262417263455,
        0.0758303796251615,
        0.04981132422884305,
        0.042229669872257444,
        0.026662345768676862,
        0.02086544227268961,
        0.016462792745894857,
        0.018198965200119547,
        0.017507739116748175,
        0.009657380771305827,
        0.00783559943859776,
        0.009783413944145043,
        0.007363133649859164,
        0.00579931510405408,
        0.00566358326209916,
        0.004329405631870032,
        0.0026683343160483573,
        0.006841487489226791,
        0.0036135288265844185,
        0.0033806321832040944,
        0.0027985580472482574,
        0.0021870722269846333,
        0.0022565462316075963,
        0.0022001624883462986,
        0.0019298765135722029,
        0.0019984713341626857,
        0.0014252523736407359,
        0.002278324374411669,
        0.001246347239551445,
        0.002138509875577357,
        0.0014092311159604127,
        0.0013898071056852737,
        0.0017557824754880534,
        0.0012052389793097973,
        0.0009468609227850619,
        0.0009286541698707475,
        0.0010436119253022804,
        0.0009227197268046438,
        0.0008517606474924833,
        0.0014818959222692581,
        0.0009979859498950342,
        0.0010320817353203892,
        0.0007625433875040876,
        0.000642526268105333,
        0.0007644149397189418,
        0.0010372277038792769,
        0.0006051939860400226,
        0.0005621778830471966,
        0.0006646401197132137,
        0.0006624131075417002,
        0.0006807450528463556,
        0.0004712738588245379,
        0.0006590795418661502,
        0.0020540433418419625,
        0.00084219894811718,
        0.0016888887388631702,
        0.0010703325853683055,
        0.0006671589631069866,
        0.0005806112037842266,
        0.0006347159467016657,
        0.0007452078060143524,
        0.00044885706415192947,
        0.0005354640177554555,
        0.00040581499536832173,
        0.0006100961615124511,
        0.000335666497832992,
        0.0004637846635887399,
        0.0005932664485751754,
        0.0003868046624120325,
        0.0002818364093804525,
        0.00046425473992712797,
        0.0004244780568923387,
        0.0002693918675908612,
        0.00035270589869469405,
        0.00024265580517142857,
        0.000309923894625778,
        0.0004196103355045327,
        0.00022212311547870439,
        0.0002783852965674467,
        0.0004165601457417425,
        0.00045372406667512324,
        0.0006317956431303173,
        0.00030439886872449685,
        0.00030772212291291603,
        0.000277757520476977,
        0.00024149087387033636,
        0.0001964738317635945,
        0.0002490330455152111,
        0.00020467206260137673,
        0.0002506107858304555,
        0.00018342087278142572,
        0.00026835635136295525,
        0.00022317503349364012,
        0.0002019677210935495,
        0.00018647541938763526,
        0.0003260322413148565
    ],