{
    "test_accuracy": 0.25,
    "test_f1": 0.1,
    "train_accuracy_history": [
        0.23333333333333334,
        0.18333333333333332,
        0.21666666666666667,
        0.25,
        0.16666666666666666,
        0.23333333333333334,
        0.25,
        0.13333333333333333,
        0.2,
        0.16666666666666666,
        0.2,
        0.16666666666666666,
        0.21666666666666667,
        0.21666666666666667,
        0.25,
        0.21666666666666667,
        0.25,
        0.21666666666666667,
        0.25,
        0.18333333333333332,
        0.16666666666666666,
        0.18333333333333332,
        0.23333333333333334,
        0.21666666666666667,
        0.13333333333333333,
        0.25,
        0.2,
        0.18333333333333332,
        0.25,
        0.13333333333333333,
        0.25,
        0.2,
        0.15,
        0.2,
        0.25,
        0.2,
        0.13333333333333333,
        0.16666666666666666,
        0.18333333333333332,
        0.21666666666666667,
        0.25,
        0.21666666666666667,
        0.25,
        0.18333333333333332,
        0.13333333333333333,
        0.15,
        0.2,
        0.21666666666666667,
        0.18333333333333332,
        0.21666666666666667,
        0.2,
        0.2,
        0.25,
        0.25,
        0.25,
        0.25,
        0.25,
        0.25,
        0.18333333333333332,
        0.2,
        0.18333333333333332,
        0.16666666666666666,
        0.2,
        0.25,
        0.2,
        0.25,
        0.25,
        0.25,
        0.25,
        0.21666666666666667,
        0.18333333333333332,
        0.25,
        0.2,
        0.16666666666666666,
        0.18333333333333332,
        0.13333333333333333,
        0.21666666666666667,
        0.2,
        0.2,
        0.25,
        0.21666666666666667,
        0.25,
        0.25,
        0.2,
        0.2,
        0.25,
        0.2,
        0.16666666666666666,
        0.2,
        0.2,
        0.2,
        0.21666666666666667,
        0.2,
        0.16666666666666666,
        0.15,
        0.18333333333333332,
        0.25,
        0.15,
        0.2,
        0.25
    ],
    "val_accuracy_history": [
        0.25,
        0.25,
        0.25,
        0.25,
        0.25,
        0.25,
        0.25,
        0.25,
        0.25,
        0.25,
        0.25,
        0.25,
        0.25,
        0.25,
        0.25,
        0.25,
        0.25,
        0.25,
        0.25,
        0.25,
        0.25,
        0.25,
        0.25,
        0.25,
        0.25,
        0.25,
        0.25,
        0.25,
        0.25,
        0.25,
        0.25,
        0.25,
        0.25,
        0.25,
        0.25,
        0.25,
        0.25,
        0.25,
        0.25,
        0.25,
        0.25,
        0.25,
        0.25,
        0.25,
        0.25,
        0.25,
        0.25,
        0.25,
        0.25,
        0.25,
        0.25,
        0.25,
        0.25,
        0.25,
        0.25,
        0.25,
        0.25,
        0.25,
        0.25,
        0.25,
        0.25,
        0.25,
        0.25,
        0.25,
        0.25,
        0.25,
        0.25,
        0.25,
        0.25,
        0.25,
        0.25,
        0.25,
        0.25,
        0.25,
        0.25,
        0.25,
        0.25,
        0.25,
        0.25,
        0.25,
        0.25,
        0.25,
        0.25,
        0.25,
        0.25,
        0.25,
        0.25,
        0.25,
        0.25,
        0.25,
        0.25,
        0.25,
        0.25,
        0.25,
        0.25,
        0.25,
        0.25,
        0.25,
        0.25,
        0.25
    ],
    "train_loss_history": [
        0.3554295380910238,
        0.3541979571183523,
        0.3485960165659587,
        0.3475387593110402,
        0.3486409862836202,
        0.3481937428315481,
        0.3487050811449687,
        0.3512327988942464,
        0.347621887922287,
        0.34817638993263245,
        0.3479395151138306,
        0.3480622053146362,
        0.34711140394210815,
        0.34858907063802086,
        0.3467054804166158,
        0.34688311219215395,
        0.3404617448647817,
        0.3483504811922709,
        0.34708935221036274,
        0.34727614919344585,
        0.3473270376523336,
        0.3478322744369507,
        0.34722569982210794,
        0.34784263173739116,
        0.34726898272832235,
        0.34702871640523275,
        0.34712735414505,
        0.34701964259147644,
        0.3468550980091095,
        0.3470422625541687,
        0.3469433307647705,
        0.3470386246840159,
        0.3472235182921092,
        0.34698020219802855,
        0.3467218538125356,
        0.3468668858210246,
        0.34716087381045024,
        0.3467836876710256,
        0.3470264236132304,
        0.3468216141064962,
        0.3467740376790365,
        0.3469763994216919,
        0.3468290627002716,
        0.3468539297580719,
        0.34703850944836934,
        0.3468350132306417,
        0.3467473804950714,
        0.34673733909924825,
        0.3467484891414642,
        0.34683679540952045,
        0.34671173294385277,
        0.3467045744260152,
        0.34664705991744993,
        0.3466828842957815,
        0.3466557244459788,
        0.3466819306214651,
        0.34667117794354757,
        0.34666685660680135,
        0.34665735363960265,
        0.346682204802831,
        0.34674837191899616,
        0.3466252068678538,
        0.3467618187268575,
        0.34664008220036824,
        0.34672123988469444,
        0.34667009512583413,
        0.3466263631979624,
        0.34661738872528075,
        0.3467098335425059,
        0.3466677308082581,
        0.346974778175354,
        0.34670826196670534,
        0.34666215380032855,
        0.34678398370742797,
        0.34677786032358804,
        0.34665892124176023,
        0.3466836969057719,
        0.34665075143178303,
        0.34664705793062844,
        0.3466796894868215,
        0.3466446280479431,
        0.3466260294119517,
        0.3465993066628774,
        0.34661478201548257,
        0.34663061102231346,
        0.34664315382639566,
        0.34660528699556986,
        0.3466191311677297,
        0.3466648677984873,
        0.3466337521870931,
        0.3466346184412638,
        0.3466427862644196,
        0.3466389298439026,
        0.34663686354955037,
        0.34670979181925454,
        0.34663909872372944,
        0.3466116011142731,
        0.3466372529665629,
        0.3466882646083832,
        0.3466366708278656
    ],