{
    "test_accuracy": 0.25,
    "test_f1": 0.1,
    "train_accuracy_history": [
        0.25,
        0.25,
        0.25,
        0.25,
        0.2,
        0.2,
        0.21666666666666667,
        0.25,
        0.25,
        0.25,
        0.16666666666666666,
        0.21666666666666667,
        0.23333333333333334,
        0.25,
        0.21666666666666667,
        0.25,
        0.21666666666666667,
        0.25,
        0.2,
        0.25,
        0.13333333333333333,
        0.25,
        0.21666666666666667,
        0.2,
        0.23333333333333334,
        0.15,
        0.18333333333333332,
        0.16666666666666666,
        0.1,
        0.21666666666666667,
        0.2,
        0.16666666666666666,
        0.21666666666666667,
        0.2,
        0.18333333333333332,
        0.2,
        0.2,
        0.11666666666666667,
        0.15,
        0.25,
        0.25,
        0.18333333333333332,
        0.2,
        0.11666666666666667,
        0.11666666666666667,
        0.2,
        0.25,
        0.11666666666666667,
        0.21666666666666667,
        0.25,
        0.25,
        0.15,
        0.25,
        0.15,
        0.15,
        0.25,
        0.25,
        0.23333333333333334,
        0.25,
        0.2,
        0.11666666666666667,
        0.25,
        0.25,
        0.25,
        0.2,
        0.18333333333333332,
        0.18333333333333332,
        0.15,
        0.23333333333333334,
        0.2,
        0.16666666666666666,
        0.2,
        0.25,
        0.25,
        0.16666666666666666,
        0.15,
        0.21666666666666667,
        0.18333333333333332,
        0.13333333333333333,
        0.23333333333333334,
        0.23333333333333334,
        0.18333333333333332,
        0.23333333333333334,
        0.25,
        0.21666666666666667,
        0.25,
        0.25,
        0.2,
        0.23333333333333334,
        0.25,
        0.18333333333333332,
        0.15,
        0.2,
        0.25,
        0.21666666666666667,
        0.2,
        0.25,
        0.21666666666666667,
        0.25,
        0.23333333333333334
    ],
    "val_accuracy_history": [
        0.25,
        0.25,
        0.25,
        0.25,
        0.25,
        0.25,
        0.25,
        0.25,
        0.25,
        0.25,
        0.25,
        0.25,
        0.25,
        0.25,
        0.25,
        0.25,
        0.25,
        0.25,
        0.25,
        0.25,
        0.25,
        0.25,
        0.25,
        0.25,
        0.25,
        0.25,
        0.25,
        0.25,
        0.25,
        0.25,
        0.25,
        0.25,
        0.25,
        0.25,
        0.25,
        0.25,
        0.25,
        0.25,
        0.25,
        0.25,
        0.25,
        0.25,
        0.25,
        0.25,
        0.25,
        0.25,
        0.25,
        0.25,
        0.25,
        0.25,
        0.25,
        0.25,
        0.25,
        0.25,
        0.25,
        0.25,
        0.25,
        0.25,
        0.25,
        0.25,
        0.25,
        0.25,
        0.25,
        0.25,
        0.25,
        0.25,
        0.25,
        0.25,
        0.25,
        0.25,
        0.25,
        0.25,
        0.25,
        0.25,
        0.25,
        0.25,
        0.25,
        0.25,
        0.25,
        0.25,
        0.25,
        0.25,
        0.25,
        0.25,
        0.25,
        0.25,
        0.25,
        0.25,
        0.25,
        0.25,
        0.25,
        0.25,
        0.25,
        0.25,
        0.25,
        0.25,
        0.25,
        0.25,
        0.25,
        0.25
    ],
    "train_loss_history": [
        0.3515021562576294,
        0.34838677048683164,
        0.3478267033894857,
        0.34762293895085655,
        0.34739898443222045,
        0.3474824686845144,
        0.3472889125347137,
        0.3472478985786438,
        0.3469049652417501,
        0.34681493043899536,
        0.34690558711687725,
        0.3467629869778951,
        0.3468458910783132,
        0.3469658553600311,
        0.3468685785929362,
        0.34687212109565735,
        0.34690831700960795,
        0.3467495699723562,
        0.34713008006413776,
        0.3470349907875061,
        0.3471321761608124,
        0.34673221508661906,
        0.3469594200452169,
        0.3468996584415436,
        0.3469765543937683,
        0.34768441716829934,
        0.3476238787174225,
        0.3468543509642283,
        0.34683693846066793,
        0.34687427679697674,
        0.3467582821846008,
        0.34696863293647767,
        0.34684104124704995,
        0.34677171309789023,
        0.34686126311620075,
        0.34674313068389895,
        0.3469050844510396,
        0.3471213718255361,
        0.34715468883514405,
        0.34680959979693093,
        0.34684593478838605,
        0.34685573577880857,
        0.346698123216629,
        0.34677361845970156,
        0.34685909350713096,
        0.34709996183713276,
        0.3468876242637634,
        0.3467832863330841,
        0.34681695501009624,
        0.34685296813646954,
        0.3469649116198222,
        0.3469531814257304,
        0.34680595993995667,
        0.3467704991499583,
        0.34749107956886294,
        0.34681276281674706,
        0.3471764067808787,
        0.3471420625845591,
        0.3468042850494385,
        0.34732065796852113,
        0.3472860415776571,
        0.34683538873990377,
        0.3469105442365011,
        0.3470731437206268,
        0.34696096579233804,
        0.3475239992141724,
        0.346993883450826,
        0.3475280423959096,
        0.3468306024869283,
        0.34683033227920534,
        0.3469031035900116,
        0.3468974530696869,
        0.34672455390294393,
        0.34683371186256406,
        0.34753982226053876,
        0.3470395425955454,
        0.34684637784957884,
        0.3469258407751719,
        0.34697420994440714,
        0.3469942073027293,
        0.34670401016871133,
        0.3469054202238719,
        0.34693753321965537,
        0.3468376398086548,
        0.3468816379706065,
        0.34712154666582745,
        0.3468675196170807,
        0.34690578778584796,
        0.3468819181124369,
        0.34675933718681334,
        0.34701697826385497,
        0.34697492520014445,
        0.34712484081586203,
        0.34681707819302876,
        0.3470592280228933,
        0.3470037321249644,
        0.3468137621879578,
        0.34688303073247273,
        0.34716662764549255,
        0.3469659666220347
    ],