{
    "test_accuracy": 0.8,
    "test_f1": 0.7916666666666667,
    "train_accuracy_history": [
        0.6,
        0.7333333333333333,
        0.8,
        0.9333333333333333,
        0.9333333333333333,
        0.9666666666666667,
        0.9666666666666667,
        1.0,
        1.0,
        1.0,
        1.0,
        1.0,
        1.0,
        1.0,
        1.0,
        1.0,
        1.0,
        1.0,
        1.0,
        1.0,
        1.0,
        1.0,
        1.0,
        1.0,
        1.0,
        1.0,
        1.0,
        1.0,
        1.0,
        1.0,
        1.0,
        1.0,
        1.0,
        1.0,
        1.0,
        1.0,
        1.0,
        1.0,
        1.0,
        1.0,
        1.0,
        1.0,
        1.0,
        1.0,
        1.0,
        1.0,
        1.0,
        1.0,
        1.0,
        1.0,
        1.0,
        1.0,
        1.0,
        1.0,
        1.0,
        1.0,
        1.0,
        1.0,
        1.0,
        1.0,
        1.0,
        1.0,
        1.0,
        1.0,
        1.0,
        1.0,
        1.0,
        1.0,
        1.0,
        1.0,
        1.0,
        1.0,
        1.0,
        1.0,
        1.0,
        1.0,
        1.0,
        1.0,
        1.0,
        1.0,
        1.0,
        1.0,
        1.0,
        1.0,
        1.0,
        1.0,
        1.0,
        1.0,
        1.0,
        1.0,
        1.0,
        1.0,
        1.0,
        1.0,
        1.0,
        1.0,
        1.0,
        1.0,
        1.0,
        1.0
    ],
    "val_accuracy_history": [
        0.4,
        0.4,
        0.6,
        0.6,
        0.6,
        0.9,
        0.6,
        0.6,
        0.8,
        0.8,
        0.6,
        0.6,
        0.6,
        0.6,
        0.6,
        0.6,
        0.4,
        0.4,
        0.4,
        0.6,
        0.4,
        0.4,
        0.4,
        0.4,
        0.6,
        0.4,
        0.4,
        0.4,
        0.4,
        0.4,
        0.4,
        0.4,
        0.6,
        0.6,
        0.6,
        0.6,
        0.6,
        0.6,
        0.4,
        0.4,
        0.4,
        0.5,
        0.7,
        0.7,
        0.4,
        0.4,
        0.4,
        0.4,
        0.4,
        0.4,
        0.4,
        0.5,
        0.4,
        0.7,
        0.8,
        0.8,
        0.6,
        0.6,
        0.7,
        0.7,
        0.7,
        0.6,
        0.7,
        0.8,
        0.4,
        0.4,
        0.4,
        0.6,
        0.7,
        0.7,
        0.7,
        0.8,
        0.7,
        0.8,
        0.8,
        0.7,
        0.8,
        0.7,
        0.8,
        0.8,
        0.7,
        0.7,
        0.7,
        0.8,
        0.8,
        0.8,
        0.7,
        0.5,
        0.4,
        0.6,
        0.7,
        0.7,
        0.7,
        0.8,
        0.7,
        0.8,
        0.7,
        0.8,
        0.5,
        0.5
    ],
    "train_loss_history": [
        0.2040363093217214,
        0.14819268186887105,
        0.1155641754468282,
        0.0889022837082545,
        0.06818651321033636,
        0.05967493156592051,
        0.03758815700809161,
        0.04349689980347951,
        0.04120171591639519,
        0.03456726012130578,
        0.022763895817721883,
        0.015545241658886273,
        0.016255168927212557,
        0.014402996834057073,
        0.013175448340674242,
        0.010378111929943165,
        0.0077108450544377165,
        0.0076293429670234525,
        0.006291219467918078,
        0.006221513729542494,
        0.005373938800767064,
        0.004393185364703337,
        0.004762693812760214,
        0.005001480660090844,
        0.0076207358700533705,
        0.009069948534791669,
        0.004367826165010532,
        0.006800954882055521,
        0.004955231212079525,
        0.00464831634114186,
        0.00337660590497156,
        0.003317210846580565,
        0.002984048333019018,
        0.0040212621989970405,
        0.002539047373769184,
        0.002314207477805515,
        0.0014712165497864286,
        0.002779270130364845,
        0.001833692976894478,
        0.0014183646339612703,
        0.0019070982021124412,
        0.0010014474081496397,
        0.0011735751332404712,
        0.0016321669099852443,
        0.0008531002521825333,
        0.0019072538474574686,
        0.0010124006871289263,
        0.0009739717662644883,
        0.0007805285567883402,
        0.0007477404006446402,
        0.0008940177697998782,
        0.0008890224368466685,
        0.0006818888864169518,
        0.0008224570231201748,
        0.0006182399636600166,
        0.0006484092019187908,
        0.0005508294329047203,
        0.00035839753594094266,
        0.000596023081743624,
        0.00047348944935947656,
        0.00029811900846349695,
        0.0005035404591277863,
        0.0004489896333931635,
        0.0003878618241287768,
        0.00039894107079211,
        0.00045115703930302214,
        0.0003983838823235904,
        0.00030313368867306657,
        0.00039121144994472463,
        0.00025179291648479797,
        0.0003068135090870783,
        0.00030222175701055676,
        0.00023275985149666666,
        0.00035908299614675345,
        0.0001949895391589962,
        0.0003660511788136015,
        0.00024363105027684165,
        0.00028334170128800905,
        0.00017910571332322434,
        0.000257934452383779,
        0.00019464378128759564,
        0.0002804869722846585,
        0.000221798982238397,
        0.0002251010329928249,
        0.000236272993182259,
        0.00016125284443357183,
        0.00013328246107751813,
        0.0001895301907400911,
        0.0001237389481199595,
        0.00025629967688776863,
        0.0001346518366820722,
        0.0001356127041314418,
        0.00015607195430978512,
        0.00010070280768559314,
        0.00011305434939761957,
        0.00015378120563885506,
        0.0001635556691326201,
        0.00011023124388884754,
        0.00029478320041865423,
        0.00012488783928953732
    ],