{
    "test_accuracy": 0.5333333333333333,
    "test_f1": 0.5530303030303031,
    "train_accuracy_history": [
        0.37777777777777777,
        0.4666666666666667,
        0.6,
        0.7555555555555555,
        0.7777777777777778,
        0.7333333333333333,
        0.7555555555555555,
        0.8,
        0.8444444444444444,
        0.7777777777777778,
        0.9333333333333333,
        0.9333333333333333,
        0.8888888888888888,
        0.9777777777777777,
        0.9111111111111111,
        1.0,
        1.0,
        1.0,
        1.0,
        1.0,
        1.0,
        1.0,
        1.0,
        0.9777777777777777,
        1.0,
        1.0,
        1.0,
        1.0,
        1.0,
        1.0,
        1.0,
        0.9777777777777777,
        1.0,
        1.0,
        1.0,
        1.0,
        1.0,
        1.0,
        1.0,
        1.0,
        1.0,
        1.0,
        1.0,
        1.0,
        1.0,
        1.0,
        1.0,
        1.0,
        1.0,
        1.0,
        1.0,
        1.0,
        1.0,
        1.0,
        1.0,
        1.0,
        1.0,
        1.0,
        1.0,
        1.0,
        1.0,
        1.0,
        1.0,
        1.0,
        1.0,
        1.0,
        1.0,
        1.0,
        1.0,
        1.0,
        1.0,
        1.0,
        1.0,
        1.0,
        1.0,
        1.0,
        1.0,
        1.0,
        1.0,
        1.0,
        1.0,
        1.0,
        1.0,
        1.0,
        1.0,
        1.0,
        1.0,
        1.0,
        1.0,
        1.0,
        1.0,
        1.0,
        1.0,
        1.0,
        1.0,
        1.0,
        1.0,
        1.0,
        1.0,
        1.0
    ],
    "val_accuracy_history": [
        0.4,
        0.4,
        0.4666666666666667,
        0.4666666666666667,
        0.2,
        0.26666666666666666,
        0.4666666666666667,
        0.4666666666666667,
        0.13333333333333333,
        0.26666666666666666,
        0.4,
        0.4,
        0.4666666666666667,
        0.5333333333333333,
        0.3333333333333333,
        0.4666666666666667,
        0.4,
        0.13333333333333333,
        0.2,
        0.4666666666666667,
        0.06666666666666667,
        0.4666666666666667,
        0.4,
        0.13333333333333333,
        0.13333333333333333,
        0.3333333333333333,
        0.5333333333333333,
        0.5333333333333333,
        0.4666666666666667,
        0.13333333333333333,
        0.4,
        0.4666666666666667,
        0.13333333333333333,
        0.13333333333333333,
        0.5333333333333333,
        0.4666666666666667,
        0.4666666666666667,
        0.5333333333333333,
        0.13333333333333333,
        0.3333333333333333,
        0.4666666666666667,
        0.4666666666666667,
        0.13333333333333333,
        0.13333333333333333,
        0.4,
        0.4,
        0.13333333333333333,
        0.4,
        0.5333333333333333,
        0.13333333333333333,
        0.4666666666666667,
        0.13333333333333333,
        0.26666666666666666,
        0.06666666666666667,
        0.13333333333333333,
        0.4,
        0.06666666666666667,
        0.13333333333333333,
        0.4666666666666667,
        0.4,
        0.13333333333333333,
        0.4666666666666667,
        0.5333333333333333,
        0.13333333333333333,
        0.4,
        0.4,
        0.4,
        0.13333333333333333,
        0.5333333333333333,
        0.6,
        0.4666666666666667,
        0.3333333333333333,
        0.5333333333333333,
        0.13333333333333333,
        0.13333333333333333,
        0.4,
        0.4666666666666667,
        0.06666666666666667,
        0.3333333333333333,
        0.5333333333333333,
        0.4,
        0.4,
        0.4,
        0.4666666666666667,
        0.4666666666666667,
        0.13333333333333333,
        0.13333333333333333,
        0.4666666666666667,
        0.4,
        0.4666666666666667,
        0.13333333333333333,
        0.4666666666666667,
        0.4666666666666667,
        0.6,
        0.13333333333333333,
        0.4666666666666667,
        0.4,
        0.4666666666666667,
        0.4666666666666667,
        0.6
    ],
    "train_loss_history": [
        0.3026556624306573,
        0.26735124852922226,
        0.2219428049193488,
        0.20252311494615344,
        0.168261495563719,
        0.159600826104482,
        0.16538310249646504,
        0.1427459067768521,
        0.13543889621893565,
        0.1335286690129174,
        0.10486319727367825,
        0.09881140655941434,
        0.08352299018038643,
        0.07615581899881363,
        0.0703076970246103,
        0.053661965992715624,
        0.048003850546148086,
        0.040029994232787025,
        0.037883100907007854,
        0.034749477439456514,
        0.03563449715988504,
        0.03944121880663766,
        0.02478455939433641,
        0.032705180553926363,
        0.025835627110468017,
        0.019878995946298043,
        0.023146736290719776,
        0.01819922530816661,
        0.019583564831150903,
        0.022901130177908475,
        0.016298769414424895,
        0.022852381424874894,
        0.014078226106034385,
        0.014628665149211883,
        0.011445323481327957,
        0.012180852714098162,
        0.013531222153041098,
        0.012031031482749515,
        0.01124219571550687,
        0.007141892736156782,
        0.007994897373848491,
        0.006380146803955237,
        0.007861131615936757,
        0.005810475328730212,
        0.007029199289778868,
        0.0077877877280116085,
        0.00760825795845853,
        0.005276498669344518,
        0.004171243656633628,
        0.003991219435637403,
        0.0033414487313065265,
        0.004029329073899943,
        0.0030539147148374466,
        0.004205464106053114,
        0.00449433964677155,
        0.005012621906482511,
        0.004620090189079443,
        0.004694968524078528,
        0.00369507665745914,
        0.002926093413649748,
        0.003030542377382517,
        0.0028257942700292914,
        0.0023031859037776787,
        0.0035563831165846852,
        0.002312459817363156,
        0.0024814563596414194,
        0.002598807660655843,
        0.0034591783070936797,
        0.002589720653163062,
        0.001995599758811295,
        0.002263564334457947,
        0.0027936957349690298,
        0.0018059953594476812,
        0.0018290803793610797,
        0.0022135872259645517,
        0.0017617118001605073,
        0.0037999654486257995,
        0.0019262070508880747,
        0.001787613249487347,
        0.001752949477587309,
        0.0016630830191489722,
        0.001499639383594816,
        0.0009446654494644867,
        0.0012536398238605923,
        0.0014513794281002547,
        0.002178572062661664,
        0.0019096703934741931,
        0.0009709616333970593,
        0.0010309320602876445,
        0.0009977589568330183,
        0.003908660414163023,
        0.0014164363603211111,
        0.001163398513259987,
        0.001522667101946556,
        0.001768581199252771,
        0.0008270330261439085,
        0.0009351223956198535,
        0.002629715023148391,
        0.0016990738403466013,
        0.0019193969097816282
    ],