{
    "test_accuracy": 0.9,
    "test_f1": 0.898989898989899,
    "train_accuracy_history": [
        0.6333333333333333,
        0.6,
        0.8666666666666667,
        0.9666666666666667,
        1.0,
        1.0,
        1.0,
        1.0,
        1.0,
        1.0,
        1.0,
        1.0,
        1.0,
        1.0,
        1.0,
        1.0,
        1.0,
        1.0,
        1.0,
        1.0,
        1.0,
        1.0,
        1.0,
        1.0,
        1.0,
        1.0,
        1.0,
        1.0,
        1.0,
        1.0,
        1.0,
        1.0,
        1.0,
        1.0,
        1.0,
        1.0,
        1.0,
        1.0,
        1.0,
        1.0,
        1.0,
        1.0,
        1.0,
        1.0,
        1.0,
        1.0,
        1.0,
        1.0,
        1.0,
        1.0,
        1.0,
        1.0,
        1.0,
        1.0,
        1.0,
        1.0,
        1.0,
        1.0,
        1.0,
        1.0,
        1.0,
        1.0,
        1.0,
        1.0,
        1.0,
        1.0,
        1.0,
        1.0,
        1.0,
        1.0,
        1.0,
        1.0,
        1.0,
        1.0,
        1.0,
        1.0,
        1.0,
        1.0,
        1.0,
        1.0,
        1.0,
        1.0,
        1.0,
        1.0,
        1.0,
        1.0,
        1.0,
        1.0,
        1.0,
        1.0,
        1.0,
        1.0,
        1.0,
        1.0,
        1.0,
        1.0,
        1.0,
        1.0,
        1.0,
        1.0
    ],
    "val_accuracy_history": [
        0.5,
        0.5,
        0.5,
        0.5,
        0.5,
        0.8,
        0.7,
        0.8,
        0.7,
        0.8,
        0.8,
        0.8,
        0.8,
        0.8,
        0.8,
        0.8,
        0.7,
        0.6,
        0.8,
        0.8,
        0.8,
        0.8,
        0.8,
        0.8,
        0.7,
        0.8,
        0.7,
        0.8,
        0.8,
        0.8,
        0.8,
        0.8,
        0.9,
        0.8,
        0.8,
        0.8,
        0.8,
        0.8,
        0.8,
        0.8,
        0.8,
        0.8,
        0.8,
        0.8,
        0.9,
        0.8,
        0.8,
        0.8,
        0.8,
        0.8,
        0.8,
        0.8,
        0.8,
        0.8,
        0.9,
        0.8,
        0.8,
        0.8,
        0.9,
        0.9,
        0.9,
        0.9,
        0.9,
        0.9,
        0.8,
        0.8,
        0.8,
        0.8,
        0.8,
        0.8,
        0.8,
        0.8,
        0.9,
        0.8,
        0.8,
        0.9,
        0.9,
        0.9,
        0.8,
        0.8,
        0.8,
        0.9,
        0.9,
        0.9,
        0.9,
        0.9,
        0.9,
        0.9,
        0.9,
        0.9,
        0.9,
        0.9,
        0.8,
        0.8,
        0.8,
        0.8,
        0.8,
        0.8,
        0.8,
        0.8
    ],
    "train_loss_history": [
        0.17903188169002532,
        0.17755777885516486,
        0.10095237866044045,
        0.06004007086157799,
        0.04080126186211904,
        0.028516146602729955,
        0.01724030418942372,
        0.011470642251272997,
        0.0098252554036056,
        0.006279219423110286,
        0.005216815027718743,
        0.004656735419606169,
        0.0028691109580298263,
        0.0028477919637225567,
        0.0022012606185550492,
        0.0017277078780656059,
        0.0015094220812898128,
        0.0012257903988938778,
        0.0008976671107423802,
        0.0007821315996504078,
        0.00045220102280533564,
        0.0007808104642511656,
        0.0005230906012002378,
        0.0005265954542361821,
        0.0007879511589029183,
        0.0004748358759873857,
        0.00037645692743050555,
        0.0004703581153686779,
        0.00043782045831903816,
        0.00034876232045159367,
        0.0004497949979850091,
        0.0004926253105319726,
        0.00029153802908391907,
        0.0002599209294809649,
        0.0002879974451692154,
        0.0002954302821308374,
        0.0003733862996644651,
        0.00034202162302487217,
        0.0002672951915883459,
        0.0003145977563690394,
        0.0002106327869114466,
        0.00019669596610280375,
        0.00027139030183510236,
        0.0002409776080943023,
        0.00016728016732182974,
        0.0001288704210310243,
        0.0001879613611890818,
        0.00020809080403220528,
        0.00019359934910122926,
        0.00014715543981462056,
        0.00020254099636076716,
        0.00016228038924358165,
        0.0001459746638526364,
        0.00012376321780417735,
        0.00013581804241766804,
        0.00016555954486345095,
        0.0001278670320364957,
        0.0001523222809434325,
        0.00013658387881415973,
        0.00011359024283592589,
        0.0001614398308447562,
        0.00011237887174502248,
        0.00016568027155396218,
        0.00011186202100361697,
        0.00015827704592084047,
        7.880334499835348e-05,
        0.00010167609070776962,
        9.848808016007145e-05,
        0.0001317472194690102,
        8.728640799139005e-05,
        6.830112882501756e-05,
        7.81421792604912e-05,
        8.625530970221006e-05,
        0.00011698103941550168,
        9.37027231581548e-05,
        8.130541245918722e-05,
        6.796829378193554e-05,
        8.44129448523745e-05,
        4.150702322173553e-05,
        7.485143305530073e-05,
        5.2617935822733367e-05,
        6.0761777300892085e-05,
        8.426970331735599e-05,
        8.169022548827342e-05,
        6.063295295462012e-05,
        5.9418812694881734e-05,
        5.015961699731027e-05,
        7.348618916391085e-05,
        4.775739290986773e-05,
        4.5873571859071184e-05,
        4.617119787629538e-05,
        5.3574288176605475e-05,
        7.832020743686977e-05,
        6.879677284814534e-05,
        5.865217605484456e-05,
        8.33957194724159e-05,
        9.47752744347478e-05,
        4.9604649757384325e-05,
        5.914408763298222e-05,
        3.4279076074502277e-05
    ],