{
    "test_accuracy": 0.5,
    "test_f1": 0.4811507936507936,
    "train_accuracy_history": [
        0.26666666666666666,
        0.55,
        0.7,
        0.8166666666666667,
        0.8666666666666667,
        0.9166666666666666,
        0.9333333333333333,
        0.95,
        1.0,
        1.0,
        1.0,
        1.0,
        1.0,
        1.0,
        1.0,
        1.0,
        1.0,
        1.0,
        1.0,
        0.9833333333333333,
        1.0,
        1.0,
        1.0,
        1.0,
        1.0,
        1.0,
        1.0,
        1.0,
        1.0,
        1.0,
        1.0,
        1.0,
        1.0,
        1.0,
        1.0,
        1.0,
        1.0,
        1.0,
        1.0,
        1.0,
        1.0,
        1.0,
        1.0,
        1.0,
        1.0,
        1.0,
        1.0,
        1.0,
        1.0,
        1.0,
        1.0,
        1.0,
        1.0,
        1.0,
        1.0,
        1.0,
        1.0,
        1.0,
        1.0,
        1.0,
        1.0,
        1.0,
        1.0,
        1.0,
        1.0,
        1.0,
        1.0,
        1.0,
        1.0,
        1.0,
        1.0,
        1.0,
        1.0,
        1.0,
        1.0,
        1.0,
        1.0,
        1.0,
        1.0,
        1.0,
        1.0,
        1.0,
        1.0,
        1.0,
        1.0,
        1.0,
        1.0,
        1.0,
        1.0,
        1.0,
        1.0,
        1.0,
        1.0,
        1.0,
        1.0,
        1.0,
        1.0,
        1.0,
        1.0,
        1.0
    ],
    "val_accuracy_history": [
        0.15,
        0.2,
        0.2,
        0.15,
        0.15,
        0.15,
        0.15,
        0.15,
        0.15,
        0.25,
        0.25,
        0.25,
        0.25,
        0.25,
        0.3,
        0.25,
        0.3,
        0.25,
        0.25,
        0.25,
        0.25,
        0.25,
        0.3,
        0.15,
        0.4,
        0.2,
        0.2,
        0.4,
        0.25,
        0.25,
        0.25,
        0.3,
        0.3,
        0.3,
        0.25,
        0.25,
        0.25,
        0.35,
        0.25,
        0.25,
        0.4,
        0.25,
        0.35,
        0.35,
        0.35,
        0.45,
        0.25,
        0.4,
        0.3,
        0.55,
        0.5,
        0.4,
        0.25,
        0.25,
        0.45,
        0.35,
        0.4,
        0.35,
        0.35,
        0.45,
        0.25,
        0.3,
        0.35,
        0.3,
        0.25,
        0.3,
        0.4,
        0.4,
        0.25,
        0.45,
        0.45,
        0.35,
        0.3,
        0.35,
        0.7,
        0.45,
        0.5,
        0.35,
        0.45,
        0.4,
        0.55,
        0.4,
        0.35,
        0.4,
        0.35,
        0.55,
        0.25,
        0.3,
        0.15,
        0.4,
        0.35,
        0.45,
        0.3,
        0.5,
        0.4,
        0.4,
        0.35,
        0.45,
        0.4,
        0.25
    ],
    "train_loss_history": [
        0.3790050844351451,
        0.2555971602598826,
        0.1937112440665563,
        0.15377153232693672,
        0.12298981994390487,
        0.09142740319172542,
        0.06900637733439605,
        0.0607752421249946,
        0.03772075970967611,
        0.03637101451555888,
        0.030062154742578666,
        0.023856641460830965,
        0.023027003866930802,
        0.014300264356036981,
        0.012983519708116849,
        0.012154900624106327,
        0.011053089673320452,
        0.010771375684998929,
        0.010004285381486018,
        0.012073257976832489,
        0.007572009049666425,
        0.008492239952708284,
        0.009000885393470525,
        0.006631626111144821,
        0.006803428350637356,
        0.005850388629672428,
        0.005600708028456817,
        0.004325561962711315,
        0.0042830474441871045,
        0.00359757993525515,
        0.002599494671449065,
        0.0025172560941427945,
        0.0034810943955866,
        0.0029120342573150993,
        0.00237855416101714,
        0.00375392713273565,
        0.0021029989196298025,
        0.002616732338598619,
        0.003497850945374618,
        0.002880335149044792,
        0.002296685027734687,
        0.0021952927423020204,
        0.0018966984624663988,
        0.0017681671131867915,
        0.0019844979183593144,
        0.0017213294204945365,
        0.0014141171200511356,
        0.0011064979829825462,
        0.0015268454677425324,
        0.0011263470097522563,
        0.00144118900061585,
        0.0010403007404723515,
        0.001970060166786425,
        0.0010250350654435654,
        0.0008879637025529519,
        0.001762225450753855,
        0.0010297273460309953,
        0.0010057438941051564,
        0.0009637628293906649,
        0.0012423428241163492,
        0.0007617277035024018,
        0.0006845954660093412,
        0.0008764207052687804,
        0.0008271660694542031,
        0.001305804306563611,
        0.000595825252821669,
        0.0006646827595735279,
        0.0008480228621920105,
        0.0008045426230334367,
        0.0010141428074954698,
        0.000633296991388003,
        0.0008879655802350801,
        0.0006846344195461522,
        0.0007679825881496072,
        0.000512941564375069,
        0.0005351980488436918,
        0.0005259076220681891,
        0.00048408865016729883,
        0.00044109403582600254,
        0.0008289582901246224,
        0.0004464565296075307,
        0.000575999394156194,
        0.0007273679885353583,
        0.000586657856668656,
        0.0005077542091991442,
        0.0004211271249611552,
        0.0008599513996159658,
        0.000397480656101834,
        0.00047940479053067977,
        0.0003568997907374675,
        0.0003492717325570993,
        0.00031379148034223664,
        0.0003231697929246972,
        0.0003708800885457701,
        0.0004046385995025048,
        0.0005539543150613705,
        0.0003267331553312639,
        0.0002736267056510163,
        0.00032564325350297927,
        0.0004422505325540745
    ],