{
    "test_accuracy": 0.7333333333333333,
    "test_f1": 0.7348484848484849,
    "train_accuracy_history": [
        0.3,
        0.5444444444444444,
        0.7777777777777778,
        0.7777777777777778,
        0.7888888888888889,
        0.8111111111111111,
        0.8777777777777778,
        0.8333333333333334,
        0.8555555555555555,
        0.8777777777777778,
        0.8777777777777778,
        0.9444444444444444,
        0.9222222222222223,
        0.8888888888888888,
        0.8333333333333334,
        0.9444444444444444,
        0.9111111111111111,
        0.9666666666666667,
        0.9,
        0.8888888888888888,
        0.9222222222222223,
        0.9555555555555556,
        0.9333333333333333,
        0.9444444444444444,
        0.9666666666666667,
        0.9555555555555556,
        0.9555555555555556,
        0.9666666666666667,
        0.9444444444444444,
        0.9777777777777777,
        0.9777777777777777,
        0.9888888888888889,
        0.8555555555555555,
        0.9555555555555556,
        0.9444444444444444,
        0.9222222222222223,
        0.9555555555555556,
        0.9666666666666667,
        0.9777777777777777,
        0.9666666666666667,
        0.9888888888888889,
        0.9777777777777777,
        1.0,
        0.9666666666666667,
        1.0,
        0.9666666666666667,
        0.9888888888888889,
        1.0,
        0.9777777777777777,
        1.0,
        0.9888888888888889,
        1.0,
        1.0,
        1.0,
        1.0,
        1.0,
        0.9777777777777777,
        1.0,
        1.0,
        0.9888888888888889,
        1.0,
        0.9777777777777777,
        1.0,
        1.0,
        1.0,
        0.9888888888888889,
        1.0,
        1.0,
        1.0,
        0.9888888888888889,
        1.0,
        1.0,
        1.0,
        1.0,
        0.9333333333333333,
        0.8555555555555555,
        0.9,
        0.9111111111111111,
        0.9,
        0.9777777777777777,
        0.9555555555555556,
        0.9777777777777777,
        0.9777777777777777,
        0.9888888888888889,
        0.9888888888888889,
        0.9888888888888889,
        0.9888888888888889,
        0.9666666666666667,
        1.0,
        0.9888888888888889,
        0.9666666666666667,
        1.0,
        0.9888888888888889,
        0.9888888888888889,
        1.0,
        1.0,
        1.0,
        1.0,
        1.0,
        1.0
    ],
    "val_accuracy_history": [
        0.3333333333333333,
        0.5,
        0.3333333333333333,
        0.4,
        0.3333333333333333,
        0.6666666666666666,
        0.36666666666666664,
        0.26666666666666666,
        0.4666666666666667,
        0.3333333333333333,
        0.36666666666666664,
        0.3333333333333333,
        0.3333333333333333,
        0.3333333333333333,
        0.3333333333333333,
        0.36666666666666664,
        0.36666666666666664,
        0.3333333333333333,
        0.3333333333333333,
        0.5,
        0.6333333333333333,
        0.8333333333333334,
        0.4666666666666667,
        0.7,
        0.7666666666666667,
        0.8666666666666667,
        0.5666666666666667,
        0.5,
        0.5333333333333333,
        0.5,
        0.4666666666666667,
        0.36666666666666664,
        0.5333333333333333,
        0.43333333333333335,
        0.6,
        0.3333333333333333,
        0.6333333333333333,
        0.6,
        0.7333333333333333,
        0.6666666666666666,
        0.5,
        0.6666666666666666,
        0.6666666666666666,
        0.3333333333333333,
        0.4,
        0.8666666666666667,
        0.6333333333333333,
        0.5666666666666667,
        0.7,
        0.6,
        0.5333333333333333,
        0.4666666666666667,
        0.7333333333333333,
        0.9,
        0.5666666666666667,
        0.8666666666666667,
        0.5,
        0.8666666666666667,
        0.6333333333333333,
        0.7,
        0.9333333333333333,
        0.4666666666666667,
        0.9,
        0.8666666666666667,
        0.7,
        0.7333333333333333,
        0.6666666666666666,
        0.6666666666666666,
        0.6333333333333333,
        0.6666666666666666,
        0.7333333333333333,
        0.8333333333333334,
        0.6666666666666666,
        0.8666666666666667,
        0.3333333333333333,
        0.3333333333333333,
        0.4666666666666667,
        0.43333333333333335,
        0.43333333333333335,
        0.43333333333333335,
        0.6,
        0.43333333333333335,
        0.3333333333333333,
        0.3333333333333333,
        0.4666666666666667,
        0.43333333333333335,
        0.5666666666666667,
        0.7333333333333333,
        0.6666666666666666,
        0.6,
        0.6333333333333333,
        0.9333333333333333,
        0.8,
        0.6333333333333333,
        0.7,
        0.8333333333333334,
        0.9,
        0.9,
        0.9,
        0.8666666666666667
    ],
    "train_loss_history": [
        0.28890910347302756,
        0.2376204424434238,
        0.1642762432495753,
        0.1522034419907464,
        0.14408682319853042,
        0.1347532159752316,
        0.12014051261875365,
        0.1162848143113984,
        0.11025041391452153,
        0.10208021584484313,
        0.10147575653261609,
        0.07595239082972209,
        0.07479229950242572,
        0.0851048188077079,
        0.0929938615196281,
        0.0771019556456142,
        0.0701287117269304,
        0.06437900770041678,
        0.09001049068239,
        0.09123396558894051,
        0.06626354108254115,
        0.06103849411010742,
        0.05058311745524406,
        0.04780065808445215,
        0.04188588396128681,
        0.039454268529597256,
        0.039796626097005273,
        0.04095122189157539,
        0.046428159127632776,
        0.03391810874972079,
        0.04329442046582699,
        0.03463238705363539,
        0.0865496716565556,
        0.057551306361953415,
        0.050475396050347225,
        0.05337091361482938,
        0.04354314285640915,
        0.02780570938355393,
        0.027137848093277878,
        0.02733794090907193,
        0.027582438103854655,
        0.02292783328642448,
        0.016876686478240623,
        0.025476983295650117,
        0.01629243425817953,
        0.021254845946613286,
        0.0177802738313201,
        0.013641928938320941,
        0.01962523420806974,
        0.01566580558816592,
        0.018431636271998286,
        0.011282034430445896,
        0.013849446177482605,
        0.011541378787822194,
        0.010022978494978614,
        0.01091134505178262,
        0.016215799199158533,
        0.010769164432551609,
        0.010763455030165561,
        0.012905687727551494,
        0.008733101323660878,
        0.013988059169949135,
        0.012714827223680914,
        0.008682674139789823,
        0.0065742072982377265,
        0.012940812264827805,
        0.008516721300677293,
        0.008862284943461418,
        0.01186331419998573,
        0.009941674890514049,
        0.00686509914489256,
        0.0066393461406530855,
        0.010876010392611433,
        0.007340764163260852,
        0.03456577092874795,
        0.08933815993368625,
        0.08316360134631395,
        0.06913646012544632,
        0.06260296511981223,
        0.04880461415482892,
        0.040165813826024535,
        0.036214848090377116,
        0.025023275137775473,
        0.021063234380239413,
        0.013681719192148497,
        0.013809976881990831,
        0.02044983831049952,
        0.019840422679489066,
        0.008530788664777194,
        0.011045003434022267,
        0.01608130584936589,
        0.0077048630983982645,
        0.01137661325256987,
        0.00875277668803594,
        0.005601651663048162,
        0.00723291235400312,
        0.0059290709730703385,
        0.004565557499720146,
        0.007705591396532125,
        0.004158584429468546
    ],