{
    "test_accuracy": 0.3125,
    "test_f1": 0.19798136645962733,
    "train_accuracy_history": [
        0.25416666666666665,
        0.20416666666666666,
        0.3333333333333333,
        0.2625,
        0.29583333333333334,
        0.30416666666666664,
        0.2791666666666667,
        0.25416666666666665,
        0.2708333333333333,
        0.25,
        0.25,
        0.25,
        0.25,
        0.2375,
        0.25,
        0.20833333333333334,
        0.25,
        0.25,
        0.25,
        0.25,
        0.25,
        0.25,
        0.2125,
        0.22083333333333333,
        0.23333333333333334,
        0.20416666666666666,
        0.2,
        0.20416666666666666,
        0.22916666666666666,
        0.24166666666666667,
        0.25,
        0.20833333333333334,
        0.22916666666666666,
        0.21666666666666667,
        0.24166666666666667,
        0.22916666666666666,
        0.25,
        0.23333333333333334,
        0.25,
        0.25,
        0.23333333333333334,
        0.22916666666666666,
        0.2125,
        0.25,
        0.25,
        0.22916666666666666,
        0.21666666666666667,
        0.225,
        0.22916666666666666,
        0.21666666666666667,
        0.24166666666666667,
        0.19583333333333333,
        0.22916666666666666,
        0.24166666666666667,
        0.22083333333333333,
        0.225,
        0.2375,
        0.25,
        0.17916666666666667,
        0.2,
        0.2375,
        0.23333333333333334,
        0.20833333333333334,
        0.20416666666666666,
        0.19166666666666668,
        0.25,
        0.1875,
        0.20833333333333334,
        0.2125,
        0.24583333333333332,
        0.1875,
        0.175,
        0.18333333333333332,
        0.225,
        0.2125,
        0.225,
        0.20833333333333334,
        0.20416666666666666,
        0.22916666666666666,
        0.20833333333333334,
        0.25,
        0.20833333333333334,
        0.23333333333333334,
        0.23333333333333334,
        0.25,
        0.19583333333333333,
        0.225,
        0.24583333333333332,
        0.2125,
        0.2125,
        0.21666666666666667,
        0.22083333333333333,
        0.23333333333333334,
        0.23333333333333334,
        0.1625,
        0.20833333333333334,
        0.20833333333333334,
        0.23333333333333334,
        0.24166666666666667,
        0.25
    ],
    "val_accuracy_history": [
        0.25,
        0.1875,
        0.25,
        0.2375,
        0.2125,
        0.2125,
        0.275,
        0.25,
        0.25,
        0.3,
        0.25,
        0.25,
        0.25,
        0.25,
        0.25,
        0.25,
        0.25,
        0.25,
        0.25,
        0.25,
        0.25,
        0.25,
        0.25,
        0.25,
        0.25,
        0.25,
        0.25,
        0.25,
        0.25,
        0.25,
        0.25,
        0.25,
        0.25,
        0.25,
        0.25,
        0.25,
        0.25,
        0.25,
        0.25,
        0.25,
        0.25,
        0.25,
        0.25,
        0.25,
        0.25,
        0.25,
        0.25,
        0.25,
        0.25,
        0.25,
        0.25,
        0.25,
        0.25,
        0.25,
        0.25,
        0.25,
        0.25,
        0.25,
        0.25,
        0.25,
        0.25,
        0.25,
        0.25,
        0.25,
        0.25,
        0.25,
        0.25,
        0.25,
        0.25,
        0.25,
        0.25,
        0.25,
        0.25,
        0.25,
        0.25,
        0.25,
        0.25,
        0.25,
        0.25,
        0.25,
        0.25,
        0.25,
        0.25,
        0.25,
        0.25,
        0.25,
        0.25,
        0.25,
        0.25,
        0.25,
        0.25,
        0.25,
        0.25,
        0.25,
        0.25,
        0.25,
        0.25,
        0.25,
        0.25,
        0.25
    ],
    "train_loss_history": [
        32.732620332638426,
        0.404424862160037,
        0.34663959592580795,
        0.3479856421550115,
        0.34723665316899616,
        0.35500087986389794,
        0.34623330732186636,
        0.33926843901475273,
        0.35115068157513935,
        0.3474362184604009,
        0.3471690401434898,
        0.3471062704920769,
        0.34702463150024415,
        0.34695659528175987,
        0.3468734775980314,
        0.34691115419069923,
        0.3468842849135399,
        0.3469094509879748,
        0.3467855955163638,
        0.34675613840421043,
        0.34670396844546,
        0.34675444215536116,
        0.3467334364851316,
        0.3467307378848394,
        0.3466789424419403,
        0.34675446997086207,
        0.3467116097609202,
        0.3466713413596153,
        0.34671811312437056,
        0.34673462907473246,
        0.34664564083019894,
        0.3466689551870028,
        0.34667650461196897,
        0.3466726745168368,
        0.34669616669416425,
        0.34672236839930215,
        0.346650463839372,
        0.34672530740499496,
        0.34665626486142476,
        0.34667057047287625,
        0.3466605747739474,
        0.34666060854991276,
        0.3466989090045293,
        0.34672797471284866,
        0.34664183259010317,
        0.34664303809404373,
        0.34669641107320787,
        0.34668995837370553,
        0.3467151905099551,
        0.3466788038611412,
        0.34670631438493726,
        0.3466389129559199,
        0.34668533752361935,
        0.34667474379142127,
        0.34668187201023104,
        0.3466540182630221,
        0.3467254713177681,
        0.34666366974512736,
        0.3466538300116857,
        0.3466593767205874,
        0.34672153294086455,
        0.3466505527496338,
        0.3467327614625295,
        0.3466909661889076,
        0.34666368514299395,
        0.34666031002998354,
        0.3466605047384898,
        0.3466624453663826,
        0.3466615085800489,
        0.3466831684112549,
        0.3468208650747935,
        0.34674615462621056,
        0.3467681273818016,
        0.3466710185011228,
        0.3466619198520978,
        0.3466596807042758,
        0.34674940804640453,
        0.3466534281770388,
        0.3467507690191269,
        0.34667439411083856,
        0.34670948137839636,
        0.3466711660226186,
        0.3466533193985621,
        0.34667297303676603,
        0.3467182978987694,
        0.3467449183265368,
        0.34674562762180966,
        0.34663926213979723,
        0.3466658259431521,
        0.3466774567961693,
        0.346696637570858,
        0.346673055489858,
        0.34664193640152613,
        0.34671403566996256,
        0.3466739485661189,
        0.3466712459921837,
        0.3466784949103991,
        0.34670622597138084,
        0.34673448354005815,
        0.34664860367774963
    ],