{
    "test_accuracy": 0.65,
    "test_f1": 0.6422619047619047,
    "train_accuracy_history": [
        0.2,
        0.18333333333333332,
        0.23333333333333334,
        0.2,
        0.15,
        0.3333333333333333,
        0.21666666666666667,
        0.23333333333333334,
        0.4,
        0.5666666666666667,
        0.5333333333333333,
        0.5666666666666667,
        0.6333333333333333,
        0.6333333333333333,
        0.6833333333333333,
        0.75,
        0.7666666666666667,
        0.8666666666666667,
        0.8166666666666667,
        0.9,
        0.8166666666666667,
        0.9,
        0.95,
        0.9666666666666667,
        0.85,
        0.9333333333333333,
        0.95,
        0.9,
        0.9166666666666666,
        0.9,
        1.0,
        1.0,
        1.0,
        1.0,
        1.0,
        0.9833333333333333,
        0.9333333333333333,
        1.0,
        1.0,
        1.0,
        1.0,
        1.0,
        1.0,
        0.9833333333333333,
        1.0,
        0.9666666666666667,
        0.9333333333333333,
        0.9833333333333333,
        0.9833333333333333,
        1.0,
        1.0,
        0.9833333333333333,
        0.9833333333333333,
        0.9666666666666667,
        0.9833333333333333,
        0.9666666666666667,
        0.9666666666666667,
        0.9333333333333333,
        0.9833333333333333,
        1.0,
        1.0,
        1.0,
        1.0,
        1.0,
        0.9833333333333333,
        0.9833333333333333,
        1.0,
        1.0,
        1.0,
        1.0,
        1.0,
        1.0,
        1.0,
        1.0,
        1.0,
        1.0,
        1.0,
        1.0,
        1.0,
        1.0,
        1.0,
        1.0,
        1.0,
        1.0,
        1.0,
        1.0,
        1.0,
        1.0,
        1.0,
        1.0,
        1.0,
        1.0,
        1.0,
        1.0,
        1.0,
        1.0,
        1.0,
        1.0,
        1.0,
        1.0
    ],
    "val_accuracy_history": [
        0.25,
        0.25,
        0.25,
        0.25,
        0.25,
        0.25,
        0.25,
        0.25,
        0.25,
        0.3,
        0.3,
        0.55,
        0.45,
        0.25,
        0.4,
        0.25,
        0.25,
        0.75,
        0.25,
        0.4,
        0.5,
        0.45,
        0.3,
        0.5,
        0.25,
        0.25,
        0.6,
        0.4,
        0.5,
        0.6,
        0.4,
        0.6,
        0.65,
        0.45,
        0.6,
        0.75,
        0.25,
        0.6,
        0.45,
        0.5,
        0.6,
        0.5,
        0.75,
        0.6,
        0.45,
        0.45,
        0.65,
        0.5,
        0.5,
        0.55,
        0.75,
        0.65,
        0.25,
        0.6,
        0.5,
        0.45,
        0.25,
        0.4,
        0.65,
        0.6,
        0.8,
        0.75,
        0.7,
        0.75,
        0.6,
        0.75,
        0.7,
        0.75,
        0.8,
        0.75,
        0.75,
        0.75,
        0.75,
        0.75,
        0.75,
        0.75,
        0.75,
        0.75,
        0.75,
        0.7,
        0.75,
        0.75,
        0.7,
        0.75,
        0.75,
        0.75,
        0.75,
        0.75,
        0.75,
        0.75,
        0.75,
        0.75,
        0.75,
        0.75,
        0.75,
        0.75,
        0.75,
        0.75,
        0.75,
        0.75
    ],
    "train_loss_history": [
        0.3540105660756429,
        0.3505009591579437,
        0.34956719080607096,
        0.35074239373207095,
        0.34922149976094563,
        0.3433911482493083,
        0.353091690937678,
        0.3394357105096181,
        0.3052960773309072,
        0.2406206359465917,
        0.20343906432390213,
        0.19371502002080282,
        0.16221586242318153,
        0.1685938668747743,
        0.154366572201252,
        0.12886271079381306,
        0.1612751359740893,
        0.09173214907447497,
        0.09748431518673897,
        0.06804445199668407,
        0.085938703486075,
        0.05804748251878967,
        0.03184498640475795,
        0.015880507683080698,
        0.08783637066371738,
        0.051324258799043794,
        0.042059092596173284,
        0.05679521718993783,
        0.049582711838108175,
        0.05520882320900758,
        0.009131107565917774,
        0.004293421826635768,
        0.005500408735921762,
        0.002658698460284844,
        0.0015544659208823455,
        0.0054466711063317534,
        0.04597708724779466,
        0.004937283245527624,
        0.00564991693633298,
        0.0016953016603414048,
        0.0014775506580804176,
        0.0009282965607766869,
        0.0015933221622617566,
        0.013177502206114392,
        0.0036516919667647584,
        0.024843785199000924,
        0.035079526079971404,
        0.008246631907665385,
        0.006351117500101585,
        0.007367339152672988,
        0.004330879313056357,
        0.0069757699188509525,
        0.02651815525683219,
        0.015166394767978394,
        0.0393978859902442,
        0.025155264435670687,
        0.014734949810614732,
        0.03829690399676717,
        0.02248651090012572,
        0.005870626090472797,
        0.0012234831018389514,
        0.0021918552020598744,
        0.00025565850046405103,
        0.00019288880363651137,
        0.004373500779231184,
        0.00890929513694137,
        0.0006751471458755987,
        0.001086163270125932,
        0.0001393260074716333,
        0.00013287056580490268,
        0.00019244072886017704,
        6.630153138758033e-05,
        8.803596844391137e-05,
        9.992004916045497e-05,
        7.298366132317824e-05,
        8.196008401076446e-05,
        0.00011315418033367072,
        6.231794322673068e-05,
        8.774555150428872e-05,
        7.43257254744852e-05,
        7.245200185745186e-05,
        0.00011682219078181788,
        8.002240409439309e-05,
        5.729255479612523e-05,
        3.590992221044568e-05,
        3.560114907168455e-05,
        2.233519011269891e-05,
        3.305166231086787e-05,
        6.705870417818005e-05,
        2.7888717219563357e-05,
        4.05618475809888e-05,
        2.8079297765278475e-05,
        1.8566524378608543e-05,
        4.689426237689531e-05,
        2.9859717697888756e-05,
        1.22078414904081e-05,
        1.685386438244526e-05,
        2.8284364687625187e-05,
        4.4630569931669585e-05,
        3.372239590741325e-05
    ],