{
    "test_accuracy": 0.4,
    "test_f1": 0.344988344988345,
    "train_accuracy_history": [
        0.28888888888888886,
        0.4444444444444444,
        0.5777777777777777,
        0.8,
        0.8666666666666667,
        0.8888888888888888,
        0.8,
        0.8666666666666667,
        0.9555555555555556,
        0.9333333333333333,
        0.9777777777777777,
        0.9555555555555556,
        1.0,
        1.0,
        1.0,
        1.0,
        1.0,
        1.0,
        1.0,
        1.0,
        1.0,
        1.0,
        1.0,
        1.0,
        1.0,
        1.0,
        1.0,
        1.0,
        1.0,
        1.0,
        1.0,
        1.0,
        1.0,
        1.0,
        1.0,
        1.0,
        1.0,
        1.0,
        1.0,
        0.9777777777777777,
        1.0,
        1.0,
        1.0,
        1.0,
        1.0,
        1.0,
        1.0,
        1.0,
        1.0,
        1.0,
        1.0,
        0.9777777777777777,
        1.0,
        1.0,
        1.0,
        1.0,
        1.0,
        1.0,
        1.0,
        1.0,
        1.0,
        1.0,
        1.0,
        1.0,
        1.0,
        1.0,
        1.0,
        1.0,
        1.0,
        1.0,
        1.0,
        1.0,
        1.0,
        1.0,
        1.0,
        1.0,
        1.0,
        1.0,
        1.0,
        1.0,
        1.0,
        1.0,
        1.0,
        1.0,
        1.0,
        1.0,
        1.0,
        1.0,
        1.0,
        1.0,
        1.0,
        1.0,
        1.0,
        1.0,
        1.0,
        1.0,
        1.0,
        1.0,
        1.0,
        1.0
    ],
    "val_accuracy_history": [
        0.26666666666666666,
        0.26666666666666666,
        0.4,
        0.4,
        0.4,
        0.4,
        0.4,
        0.4666666666666667,
        0.4,
        0.5333333333333333,
        0.3333333333333333,
        0.06666666666666667,
        0.3333333333333333,
        0.4666666666666667,
        0.26666666666666666,
        0.3333333333333333,
        0.3333333333333333,
        0.3333333333333333,
        0.3333333333333333,
        0.06666666666666667,
        0.5333333333333333,
        0.6666666666666666,
        0.6666666666666666,
        0.26666666666666666,
        0.4666666666666667,
        0.4666666666666667,
        0.26666666666666666,
        0.5333333333333333,
        0.4,
        0.5333333333333333,
        0.5333333333333333,
        0.5333333333333333,
        0.2,
        0.13333333333333333,
        0.13333333333333333,
        0.5333333333333333,
        0.6,
        0.5333333333333333,
        0.2,
        0.13333333333333333,
        0.13333333333333333,
        0.13333333333333333,
        0.5333333333333333,
        0.4,
        0.3333333333333333,
        0.4,
        0.4,
        0.4,
        0.6666666666666666,
        0.5333333333333333,
        0.26666666666666666,
        0.13333333333333333,
        0.13333333333333333,
        0.13333333333333333,
        0.5333333333333333,
        0.5333333333333333,
        0.6,
        0.6,
        0.5333333333333333,
        0.6,
        0.13333333333333333,
        0.13333333333333333,
        0.13333333333333333,
        0.2,
        0.5333333333333333,
        0.6,
        0.5333333333333333,
        0.4666666666666667,
        0.5333333333333333,
        0.5333333333333333,
        0.5333333333333333,
        0.5333333333333333,
        0.13333333333333333,
        0.13333333333333333,
        0.2,
        0.26666666666666666,
        0.3333333333333333,
        0.3333333333333333,
        0.3333333333333333,
        0.26666666666666666,
        0.3333333333333333,
        0.5333333333333333,
        0.4,
        0.3333333333333333,
        0.4666666666666667,
        0.5333333333333333,
        0.5333333333333333,
        0.4666666666666667,
        0.5333333333333333,
        0.4,
        0.4,
        0.4666666666666667,
        0.4666666666666667,
        0.5333333333333333,
        0.4666666666666667,
        0.4,
        0.5333333333333333,
        0.26666666666666666,
        0.26666666666666666,
        0.3333333333333333
    ],
    "train_loss_history": [
        0.34667737616433036,
        0.27001490592956545,
        0.22393582926856148,
        0.15810468494892121,
        0.1311073962185118,
        0.10597983996073405,
        0.10537709991137187,
        0.09184709555572934,
        0.07886938121583727,
        0.06943393730454975,
        0.05874532891644372,
        0.046041973090420164,
        0.04538326511780421,
        0.04039102652006679,
        0.0368698973622587,
        0.0319455468820201,
        0.027697820713122687,
        0.02682094917529159,
        0.01903023968140284,
        0.0191618579129378,
        0.018562154347697892,
        0.02987474604613251,
        0.03151020602219635,
        0.021691863735516865,
        0.02068092620207204,
        0.016757042664620612,
        0.017075042467978266,
        0.016774278444548447,
        0.011252154720326264,
        0.013738517007893986,
        0.010523039775176182,
        0.0117066726502445,
        0.008465344479514494,
        0.006740059089982727,
        0.005691011379369431,
        0.005156825120664305,
        0.005224602586693234,
        0.004459191962248749,
        0.005296598167883026,
        0.0106312871490243,
        0.012052575685083866,
        0.008288959869080119,
        0.014444484489245547,
        0.006847856711182329,
        0.004536933368136589,
        0.003787194663244817,
        0.004665860337101751,
        0.003890871269524925,
        0.004268738394603133,
        0.0062339354642770356,
        0.0035767637063852616,
        0.010000191703956161,
        0.0060998201680680115,
        0.00380217050616112,
        0.002543499579446183,
        0.0030756035483338767,
        0.0022737786122080353,
        0.0023400953686278725,
        0.002228603775923451,
        0.00364933245194455,
        0.008000528222570817,
        0.0068366583255637025,
        0.004157581364011599,
        0.0022337535499698585,
        0.004879112769332197,
        0.0022538920495814335,
        0.002181277183505396,
        0.0030495631573204366,
        0.0015710404660138819,
        0.001549828525296309,
        0.0017883860803623167,
        0.0026233011779064935,
        0.0048160164474716615,
        0.003947793526135178,
        0.005692944885231555,
        0.007167345073281063,
        0.003708268417459395,
        0.006650668418862754,
        0.003454787072001232,
        0.004258755035698414,
        0.0025509057074992194,
        0.004015759280365374,
        0.0034117907208080092,
        0.0023793071954666327,
        0.0021105431434181,
        0.0020071517779595323,
        0.0014314280061524995,
        0.0015018984041590658,
        0.0014569413408430086,
        0.0018227383921233316,
        0.001255774655793276,
        0.0018738517770543694,
        0.0013956072313400607,
        0.0010901626613405017,
        0.0014666033003272283,
        0.0016149870598585242,
        0.0015097386022615764,
        0.001280544826295227,
        0.0009969315575694459,
        0.0013650402446122218
    ],