{
    "test_accuracy": 0.4,
    "test_f1": 0.35119047619047616,
    "train_accuracy_history": [
        0.25,
        0.65,
        0.8166666666666667,
        0.8833333333333333,
        0.9666666666666667,
        1.0,
        1.0,
        1.0,
        1.0,
        1.0,
        1.0,
        1.0,
        1.0,
        1.0,
        1.0,
        1.0,
        1.0,
        1.0,
        1.0,
        1.0,
        1.0,
        1.0,
        1.0,
        1.0,
        1.0,
        1.0,
        1.0,
        1.0,
        1.0,
        1.0,
        1.0,
        1.0,
        1.0,
        1.0,
        1.0,
        1.0,
        1.0,
        1.0,
        1.0,
        1.0,
        1.0,
        1.0,
        1.0,
        1.0,
        1.0,
        1.0,
        1.0,
        1.0,
        1.0,
        1.0,
        1.0,
        1.0,
        1.0,
        1.0,
        1.0,
        1.0,
        1.0,
        1.0,
        1.0,
        1.0,
        1.0,
        1.0,
        1.0,
        1.0,
        1.0,
        1.0,
        1.0,
        1.0,
        1.0,
        1.0,
        1.0,
        1.0,
        1.0,
        1.0,
        1.0,
        1.0,
        1.0,
        1.0,
        1.0,
        1.0,
        1.0,
        1.0,
        1.0,
        1.0,
        1.0,
        1.0,
        1.0,
        1.0,
        1.0,
        1.0,
        1.0,
        1.0,
        1.0,
        1.0,
        1.0,
        1.0,
        1.0,
        1.0,
        1.0,
        1.0
    ],
    "val_accuracy_history": [
        0.25,
        0.25,
        0.25,
        0.25,
        0.15,
        0.25,
        0.25,
        0.25,
        0.25,
        0.35,
        0.3,
        0.25,
        0.35,
        0.4,
        0.25,
        0.35,
        0.35,
        0.5,
        0.45,
        0.35,
        0.35,
        0.5,
        0.35,
        0.35,
        0.3,
        0.35,
        0.4,
        0.35,
        0.4,
        0.6,
        0.25,
        0.3,
        0.3,
        0.45,
        0.25,
        0.4,
        0.5,
        0.5,
        0.45,
        0.5,
        0.55,
        0.45,
        0.35,
        0.35,
        0.35,
        0.5,
        0.45,
        0.55,
        0.55,
        0.55,
        0.45,
        0.5,
        0.35,
        0.55,
        0.5,
        0.4,
        0.45,
        0.55,
        0.35,
        0.55,
        0.6,
        0.5,
        0.45,
        0.4,
        0.4,
        0.55,
        0.6,
        0.55,
        0.55,
        0.5,
        0.4,
        0.4,
        0.45,
        0.45,
        0.6,
        0.6,
        0.45,
        0.5,
        0.45,
        0.55,
        0.35,
        0.4,
        0.4,
        0.55,
        0.45,
        0.45,
        0.45,
        0.5,
        0.55,
        0.6,
        0.45,
        0.6,
        0.65,
        0.55,
        0.45,
        0.45,
        0.4,
        0.4,
        0.55,
        0.55
    ],
    "train_loss_history": [
        0.359982430934906,
        0.22471415946880977,
        0.12858370194832483,
        0.07904554611692825,
        0.05381336063146591,
        0.03532637686779102,
        0.020263463041434684,
        0.013095835441102583,
        0.010539308764661352,
        0.006534413535458346,
        0.00611024332853655,
        0.005150792941761514,
        0.0043667102271380525,
        0.0023898620468874774,
        0.0026133437214108804,
        0.0029581761336885393,
        0.002224280254449695,
        0.0017526315399057542,
        0.003542413025085504,
        0.0014241970900911837,
        0.0011191675361866753,
        0.0022033765524004894,
        0.0008321997884195298,
        0.0009399340410406391,
        0.0009565458506889021,
        0.0009077164325087021,
        0.000989135184014837,
        0.0009743057812253634,
        0.0007685944243955115,
        0.0008523329136854348,
        0.0015654876915505156,
        0.0017796818807255476,
        0.0015517956402618439,
        0.001517587861356636,
        0.0027612275104426467,
        0.0007094390428392216,
        0.0005825028483135004,
        0.0007014240904633577,
        0.0005036013909072305,
        0.0004835039396615078,
        0.0005215808399952948,
        0.0006516773011147355,
        0.00032272040383152977,
        0.0002953596197282119,
        0.00034258167397638317,
        0.00025489875673277614,
        0.0002527085428785843,
        0.00023364603766822255,
        0.00030911284144773766,
        0.000574387535622615,
        0.0002838584725395776,
        0.00023908021951986788,
        0.00020722251404852916,
        0.00020663585006938472,
        0.0002629036930253884,
        0.00021842144269612618,
        0.00016104228319212174,
        0.00036392170137939197,
        0.0002231302057528713,
        0.00023417618564659884,
        0.00021899141526470582,
        0.00015779529627858816,
        0.00013220541998938036,
        0.0002199457604244041,
        0.00017238784991301752,
        0.0002003911523691689,
        0.00015028560446808114,
        0.00013076779772139464,
        0.0001342124851362314,
        9.767681464533477e-05,
        0.00013435995012211303,
        0.0001305129520915216,
        0.0001542484488406141,
        0.00010667224814824295,
        0.0001469934679334983,
        9.380630332695243e-05,
        9.083491301377459e-05,
        9.463357952578614e-05,
        7.544484833488241e-05,
        0.00012334009625192266,
        0.00012474216115757977,
        7.26212995990257e-05,
        0.00010686707100830972,
        8.231912179326172e-05,
        0.0001324564536237934,
        0.00018097788579325426,
        8.744596877174142e-05,
        9.339526241092244e-05,
        0.00010077215993078425,
        8.81330544264832e-05,
        7.843616598014099e-05,
        0.0001309235699106163,
        9.107943660637829e-05,
        0.00010445930456626229,
        6.035846733235909e-05,
        5.083889154775534e-05,
        8.551560482980372e-05,
        5.931533293429917e-05,
        7.859220169545248e-05,
        6.295994110890508e-05
    ],