{
    "test_accuracy": 0.9,
    "test_f1": 0.898989898989899,
    "train_accuracy_history": [
        0.5,
        0.5,
        0.6666666666666666,
        0.7333333333333333,
        0.6666666666666666,
        0.8333333333333334,
        0.8666666666666667,
        0.9666666666666667,
        0.9,
        0.9666666666666667,
        0.9333333333333333,
        1.0,
        0.9666666666666667,
        1.0,
        1.0,
        0.9666666666666667,
        1.0,
        1.0,
        0.9666666666666667,
        1.0,
        1.0,
        1.0,
        1.0,
        1.0,
        1.0,
        1.0,
        1.0,
        1.0,
        1.0,
        1.0,
        1.0,
        1.0,
        1.0,
        1.0,
        1.0,
        1.0,
        1.0,
        1.0,
        1.0,
        1.0,
        1.0,
        1.0,
        1.0,
        1.0,
        1.0,
        1.0,
        1.0,
        1.0,
        1.0,
        1.0,
        1.0,
        1.0,
        1.0,
        1.0,
        1.0,
        1.0,
        1.0,
        1.0,
        1.0,
        1.0,
        1.0,
        1.0,
        1.0,
        1.0,
        1.0,
        1.0,
        1.0,
        1.0,
        1.0,
        1.0,
        1.0,
        1.0,
        1.0,
        1.0,
        1.0,
        1.0,
        1.0,
        1.0,
        1.0,
        1.0,
        1.0,
        1.0,
        1.0,
        1.0,
        1.0,
        1.0,
        1.0,
        1.0,
        1.0,
        1.0,
        1.0,
        1.0,
        1.0,
        1.0,
        1.0,
        1.0,
        1.0,
        1.0,
        1.0,
        1.0
    ],
    "val_accuracy_history": [
        0.6,
        0.4,
        0.4,
        0.4,
        0.4,
        0.4,
        0.4,
        0.4,
        0.4,
        0.4,
        0.6,
        0.4,
        0.7,
        0.6,
        0.6,
        0.6,
        0.6,
        0.6,
        0.6,
        0.6,
        0.6,
        0.6,
        0.6,
        0.8,
        0.8,
        0.7,
        0.6,
        0.6,
        0.6,
        0.8,
        0.8,
        0.8,
        0.9,
        0.7,
        0.7,
        0.6,
        0.6,
        0.8,
        0.8,
        0.8,
        0.8,
        0.8,
        0.8,
        0.9,
        0.8,
        0.8,
        0.6,
        0.9,
        0.8,
        0.8,
        0.8,
        0.8,
        0.8,
        0.7,
        0.8,
        0.8,
        0.8,
        0.8,
        0.9,
        0.9,
        0.8,
        0.7,
        0.7,
        0.7,
        0.6,
        0.6,
        0.7,
        0.8,
        0.8,
        0.8,
        0.8,
        0.8,
        0.8,
        0.8,
        0.7,
        0.6,
        0.6,
        0.6,
        0.6,
        0.6,
        0.7,
        0.7,
        0.8,
        0.8,
        0.8,
        0.8,
        0.9,
        0.9,
        0.8,
        0.8,
        0.8,
        0.6,
        0.6,
        0.6,
        0.7,
        0.8,
        0.8,
        0.8,
        0.8,
        0.8
    ],
    "train_loss_history": [
        0.20412083466847739,
        0.18074872692426044,
        0.17309035261472067,
        0.1665536105632782,
        0.14485177099704744,
        0.11206551045179367,
        0.08946848611036937,
        0.06609618812799453,
        0.07777709066867829,
        0.03900605378051599,
        0.037524256482720376,
        0.027365520348151526,
        0.023848015659799177,
        0.01885914223579069,
        0.016817815601825714,
        0.016048486057358483,
        0.0117000301523755,
        0.009856543131172657,
        0.011765131113740305,
        0.00782921169884503,
        0.006643295792552332,
        0.005532593249032895,
        0.005423475054946418,
        0.002677792258327827,
        0.0024643244922723778,
        0.002660896962819,
        0.003335042637384807,
        0.0038082881112738204,
        0.0021012408232005935,
        0.001788991701808603,
        0.0013531709516731401,
        0.0015138644957914948,
        0.002082793938461691,
        0.0028298467533507694,
        0.0013963456682783242,
        0.00228333497022201,
        0.0014287991856690497,
        0.0020179365312894032,
        0.0006759005841255809,
        0.001794521546495768,
        0.0007376278374673954,
        0.0007011722530781602,
        0.0013238498931362605,
        0.0013071709273693463,
        0.0010185864121012855,
        0.0010446795303626763,
        0.0011699835638864897,
        0.0010457083373088003,
        0.0005768056655142573,
        0.0008951729214459192,
        0.0006183747881247352,
        0.0005307475774316117,
        0.0003321062134697665,
        0.0005599615476967301,
        0.0006228590008201233,
        0.0005268957000225782,
        0.00037183832152247004,
        0.0005445071542453661,
        0.0006861343224348578,
        0.0003465333544530343,
        0.0011566112284829917,
        0.000568601585473516,
        0.00046302647436580934,
        0.0004340693611690464,
        0.0009443475977604976,
        0.00029067898101023577,
        0.0003431029991285565,
        0.00034892840015648594,
        0.00035189892799583806,
        0.00033835181335840995,
        0.0005157779953151476,
        0.00020516484770875346,
        0.0003105140878081632,
        0.0002146137403542525,
        0.0003862451199286928,
        0.000542512792647661,
        0.00022411481780485094,
        0.0005683693374521681,
        0.0003778561454131098,
        0.00028088579698912024,
        0.0001686086886669121,
        0.00032133636577782456,
        0.0003940959553498639,
        0.0003799761737885395,
        0.00011472720692230117,
        0.0002029806183296993,
        0.0002947706628522913,
        0.00015658604167280524,
        0.00021579443940330142,
        0.00020859423493106987,
        0.00017891403635985625,
        0.00023742686935293022,
        0.00019266442292670643,
        0.00029210987910725333,
        0.00014956081630164894,
        0.00011910650791833178,
        0.0001293977041693021,
        0.0002389214548960202,
        0.00033185680886541985,
        9.873676078010855e-05
    ],