{
    "test_accuracy": 0.25,
    "test_f1": 0.2121212121212121,
    "train_accuracy_history": [
        0.26666666666666666,
        0.16666666666666666,
        0.21666666666666667,
        0.2833333333333333,
        0.23333333333333334,
        0.3333333333333333,
        0.35,
        0.3,
        0.4,
        0.38333333333333336,
        0.3,
        0.4666666666666667,
        0.2833333333333333,
        0.36666666666666664,
        0.2833333333333333,
        0.36666666666666664,
        0.2833333333333333,
        0.48333333333333334,
        0.45,
        0.48333333333333334,
        0.31666666666666665,
        0.35,
        0.45,
        0.5333333333333333,
        0.5833333333333334,
        0.5666666666666667,
        0.5333333333333333,
        0.5833333333333334,
        0.5833333333333334,
        0.5833333333333334,
        0.5333333333333333,
        0.6166666666666667,
        0.7,
        0.6833333333333333,
        0.65,
        0.6833333333333333,
        0.6666666666666666,
        0.6,
        0.7,
        0.8166666666666667,
        0.7833333333333333,
        0.7,
        0.7333333333333333,
        0.65,
        0.5666666666666667,
        0.7166666666666667,
        0.6666666666666666,
        0.7833333333333333,
        0.65,
        0.6666666666666666,
        0.6166666666666667,
        0.5666666666666667,
        0.7833333333333333,
        0.6666666666666666,
        0.7166666666666667,
        0.7333333333333333,
        0.31666666666666665,
        0.25,
        0.3,
        0.26666666666666666,
        0.3,
        0.3333333333333333,
        0.2833333333333333,
        0.3333333333333333,
        0.3,
        0.3,
        0.2833333333333333,
        0.2833333333333333,
        0.2833333333333333,
        0.2833333333333333,
        0.3,
        0.3,
        0.2833333333333333,
        0.2833333333333333,
        0.4,
        0.31666666666666665,
        0.31666666666666665,
        0.3,
        0.2833333333333333,
        0.26666666666666666,
        0.36666666666666664,
        0.18333333333333332,
        0.3,
        0.3333333333333333,
        0.2833333333333333,
        0.31666666666666665,
        0.3333333333333333,
        0.3,
        0.3,
        0.2833333333333333,
        0.31666666666666665,
        0.2833333333333333,
        0.2833333333333333,
        0.3,
        0.3,
        0.2833333333333333,
        0.3,
        0.3,
        0.31666666666666665,
        0.2833333333333333
    ],
    "val_accuracy_history": [
        0.25,
        0.25,
        0.25,
        0.25,
        0.25,
        0.2,
        0.25,
        0.25,
        0.2,
        0.25,
        0.15,
        0.35,
        0.25,
        0.25,
        0.25,
        0.2,
        0.2,
        0.3,
        0.25,
        0.2,
        0.2,
        0.3,
        0.3,
        0.25,
        0.2,
        0.2,
        0.15,
        0.25,
        0.2,
        0.35,
        0.25,
        0.25,
        0.3,
        0.25,
        0.3,
        0.25,
        0.25,
        0.25,
        0.2,
        0.2,
        0.3,
        0.3,
        0.3,
        0.35,
        0.25,
        0.2,
        0.3,
        0.2,
        0.3,
        0.35,
        0.3,
        0.3,
        0.25,
        0.35,
        0.4,
        0.3,
        0.25,
        0.25,
        0.25,
        0.25,
        0.25,
        0.25,
        0.25,
        0.4,
        0.25,
        0.2,
        0.2,
        0.25,
        0.3,
        0.25,
        0.25,
        0.25,
        0.25,
        0.25,
        0.25,
        0.25,
        0.25,
        0.25,
        0.25,
        0.25,
        0.25,
        0.25,
        0.25,
        0.25,
        0.25,
        0.25,
        0.25,
        0.25,
        0.25,
        0.25,
        0.25,
        0.25,
        0.25,
        0.25,
        0.25,
        0.25,
        0.25,
        0.25,
        0.25,
        0.25
    ],
    "train_loss_history": [
        488.3560400009155,
        15.282587814331055,
        0.6803645133972168,
        0.37508105039596557,
        0.3691402832667033,
        0.347133872906367,
        0.35607329607009885,
        0.37742551366488136,
        0.3316494186719259,
        0.3331782837708791,
        0.34506465792655944,
        0.3235148181517919,
        0.3335553695758184,
        0.31873461802800496,
        0.3577769418557485,
        0.33675594528516134,
        0.33689823547999065,
        0.3087495346864065,
        0.29837137361367544,
        0.3019484281539917,
        0.3306301107009252,
        0.31008358697096505,
        0.3068581889073054,
        0.2915266305208206,
        0.26428237160046897,
        0.28644645810127256,
        0.26527314682801567,
        0.25710964848597845,
        0.2575114091237386,
        0.23983787248531976,
        0.27872055073579155,
        0.2719239284594854,
        0.2307822197675705,
        0.218300657471021,
        0.2341942658027013,
        0.2123233382900556,
        0.19941930547356607,
        0.21818915406862896,
        0.20225266267855962,
        0.1757862423857053,
        0.17345378200213116,
        0.20592925821741423,
        0.18408963133891423,
        0.18650165051221848,
        0.21904400835434595,
        0.1964713677763939,
        0.19680454631646474,
        0.17300550639629364,
        0.22870245724916458,
        0.205562973767519,
        0.21414559632539748,
        0.24432402700185776,
        0.17663348490993183,
        0.19486045986413955,
        0.18635293692350388,
        0.2133690483868122,
        0.34752196123202644,
        0.34305219451586405,
        0.34176933964093525,
        0.3394549349943797,
        0.34213366111119586,
        0.34289830327034,
        0.33939225872357687,
        0.33350716630617777,
        0.3382499893506368,
        0.34557510415712994,
        0.34049482742945353,
        0.3418835779031118,
        0.3488196313381195,
        0.33926440874735514,
        0.3366279443105062,
        0.3422691245873769,
        0.33925201098124186,
        0.34139233032862343,
        0.33626142342885335,
        0.34283623496691384,
        0.3395580410957336,
        0.3452356437842051,
        0.3453524212042491,
        0.34649611711502076,
        0.33622669577598574,
        0.3576984802881877,
        0.33819722731908164,
        0.33797809878985086,
        0.3404475231965383,
        0.3372330089410146,
        0.3373302976290385,
        0.3412257472674052,
        0.336741445461909,
        0.35090354283650715,
        0.34064393043518065,
        0.35907952586809794,
        0.33968640565872193,
        0.3387933929761251,
        0.3390292783578237,
        0.3416445831457774,
        0.3398085474967957,
        0.3408428410689036,
        0.33722672462463377,
        0.34269449710845945
    ],