{
    "test_accuracy": 0.25,
    "test_f1": 0.1,
    "train_accuracy_history": [
        0.23333333333333334,
        0.2875,
        0.24583333333333332,
        0.19166666666666668,
        0.24166666666666667,
        0.25,
        0.25416666666666665,
        0.24166666666666667,
        0.19583333333333333,
        0.21666666666666667,
        0.2375,
        0.18333333333333332,
        0.24583333333333332,
        0.24166666666666667,
        0.20416666666666666,
        0.22916666666666666,
        0.2125,
        0.20833333333333334,
        0.22083333333333333,
        0.2375,
        0.23333333333333334,
        0.19166666666666668,
        0.2125,
        0.25416666666666665,
        0.20833333333333334,
        0.26666666666666666,
        0.26666666666666666,
        0.20416666666666666,
        0.225,
        0.23333333333333334,
        0.22083333333333333,
        0.20416666666666666,
        0.24583333333333332,
        0.26666666666666666,
        0.19583333333333333,
        0.21666666666666667,
        0.24583333333333332,
        0.22916666666666666,
        0.20416666666666666,
        0.23333333333333334,
        0.225,
        0.24583333333333332,
        0.24583333333333332,
        0.2125,
        0.24583333333333332,
        0.22083333333333333,
        0.2375,
        0.2125,
        0.20416666666666666,
        0.22916666666666666,
        0.20416666666666666,
        0.2375,
        0.21666666666666667,
        0.2125,
        0.2,
        0.2125,
        0.225,
        0.22916666666666666,
        0.2,
        0.2375,
        0.2125,
        0.21666666666666667,
        0.24583333333333332,
        0.16666666666666666,
        0.19166666666666668,
        0.21666666666666667,
        0.22916666666666666,
        0.1875,
        0.20416666666666666,
        0.20833333333333334,
        0.2,
        0.2375,
        0.20833333333333334,
        0.21666666666666667,
        0.21666666666666667,
        0.2125,
        0.22083333333333333,
        0.18333333333333332,
        0.21666666666666667,
        0.225,
        0.22083333333333333,
        0.24166666666666667,
        0.22083333333333333,
        0.20833333333333334,
        0.22916666666666666,
        0.23333333333333334,
        0.175,
        0.19583333333333333,
        0.23333333333333334,
        0.24583333333333332,
        0.20833333333333334,
        0.22916666666666666,
        0.24583333333333332,
        0.2,
        0.19166666666666668,
        0.1875,
        0.2375,
        0.23333333333333334,
        0.20833333333333334,
        0.22083333333333333
    ],
    "val_accuracy_history": [
        0.25,
        0.25,
        0.25,
        0.25,
        0.25,
        0.25,
        0.25,
        0.25,
        0.25,
        0.25,
        0.25,
        0.25,
        0.25,
        0.25,
        0.25,
        0.25,
        0.25,
        0.25,
        0.25,
        0.25,
        0.25,
        0.25,
        0.25,
        0.25,
        0.25,
        0.25,
        0.25,
        0.25,
        0.25,
        0.25,
        0.25,
        0.25,
        0.25,
        0.25,
        0.25,
        0.25,
        0.25,
        0.25,
        0.25,
        0.25,
        0.25,
        0.25,
        0.25,
        0.25,
        0.2375,
        0.25,
        0.25,
        0.25,
        0.225,
        0.25,
        0.25,
        0.25,
        0.25,
        0.25,
        0.25,
        0.25,
        0.2375,
        0.25,
        0.25,
        0.25,
        0.25,
        0.25,
        0.25,
        0.25,
        0.25,
        0.25,
        0.25,
        0.25,
        0.25,
        0.25,
        0.25,
        0.25,
        0.25,
        0.25,
        0.25,
        0.25,
        0.25,
        0.25,
        0.25,
        0.25,
        0.25,
        0.25,
        0.25,
        0.25,
        0.25,
        0.25,
        0.25,
        0.25,
        0.25,
        0.25,
        0.25,
        0.25,
        0.225,
        0.275,
        0.25,
        0.25,
        0.25,
        0.25,
        0.25,
        0.25
    ],
    "train_loss_history": [
        0.38677480618158977,
        0.3558850993712743,
        0.3535261437296867,
        0.3580107475320498,
        0.35247789273659386,
        0.35101873278617857,
        0.35069989214340846,
        0.35166122366984687,
        0.352141165236632,
        0.34974608570337296,
        0.35367716948191324,
        0.3532455613215764,
        0.3481288616855939,
        0.34877384702364606,
        0.34974682380755745,
        0.3493496850132942,
        0.35162621835867564,
        0.35080334593852364,
        0.3488521938522657,
        0.3501739253600438,
        0.3499530846873919,
        0.34913899600505827,
        0.3497087563077609,
        0.3485493779182434,
        0.35086392213900885,
        0.3497265448172887,
        0.3497866993149122,
        0.34902234077453614,
        0.3482688322663307,
        0.34801550457874936,
        0.34929441412289935,
        0.3477037847042084,
        0.3481682260831197,
        0.34895787487427393,
        0.3484251315395037,
        0.34888030936320624,
        0.34863262822230656,
        0.34797432720661164,
        0.34852258960405985,
        0.3480616291364034,
        0.34716939528783164,
        0.3480005204677582,
        0.34790890514850614,
        0.3483573486407598,
        0.34887856294711433,
        0.3479783907532692,
        0.3482714449365934,
        0.3475812608997027,
        0.3473539113998413,
        0.34777051309744517,
        0.34823722690343856,
        0.34844366163015367,
        0.3473173772295316,
        0.348472827176253,
        0.34772391319274903,
        0.3477365965644518,
        0.3474516808986664,
        0.3472373500466347,
        0.3476608395576477,
        0.3475163365403811,
        0.34761329690615334,
        0.34774070282777153,
        0.347588150203228,
        0.34726011753082275,
        0.34751653919617337,
        0.34716672797997794,
        0.3474554032087326,
        0.3478226418296496,
        0.3473250076174736,
        0.3472070480386416,
        0.3471741239229838,
        0.3471815437078476,
        0.3472777689496676,
        0.3473845422267914,
        0.3472724323471387,
        0.34729970842599867,
        0.3470449149608612,
        0.34713610311349236,
        0.3477435568968455,
        0.34716407507658004,
        0.34704495817422865,
        0.3471327910820643,
        0.34736591080824536,
        0.34760817140340805,
        0.3477025404572487,
        0.3473343178629875,
        0.34760450025399525,
        0.34710597147544225,
        0.3471215998133024,
        0.3471537813544273,
        0.34736939569314323,
        0.3472029427687327,
        0.34701301753520963,
        0.3468695099155108,
        0.34733278055985767,
        0.34734821716944375,
        0.34709790299336113,
        0.34695479025443393,
        0.3472258225083351,
        0.34688927034537
    ],