{
    "test_accuracy": 0.6125,
    "test_f1": 0.6184161405255298,
    "train_accuracy_history": [
        0.32916666666666666,
        0.42083333333333334,
        0.49583333333333335,
        0.5333333333333333,
        0.5791666666666667,
        0.6083333333333333,
        0.6208333333333333,
        0.6416666666666667,
        0.7041666666666667,
        0.7166666666666667,
        0.7666666666666667,
        0.7875,
        0.8083333333333333,
        0.7916666666666666,
        0.8375,
        0.8583333333333333,
        0.8791666666666667,
        0.8541666666666666,
        0.7833333333333333,
        0.9125,
        0.8583333333333333,
        0.8666666666666667,
        0.9,
        0.8625,
        0.875,
        0.9041666666666667,
        0.8833333333333333,
        0.8958333333333334,
        0.9208333333333333,
        0.9125,
        0.9416666666666667,
        0.9125,
        0.9125,
        0.9208333333333333,
        0.9041666666666667,
        0.9541666666666667,
        0.9458333333333333,
        0.9,
        0.9541666666666667,
        0.9416666666666667,
        0.9375,
        0.9583333333333334,
        0.925,
        0.9458333333333333,
        0.9541666666666667,
        0.9708333333333333,
        0.9666666666666667,
        0.9375,
        0.9333333333333333,
        0.9541666666666667,
        0.9708333333333333,
        0.9708333333333333,
        0.9416666666666667,
        0.9666666666666667,
        0.9625,
        0.9625,
        0.9291666666666667,
        0.8125,
        0.8041666666666667,
        0.8458333333333333,
        0.85,
        0.9041666666666667,
        0.8708333333333333,
        0.8916666666666667,
        0.9291666666666667,
        0.8625,
        0.9208333333333333,
        0.925,
        0.9291666666666667,
        0.9416666666666667,
        0.9291666666666667,
        0.9166666666666666,
        0.8458333333333333,
        0.8666666666666667,
        0.9125,
        0.9333333333333333,
        0.9291666666666667,
        0.8833333333333333,
        0.9208333333333333,
        0.9208333333333333,
        0.9416666666666667,
        0.9208333333333333,
        0.9208333333333333,
        0.9291666666666667,
        0.9666666666666667,
        0.9583333333333334,
        0.9625,
        0.9333333333333333,
        0.9708333333333333,
        0.9416666666666667,
        0.95,
        0.9541666666666667,
        0.95,
        0.9666666666666667,
        0.9333333333333333,
        0.9416666666666667,
        0.9625,
        0.9541666666666667,
        0.95,
        0.9666666666666667
    ],
    "val_accuracy_history": [
        0.25,
        0.325,
        0.25,
        0.25,
        0.25,
        0.25,
        0.25,
        0.2875,
        0.3125,
        0.35,
        0.3,
        0.2875,
        0.25,
        0.25,
        0.25,
        0.4,
        0.275,
        0.25,
        0.375,
        0.275,
        0.325,
        0.25,
        0.375,
        0.3125,
        0.25,
        0.2875,
        0.2875,
        0.3625,
        0.3625,
        0.3875,
        0.25,
        0.3875,
        0.275,
        0.4,
        0.2125,
        0.25,
        0.275,
        0.2125,
        0.375,
        0.475,
        0.4,
        0.4125,
        0.3625,
        0.375,
        0.3375,
        0.3625,
        0.2125,
        0.25,
        0.4,
        0.425,
        0.275,
        0.3,
        0.3375,
        0.6,
        0.225,
        0.4,
        0.35,
        0.25,
        0.25,
        0.3375,
        0.3625,
        0.3125,
        0.3875,
        0.375,
        0.3375,
        0.4125,
        0.2375,
        0.4125,
        0.275,
        0.3375,
        0.2625,
        0.25,
        0.2625,
        0.3,
        0.3,
        0.3875,
        0.275,
        0.275,
        0.2875,
        0.25,
        0.2375,
        0.275,
        0.3375,
        0.225,
        0.275,
        0.3875,
        0.3625,
        0.25,
        0.2875,
        0.4,
        0.3,
        0.3625,
        0.3875,
        0.3875,
        0.3625,
        0.45,
        0.3625,
        0.2375,
        0.5375,
        0.2875
    ],
    "train_loss_history": [
        0.3484885632991791,
        0.31276117290059724,
        0.27725452308853465,
        0.25185966740051907,
        0.2256507482379675,
        0.2277420851091544,
        0.23034475843111674,
        0.20836240611970425,
        0.18596643718580405,
        0.18471673019230367,
        0.1745068517824014,
        0.1496144094814857,
        0.14279190401236216,
        0.14614293621852995,
        0.1169618433341384,
        0.11482820821305116,
        0.10632735406979918,
        0.11659660073928535,
        0.12719106934964658,
        0.09056415661859016,
        0.10645234750894209,
        0.10563681235847373,
        0.09493143499518435,
        0.1014646188976864,
        0.09043513295861581,
        0.07729454251627127,
        0.08663148462461928,
        0.08431469990561406,
        0.06798732553919157,
        0.07404794710067411,
        0.06594041352315495,
        0.0658713438315317,
        0.06265766120050102,
        0.0637829699437134,
        0.0721961939552178,
        0.05829143891266237,
        0.049336877985236546,
        0.06921861640876159,
        0.04804814263479784,
        0.04848507365289455,
        0.05481472599785775,
        0.044648423067216454,
        0.05080618903351327,
        0.041407940171969436,
        0.03820235536356146,
        0.03799129590818969,
        0.03747611157402086,
        0.0494611866112488,
        0.05762495736125857,
        0.03931249535235111,
        0.03679932178153346,
        0.034009175264509396,
        0.042918712409057966,
        0.030491102394686703,
        0.0355117183275676,
        0.03360945595001492,
        0.05296437064534985,
        0.12073253513080999,
        0.10076147214664767,
        0.09919699086652448,
        0.1055991440700988,
        0.07879583194541434,
        0.0784673183457926,
        0.07247048297819371,
        0.06903933499900934,
        0.10532445730253433,
        0.0614472240054359,
        0.06255648847436532,
        0.05816990673968879,
        0.04618634808575735,
        0.04946059255550305,
        0.06864861659705639,
        0.11145275303861127,
        0.08578876444759469,
        0.06986821934891244,
        0.06191710139003893,
        0.060102600837126374,
        0.0757218691520393,
        0.05800132704898715,
        0.04943282594710278,
        0.05524718565090249,
        0.053967102360911665,
        0.0549072264363834,
        0.05217892949779828,
        0.04098971957185616,
        0.03931988824624568,
        0.04719267324544489,
        0.045194450913307566,
        0.035573034108771634,
        0.03877783124917187,
        0.04484278432015951,
        0.04112878537271172,
        0.04233308008794363,
        0.03120679241643908,
        0.043712849558020635,
        0.04236030895651008,
        0.03327774267430262,
        0.04465917508350685,
        0.04088195112611478,
        0.02781398151613151
    ],