{
    "test_accuracy": 0.3,
    "test_f1": 0.24848484848484848,
    "train_accuracy_history": [
        0.2,
        0.43333333333333335,
        0.5333333333333333,
        0.6166666666666667,
        0.8166666666666667,
        0.9333333333333333,
        0.9166666666666666,
        0.95,
        1.0,
        1.0,
        1.0,
        1.0,
        1.0,
        1.0,
        1.0,
        0.9833333333333333,
        1.0,
        1.0,
        1.0,
        1.0,
        1.0,
        1.0,
        1.0,
        1.0,
        1.0,
        1.0,
        1.0,
        1.0,
        1.0,
        1.0,
        1.0,
        1.0,
        1.0,
        1.0,
        1.0,
        1.0,
        1.0,
        1.0,
        1.0,
        1.0,
        1.0,
        1.0,
        1.0,
        1.0,
        1.0,
        1.0,
        1.0,
        1.0,
        1.0,
        1.0,
        1.0,
        1.0,
        1.0,
        1.0,
        1.0,
        1.0,
        1.0,
        1.0,
        1.0,
        1.0,
        1.0,
        1.0,
        1.0,
        1.0,
        1.0,
        1.0,
        1.0,
        1.0,
        1.0,
        1.0,
        1.0,
        1.0,
        1.0,
        1.0,
        1.0,
        1.0,
        1.0,
        1.0,
        1.0,
        1.0,
        1.0,
        1.0,
        1.0,
        1.0,
        1.0,
        1.0,
        1.0,
        1.0,
        1.0,
        1.0,
        1.0,
        1.0,
        1.0,
        1.0,
        1.0,
        1.0,
        1.0,
        1.0,
        1.0,
        1.0
    ],
    "val_accuracy_history": [
        0.4,
        0.25,
        0.25,
        0.25,
        0.25,
        0.25,
        0.25,
        0.25,
        0.25,
        0.55,
        0.15,
        0.15,
        0.15,
        0.55,
        0.55,
        0.2,
        0.25,
        0.25,
        0.15,
        0.35,
        0.4,
        0.15,
        0.3,
        0.2,
        0.4,
        0.25,
        0.25,
        0.5,
        0.15,
        0.4,
        0.2,
        0.1,
        0.25,
        0.2,
        0.15,
        0.45,
        0.3,
        0.5,
        0.4,
        0.25,
        0.35,
        0.25,
        0.55,
        0.3,
        0.2,
        0.5,
        0.25,
        0.3,
        0.1,
        0.5,
        0.4,
        0.25,
        0.2,
        0.2,
        0.25,
        0.15,
        0.35,
        0.35,
        0.35,
        0.35,
        0.3,
        0.3,
        0.4,
        0.15,
        0.25,
        0.4,
        0.35,
        0.3,
        0.3,
        0.2,
        0.25,
        0.25,
        0.4,
        0.15,
        0.3,
        0.15,
        0.35,
        0.25,
        0.25,
        0.3,
        0.3,
        0.35,
        0.35,
        0.35,
        0.3,
        0.25,
        0.3,
        0.25,
        0.35,
        0.2,
        0.3,
        0.3,
        0.45,
        0.55,
        0.35,
        0.3,
        0.25,
        0.2,
        0.35,
        0.2
    ],
    "train_loss_history": [
        0.40861716667811077,
        0.3104935129483541,
        0.2608953167994817,
        0.23098625540733336,
        0.15667557169993718,
        0.11400245080391566,
        0.07930013947188855,
        0.06217198558151722,
        0.0439142062018315,
        0.03306668897469838,
        0.024371394825478395,
        0.02150306769957145,
        0.016317953417698542,
        0.017763967346400022,
        0.011710508509228628,
        0.015053682153423627,
        0.009496629362305005,
        0.008443344586218397,
        0.006237511849030852,
        0.0064932470093481244,
        0.004865355618918935,
        0.005085599523348113,
        0.004227743266771237,
        0.006241941366655132,
        0.00410755774161468,
        0.0033882450001935164,
        0.0026382693749231597,
        0.0028984179021790623,
        0.0021791655977722257,
        0.0031714424684954187,
        0.003701072605326772,
        0.0020088385751781362,
        0.0021266571905774376,
        0.0014797060401178896,
        0.0021625748224323614,
        0.0018509917737295231,
        0.0016031628435788055,
        0.0021337881005213904,
        0.0014574379582578936,
        0.0015453562140464784,
        0.001743687060661614,
        0.0015448362993386886,
        0.001167752294956396,
        0.001009041010790194,
        0.0015342271042754873,
        0.0013200609323879083,
        0.0010274334733063977,
        0.0008979618122490744,
        0.000951667275512591,
        0.000816857775983711,
        0.0010421074723126367,
        0.00099349804125571,
        0.0010530632881758115,
        0.0006563810437607269,
        0.0007734802328438188,
        0.0006405624211765826,
        0.000648958943929756,
        0.000475732289487496,
        0.0009381816217986246,
        0.0007037083065370098,
        0.0006195158581249416,
        0.0007125689531676471,
        0.0007420623374249165,
        0.0005410793984386449,
        0.000452090086764656,
        0.0009257530444301664,
        0.0004768696710622559,
        0.0005954301547414312,
        0.0005467380290307725,
        0.0006972412714579453,
        0.000571409174396346,
        0.0005288734847757344,
        0.0006130560098730106,
        0.00035164478467777374,
        0.0003428092682346081,
        0.000579144215832154,
        0.00036510898450311895,
        0.00031174353207461534,
        0.000403358279436361,
        0.0004945896877567671,
        0.00034011425984014444,
        0.0005680350644979626,
        0.00038250690655938037,
        0.00039968374621821565,
        0.00031926352142666776,
        0.000281602058870097,
        0.00031199996010400355,
        0.0003829794395035909,
        0.0002755729397904361,
        0.0007191870938792514,
        0.0009118150458865178,
        0.00031658243321241265,
        0.000268927171418909,
        0.0004079708019465519,
        0.0002802335272766262,
        0.00033751962376603236,
        0.0006488056184025482,
        0.0003142078373154315,
        0.00021609962083554517,
        0.00016253680229662374
    ],