{
    "test_accuracy": 0.7,
    "test_f1": 0.696969696969697,
    "train_accuracy_history": [
        0.5666666666666667,
        0.6333333333333333,
        0.6,
        0.8,
        0.7333333333333333,
        0.8333333333333334,
        0.8666666666666667,
        0.9333333333333333,
        0.9333333333333333,
        0.9666666666666667,
        1.0,
        1.0,
        1.0,
        1.0,
        1.0,
        1.0,
        1.0,
        1.0,
        1.0,
        1.0,
        1.0,
        1.0,
        1.0,
        1.0,
        1.0,
        1.0,
        1.0,
        1.0,
        1.0,
        1.0,
        1.0,
        1.0,
        1.0,
        1.0,
        1.0,
        1.0,
        1.0,
        1.0,
        1.0,
        1.0,
        1.0,
        1.0,
        1.0,
        1.0,
        1.0,
        1.0,
        1.0,
        1.0,
        1.0,
        1.0,
        1.0,
        1.0,
        1.0,
        1.0,
        1.0,
        1.0,
        1.0,
        1.0,
        1.0,
        1.0,
        1.0,
        1.0,
        1.0,
        1.0,
        1.0,
        1.0,
        1.0,
        1.0,
        1.0,
        1.0,
        1.0,
        1.0,
        1.0,
        1.0,
        1.0,
        1.0,
        1.0,
        1.0,
        1.0,
        1.0,
        1.0,
        1.0,
        1.0,
        1.0,
        1.0,
        1.0,
        1.0,
        1.0,
        1.0,
        1.0,
        1.0,
        1.0,
        1.0,
        1.0,
        1.0,
        1.0,
        1.0,
        1.0,
        1.0,
        1.0
    ],
    "val_accuracy_history": [
        0.5,
        0.5,
        0.5,
        0.5,
        0.5,
        0.5,
        0.5,
        0.6,
        0.5,
        0.6,
        0.8,
        0.4,
        0.5,
        0.6,
        0.5,
        0.4,
        0.6,
        0.5,
        0.6,
        0.3,
        0.5,
        0.5,
        0.5,
        0.5,
        0.6,
        0.5,
        0.4,
        0.3,
        0.5,
        0.5,
        0.5,
        0.5,
        0.5,
        0.6,
        0.6,
        0.4,
        0.4,
        0.5,
        0.6,
        0.5,
        0.5,
        0.7,
        0.5,
        0.5,
        0.5,
        0.4,
        0.4,
        0.4,
        0.6,
        0.5,
        0.5,
        0.6,
        0.4,
        0.4,
        0.4,
        0.5,
        0.5,
        0.4,
        0.4,
        0.5,
        0.6,
        0.6,
        0.5,
        0.5,
        0.5,
        0.5,
        0.5,
        0.7,
        0.5,
        0.5,
        0.5,
        0.7,
        0.7,
        0.5,
        0.6,
        0.5,
        0.5,
        0.7,
        0.5,
        0.6,
        0.5,
        0.6,
        0.5,
        0.5,
        0.6,
        0.5,
        0.5,
        0.3,
        0.4,
        0.5,
        0.6,
        0.5,
        0.6,
        0.7,
        0.5,
        0.3,
        0.4,
        0.5,
        0.4,
        0.5
    ],
    "train_loss_history": [
        0.176932954788208,
        0.1763623595237732,
        0.15881717304388682,
        0.1305608759323756,
        0.12822005450725554,
        0.09410253216822942,
        0.08775193889935812,
        0.07011383126179377,
        0.05550276090701421,
        0.04478636210163434,
        0.03615609680612882,
        0.027257709950208663,
        0.021910934646924337,
        0.02069836538285017,
        0.013162266959746679,
        0.016985279073317847,
        0.011936278517047564,
        0.009250143853326639,
        0.009545700810849666,
        0.007646370337655147,
        0.006426259813209375,
        0.006117971699374418,
        0.006844584178179502,
        0.004403598505693177,
        0.0042292510780195395,
        0.005687115015462041,
        0.004977515619248152,
        0.004399963188916445,
        0.00423081045349439,
        0.0035489787037173907,
        0.0037154862191528084,
        0.0032720234245061874,
        0.0034130102566753825,
        0.0037056838007022935,
        0.002216274671566983,
        0.0019950106041505935,
        0.0028518956154584886,
        0.002063274849206209,
        0.0025048102679041525,
        0.0013996097298028568,
        0.0013332333551564564,
        0.0026460635863865415,
        0.0013937344153722127,
        0.0013755854374418656,
        0.0010063322028145195,
        0.001104977261275053,
        0.0011376806903475275,
        0.001083997117045025,
        0.0009930728857095042,
        0.0014933122748819491,
        0.0007189718695978323,
        0.0008618464150155584,
        0.0010799411529054245,
        0.00099906002675804,
        0.0015403668085734049,
        0.0011902634015617272,
        0.0011773764243116602,
        0.0011584576461852218,
        0.000997804068416978,
        0.0008995722959904621,
        0.001780135747200499,
        0.0008638159255497157,
        0.0019519263490413625,
        0.0011862265256543955,
        0.0014521146231951812,
        0.0006225844263099134,
        0.0006710675176388273,
        0.0011432160312930743,
        0.0006899884445980812,
        0.0005794277841535707,
        0.0005130595702212304,
        0.0006666535977274179,
        0.0007699922939840083,
        0.0004963779210811481,
        0.00031958565038318437,
        0.000732773425988853,
        0.0004428088092633213,
        0.0013134676836974299,
        0.0009038803885535648,
        0.0008294899676305552,
        0.0009233474595627437,
        0.0005872825985231126,
        0.0003679717701743357,
        0.00031523381864341596,
        0.00035495337894341595,
        0.0004084120106805737,
        0.000347502554844444,
        0.00021720720493855576,
        0.0005138076793324823,
        0.00029963142296765,
        0.0004578364751068875,
        0.00048628794926723157,
        0.0003264937586209271,
        0.00017688248578148584,
        0.00018181761406594888,
        0.0002548939373809844,
        0.000287402392829487,
        0.00026391087546168515,
        0.0008671797508820116,
        0.00045294393591272333
    ],