{
    "test_accuracy": 0.2,
    "test_f1": 0.16865079365079363,
    "train_accuracy_history": [
        0.36666666666666664,
        0.55,
        0.7166666666666667,
        0.65,
        0.85,
        0.9333333333333333,
        0.8833333333333333,
        0.95,
        0.9166666666666666,
        0.95,
        0.9666666666666667,
        1.0,
        0.95,
        0.9833333333333333,
        1.0,
        0.9833333333333333,
        0.9666666666666667,
        1.0,
        1.0,
        1.0,
        0.9833333333333333,
        1.0,
        1.0,
        1.0,
        1.0,
        1.0,
        1.0,
        1.0,
        1.0,
        1.0,
        1.0,
        1.0,
        1.0,
        1.0,
        1.0,
        1.0,
        1.0,
        1.0,
        1.0,
        1.0,
        1.0,
        1.0,
        1.0,
        1.0,
        1.0,
        1.0,
        1.0,
        1.0,
        1.0,
        1.0,
        1.0,
        1.0,
        1.0,
        1.0,
        1.0,
        1.0,
        1.0,
        1.0,
        1.0,
        1.0,
        1.0,
        1.0,
        1.0,
        1.0,
        1.0,
        1.0,
        1.0,
        1.0,
        1.0,
        1.0,
        1.0,
        1.0,
        1.0,
        1.0,
        1.0,
        1.0,
        1.0,
        1.0,
        1.0,
        1.0,
        1.0,
        1.0,
        1.0,
        1.0,
        1.0,
        1.0,
        1.0,
        1.0,
        1.0,
        1.0,
        1.0,
        1.0,
        1.0,
        1.0,
        1.0,
        1.0,
        1.0,
        1.0,
        1.0,
        1.0
    ],
    "val_accuracy_history": [
        0.2,
        0.2,
        0.2,
        0.25,
        0.25,
        0.25,
        0.25,
        0.15,
        0.2,
        0.2,
        0.2,
        0.25,
        0.3,
        0.2,
        0.25,
        0.35,
        0.3,
        0.2,
        0.15,
        0.2,
        0.4,
        0.55,
        0.25,
        0.5,
        0.35,
        0.35,
        0.35,
        0.45,
        0.55,
        0.6,
        0.35,
        0.4,
        0.3,
        0.45,
        0.35,
        0.3,
        0.4,
        0.35,
        0.45,
        0.4,
        0.4,
        0.25,
        0.25,
        0.4,
        0.45,
        0.5,
        0.3,
        0.2,
        0.2,
        0.2,
        0.2,
        0.2,
        0.5,
        0.45,
        0.35,
        0.35,
        0.65,
        0.4,
        0.4,
        0.3,
        0.4,
        0.35,
        0.4,
        0.2,
        0.25,
        0.6,
        0.45,
        0.45,
        0.3,
        0.4,
        0.45,
        0.35,
        0.35,
        0.45,
        0.55,
        0.35,
        0.45,
        0.45,
        0.55,
        0.4,
        0.45,
        0.3,
        0.2,
        0.35,
        0.35,
        0.45,
        0.55,
        0.5,
        0.55,
        0.45,
        0.45,
        0.3,
        0.3,
        0.45,
        0.45,
        0.45,
        0.3,
        0.4,
        0.45,
        0.5
    ],
    "train_loss_history": [
        0.34286597073078157,
        0.25146128634611764,
        0.19800908515850704,
        0.17445353815952938,
        0.12704218762616318,
        0.10596719620128472,
        0.10413887376586596,
        0.07706145054350297,
        0.080877157052358,
        0.06277786071101825,
        0.051786283403635024,
        0.03627212562908729,
        0.03416612126554052,
        0.031912773568183186,
        0.023975699162110686,
        0.024045898330708346,
        0.024670026265084743,
        0.015556660403187076,
        0.017540949505443375,
        0.014528302242979407,
        0.018549952143803238,
        0.009789597212026517,
        0.009304346702992915,
        0.011113347245069842,
        0.008902180101722479,
        0.008219532785005867,
        0.009923674278737356,
        0.0055952678162915015,
        0.0066776259491841,
        0.006031264302631219,
        0.005688932453631423,
        0.0044231519481400024,
        0.00481651682445469,
        0.004730162835524728,
        0.00732417160179466,
        0.0034858828682142,
        0.0035814463432567814,
        0.0028666198243930316,
        0.003713451721705496,
        0.0037430071465981503,
        0.0022219079876473796,
        0.003961208567488939,
        0.002776193805038929,
        0.00270139246325319,
        0.0018444960393632452,
        0.002133837467408739,
        0.0021290226529041925,
        0.004451524540005873,
        0.002220137077529216,
        0.001411128150842463,
        0.0017773761011388464,
        0.001363147642405238,
        0.001122007129015401,
        0.0014591238684564208,
        0.0015743422884649287,
        0.0008801430492894724,
        0.0011946965304863019,
        0.0009945740176287169,
        0.0010217325218642751,
        0.0021796600563296427,
        0.0011529337828202794,
        0.0030469611835239143,
        0.002241460295044817,
        0.0017659529810771346,
        0.0017512116290163248,
        0.0012333050447826583,
        0.0009305747613931695,
        0.001237662511994131,
        0.0009685750793626842,
        0.0009164232173740554,
        0.0014139643414334084,
        0.0007188674305022383,
        0.000922083869712272,
        0.002375030938613539,
        0.0011026944836582213,
        0.0007495486109595125,
        0.0010076570006882926,
        0.0013384044223130331,
        0.0005105777342881387,
        0.0009449190084220997,
        0.0006055888955112702,
        0.0008126423306142291,
        0.0005874577376137798,
        0.0008054394949188766,
        0.0008634133131029861,
        0.0006265919519743572,
        0.0006740520693711005,
        0.0005273419199511408,
        0.0006652824342988121,
        0.00046177176603426535,
        0.0002923812350976126,
        0.000817145726371867,
        0.0004083221036125906,
        0.000420503766508773,
        0.00032701178449012026,
        0.0005568421000740879,
        0.0005542694440615984,
        0.0004455517684012496,
        0.00046607231015514115,
        0.00024404731375398113
    ],