{
    "test_accuracy": 0.725,
    "test_f1": 0.7383890141422422,
    "train_accuracy_history": [
        0.3416666666666667,
        0.45416666666666666,
        0.5375,
        0.5375,
        0.6166666666666667,
        0.7,
        0.7083333333333334,
        0.7708333333333334,
        0.7916666666666666,
        0.825,
        0.8208333333333333,
        0.875,
        0.8375,
        0.8166666666666667,
        0.8583333333333333,
        0.8708333333333333,
        0.8833333333333333,
        0.8958333333333334,
        0.8916666666666667,
        0.8875,
        0.9,
        0.9083333333333333,
        0.8916666666666667,
        0.8958333333333334,
        0.9083333333333333,
        0.9166666666666666,
        0.9,
        0.875,
        0.9333333333333333,
        0.9125,
        0.9041666666666667,
        0.9208333333333333,
        0.9125,
        0.9125,
        0.925,
        0.9083333333333333,
        0.9375,
        0.9291666666666667,
        0.9583333333333334,
        0.9458333333333333,
        0.9416666666666667,
        0.9375,
        0.8916666666666667,
        0.8875,
        0.9416666666666667,
        0.9458333333333333,
        0.9375,
        0.95,
        0.9291666666666667,
        0.9458333333333333,
        0.9666666666666667,
        0.9416666666666667,
        0.9458333333333333,
        0.95,
        0.9416666666666667,
        0.9541666666666667,
        0.9166666666666666,
        0.9458333333333333,
        0.9625,
        0.925,
        0.8958333333333334,
        0.9208333333333333,
        0.9333333333333333,
        0.9791666666666666,
        0.9333333333333333,
        0.9291666666666667,
        0.9583333333333334,
        0.9583333333333334,
        0.9791666666666666,
        0.9583333333333334,
        0.9458333333333333,
        0.9708333333333333,
        0.975,
        0.975,
        0.975,
        0.975,
        0.9208333333333333,
        0.9583333333333334,
        0.9708333333333333,
        0.9666666666666667,
        0.9541666666666667,
        0.95,
        0.9625,
        0.9666666666666667,
        0.9583333333333334,
        0.9416666666666667,
        0.9625,
        0.9708333333333333,
        0.9666666666666667,
        0.9666666666666667,
        0.9791666666666666,
        0.9666666666666667,
        0.95,
        0.9541666666666667,
        0.95,
        0.95,
        0.9416666666666667,
        0.9666666666666667,
        0.9916666666666667,
        0.9916666666666667
    ],
    "val_accuracy_history": [
        0.325,
        0.325,
        0.425,
        0.45,
        0.425,
        0.4375,
        0.425,
        0.4,
        0.4,
        0.325,
        0.4375,
        0.425,
        0.4,
        0.4125,
        0.5125,
        0.4875,
        0.625,
        0.5,
        0.5625,
        0.25,
        0.5625,
        0.625,
        0.5,
        0.4875,
        0.6,
        0.575,
        0.4875,
        0.3875,
        0.65,
        0.6625,
        0.5125,
        0.5125,
        0.675,
        0.4375,
        0.6375,
        0.625,
        0.55,
        0.6125,
        0.6125,
        0.6625,
        0.6,
        0.5,
        0.525,
        0.4625,
        0.6375,
        0.55,
        0.5375,
        0.65,
        0.525,
        0.575,
        0.4,
        0.525,
        0.5125,
        0.425,
        0.6,
        0.525,
        0.575,
        0.6125,
        0.6625,
        0.575,
        0.675,
        0.675,
        0.525,
        0.6375,
        0.625,
        0.6125,
        0.4625,
        0.6625,
        0.7,
        0.4125,
        0.6375,
        0.7125,
        0.475,
        0.7,
        0.7,
        0.6375,
        0.425,
        0.6875,
        0.6625,
        0.525,
        0.6625,
        0.425,
        0.6375,
        0.6625,
        0.625,
        0.6,
        0.4625,
        0.6125,
        0.5875,
        0.6625,
        0.6625,
        0.4875,
        0.3625,
        0.625,
        0.6125,
        0.6375,
        0.65,
        0.65,
        0.65,
        0.55
    ],
    "train_loss_history": [
        0.34189852674802146,
        0.2816168762743473,
        0.2494074035435915,
        0.25659255459904673,
        0.22846199050545693,
        0.20461250245571136,
        0.17499365421632926,
        0.16487826046844323,
        0.161976156802848,
        0.15086416192352772,
        0.14611866868023451,
        0.10345499613322318,
        0.12250768089434132,
        0.1491100731616219,
        0.12717993664555252,
        0.1007369798142463,
        0.08508777739286112,
        0.08616071568103507,
        0.08365795492815474,
        0.09811956115396848,
        0.07815814561521013,
        0.07029196690612784,
        0.08680451533291489,
        0.07158956745794663,
        0.06178085344727151,
        0.07074676748500981,
        0.07022556814481504,
        0.0884633706843791,
        0.06015260263714784,
        0.06327226336870809,
        0.06436645399662666,
        0.0735926763505025,
        0.07124528347825011,
        0.07317800243520954,
        0.0605259027070133,
        0.06989678947769183,
        0.056899582704014996,
        0.060884961706081715,
        0.03748094251592799,
        0.04322140063950428,
        0.03891143950741025,
        0.0519489169389999,
        0.08147668466444884,
        0.0799915181104249,
        0.05039557563880711,
        0.04009831548767882,
        0.04381686057507371,
        0.06630268080710569,
        0.05230137944114783,
        0.04674406578160415,
        0.033315701208630345,
        0.044242606701466985,
        0.04232841077864578,
        0.034244979709122464,
        0.04897601008769925,
        0.034759683245162404,
        0.05991380732812104,
        0.04241611371145003,
        0.04581695152495134,
        0.051935463454143856,
        0.08522980884493639,
        0.06143948452712114,
        0.046497880881725,
        0.0217416804701467,
        0.04833972410495638,
        0.04771501507364064,
        0.03675674410037573,
        0.04241097108475363,
        0.02279617950659182,
        0.037106801029265196,
        0.036941721177587775,
        0.03167444481884255,
        0.022832583683505922,
        0.018716836917534844,
        0.020136131382867954,
        0.020275950613267923,
        0.0552687242967749,
        0.030381885160763508,
        0.021840786957242623,
        0.022381881382762002,
        0.04305491590162187,
        0.03517324659246697,
        0.02580664026827435,
        0.0233788208298544,
        0.024967032730986223,
        0.0355110369173417,
        0.035343096377736555,
        0.030703899965366568,
        0.028029516081763125,
        0.019319169197857842,
        0.0154371784679275,
        0.0340684876432609,
        0.03918938456660044,
        0.027996037428056297,
        0.041057261129662945,
        0.03655838718338297,
        0.03259558031244438,
        0.02444918979397433,
        0.010768630958583951,
        0.01049688627492884
    ],