{
    "test_accuracy": 0.4,
    "test_f1": 0.375,
    "train_accuracy_history": [
        0.4666666666666667,
        0.8,
        0.8666666666666667,
        0.9333333333333333,
        0.9,
        0.9666666666666667,
        0.9666666666666667,
        0.9666666666666667,
        1.0,
        1.0,
        1.0,
        1.0,
        1.0,
        1.0,
        1.0,
        1.0,
        1.0,
        1.0,
        1.0,
        1.0,
        1.0,
        1.0,
        1.0,
        1.0,
        1.0,
        1.0,
        1.0,
        1.0,
        1.0,
        1.0,
        1.0,
        1.0,
        1.0,
        1.0,
        1.0,
        1.0,
        1.0,
        1.0,
        1.0,
        1.0,
        1.0,
        1.0,
        1.0,
        1.0,
        1.0,
        1.0,
        1.0,
        1.0,
        1.0,
        1.0,
        1.0,
        1.0,
        1.0,
        1.0,
        1.0,
        1.0,
        1.0,
        1.0,
        1.0,
        1.0,
        1.0,
        1.0,
        1.0,
        1.0,
        1.0,
        1.0,
        1.0,
        1.0,
        1.0,
        1.0,
        1.0,
        1.0,
        1.0,
        1.0,
        1.0,
        1.0,
        1.0,
        1.0,
        1.0,
        1.0,
        1.0,
        1.0,
        1.0,
        1.0,
        1.0,
        1.0,
        1.0,
        1.0,
        1.0,
        1.0,
        1.0,
        1.0,
        1.0,
        1.0,
        1.0,
        1.0,
        1.0,
        1.0,
        1.0,
        1.0
    ],
    "val_accuracy_history": [
        0.6,
        0.4,
        0.4,
        0.4,
        0.4,
        0.6,
        0.6,
        0.6,
        0.6,
        0.3,
        0.3,
        0.6,
        0.6,
        0.6,
        0.6,
        0.6,
        0.7,
        0.2,
        0.6,
        0.4,
        0.4,
        0.4,
        0.4,
        0.6,
        0.4,
        0.4,
        0.5,
        0.4,
        0.4,
        0.4,
        0.4,
        0.4,
        0.4,
        0.7,
        0.7,
        0.7,
        0.5,
        0.4,
        0.4,
        0.4,
        0.4,
        0.4,
        0.6,
        0.6,
        0.6,
        0.6,
        0.2,
        0.3,
        0.4,
        0.3,
        0.3,
        0.4,
        0.6,
        0.6,
        0.6,
        0.5,
        0.4,
        0.4,
        0.4,
        0.6,
        0.7,
        0.6,
        0.6,
        0.6,
        0.3,
        0.3,
        0.3,
        0.5,
        0.3,
        0.3,
        0.3,
        0.4,
        0.4,
        0.6,
        0.5,
        0.4,
        0.3,
        0.5,
        0.3,
        0.3,
        0.3,
        0.3,
        0.4,
        0.6,
        0.1,
        0.2,
        0.7,
        0.6,
        0.4,
        0.8,
        0.7,
        0.3,
        0.4,
        0.4,
        0.5,
        0.7,
        0.6,
        0.7,
        0.8,
        0.7
    ],
    "train_loss_history": [
        0.20332351525624592,
        0.13413334687550862,
        0.10522797107696533,
        0.08373982161283493,
        0.07852945278088251,
        0.045949057986338936,
        0.0416958453754584,
        0.038331048438946407,
        0.029367387791474662,
        0.020350169949233533,
        0.026237594708800317,
        0.01272967370847861,
        0.012518951172629992,
        0.010866195398072402,
        0.01509744773308436,
        0.009932543523609639,
        0.007283547706902027,
        0.006835514524330695,
        0.0060027867089957,
        0.009932743820051352,
        0.005703789026786883,
        0.004809669257762532,
        0.005707241361960769,
        0.003918037043573955,
        0.003955793167309215,
        0.0029564839554950596,
        0.004519150642833362,
        0.0034822022231916585,
        0.0022499385522678494,
        0.0018397029023617506,
        0.0027919161754349866,
        0.0013717617684354385,
        0.0015242628597964844,
        0.0017070379612656931,
        0.001135760712592552,
        0.001909912342671305,
        0.0007975191382380823,
        0.0008421196815712998,
        0.0009096969428355805,
        0.0011994632834102959,
        0.001035362536398073,
        0.0011930015733620772,
        0.0009972132121523222,
        0.0015243025089148432,
        0.0008139986918346646,
        0.0004535817676999917,
        0.0005238718838275721,
        0.0008621334525135656,
        0.0005476103591111799,
        0.0006955916372438272,
        0.0006941630815466245,
        0.0006313410005532206,
        0.0005778621358331293,
        0.0004718471852053578,
        0.0004714161341932292,
        0.0005531142368757476,
        0.00046945648500695825,
        0.0003162841283483431,
        0.00046427689861351006,
        0.0005026964868496482,
        0.0011103270400781185,
        0.0003957121254643425,
        0.0003738721010449808,
        0.0002650423838834589,
        0.00029139925027266145,
        0.0002222091524648325,
        0.00026042674629328153,
        0.0003341379614236454,
        0.0002679040223786918,
        0.000273542861881045,
        0.0001980333703007394,
        0.00020488517087263364,
        0.00023728134353101876,
        0.00023096896038623526,
        0.00013715654980236044,
        0.00023157556521861503,
        0.00017835003479073445,
        0.00011068544942342366,
        0.00019416466432934005,
        0.0001056349947854566,
        0.00013964376848889514,
        0.00023739861159507807,
        0.0001492938412411604,
        0.00015252777836091507,
        0.00024585444771219045,
        0.00021708534089460348,
        0.00035384267151433355,
        0.00018788141993960987,
        0.00011724514115485363,
        0.0001889670743063713,
        0.0001593488547465919,
        0.00020584326290797131,
        0.00011348521220497788,
        0.00014808929602925976,
        0.00011426680236278722,
        0.0001583492528880015,
        0.00016513152925957305,
        0.00010808478303564092,
        6.980337396574517e-05,
        9.996448546492806e-05
    ],