{
    "test_accuracy": 0.25,
    "test_f1": 0.2098901098901099,
    "train_accuracy_history": [
        0.3,
        0.5666666666666667,
        0.7,
        0.8333333333333334,
        0.85,
        0.95,
        1.0,
        0.9666666666666667,
        1.0,
        1.0,
        1.0,
        1.0,
        1.0,
        1.0,
        1.0,
        1.0,
        1.0,
        1.0,
        1.0,
        1.0,
        1.0,
        1.0,
        1.0,
        1.0,
        1.0,
        1.0,
        1.0,
        1.0,
        1.0,
        1.0,
        1.0,
        1.0,
        1.0,
        1.0,
        1.0,
        1.0,
        1.0,
        1.0,
        1.0,
        1.0,
        1.0,
        1.0,
        1.0,
        1.0,
        1.0,
        1.0,
        1.0,
        1.0,
        1.0,
        1.0,
        1.0,
        1.0,
        1.0,
        1.0,
        1.0,
        1.0,
        1.0,
        1.0,
        1.0,
        1.0,
        1.0,
        1.0,
        1.0,
        1.0,
        1.0,
        1.0,
        1.0,
        1.0,
        1.0,
        1.0,
        1.0,
        1.0,
        1.0,
        1.0,
        1.0,
        1.0,
        1.0,
        1.0,
        1.0,
        1.0,
        1.0,
        1.0,
        1.0,
        1.0,
        1.0,
        1.0,
        1.0,
        1.0,
        1.0,
        1.0,
        1.0,
        1.0,
        1.0,
        1.0,
        1.0,
        1.0,
        1.0,
        1.0,
        1.0,
        1.0
    ],
    "val_accuracy_history": [
        0.25,
        0.4,
        0.4,
        0.15,
        0.3,
        0.25,
        0.2,
        0.25,
        0.3,
        0.25,
        0.5,
        0.25,
        0.25,
        0.3,
        0.25,
        0.25,
        0.25,
        0.35,
        0.25,
        0.55,
        0.3,
        0.3,
        0.25,
        0.25,
        0.1,
        0.45,
        0.4,
        0.35,
        0.4,
        0.35,
        0.3,
        0.3,
        0.45,
        0.45,
        0.3,
        0.55,
        0.4,
        0.4,
        0.5,
        0.45,
        0.55,
        0.45,
        0.45,
        0.35,
        0.55,
        0.4,
        0.5,
        0.5,
        0.4,
        0.35,
        0.5,
        0.6,
        0.4,
        0.5,
        0.4,
        0.35,
        0.45,
        0.6,
        0.55,
        0.5,
        0.45,
        0.45,
        0.35,
        0.25,
        0.5,
        0.45,
        0.45,
        0.55,
        0.45,
        0.45,
        0.4,
        0.45,
        0.4,
        0.45,
        0.55,
        0.5,
        0.45,
        0.45,
        0.6,
        0.4,
        0.5,
        0.45,
        0.45,
        0.45,
        0.5,
        0.45,
        0.4,
        0.45,
        0.5,
        0.55,
        0.6,
        0.4,
        0.5,
        0.45,
        0.45,
        0.5,
        0.5,
        0.45,
        0.4,
        0.5
    ],
    "train_loss_history": [
        0.3818638404210409,
        0.2644473026196162,
        0.19439050555229187,
        0.15736282169818877,
        0.11025770753622055,
        0.06958055545886357,
        0.04809082336723804,
        0.044687692262232306,
        0.03257029795398315,
        0.02323545233036081,
        0.01772326879824201,
        0.015953202095503608,
        0.013449539725358287,
        0.011636595459034045,
        0.010294794291257858,
        0.008447762144108613,
        0.006398035259917378,
        0.006428970869941016,
        0.005054676587072511,
        0.005092653329484165,
        0.005356187823538979,
        0.004110885586123913,
        0.005592210528751214,
        0.006466375031353285,
        0.0038113654513532917,
        0.0038375785186265904,
        0.0032072975765913723,
        0.002385730016976595,
        0.0030725143015539894,
        0.002258991913792367,
        0.001976855134125799,
        0.0028238487740357716,
        0.0018099861918017268,
        0.0013191773168121776,
        0.0017727561333837607,
        0.001522491047702109,
        0.0018130132889685531,
        0.0013740391722725084,
        0.001341617163658763,
        0.0015400388549702863,
        0.0014763673243578523,
        0.0011248341324971989,
        0.0009504984423983842,
        0.00092811343104889,
        0.0008966944762505591,
        0.0008279597658353547,
        0.000940605765208602,
        0.0006466689461376518,
        0.0007928150385851041,
        0.0008558701452178259,
        0.0007647391738525281,
        0.0006543958433515702,
        0.0006207582793043305,
        0.0006123826373368501,
        0.0005640540378711497,
        0.0005608942097751424,
        0.0005434055705942835,
        0.00060358185194976,
        0.0006222565677793076,
        0.0007190667461448659,
        0.0005479466296189154,
        0.0005306124774506315,
        0.00042162953468505293,
        0.0006622517665770526,
        0.00054492417742343,
        0.00041844283211200185,
        0.000512569205602631,
        0.0004177102901545974,
        0.0005437195572691659,
        0.00046208308097751193,
        0.0005249076144536957,
        0.0003126690561960762,
        0.0005020909360609948,
        0.00038103645977874596,
        0.00032854460635765766,
        0.0003321111767339365,
        0.00037863078396185303,
        0.0004054425143597958,
        0.00034482390086244173,
        0.0003720551797111208,
        0.00028612410775773846,
        0.0002609068799453477,
        0.000271029703435488,
        0.000311588442127686,
        0.00020221003311841437,
        0.00024055666920806592,
        0.00041611187286131707,
        0.0002469754583823184,
        0.00019292138410188878,
        0.00018938082066597418,
        0.00028482787602115425,
        0.0002711657427425962,
        0.00020126291395475466,
        0.00033528980566188693,
        0.00019719143262288222,
        0.0002221003480372019,
        0.0001914013526402414,
        0.00015663569332294476,
        0.0001562885280388097,
        0.00020447384413273538
    ],