{
    "test_accuracy": 0.48,
    "test_f1": 0.5033766233766233,
    "train_accuracy_history": [
        0.24,
        0.5866666666666667,
        0.7333333333333333,
        0.8533333333333334,
        0.8933333333333333,
        0.9733333333333334,
        0.9333333333333333,
        1.0,
        1.0,
        1.0,
        1.0,
        1.0,
        1.0,
        1.0,
        1.0,
        1.0,
        1.0,
        1.0,
        1.0,
        1.0,
        1.0,
        1.0,
        1.0,
        1.0,
        1.0,
        1.0,
        1.0,
        1.0,
        1.0,
        1.0,
        1.0,
        1.0,
        1.0,
        1.0,
        1.0,
        1.0,
        1.0,
        1.0,
        1.0,
        1.0,
        1.0,
        1.0,
        1.0,
        1.0,
        1.0,
        1.0,
        1.0,
        1.0,
        1.0,
        1.0,
        1.0,
        1.0,
        1.0,
        1.0,
        1.0,
        1.0,
        1.0,
        1.0,
        1.0,
        1.0,
        1.0,
        1.0,
        1.0,
        1.0,
        1.0,
        1.0,
        1.0,
        1.0,
        1.0,
        1.0,
        1.0,
        1.0,
        1.0,
        1.0,
        1.0,
        1.0,
        1.0,
        1.0,
        1.0,
        1.0,
        1.0,
        1.0,
        1.0,
        1.0,
        1.0,
        1.0,
        1.0,
        1.0,
        1.0,
        1.0,
        1.0,
        1.0,
        1.0,
        1.0,
        1.0,
        1.0,
        1.0,
        1.0,
        1.0,
        1.0
    ],
    "val_accuracy_history": [
        0.16,
        0.24,
        0.28,
        0.24,
        0.16,
        0.24,
        0.24,
        0.24,
        0.24,
        0.28,
        0.16,
        0.2,
        0.12,
        0.2,
        0.32,
        0.12,
        0.32,
        0.24,
        0.16,
        0.28,
        0.16,
        0.12,
        0.32,
        0.28,
        0.2,
        0.16,
        0.24,
        0.2,
        0.24,
        0.32,
        0.28,
        0.24,
        0.32,
        0.2,
        0.4,
        0.28,
        0.2,
        0.16,
        0.32,
        0.2,
        0.28,
        0.32,
        0.28,
        0.36,
        0.28,
        0.32,
        0.32,
        0.2,
        0.28,
        0.36,
        0.32,
        0.36,
        0.24,
        0.24,
        0.44,
        0.4,
        0.4,
        0.28,
        0.28,
        0.32,
        0.32,
        0.36,
        0.32,
        0.4,
        0.24,
        0.16,
        0.28,
        0.28,
        0.28,
        0.44,
        0.24,
        0.32,
        0.36,
        0.16,
        0.24,
        0.32,
        0.24,
        0.24,
        0.28,
        0.32,
        0.24,
        0.36,
        0.36,
        0.4,
        0.32,
        0.36,
        0.36,
        0.4,
        0.28,
        0.28,
        0.36,
        0.24,
        0.36,
        0.28,
        0.4,
        0.28,
        0.32,
        0.2,
        0.32,
        0.36
    ],
    "train_loss_history": [
        0.42272154649098714,
        0.28304867664972944,
        0.21788843989372253,
        0.14847843448321024,
        0.1136258480946223,
        0.08205268959204357,
        0.06228696445624034,
        0.043743004351854325,
        0.02896127924323082,
        0.025510013103485107,
        0.020473685363928476,
        0.01464799535771211,
        0.012589515248934428,
        0.01271683738877376,
        0.010094114517172178,
        0.008528585483630498,
        0.005019517863790194,
        0.005010865988830725,
        0.0044232737397154175,
        0.005716241355985403,
        0.004594046606992682,
        0.003349901040395101,
        0.0033953059433648983,
        0.0028024565024922293,
        0.0021440853892515104,
        0.0021992138183365264,
        0.0020767031020174423,
        0.0020500196516513823,
        0.0015741052369897565,
        0.001918555167503655,
        0.0018307194206863642,
        0.0018228794882694881,
        0.001061420418166866,
        0.0011968290448809663,
        0.0008244351181201637,
        0.0009595698956400156,
        0.0008780661784112454,
        0.0010207810858264565,
        0.0008354703111884495,
        0.001144782364523659,
        0.0008127517967174451,
        0.0006461808958556503,
        0.0007330335164442658,
        0.0011407347155424456,
        0.0012505498086102307,
        0.0006525685203572114,
        0.0006107912759762258,
        0.0007699339518633982,
        0.0008435828747072568,
        0.000657667232832561,
        0.0006304029728441189,
        0.0005095573262466739,
        0.0005770760347756247,
        0.0004090869504337509,
        0.00041819572914391756,
        0.0005184592025276895,
        0.00047299224572877087,
        0.00041069986686731376,
        0.00039766662618300565,
        0.0003200869238935411,
        0.000265429153223522,
        0.00033359435697396595,
        0.00036336260925357543,
        0.0002836825760702292,
        0.0004678636467239509,
        0.0003055591287557036,
        0.00034005281437809266,
        0.0004357896512374282,
        0.0002993674393898497,
        0.00030861551989801227,
        0.0003397767519345507,
        0.0002346136731406053,
        0.0006086071869746472,
        0.0006150137660248826,
        0.000306663269099469,
        0.00038837050068347403,
        0.0002971316313293452,
        0.0004367658738434936,
        0.0002722763576700042,
        0.00033393310450871165,
        0.00027066688848814615,
        0.00019021781180830053,
        0.00024093482274717342,
        0.0002683168149087578,
        0.0003212047612760216,
        0.00030112774712809674,
        0.00017055324317576985,
        0.00017340037389658393,
        0.00015501763710441688,
        0.00016801208519609645,
        0.00014930497020638236,
        0.00018106576744078968,
        0.00017469054359632233,
        0.00012906430327954392,
        0.00019411330198636277,
        0.00014948564445755135,
        0.0002492516071652062,
        0.00012170044317220648,
        0.000175716171215754,
        0.0001255960570415482
    ],