{
    "test_accuracy": 0.3,
    "test_f1": 0.23076923076923078,
    "train_accuracy_history": [
        0.5,
        0.7,
        0.6,
        0.7333333333333333,
        0.7333333333333333,
        0.9,
        0.8666666666666667,
        0.8333333333333334,
        0.6,
        0.9333333333333333,
        0.9333333333333333,
        0.8666666666666667,
        0.8666666666666667,
        0.7333333333333333,
        0.7333333333333333,
        0.8,
        0.8333333333333334,
        0.9,
        0.8666666666666667,
        0.8666666666666667,
        0.9,
        0.8666666666666667,
        0.9,
        0.9,
        0.8666666666666667,
        0.8333333333333334,
        0.8,
        0.8666666666666667,
        0.9333333333333333,
        1.0,
        0.9,
        0.9333333333333333,
        0.9333333333333333,
        0.9666666666666667,
        0.9666666666666667,
        0.9666666666666667,
        0.8666666666666667,
        0.9,
        0.9666666666666667,
        0.9333333333333333,
        1.0,
        1.0,
        1.0,
        0.9333333333333333,
        0.9333333333333333,
        1.0,
        0.8666666666666667,
        0.9666666666666667,
        0.9666666666666667,
        0.9666666666666667,
        0.9666666666666667,
        0.9666666666666667,
        0.9666666666666667,
        1.0,
        1.0,
        1.0,
        0.9666666666666667,
        0.9666666666666667,
        1.0,
        1.0,
        0.9333333333333333,
        1.0,
        1.0,
        1.0,
        0.9666666666666667,
        1.0,
        1.0,
        1.0,
        1.0,
        1.0,
        1.0,
        1.0,
        0.9666666666666667,
        0.9333333333333333,
        1.0,
        1.0,
        1.0,
        1.0,
        1.0,
        1.0,
        1.0,
        1.0,
        1.0,
        1.0,
        1.0,
        1.0,
        1.0,
        1.0,
        1.0,
        1.0,
        1.0,
        1.0,
        1.0,
        1.0,
        1.0,
        1.0,
        1.0,
        1.0,
        1.0,
        1.0
    ],
    "val_accuracy_history": [
        0.6,
        0.6,
        0.4,
        0.4,
        0.4,
        0.4,
        0.4,
        0.4,
        0.4,
        0.4,
        0.4,
        0.4,
        0.4,
        0.4,
        0.4,
        0.4,
        0.4,
        0.5,
        0.5,
        0.5,
        0.5,
        0.5,
        0.5,
        0.5,
        0.5,
        0.5,
        0.5,
        0.5,
        0.5,
        0.5,
        0.5,
        0.5,
        0.5,
        0.5,
        0.5,
        0.5,
        0.4,
        0.5,
        0.5,
        0.5,
        0.5,
        0.5,
        0.4,
        0.4,
        0.4,
        0.4,
        0.4,
        0.4,
        0.5,
        0.5,
        0.5,
        0.5,
        0.5,
        0.5,
        0.5,
        0.7,
        0.4,
        0.5,
        0.5,
        0.5,
        0.5,
        0.5,
        0.5,
        0.5,
        0.5,
        0.5,
        0.5,
        0.5,
        0.5,
        0.5,
        0.5,
        0.4,
        0.4,
        0.4,
        0.4,
        0.4,
        0.4,
        0.6,
        0.4,
        0.5,
        0.5,
        0.5,
        0.5,
        0.5,
        0.5,
        0.5,
        0.5,
        0.4,
        0.4,
        0.4,
        0.5,
        0.5,
        0.5,
        0.6,
        0.4,
        0.4,
        0.5,
        0.5,
        0.5,
        0.5
    ],
    "train_loss_history": [
        0.21008123556772867,
        0.17547943393389384,
        0.16225358247756957,
        0.15337906777858734,
        0.13477464616298676,
        0.11203853785991669,
        0.11004369854927062,
        0.09950505991776784,
        0.12996188203493755,
        0.07066879073778788,
        0.0714506467183431,
        0.10798492580652237,
        0.08254902586340904,
        0.12075891544421515,
        0.12715303947528203,
        0.100482573111852,
        0.10328403015931448,
        0.07966680899262428,
        0.07520982325077057,
        0.0945056363940239,
        0.09176172067721684,
        0.09170190120736758,
        0.07992786367734274,
        0.07443456699450811,
        0.08658332079648971,
        0.09620102470119794,
        0.08242909411589304,
        0.0861662099758784,
        0.06954283639788628,
        0.047843564798434574,
        0.06431480584045252,
        0.056902772188186644,
        0.10039600630601248,
        0.046587460488080976,
        0.05638446112473806,
        0.07034144178032875,
        0.07731382660567761,
        0.054956718782583874,
        0.04907720213135083,
        0.05949801007906596,
        0.042705600957075755,
        0.04032827243208885,
        0.0305773988366127,
        0.047436109930276874,
        0.044385456417997675,
        0.029333804920315742,
        0.06858387341101964,
        0.04487707813580831,
        0.04032603253920873,
        0.031085415557026864,
        0.02575636518498262,
        0.028107615808645885,
        0.032463304325938226,
        0.02432828365514676,
        0.015560935686031977,
        0.021059466246515512,
        0.03133866935968399,
        0.028351184104879697,
        0.019621194712817668,
        0.015475104873379072,
        0.044111769460141656,
        0.01755125932395458,
        0.013148983505864938,
        0.0106661980971694,
        0.017345733754336835,
        0.018114578475554786,
        0.008033539541065693,
        0.009744449829061827,
        0.013041799577573935,
        0.010134796363612015,
        0.010070216034849484,
        0.013650542435546717,
        0.021498613276829323,
        0.03177420273423195,
        0.010231860959902406,
        0.019664414351185162,
        0.016180676780641078,
        0.018488076360275347,
        0.008676873023311297,
        0.009175268995265166,
        0.017800109771390755,
        0.006320715509355068,
        0.007434785955895981,
        0.011667102311427395,
        0.009996970059971015,
        0.007384141410390536,
        0.013243236672133207,
        0.005515952485923966,
        0.0072015638618419565,
        0.008891541417688132,
        0.00653382238621513,
        0.008276612653086582,
        0.006999688502401113,
        0.013378820785631736,
        0.007095260576655467,
        0.006248187475527326,
        0.011396870203316211,
        0.008163228413710992,
        0.007841289229691028,
        0.005160561545441548
    ],