{
    "test_accuracy": 0.6,
    "test_f1": 0.5986428736428737,
    "train_accuracy_history": [
        0.25833333333333336,
        0.36666666666666664,
        0.5083333333333333,
        0.4875,
        0.4791666666666667,
        0.5708333333333333,
        0.575,
        0.5291666666666667,
        0.55,
        0.6583333333333333,
        0.7041666666666667,
        0.7625,
        0.7291666666666666,
        0.8375,
        0.7375,
        0.6666666666666666,
        0.7041666666666667,
        0.8208333333333333,
        0.8458333333333333,
        0.8708333333333333,
        0.8875,
        0.8416666666666667,
        0.8625,
        0.8583333333333333,
        0.8958333333333334,
        0.9,
        0.8833333333333333,
        0.8958333333333334,
        0.875,
        0.8791666666666667,
        0.9041666666666667,
        0.9166666666666666,
        0.7208333333333333,
        0.7166666666666667,
        0.4875,
        0.7125,
        0.8333333333333334,
        0.9041666666666667,
        0.8875,
        0.9166666666666666,
        0.9375,
        0.8916666666666667,
        0.9333333333333333,
        0.9458333333333333,
        0.95,
        0.9416666666666667,
        0.9333333333333333,
        0.9583333333333334,
        0.9166666666666666,
        0.9375,
        0.9583333333333334,
        0.9416666666666667,
        0.95,
        0.8666666666666667,
        0.7291666666666666,
        0.5541666666666667,
        0.6333333333333333,
        0.7916666666666666,
        0.9,
        0.9208333333333333,
        0.9541666666666667,
        0.9458333333333333,
        0.9375,
        0.9625,
        0.9583333333333334,
        0.9541666666666667,
        0.9708333333333333,
        0.9791666666666666,
        0.9708333333333333,
        0.9875,
        0.9875,
        0.9875,
        0.9708333333333333,
        0.8541666666666666,
        0.8625,
        0.825,
        0.8,
        0.6875,
        0.7583333333333333,
        0.8375,
        0.9208333333333333,
        0.9458333333333333,
        0.9625,
        0.9625,
        0.9791666666666666,
        0.9833333333333333,
        0.9875,
        0.9875,
        0.9958333333333333,
        0.9833333333333333,
        0.9916666666666667,
        0.9958333333333333,
        0.9958333333333333,
        0.9958333333333333,
        0.9875,
        0.9958333333333333,
        1.0,
        0.9916666666666667,
        0.9958333333333333,
        0.9833333333333333
    ],
    "val_accuracy_history": [
        0.25,
        0.3125,
        0.4625,
        0.4875,
        0.375,
        0.4875,
        0.425,
        0.4875,
        0.45,
        0.5625,
        0.475,
        0.525,
        0.5625,
        0.5125,
        0.5375,
        0.4125,
        0.525,
        0.65,
        0.575,
        0.6125,
        0.6,
        0.625,
        0.6,
        0.575,
        0.5875,
        0.675,
        0.6125,
        0.6125,
        0.5875,
        0.55,
        0.65,
        0.5625,
        0.45,
        0.4125,
        0.5625,
        0.5375,
        0.6125,
        0.5875,
        0.575,
        0.6375,
        0.675,
        0.675,
        0.7,
        0.6125,
        0.65,
        0.6375,
        0.6375,
        0.6,
        0.6625,
        0.65,
        0.6875,
        0.6875,
        0.6625,
        0.575,
        0.45,
        0.6,
        0.4875,
        0.5625,
        0.675,
        0.6375,
        0.625,
        0.6125,
        0.6375,
        0.6125,
        0.7,
        0.6375,
        0.65,
        0.65,
        0.6875,
        0.6125,
        0.6375,
        0.625,
        0.6875,
        0.55,
        0.5875,
        0.6,
        0.4125,
        0.425,
        0.6,
        0.6375,
        0.6375,
        0.625,
        0.625,
        0.6625,
        0.65,
        0.625,
        0.6625,
        0.6125,
        0.65,
        0.6375,
        0.6375,
        0.6625,
        0.6375,
        0.6625,
        0.6375,
        0.6375,
        0.6125,
        0.6125,
        0.625,
        0.65
    ],
    "train_loss_history": [
        5.379155751566092,
        0.4216068950792154,
        0.31728832349181174,
        0.30843035553892456,
        0.36837875184913477,
        0.28550610852738223,
        0.2782372046262026,
        0.34647168600931766,
        0.25921608669062457,
        0.19455416984856128,
        0.18159242377926907,
        0.17065454277520378,
        0.15429298036421338,
        0.12659742798035342,
        0.14432613321114332,
        0.2505618418722103,
        0.20942978684518795,
        0.12854776388655106,
        0.10862985324735443,
        0.09793502272611174,
        0.0904327319158862,
        0.11437450392986648,
        0.10212260368377125,
        0.09901867602408553,
        0.0964653058676049,
        0.08721765390170427,
        0.09199007077841088,
        0.07263175889626533,
        0.09656767238435957,
        0.08557194947109868,
        0.08401174299554744,
        0.07035248186051225,
        0.27729905303228103,
        0.27315287525024795,
        1.1346263126140306,
        0.2146717601552761,
        0.11542772286435744,
        0.07555077439950159,
        0.0765220909146592,
        0.06650395223211186,
        0.05710313556677041,
        0.07563347898249048,
        0.06583641755326729,
        0.04748733504869354,
        0.046160570338057975,
        0.04653021695533729,
        0.046545590940998714,
        0.0383254685710502,
        0.059869045017815856,
        0.04433535232528811,
        0.037426219741731374,
        0.03521468212517599,
        0.03878206054966237,
        0.09629443979200308,
        0.33736653749559387,
        1.2112147754315326,
        0.6400406585918063,
        0.25590167791427426,
        0.08315325852951598,
        0.06580490497381106,
        0.04604522637479628,
        0.04253649379399273,
        0.04859470267595801,
        0.029780615221759867,
        0.030130817353347085,
        0.04379582638507979,
        0.02916297852959057,
        0.020033062155334846,
        0.02540333731994906,
        0.016363627252743148,
        0.014998620246410136,
        0.014301291223758502,
        0.021552017922416174,
        0.12074803726275718,
        0.10204249964214114,
        0.18078866808797708,
        0.253044417154058,
        0.7090428024087181,
        0.5135333410652767,
        0.18305393991339447,
        0.06548433447356387,
        0.038068522668618245,
        0.04150325587688712,
        0.0257998194680719,
        0.017147610045746355,
        0.014125309040173306,
        0.013200791652889166,
        0.012010199602246984,
        0.010329663513554502,
        0.009761182223470163,
        0.00792162399947074,
        0.0071693817974240424,
        0.005788165922869363,
        0.006944554695261703,
        0.008738925250156626,
        0.005984063714369843,
        0.0043394930205314115,
        0.005430282471237054,
        0.005280664057229008,
        0.009840576455868206
    ],