{
    "test_accuracy": 0.2,
    "test_f1": 0.1717171717171717,
    "train_accuracy_history": [
        0.3333333333333333,
        0.4888888888888889,
        0.6444444444444445,
        0.6222222222222222,
        0.6888888888888889,
        0.6888888888888889,
        0.8222222222222222,
        0.8444444444444444,
        0.8888888888888888,
        0.9333333333333333,
        0.9555555555555556,
        0.9555555555555556,
        0.9555555555555556,
        0.9777777777777777,
        0.9555555555555556,
        0.9777777777777777,
        0.9777777777777777,
        0.9777777777777777,
        1.0,
        0.9777777777777777,
        1.0,
        1.0,
        1.0,
        1.0,
        1.0,
        1.0,
        1.0,
        1.0,
        1.0,
        1.0,
        1.0,
        1.0,
        1.0,
        1.0,
        1.0,
        1.0,
        1.0,
        1.0,
        1.0,
        1.0,
        1.0,
        1.0,
        1.0,
        1.0,
        1.0,
        1.0,
        1.0,
        1.0,
        1.0,
        1.0,
        1.0,
        1.0,
        1.0,
        1.0,
        1.0,
        1.0,
        1.0,
        1.0,
        1.0,
        1.0,
        1.0,
        1.0,
        1.0,
        1.0,
        1.0,
        1.0,
        1.0,
        1.0,
        1.0,
        1.0,
        1.0,
        1.0,
        1.0,
        1.0,
        1.0,
        1.0,
        1.0,
        1.0,
        1.0,
        1.0,
        1.0,
        1.0,
        1.0,
        1.0,
        1.0,
        1.0,
        1.0,
        1.0,
        1.0,
        1.0,
        1.0,
        1.0,
        1.0,
        1.0,
        1.0,
        1.0,
        1.0,
        1.0,
        1.0,
        1.0
    ],
    "val_accuracy_history": [
        0.3333333333333333,
        0.5333333333333333,
        0.3333333333333333,
        0.3333333333333333,
        0.3333333333333333,
        0.3333333333333333,
        0.3333333333333333,
        0.3333333333333333,
        0.4,
        0.3333333333333333,
        0.4666666666666667,
        0.26666666666666666,
        0.3333333333333333,
        0.4,
        0.3333333333333333,
        0.3333333333333333,
        0.3333333333333333,
        0.3333333333333333,
        0.26666666666666666,
        0.3333333333333333,
        0.3333333333333333,
        0.3333333333333333,
        0.3333333333333333,
        0.3333333333333333,
        0.4666666666666667,
        0.4,
        0.3333333333333333,
        0.3333333333333333,
        0.3333333333333333,
        0.2,
        0.3333333333333333,
        0.3333333333333333,
        0.26666666666666666,
        0.26666666666666666,
        0.4,
        0.4666666666666667,
        0.3333333333333333,
        0.3333333333333333,
        0.3333333333333333,
        0.3333333333333333,
        0.3333333333333333,
        0.26666666666666666,
        0.4,
        0.26666666666666666,
        0.3333333333333333,
        0.3333333333333333,
        0.26666666666666666,
        0.3333333333333333,
        0.3333333333333333,
        0.4,
        0.4,
        0.3333333333333333,
        0.26666666666666666,
        0.3333333333333333,
        0.3333333333333333,
        0.3333333333333333,
        0.4,
        0.4,
        0.4,
        0.13333333333333333,
        0.2,
        0.13333333333333333,
        0.4,
        0.2,
        0.26666666666666666,
        0.4,
        0.4666666666666667,
        0.3333333333333333,
        0.2,
        0.3333333333333333,
        0.4,
        0.3333333333333333,
        0.26666666666666666,
        0.13333333333333333,
        0.13333333333333333,
        0.4,
        0.3333333333333333,
        0.3333333333333333,
        0.4,
        0.26666666666666666,
        0.26666666666666666,
        0.26666666666666666,
        0.2,
        0.3333333333333333,
        0.26666666666666666,
        0.3333333333333333,
        0.5333333333333333,
        0.26666666666666666,
        0.3333333333333333,
        0.2,
        0.2,
        0.2,
        0.3333333333333333,
        0.3333333333333333,
        0.3333333333333333,
        0.3333333333333333,
        0.2,
        0.26666666666666666,
        0.26666666666666666,
        0.3333333333333333
    ],
    "train_loss_history": [
        0.310247458351983,
        0.27490603261523777,
        0.2446048233244154,
        0.22102776633368598,
        0.20991555982165866,
        0.1969737066162957,
        0.17586778203646342,
        0.15205533570713467,
        0.14715457161267598,
        0.12522219949298435,
        0.11103408270412021,
        0.10232599278291067,
        0.08187679549058278,
        0.06977714780304167,
        0.07803459299935235,
        0.07261401928133435,
        0.05865027407805125,
        0.05037666757901509,
        0.053801540864838494,
        0.04292368764678637,
        0.03937177273134391,
        0.035593094676733016,
        0.03777044307854441,
        0.03852696725063854,
        0.030402405973937778,
        0.022959525883197784,
        0.022431318834424018,
        0.020920308265421125,
        0.018145947944786814,
        0.015661280685000948,
        0.01587531761162811,
        0.014092165190312598,
        0.01270112842321396,
        0.013591745206051402,
        0.009564249279598395,
        0.011144651720921198,
        0.010142805406616794,
        0.007869915540019671,
        0.007595048720637957,
        0.00686044262515174,
        0.00679680895474222,
        0.007219033895267381,
        0.006210201481978098,
        0.005944802715546555,
        0.005780266328818269,
        0.006527969903416104,
        0.0054338637739419935,
        0.004835525444812245,
        0.004348297458555963,
        0.004004638582571513,
        0.0056602522006465325,
        0.005945411148584551,
        0.006121624261140823,
        0.005770694702449772,
        0.0059885759320524,
        0.004745560615426964,
        0.0036271707154810428,
        0.00404629616273774,
        0.0035734174773097037,
        0.0030180501803341838,
        0.0038264234860738116,
        0.0034320756327360868,
        0.0023401970716400277,
        0.0023437375099294717,
        0.00343172839946217,
        0.003128648704538743,
        0.0024445120555659137,
        0.003625769882152478,
        0.002066406048834324,
        0.0017599908841980827,
        0.002847157289377517,
        0.0023159803201754886,
        0.0017930240240982837,
        0.0016945964708510372,
        0.001667153258394036,
        0.002689566116573082,
        0.0017267533371018039,
        0.0018996214908030297,
        0.0016690864796853728,
        0.001585892029106617,
        0.0016217049237133728,
        0.0021175451188658674,
        0.001445259272845255,
        0.0017064491623184747,
        0.0014180170798984667,
        0.0015577934863459733,
        0.0014095879858359694,
        0.0013628264216499195,
        0.001507383595324225,
        0.0012423630338162183,
        0.0010926844319328667,
        0.0015171008158682121,
        0.0014133091731410887,
        0.000907348001944936,
        0.001082875831828763,
        0.0017449186752653784,
        0.0013326996911524071,
        0.0009194519416066921,
        0.001080182511618154,
        0.001028166399596052
    ],