{
    "test_accuracy": 0.5,
    "test_f1": 0.4733051469389086,
    "train_accuracy_history": [
        0.31666666666666665,
        0.39166666666666666,
        0.43333333333333335,
        0.5333333333333333,
        0.6291666666666667,
        0.6125,
        0.7125,
        0.6958333333333333,
        0.8041666666666667,
        0.7375,
        0.8,
        0.7958333333333333,
        0.8208333333333333,
        0.8708333333333333,
        0.8791666666666667,
        0.875,
        0.8708333333333333,
        0.8375,
        0.9208333333333333,
        0.8958333333333334,
        0.9333333333333333,
        0.9083333333333333,
        0.8666666666666667,
        0.8958333333333334,
        0.9291666666666667,
        0.9125,
        0.925,
        0.9416666666666667,
        0.9125,
        0.925,
        0.9083333333333333,
        0.9125,
        0.9375,
        0.9,
        0.8625,
        0.9125,
        0.9583333333333334,
        0.9375,
        0.975,
        0.9958333333333333,
        0.9833333333333333,
        0.9416666666666667,
        0.9083333333333333,
        0.9208333333333333,
        0.9541666666666667,
        0.9708333333333333,
        0.9666666666666667,
        0.9666666666666667,
        0.9791666666666666,
        0.9875,
        0.9958333333333333,
        0.9791666666666666,
        0.9625,
        0.9583333333333334,
        0.9333333333333333,
        0.9666666666666667,
        0.9333333333333333,
        0.9416666666666667,
        0.9458333333333333,
        0.9541666666666667,
        0.9833333333333333,
        0.9666666666666667,
        0.9583333333333334,
        0.9833333333333333,
        0.9708333333333333,
        0.95,
        0.9875,
        0.9875,
        0.9958333333333333,
        0.9875,
        0.9875,
        1.0,
        0.9833333333333333,
        0.9708333333333333,
        0.9208333333333333,
        0.9333333333333333,
        0.9458333333333333,
        0.95,
        0.9625,
        0.9416666666666667,
        0.9583333333333334,
        0.975,
        0.9916666666666667,
        0.9916666666666667,
        0.9958333333333333,
        1.0,
        1.0,
        0.9958333333333333,
        1.0,
        1.0,
        1.0,
        0.9916666666666667,
        0.9833333333333333,
        0.9583333333333334,
        0.8583333333333333,
        0.9375,
        0.9708333333333333,
        0.9875,
        1.0,
        0.9916666666666667
    ],
    "val_accuracy_history": [
        0.275,
        0.25,
        0.2875,
        0.3375,
        0.35,
        0.25,
        0.35,
        0.4125,
        0.2625,
        0.5,
        0.55,
        0.425,
        0.575,
        0.4375,
        0.5875,
        0.4625,
        0.45,
        0.4875,
        0.5375,
        0.55,
        0.4375,
        0.35,
        0.45,
        0.5125,
        0.5375,
        0.35,
        0.5375,
        0.575,
        0.35,
        0.3625,
        0.4,
        0.5875,
        0.5125,
        0.2625,
        0.4,
        0.5,
        0.475,
        0.5625,
        0.625,
        0.6,
        0.525,
        0.4875,
        0.475,
        0.6125,
        0.4375,
        0.4875,
        0.525,
        0.4875,
        0.6,
        0.5625,
        0.575,
        0.475,
        0.5375,
        0.5125,
        0.55,
        0.5,
        0.4875,
        0.475,
        0.4,
        0.5375,
        0.475,
        0.6125,
        0.55,
        0.575,
        0.5875,
        0.6125,
        0.5375,
        0.55,
        0.5875,
        0.575,
        0.55,
        0.55,
        0.5875,
        0.4375,
        0.525,
        0.5,
        0.4625,
        0.4375,
        0.4625,
        0.4875,
        0.6,
        0.6,
        0.525,
        0.4875,
        0.55,
        0.5375,
        0.575,
        0.5875,
        0.6,
        0.5875,
        0.5875,
        0.5875,
        0.5875,
        0.35,
        0.3125,
        0.45,
        0.4875,
        0.55,
        0.55,
        0.5875
    ],
    "train_loss_history": [
        0.404630758613348,
        0.3150274343788624,
        0.30007668187220893,
        0.2768404902269443,
        0.23101797898610432,
        0.2391491043070952,
        0.1869799939294656,
        0.23045753917346398,
        0.15781084652990102,
        0.16579605980465809,
        0.14344657209391395,
        0.14345462584557633,
        0.12317466412981351,
        0.11197897827563187,
        0.10403530037341019,
        0.09974028631889571,
        0.09165249255796273,
        0.12145594205552092,
        0.07520251384897468,
        0.0794436439522542,
        0.05655409123088854,
        0.07187718368562249,
        0.10184065953362734,
        0.08017545076630389,
        0.07292099314120909,
        0.0604734906887946,
        0.05735718496143818,
        0.04431321318843402,
        0.0665185073245084,
        0.06058038934327972,
        0.07913199002408268,
        0.06960650764328118,
        0.04343834908213466,
        0.058530235736786076,
        0.11106849596593141,
        0.06391948609962128,
        0.041074079434232164,
        0.061481903113114335,
        0.01898922651113632,
        0.008567860097294518,
        0.014171742834393323,
        0.048045102208440466,
        0.08092911803396419,
        0.059908889287665565,
        0.03388559235900175,
        0.026678973536763805,
        0.02418946242602639,
        0.031118253718765723,
        0.013234356482280418,
        0.010440394167865937,
        0.006040627898316112,
        0.018883541845085953,
        0.029516309564254092,
        0.03635972415383246,
        0.05164230427593187,
        0.022624855097152854,
        0.0440854042894595,
        0.04394949398799023,
        0.03410762540976672,
        0.029189042631575526,
        0.012908902083775804,
        0.01589633385565321,
        0.025458964648366115,
        0.01007224731408011,
        0.022241091164194888,
        0.045995052538395004,
        0.011493108196858278,
        0.007875749715973749,
        0.0028539277092325694,
        0.010645394533109235,
        0.015643573931962845,
        0.0031860513730862295,
        0.010323148621076446,
        0.024442372873030156,
        0.054262415027945585,
        0.04327100316089248,
        0.04417157006785904,
        0.0369918716558459,
        0.022225308095645838,
        0.053959215509166825,
        0.03055935520563556,
        0.02204942913913328,
        0.006815422028982236,
        0.0062729745108602705,
        0.003655071704755149,
        0.0014352829254373016,
        0.0006943312357331403,
        0.004336873263309826,
        0.0012204866888623656,
        0.0007002584975604501,
        0.00039626488969588534,
        0.002578191567044996,
        0.021749620798580813,
        0.04320152418834671,
        0.13301591121453385,
        0.0454637610836168,
        0.029757867487933253,
        0.011423675757396268,
        0.0018478625297272326,
        0.0034520284223314474
    ],