{
    "test_accuracy": 0.8,
    "test_f1": 0.7916666666666667,
    "train_accuracy_history": [
        0.6,
        0.5666666666666667,
        0.8333333333333334,
        0.9,
        0.8666666666666667,
        0.9333333333333333,
        0.9333333333333333,
        0.9666666666666667,
        0.9666666666666667,
        1.0,
        1.0,
        1.0,
        1.0,
        1.0,
        1.0,
        1.0,
        1.0,
        1.0,
        1.0,
        1.0,
        1.0,
        1.0,
        1.0,
        1.0,
        1.0,
        1.0,
        1.0,
        1.0,
        1.0,
        1.0,
        1.0,
        1.0,
        1.0,
        1.0,
        1.0,
        1.0,
        1.0,
        1.0,
        1.0,
        1.0,
        1.0,
        1.0,
        1.0,
        1.0,
        1.0,
        1.0,
        1.0,
        1.0,
        1.0,
        1.0,
        1.0,
        1.0,
        1.0,
        1.0,
        1.0,
        1.0,
        1.0,
        1.0,
        1.0,
        1.0,
        1.0,
        1.0,
        1.0,
        1.0,
        1.0,
        1.0,
        1.0,
        1.0,
        1.0,
        1.0,
        1.0,
        1.0,
        1.0,
        1.0,
        1.0,
        1.0,
        1.0,
        1.0,
        1.0,
        1.0,
        1.0,
        1.0,
        1.0,
        1.0,
        1.0,
        1.0,
        1.0,
        1.0,
        1.0,
        1.0,
        1.0,
        1.0,
        1.0,
        1.0,
        1.0,
        1.0,
        1.0,
        1.0,
        1.0,
        1.0
    ],
    "val_accuracy_history": [
        0.5,
        0.5,
        0.5,
        0.5,
        0.8,
        0.7,
        0.8,
        0.9,
        0.9,
        0.7,
        0.7,
        0.8,
        0.9,
        0.5,
        0.5,
        0.5,
        0.5,
        0.5,
        0.8,
        0.6,
        0.5,
        0.6,
        0.8,
        0.7,
        0.7,
        0.6,
        0.6,
        0.6,
        0.9,
        0.9,
        0.8,
        0.5,
        0.6,
        0.8,
        0.9,
        0.9,
        0.8,
        0.8,
        0.8,
        0.8,
        0.8,
        0.5,
        0.5,
        0.5,
        0.5,
        0.8,
        0.8,
        0.8,
        0.8,
        0.8,
        0.8,
        0.5,
        0.8,
        0.8,
        0.8,
        0.8,
        0.8,
        0.9,
        0.8,
        0.8,
        0.8,
        0.8,
        0.6,
        0.7,
        0.8,
        0.8,
        0.8,
        0.8,
        0.8,
        0.8,
        0.8,
        0.8,
        0.6,
        0.8,
        0.8,
        0.8,
        0.8,
        0.8,
        0.8,
        0.8,
        0.8,
        0.8,
        0.8,
        0.8,
        0.9,
        0.8,
        0.8,
        0.8,
        0.6,
        0.6,
        0.8,
        0.8,
        0.8,
        0.8,
        0.8,
        0.7,
        0.8,
        0.8,
        0.8,
        0.8
    ],
    "train_loss_history": [
        0.17960850497086842,
        0.1860048810640971,
        0.13737401962280274,
        0.07576957841714223,
        0.06964433540900548,
        0.04954679496586323,
        0.03938559405505657,
        0.032195031891266504,
        0.02759117593523115,
        0.019408482902993757,
        0.017021657805889844,
        0.01279913253771762,
        0.00894075616573294,
        0.009359046428774795,
        0.006987607595510781,
        0.005672213241147498,
        0.005101116498311361,
        0.004423482102962831,
        0.004094560196002324,
        0.003370739659294486,
        0.0025349810137413444,
        0.0029998189381634194,
        0.003459487312162916,
        0.002528730391835173,
        0.002461258632441362,
        0.0017847975405553976,
        0.0020413332618772983,
        0.0020012405778591833,
        0.0016671201408219834,
        0.0016503225779160857,
        0.0014390412252396345,
        0.0013928271985302369,
        0.0011270232644164935,
        0.0014154153798396389,
        0.0012208943837322295,
        0.0012138662510551511,
        0.001110094708080093,
        0.000887106719892472,
        0.0009363869146909564,
        0.0009164224485478674,
        0.0007303467107703909,
        0.001395489702311655,
        0.001078463380690664,
        0.0008384382002986967,
        0.0010461040180719768,
        0.0006255532653691868,
        0.0008164826334298899,
        0.0008581825328292325,
        0.0008724286531408628,
        0.0006147188100536975,
        0.0005270131106954068,
        0.0005503791083659356,
        0.00047098922174579154,
        0.000440969531579564,
        0.0003835825467225125,
        0.0005464571118257784,
        0.0004557145720658203,
        0.0004340078950311484,
        0.0003417317639105022,
        0.0003674375475384295,
        0.00037169521771526586,
        0.0004039248917251825,
        0.00038477372921382386,
        0.0003415208513615653,
        0.00037476063250020767,
        0.00032611705731445305,
        0.0002881807306645593,
        0.00029041536521011343,
        0.00046364003307341285,
        0.0002735565705127859,
        0.0002669300315271054,
        0.0002865420246962458,
        0.0002086454417925173,
        0.0003152414292950804,
        0.0003410270583117381,
        0.0002712202297213177,
        0.00023530974261423883,
        0.00021542854083236306,
        0.00022677681408822536,
        0.00028929914988111704,
        0.0002136885130312294,
        0.0002739780170183318,
        0.00017805423315924901,
        0.00023116279238214095,
        0.00017167845217045397,
        0.0002668827626621351,
        0.00018156692385673523,
        0.0001470501263005038,
        0.00022233811711582044,
        0.00017867990366842907,
        0.00020821259192113455,
        0.0002180572502159824,
        0.00016059304713659608,
        0.00015927556960377843,
        0.00017560170429836337,
        0.0001835372418706053,
        0.00017217895450206318,
        0.00017856743943411857,
        0.00013195362019663054,
        0.00011976681780652143
    ],