{
    "test_accuracy": 0.8,
    "test_f1": 0.8041666666666667,
    "train_accuracy_history": [
        0.18333333333333332,
        0.23333333333333334,
        0.18333333333333332,
        0.23333333333333334,
        0.18333333333333332,
        0.26666666666666666,
        0.4666666666666667,
        0.5833333333333334,
        0.6166666666666667,
        0.6833333333333333,
        0.7,
        0.75,
        0.7833333333333333,
        0.8666666666666667,
        0.85,
        0.7666666666666667,
        0.8,
        0.9166666666666666,
        0.9166666666666666,
        0.9333333333333333,
        0.9,
        0.8,
        0.85,
        0.9,
        0.9,
        0.9333333333333333,
        0.9333333333333333,
        0.9166666666666666,
        0.9833333333333333,
        0.9333333333333333,
        0.9666666666666667,
        1.0,
        1.0,
        0.9666666666666667,
        0.9833333333333333,
        0.95,
        1.0,
        0.95,
        0.9833333333333333,
        0.9833333333333333,
        1.0,
        1.0,
        1.0,
        1.0,
        1.0,
        1.0,
        1.0,
        1.0,
        1.0,
        0.9833333333333333,
        0.9666666666666667,
        0.8166666666666667,
        0.8,
        0.8833333333333333,
        0.95,
        1.0,
        0.9833333333333333,
        0.9833333333333333,
        0.9833333333333333,
        1.0,
        1.0,
        1.0,
        1.0,
        1.0,
        1.0,
        1.0,
        1.0,
        1.0,
        0.9666666666666667,
        1.0,
        1.0,
        1.0,
        1.0,
        0.9666666666666667,
        1.0,
        0.9833333333333333,
        1.0,
        1.0,
        1.0,
        1.0,
        1.0,
        1.0,
        1.0,
        1.0,
        1.0,
        1.0,
        1.0,
        1.0,
        1.0,
        1.0,
        1.0,
        1.0,
        1.0,
        1.0,
        1.0,
        1.0,
        1.0,
        1.0,
        1.0,
        1.0
    ],
    "val_accuracy_history": [
        0.25,
        0.25,
        0.25,
        0.25,
        0.25,
        0.25,
        0.5,
        0.45,
        0.4,
        0.6,
        0.25,
        0.25,
        0.5,
        0.35,
        0.25,
        0.25,
        0.4,
        0.5,
        0.55,
        0.35,
        0.25,
        0.25,
        0.35,
        0.45,
        0.5,
        0.45,
        0.25,
        0.35,
        0.55,
        0.35,
        0.45,
        0.65,
        0.7,
        0.5,
        0.45,
        0.55,
        0.45,
        0.5,
        0.5,
        0.45,
        0.8,
        0.5,
        0.7,
        0.5,
        0.45,
        0.65,
        0.45,
        0.65,
        0.65,
        0.45,
        0.65,
        0.45,
        0.5,
        0.4,
        0.45,
        0.65,
        0.75,
        0.9,
        0.65,
        0.65,
        0.65,
        0.6,
        0.65,
        0.7,
        0.75,
        0.75,
        0.75,
        0.75,
        0.45,
        0.6,
        0.75,
        0.75,
        0.75,
        0.7,
        0.45,
        0.25,
        0.35,
        0.75,
        0.45,
        0.6,
        0.6,
        0.6,
        0.7,
        0.7,
        0.7,
        0.6,
        0.75,
        0.8,
        0.75,
        0.75,
        0.65,
        0.75,
        0.75,
        0.7,
        0.7,
        0.75,
        0.75,
        0.75,
        0.75,
        0.8
    ],
    "train_loss_history": [
        0.3533585210641225,
        0.3486290534337362,
        0.3525413930416107,
        0.34969391822814944,
        0.3497573216756185,
        0.3482702275117238,
        0.3022489567597707,
        0.22231722374757132,
        0.1992655058701833,
        0.19516845693190893,
        0.16151401847600938,
        0.13576357041796047,
        0.13337639930347603,
        0.09967878270739068,
        0.10824455556770166,
        0.1544626918931802,
        0.112998994012014,
        0.08755101325611274,
        0.06474559257427852,
        0.05614047458705803,
        0.07047205070654551,
        0.17296849793444077,
        0.08879137250284354,
        0.06137861037083591,
        0.049010334784785906,
        0.03862548529480894,
        0.039667898889941475,
        0.07385154051395754,
        0.028164252219721676,
        0.04727305452882623,
        0.019820863615799076,
        0.010760168910383072,
        0.0062070423140009245,
        0.01494187114306745,
        0.011564351064589574,
        0.026453218258711785,
        0.010591246893242593,
        0.031937510228090105,
        0.017621233497084176,
        0.0258123875518019,
        0.012393634690154916,
        0.006582683811817939,
        0.009642809148984573,
        0.0028057273936610725,
        0.003784627356071724,
        0.0026386189132002378,
        0.0023156800524759547,
        0.0008920432390065495,
        0.0007695906297005451,
        0.014346120884836881,
        0.029561841452675708,
        0.1660211369463165,
        0.12450717426836491,
        0.07534332652576267,
        0.04376416966939966,
        0.01768310982733965,
        0.014357381384130955,
        0.011255606219735152,
        0.0062938969174865635,
        0.008928870083279132,
        0.004640122993441765,
        0.0017464016151886124,
        0.008460110526236046,
        0.002121487422361194,
        0.0009982034209315316,
        0.0009682052586865571,
        0.0013177302402809232,
        0.00045697268221059535,
        0.00830294972452054,
        0.0011416190824017273,
        0.0007356340751963823,
        0.00041881210151094214,
        0.0007511867345783684,
        0.016746393254470367,
        0.003960025591610853,
        0.011708412516655168,
        0.0037806531762271333,
        0.0038303500929941945,
        0.0020691954785431693,
        0.0009784684508493532,
        0.0011444266146781955,
        0.00019848758310582563,
        9.216561987462531e-05,
        0.00025935274923843585,
        0.00014402534512403993,
        0.0003733054959743261,
        0.0003100376676177537,
        8.017626190929643e-05,
        0.00014703488390826653,
        0.00011977625779924968,
        0.00018203030394185285,
        0.0001130142735746631,
        9.360576746075822e-05,
        0.000119930561631539,
        9.936978486469646e-05,
        4.433657116938624e-05,
        4.271537420095228e-05,
        3.198845693823671e-05,
        8.612295848138274e-05,
        0.00010594997742453908
    ],