{
    "test_accuracy": 0.5375,
    "test_f1": 0.526469629375429,
    "train_accuracy_history": [
        0.3416666666666667,
        0.45,
        0.475,
        0.5125,
        0.6041666666666666,
        0.6875,
        0.6416666666666667,
        0.7458333333333333,
        0.725,
        0.8,
        0.8625,
        0.85,
        0.8666666666666667,
        0.9041666666666667,
        0.9416666666666667,
        0.9291666666666667,
        0.9333333333333333,
        0.9416666666666667,
        0.9458333333333333,
        0.9416666666666667,
        0.9291666666666667,
        0.9625,
        0.9708333333333333,
        0.9791666666666666,
        0.95,
        0.9458333333333333,
        0.9416666666666667,
        0.9791666666666666,
        0.9708333333333333,
        0.9833333333333333,
        0.975,
        0.9708333333333333,
        0.975,
        0.9833333333333333,
        0.9916666666666667,
        0.9875,
        0.9916666666666667,
        1.0,
        1.0,
        0.9833333333333333,
        0.9875,
        0.975,
        0.9375,
        0.9166666666666666,
        0.8708333333333333,
        0.9208333333333333,
        0.9791666666666666,
        0.9708333333333333,
        0.9916666666666667,
        0.9916666666666667,
        0.9916666666666667,
        1.0,
        1.0,
        1.0,
        1.0,
        1.0,
        1.0,
        1.0,
        1.0,
        1.0,
        1.0,
        1.0,
        0.9958333333333333,
        1.0,
        0.9666666666666667,
        0.9375,
        0.9583333333333334,
        0.9708333333333333,
        0.9375,
        0.9541666666666667,
        0.9958333333333333,
        0.9666666666666667,
        0.9583333333333334,
        0.975,
        0.9958333333333333,
        1.0,
        0.9916666666666667,
        1.0,
        1.0,
        1.0,
        0.9958333333333333,
        1.0,
        1.0,
        0.9833333333333333,
        0.9958333333333333,
        0.9958333333333333,
        1.0,
        1.0,
        1.0,
        1.0,
        1.0,
        1.0,
        1.0,
        0.9916666666666667,
        1.0,
        1.0,
        0.9666666666666667,
        0.9458333333333333,
        0.9166666666666666,
        0.9333333333333333
    ],
    "val_accuracy_history": [
        0.2875,
        0.3125,
        0.25,
        0.3,
        0.3875,
        0.3625,
        0.325,
        0.2625,
        0.3125,
        0.5,
        0.4375,
        0.425,
        0.3,
        0.475,
        0.4375,
        0.3625,
        0.475,
        0.25,
        0.3,
        0.4375,
        0.35,
        0.4625,
        0.525,
        0.3625,
        0.3375,
        0.4625,
        0.4625,
        0.5625,
        0.6125,
        0.375,
        0.475,
        0.3125,
        0.5375,
        0.4125,
        0.575,
        0.525,
        0.55,
        0.55,
        0.55,
        0.5,
        0.4375,
        0.5625,
        0.425,
        0.25,
        0.325,
        0.425,
        0.5625,
        0.4,
        0.5625,
        0.575,
        0.5625,
        0.65,
        0.6375,
        0.6125,
        0.6625,
        0.6,
        0.65,
        0.625,
        0.6375,
        0.5875,
        0.6375,
        0.625,
        0.45,
        0.675,
        0.4625,
        0.3,
        0.4875,
        0.275,
        0.175,
        0.575,
        0.625,
        0.5125,
        0.425,
        0.525,
        0.55,
        0.65,
        0.625,
        0.6,
        0.6625,
        0.6375,
        0.6125,
        0.575,
        0.5375,
        0.55,
        0.6,
        0.6,
        0.575,
        0.6625,
        0.65,
        0.625,
        0.625,
        0.65,
        0.6625,
        0.525,
        0.65,
        0.6125,
        0.625,
        0.225,
        0.45,
        0.525
    ],
    "train_loss_history": [
        0.3616806410253048,
        0.3120811248819033,
        0.2928820741673311,
        0.26473133694380524,
        0.24105552894373736,
        0.1961951936284701,
        0.20258075104405482,
        0.1662830434118708,
        0.16799847533305487,
        0.12488590627908706,
        0.09209036167400579,
        0.09549995575410625,
        0.10779415482344727,
        0.06383065880121043,
        0.046618236512100945,
        0.057631185158000635,
        0.05208991980762221,
        0.050041583890561014,
        0.036395090489531864,
        0.043210410472238434,
        0.049087521646288226,
        0.027541128626035062,
        0.02532410041070155,
        0.020995830000174465,
        0.036056195291409195,
        0.034689190047599065,
        0.037699724254586425,
        0.021090018921070926,
        0.01654203656301737,
        0.019238928415143165,
        0.024352392535608183,
        0.020976752410448777,
        0.018518328491821497,
        0.011386935460662547,
        0.007004147151443855,
        0.0073882186735014935,
        0.009689213895399007,
        0.0025660612926003525,
        0.0019117528540846251,
        0.011257108413398479,
        0.01078824224738734,
        0.013510023515846115,
        0.03707898071973735,
        0.08597307940502409,
        0.09194684821280437,
        0.04622680591540605,
        0.019876217280640655,
        0.014462221334300314,
        0.008429489204960798,
        0.0054976857216388455,
        0.003756598933856973,
        0.002704156500719061,
        0.0012577569021535358,
        0.0004534020748603022,
        0.0006062277851924591,
        0.00038353227222008476,
        0.0009416871624731963,
        0.0007089552063765344,
        0.00028117082657293696,
        0.0004659243467737421,
        0.00031353526895448643,
        0.00024441064567402767,
        0.003257805846942574,
        0.000732035357971957,
        0.02052490478896895,
        0.04961154503668392,
        0.04675642360513545,
        0.018130700591124576,
        0.04413932454675281,
        0.04539521938889569,
        0.006099248142618308,
        0.034035105663618496,
        0.027774640124698637,
        0.015468034640010349,
        0.004751420631570606,
        0.0018420652321310626,
        0.007338522196065848,
        0.0011492164754599798,
        0.00042467093477777476,
        0.0007728785444593693,
        0.004424364707097084,
        0.0006217817398692204,
        0.0010599486320643336,
        0.009320807317878158,
        0.0041909862461807276,
        0.00238567516881479,
        0.00281086530710013,
        0.00042804276490263267,
        0.0005548574333677909,
        0.000269727786136779,
        0.0005865147633282201,
        0.0006635400612784299,
        0.0005622558220788203,
        0.003081675697743928,
        0.0005612201752683177,
        0.0005633248691538029,
        0.024220622302291873,
        0.08068116821796896,
        0.05675607665317936,
        0.06559822543276823
    ],