{
    "test_accuracy": 0.25,
    "test_f1": 0.1,
    "train_accuracy_history": [
        0.25416666666666665,
        0.3,
        0.2625,
        0.30416666666666664,
        0.2625,
        0.2708333333333333,
        0.26666666666666666,
        0.2791666666666667,
        0.25416666666666665,
        0.2791666666666667,
        0.30833333333333335,
        0.2916666666666667,
        0.24583333333333332,
        0.25,
        0.25,
        0.25,
        0.25,
        0.25,
        0.25,
        0.25,
        0.20833333333333334,
        0.25,
        0.25,
        0.25,
        0.25,
        0.25,
        0.20833333333333334,
        0.20833333333333334,
        0.25,
        0.25,
        0.20416666666666666,
        0.21666666666666667,
        0.25,
        0.25,
        0.25,
        0.23333333333333334,
        0.225,
        0.22083333333333333,
        0.2125,
        0.225,
        0.2125,
        0.22083333333333333,
        0.23333333333333334,
        0.20833333333333334,
        0.18333333333333332,
        0.2125,
        0.225,
        0.2125,
        0.2,
        0.20416666666666666,
        0.2125,
        0.225,
        0.225,
        0.20833333333333334,
        0.21666666666666667,
        0.21666666666666667,
        0.2125,
        0.17083333333333334,
        0.21666666666666667,
        0.25,
        0.20833333333333334,
        0.23333333333333334,
        0.21666666666666667,
        0.225,
        0.21666666666666667,
        0.18333333333333332,
        0.22083333333333333,
        0.22916666666666666,
        0.2,
        0.21666666666666667,
        0.23333333333333334,
        0.24166666666666667,
        0.23333333333333334,
        0.25,
        0.2,
        0.225,
        0.22916666666666666,
        0.21666666666666667,
        0.22083333333333333,
        0.22083333333333333,
        0.2125,
        0.20416666666666666,
        0.22083333333333333,
        0.25,
        0.20833333333333334,
        0.20416666666666666,
        0.24166666666666667,
        0.20416666666666666,
        0.21666666666666667,
        0.20833333333333334,
        0.2,
        0.23333333333333334,
        0.19583333333333333,
        0.22083333333333333,
        0.21666666666666667,
        0.19166666666666668,
        0.1875,
        0.23333333333333334,
        0.25,
        0.19583333333333333
    ],
    "val_accuracy_history": [
        0.25,
        0.25,
        0.25,
        0.25,
        0.275,
        0.275,
        0.2125,
        0.25,
        0.25,
        0.25,
        0.25,
        0.25,
        0.25,
        0.25,
        0.25,
        0.25,
        0.2375,
        0.2375,
        0.2375,
        0.2375,
        0.2375,
        0.2375,
        0.2375,
        0.225,
        0.225,
        0.225,
        0.225,
        0.225,
        0.225,
        0.225,
        0.225,
        0.225,
        0.225,
        0.225,
        0.225,
        0.225,
        0.25,
        0.225,
        0.25,
        0.225,
        0.225,
        0.225,
        0.25,
        0.225,
        0.25,
        0.25,
        0.225,
        0.225,
        0.225,
        0.225,
        0.25,
        0.25,
        0.225,
        0.225,
        0.25,
        0.25,
        0.25,
        0.225,
        0.25,
        0.25,
        0.2375,
        0.225,
        0.225,
        0.25,
        0.25,
        0.225,
        0.2625,
        0.225,
        0.25,
        0.225,
        0.225,
        0.2375,
        0.25,
        0.2375,
        0.225,
        0.25,
        0.2375,
        0.25,
        0.25,
        0.225,
        0.25,
        0.225,
        0.2375,
        0.25,
        0.25,
        0.25,
        0.225,
        0.225,
        0.2375,
        0.225,
        0.25,
        0.225,
        0.25,
        0.25,
        0.25,
        0.225,
        0.225,
        0.225,
        0.225,
        0.225
    ],
    "train_loss_history": [
        28.97391488403082,
        0.4373808960119883,
        0.42884178906679155,
        0.3619503644605478,
        0.3596571356058121,
        0.3518423398335775,
        0.3468143636981646,
        0.34472305377324425,
        0.34637906700372695,
        0.3456156954169273,
        0.3436389103531837,
        0.3465328857302666,
        0.3484123940269152,
        0.3470134144028028,
        0.3470162774125735,
        0.34692134310801825,
        0.34685285290082296,
        0.3468287244439125,
        0.3468515867988268,
        0.3467629849910736,
        0.34677510857582095,
        0.34672906349102656,
        0.34668201506137847,
        0.3466972842812538,
        0.34669656306505203,
        0.34669734686613085,
        0.34672370155652366,
        0.34672060509522756,
        0.3466674784819285,
        0.3466503163178762,
        0.346701547006766,
        0.34670379012823105,
        0.34664918134609857,
        0.3466730833053589,
        0.3466283490260442,
        0.3466633096337318,
        0.34669368118047716,
        0.3466948668162028,
        0.34667432953914007,
        0.34669914295276005,
        0.34665821492671967,
        0.34672230382760366,
        0.34664057145516075,
        0.34666927556196847,
        0.34679175863663353,
        0.34679718414942423,
        0.3466960733135541,
        0.3466628978649775,
        0.34670658856630326,
        0.3467318827907244,
        0.34669919361670815,
        0.3466919476787249,
        0.3467202549179395,
        0.34669321676095327,
        0.3466598565379779,
        0.3466894308725993,
        0.3466834187507629,
        0.3467230200767517,
        0.3467434282104174,
        0.34666024446487426,
        0.3466464752952258,
        0.34677073210477827,
        0.3466518223285675,
        0.34670161207516986,
        0.34668754041194916,
        0.34672260681788125,
        0.34663437902927396,
        0.3466917191942533,
        0.34672057380278903,
        0.34671077579259874,
        0.34668167382478715,
        0.3466562862197558,
        0.3466950342059135,
        0.3467118337750435,
        0.3466864729921023,
        0.34670121322075526,
        0.3466832831501961,
        0.3466916193564733,
        0.3467179362972577,
        0.3467289020617803,
        0.3467501779397329,
        0.3466937522093455,
        0.3466880589723587,
        0.3466876337925593,
        0.3467199717958768,
        0.3466996024052302,
        0.3466865728298823,
        0.3466641570130984,
        0.3466746111710866,
        0.3466865882277489,
        0.34666162679592766,
        0.34669501384099327,
        0.3466639041900635,
        0.34668351858854296,
        0.3466944009065628,
        0.3467261537909508,
        0.34679355869690576,
        0.3467027877767881,
        0.3466428915659587,
        0.3467198873559634
    ],