{
    "test_accuracy": 0.25,
    "test_f1": 0.1,
    "train_accuracy_history": [
        0.25,
        0.25,
        0.25,
        0.25,
        0.25,
        0.25,
        0.16666666666666666,
        0.2,
        0.13333333333333333,
        0.13333333333333333,
        0.25,
        0.25,
        0.18333333333333332,
        0.25,
        0.25,
        0.18333333333333332,
        0.25,
        0.2,
        0.15,
        0.18333333333333332,
        0.2,
        0.23333333333333334,
        0.25,
        0.21666666666666667,
        0.25,
        0.23333333333333334,
        0.18333333333333332,
        0.18333333333333332,
        0.2,
        0.18333333333333332,
        0.25,
        0.16666666666666666,
        0.16666666666666666,
        0.18333333333333332,
        0.21666666666666667,
        0.15,
        0.2,
        0.25,
        0.2,
        0.16666666666666666,
        0.2,
        0.18333333333333332,
        0.2,
        0.18333333333333332,
        0.18333333333333332,
        0.16666666666666666,
        0.25,
        0.25,
        0.18333333333333332,
        0.25,
        0.16666666666666666,
        0.21666666666666667,
        0.15,
        0.16666666666666666,
        0.2,
        0.2,
        0.18333333333333332,
        0.15,
        0.25,
        0.16666666666666666,
        0.21666666666666667,
        0.21666666666666667,
        0.2,
        0.25,
        0.25,
        0.11666666666666667,
        0.21666666666666667,
        0.21666666666666667,
        0.25,
        0.2,
        0.13333333333333333,
        0.2,
        0.18333333333333332,
        0.18333333333333332,
        0.25,
        0.25,
        0.23333333333333334,
        0.23333333333333334,
        0.11666666666666667,
        0.21666666666666667,
        0.25,
        0.18333333333333332,
        0.16666666666666666,
        0.15,
        0.21666666666666667,
        0.25,
        0.25,
        0.25,
        0.2,
        0.2,
        0.2,
        0.18333333333333332,
        0.2,
        0.25,
        0.25,
        0.16666666666666666,
        0.16666666666666666,
        0.2,
        0.16666666666666666,
        0.2
    ],
    "val_accuracy_history": [
        0.25,
        0.25,
        0.25,
        0.25,
        0.25,
        0.25,
        0.25,
        0.25,
        0.25,
        0.25,
        0.25,
        0.25,
        0.25,
        0.25,
        0.25,
        0.25,
        0.25,
        0.25,
        0.25,
        0.25,
        0.25,
        0.25,
        0.25,
        0.25,
        0.25,
        0.25,
        0.25,
        0.25,
        0.25,
        0.25,
        0.25,
        0.25,
        0.25,
        0.25,
        0.25,
        0.25,
        0.25,
        0.25,
        0.25,
        0.25,
        0.25,
        0.25,
        0.25,
        0.25,
        0.25,
        0.25,
        0.25,
        0.25,
        0.25,
        0.25,
        0.25,
        0.25,
        0.25,
        0.25,
        0.25,
        0.25,
        0.25,
        0.25,
        0.25,
        0.25,
        0.25,
        0.25,
        0.25,
        0.25,
        0.25,
        0.25,
        0.25,
        0.25,
        0.25,
        0.25,
        0.25,
        0.25,
        0.25,
        0.25,
        0.25,
        0.25,
        0.25,
        0.25,
        0.25,
        0.25,
        0.25,
        0.25,
        0.25,
        0.25,
        0.25,
        0.25,
        0.25,
        0.25,
        0.25,
        0.25,
        0.25,
        0.25,
        0.25,
        0.25,
        0.25,
        0.25,
        0.25,
        0.25,
        0.25,
        0.25
    ],
    "train_loss_history": [
        0.3559680243333181,
        0.3507571339607239,
        0.34987699588139853,
        0.3490208605925242,
        0.34806498487790427,
        0.3479813834031423,
        0.34838826258977257,
        0.3475252628326416,
        0.347146068016688,
        0.3471565246582031,
        0.3471819539864858,
        0.34685147603352867,
        0.34735845724741615,
        0.3469471255938212,
        0.34735049605369567,
        0.34744530320167544,
        0.34688169161478677,
        0.34709205230077106,
        0.3475582281748454,
        0.34724894364674885,
        0.34705537954966226,
        0.34685710867245995,
        0.3470014194647471,
        0.3473131815592448,
        0.347141698996226,
        0.3468842744827271,
        0.34714043140411377,
        0.34697778622309366,
        0.3470601836840312,
        0.3470522820949554,
        0.34703766107559203,
        0.34747240543365476,
        0.347439573208491,
        0.347427761554718,
        0.3468740145365397,
        0.34731090466181436,
        0.34692236383756003,
        0.3475769102573395,
        0.34690795342127484,
        0.34749356110890706,
        0.3469104965527852,
        0.34691211581230164,
        0.3472009281317393,
        0.34694897532463076,
        0.3474786301453908,
        0.34727052847544354,
        0.34693811535835267,
        0.3472254713376363,
        0.3470744788646698,
        0.34709867437680564,
        0.34714149236679076,
        0.3468710561593374,
        0.34747458100318906,
        0.34708518187204995,
        0.3467838565508525,
        0.347353325287501,
        0.3468780895074209,
        0.34697268207867943,
        0.34690550764401756,
        0.34711308081944786,
        0.34724828203519187,
        0.3470670560995738,
        0.3470183769861857,
        0.3469172517458598,
        0.34708621104558307,
        0.3476073523362478,
        0.34681456883748374,
        0.3470103681087494,
        0.34687788287798565,
        0.3472637593746185,
        0.3476315975189209,
        0.3469919820626577,
        0.346942530075709,
        0.3473128060499827,
        0.3470521966616313,
        0.3469610452651978,
        0.3470288634300232,
        0.3471248189608256,
        0.34746846159299216,
        0.347006360689799,
        0.3469086150328318,
        0.34705371061960855,
        0.3469259957472483,
        0.34745556314786274,
        0.3470842142899831,
        0.3472008049488068,
        0.3468166907628377,
        0.34697014490763345,
        0.3473028461138407,
        0.3469085117181142,
        0.34708791772524517,
        0.3474582294623057,
        0.34711635708808897,
        0.3470866362253825,
        0.3473573247591654,
        0.34767521619796754,
        0.3471835494041443,
        0.3472212096055349,
        0.34717367887496947,
        0.3474927345911662
    ],