{
    "test_accuracy": 0.9,
    "test_f1": 0.898989898989899,
    "train_accuracy_history": [
        0.6,
        0.9666666666666667,
        1.0,
        1.0,
        1.0,
        1.0,
        1.0,
        1.0,
        1.0,
        1.0,
        1.0,
        1.0,
        1.0,
        1.0,
        1.0,
        1.0,
        1.0,
        1.0,
        1.0,
        1.0,
        1.0,
        1.0,
        1.0,
        1.0,
        1.0,
        1.0,
        1.0,
        1.0,
        1.0,
        1.0,
        1.0,
        1.0,
        1.0,
        1.0,
        1.0,
        1.0,
        1.0,
        1.0,
        1.0,
        1.0,
        1.0,
        1.0,
        1.0,
        1.0,
        1.0,
        1.0,
        1.0,
        1.0,
        1.0,
        1.0,
        1.0,
        1.0,
        1.0,
        1.0,
        1.0,
        1.0,
        1.0,
        1.0,
        1.0,
        1.0,
        1.0,
        1.0,
        1.0,
        1.0,
        1.0,
        1.0,
        1.0,
        1.0,
        1.0,
        1.0,
        1.0,
        1.0,
        1.0,
        1.0,
        1.0,
        1.0,
        1.0,
        1.0,
        1.0,
        1.0,
        1.0,
        1.0,
        1.0,
        1.0,
        1.0,
        1.0,
        1.0,
        1.0,
        1.0,
        1.0,
        1.0,
        1.0,
        1.0,
        1.0,
        1.0,
        1.0,
        1.0,
        1.0,
        1.0,
        1.0
    ],
    "val_accuracy_history": [
        0.4,
        0.4,
        0.4,
        0.4,
        0.4,
        0.5,
        0.5,
        0.6,
        0.8,
        0.8,
        0.8,
        0.8,
        0.8,
        0.8,
        0.8,
        0.8,
        0.8,
        0.8,
        0.8,
        0.8,
        0.9,
        0.8,
        0.8,
        0.8,
        0.8,
        0.7,
        0.8,
        0.8,
        0.8,
        0.8,
        0.8,
        0.8,
        0.9,
        0.9,
        0.8,
        0.8,
        0.9,
        0.9,
        0.8,
        0.8,
        0.8,
        0.8,
        0.8,
        0.9,
        0.9,
        0.9,
        0.9,
        0.9,
        0.8,
        0.8,
        0.9,
        0.9,
        0.9,
        0.9,
        0.9,
        0.9,
        0.5,
        0.6,
        0.8,
        0.9,
        0.9,
        0.7,
        0.8,
        0.8,
        0.8,
        0.9,
        0.9,
        0.9,
        0.9,
        0.9,
        0.8,
        0.9,
        0.9,
        0.9,
        0.9,
        0.9,
        0.9,
        0.9,
        0.9,
        0.9,
        0.9,
        0.9,
        0.9,
        0.9,
        0.9,
        0.9,
        0.9,
        0.9,
        0.9,
        0.8,
        0.8,
        0.9,
        0.8,
        0.8,
        0.9,
        0.9,
        0.9,
        0.9,
        0.9,
        0.9
    ],
    "train_loss_history": [
        0.1354291575650374,
        0.030715027078986167,
        0.010419584065675735,
        0.004304556502029299,
        0.002446972062656035,
        0.0019316628914869702,
        0.0016052433386600266,
        0.0010463101478914419,
        0.001104946700312818,
        0.0008111914231752356,
        0.0009759086378229161,
        0.0005278456152154831,
        0.0005026369251330228,
        0.000520727205730509,
        0.0006480338677647523,
        0.00031301964675852406,
        0.0003970860392049265,
        0.00032282778580944673,
        0.00021178204042371362,
        0.00023579482425096406,
        0.0002694111979508307,
        0.0003549869448761456,
        0.0001980298601362544,
        0.0002831226336032463,
        0.0002859588996216189,
        0.0001950196958811527,
        0.00020058625853683527,
        0.00014716656660311854,
        0.00019832326603174503,
        0.00020492306921369164,
        0.00011875486476734902,
        0.00013281105875269836,
        0.00013318341952981428,
        0.00021582630500536956,
        0.0001692889277668049,
        0.00010715755682516222,
        0.00015972734330110445,
        0.00016801760502858088,
        0.00011114016739763125,
        0.0001031740743201226,
        8.72722744437245e-05,
        0.0001535701664276227,
        0.00011540687670124802,
        0.00011542675551936554,
        0.00010598792043576092,
        7.495585062618677e-05,
        5.642330246852604e-05,
        5.7358544048232336e-05,
        8.527869576937518e-05,
        0.00013599423785611484,
        6.05853247786096e-05,
        8.270213184005115e-05,
        0.00011588231445784914,
        6.059594743419438e-05,
        7.860116032437266e-05,
        0.00011568974769033957,
        0.00019967974744758977,
        6.293487754192029e-05,
        5.1794237272891526e-05,
        5.9070973408855326e-05,
        3.930402039410789e-05,
        0.000123529281639397,
        6.432579612010158e-05,
        3.367090250018616e-05,
        4.1880522492950455e-05,
        4.50682001428504e-05,
        4.6690933595527893e-05,
        8.49834994066138e-05,
        3.7166613613711284e-05,
        4.270406955887059e-05,
        2.823851881998962e-05,
        4.824054126402188e-05,
        2.3345161874506933e-05,
        6.546435421720768e-05,
        4.085782741943452e-05,
        3.230446724273861e-05,
        2.4797299253502085e-05,
        2.5464821934898888e-05,
        3.489691556145165e-05,
        3.386436551409133e-05,
        3.976560225661767e-05,
        2.370267972461685e-05,
        3.2118190320791956e-05,
        2.35227635736616e-05,
        2.950488680918776e-05,
        2.0688401794662543e-05,
        2.934294928612265e-05,
        2.2180300402396824e-05,
        4.022650737169897e-05,
        3.7900298593740445e-05,
        2.810304445119982e-05,
        6.696945420117117e-05,
        1.784513316730833e-05,
        1.786723186967265e-05,
        2.8777710388302086e-05,
        1.818605689247003e-05,
        3.036480215996562e-05,
        2.00714944109374e-05,
        1.4171718172898787e-05,
        2.422273446285317e-05
    ],