{
    "test_accuracy": 0.3625,
    "test_f1": 0.3230830917278391,
    "train_accuracy_history": [
        0.25833333333333336,
        0.275,
        0.2791666666666667,
        0.3416666666666667,
        0.3375,
        0.3541666666666667,
        0.3541666666666667,
        0.3875,
        0.4166666666666667,
        0.4666666666666667,
        0.45416666666666666,
        0.5083333333333333,
        0.475,
        0.5291666666666667,
        0.5375,
        0.4375,
        0.4708333333333333,
        0.5416666666666666,
        0.6166666666666667,
        0.6416666666666667,
        0.6208333333333333,
        0.55,
        0.5666666666666667,
        0.6333333333333333,
        0.65,
        0.6,
        0.6291666666666667,
        0.675,
        0.6625,
        0.7,
        0.6833333333333333,
        0.75,
        0.6833333333333333,
        0.7583333333333333,
        0.675,
        0.6833333333333333,
        0.7333333333333333,
        0.775,
        0.7416666666666667,
        0.8166666666666667,
        0.8041666666666667,
        0.6833333333333333,
        0.75,
        0.7291666666666666,
        0.6333333333333333,
        0.6041666666666666,
        0.7333333333333333,
        0.7333333333333333,
        0.8291666666666667,
        0.8291666666666667,
        0.7291666666666666,
        0.75,
        0.75,
        0.8208333333333333,
        0.8125,
        0.8291666666666667,
        0.8708333333333333,
        0.8875,
        0.8958333333333334,
        0.875,
        0.9041666666666667,
        0.8916666666666667,
        0.8708333333333333,
        0.8291666666666667,
        0.8541666666666666,
        0.7875,
        0.7875,
        0.7208333333333333,
        0.7375,
        0.7833333333333333,
        0.8041666666666667,
        0.8083333333333333,
        0.8583333333333333,
        0.925,
        0.7958333333333333,
        0.7541666666666667,
        0.7291666666666666,
        0.7791666666666667,
        0.7458333333333333,
        0.7666666666666667,
        0.8041666666666667,
        0.875,
        0.875,
        0.8708333333333333,
        0.9291666666666667,
        0.9208333333333333,
        0.9458333333333333,
        0.9375,
        0.95,
        0.9166666666666666,
        0.8958333333333334,
        0.9416666666666667,
        0.9208333333333333,
        0.9541666666666667,
        0.9666666666666667,
        0.8875,
        0.8083333333333333,
        0.7916666666666666,
        0.7666666666666667,
        0.8291666666666667
    ],
    "val_accuracy_history": [
        0.225,
        0.2375,
        0.2375,
        0.275,
        0.2875,
        0.275,
        0.2875,
        0.2625,
        0.2375,
        0.325,
        0.25,
        0.2875,
        0.3375,
        0.2875,
        0.25,
        0.25,
        0.3875,
        0.25,
        0.3875,
        0.3625,
        0.25,
        0.25,
        0.375,
        0.325,
        0.3625,
        0.25,
        0.2375,
        0.4375,
        0.375,
        0.4,
        0.3375,
        0.3125,
        0.3375,
        0.475,
        0.4,
        0.3625,
        0.325,
        0.4375,
        0.3,
        0.4125,
        0.25,
        0.375,
        0.25,
        0.25,
        0.275,
        0.25,
        0.25,
        0.2625,
        0.325,
        0.35,
        0.375,
        0.25,
        0.325,
        0.4125,
        0.4,
        0.4,
        0.375,
        0.375,
        0.3375,
        0.425,
        0.275,
        0.375,
        0.25,
        0.425,
        0.3,
        0.3125,
        0.325,
        0.25,
        0.3375,
        0.2625,
        0.25,
        0.325,
        0.275,
        0.2375,
        0.2625,
        0.25,
        0.3125,
        0.3375,
        0.25,
        0.3375,
        0.2375,
        0.1875,
        0.1875,
        0.25,
        0.325,
        0.4625,
        0.325,
        0.4125,
        0.3625,
        0.2375,
        0.3125,
        0.5,
        0.3625,
        0.25,
        0.3125,
        0.3375,
        0.225,
        0.25,
        0.275,
        0.325
    ],
    "train_loss_history": [
        8.08180613865455,
        1.288372950007518,
        0.9073596912125746,
        0.580125276496013,
        0.6111378359297911,
        0.68742299216489,
        0.5416381753981113,
        0.5270561876396338,
        0.5027961959441503,
        0.4262861236309012,
        0.6242574412375689,
        0.5139305403456091,
        0.5772895049924652,
        0.33021668922156094,
        0.43802890212100465,
        0.6853925317525864,
        0.6428950047722917,
        0.4574983330181567,
        0.3339913901252051,
        0.2807393987042209,
        0.3370856753240029,
        0.7325622951534266,
        0.4432641998476659,
        0.29320644044006866,
        0.24893650315643753,
        0.3160611962278684,
        0.29595713630939524,
        0.22157657862796137,
        0.2314327652255694,
        0.19738243333995342,
        0.20469040206323066,
        0.17416909079377849,
        0.2031122509545336,
        0.17519092271104456,
        0.22523301550342392,
        0.24404990712646396,
        0.187951336770008,
        0.16724395314231516,
        0.16410989134262005,
        0.14886549793494244,
        0.15149432842930158,
        0.23865894865011797,
        0.16703535544026332,
        0.23233303437785555,
        0.3608374879385034,
        0.4549800496417447,
        0.24295334412017838,
        0.21066186362877487,
        0.12836884792971734,
        0.14948445678067704,
        0.19461904113025716,
        0.18356298306801666,
        0.1661768065644234,
        0.1107906296820147,
        0.1407684636185877,
        0.1250358744019953,
        0.10400587412489888,
        0.10524322676549976,
        0.08444582494169785,
        0.09124617661194255,
        0.07710381310122709,
        0.08123625234002248,
        0.0925888025725726,
        0.1345174485812701,
        0.1146614912780933,
        0.16179656247453142,
        0.15294920416975705,
        0.26985070780695725,
        0.2072580531758528,
        0.21919977474802485,
        0.17838389486611655,
        0.1782424188805938,
        0.10488202556443867,
        0.07190731501978007,
        0.14925142726278864,
        0.23003711913867544,
        0.3033163749001687,
        0.18607059998794284,
        0.23120267265112487,
        0.21880562428874933,
        0.18735366224718747,
        0.10191338680475989,
        0.08869573798535081,
        0.1106271437155859,
        0.06617198997816255,
        0.0555587497180871,
        0.03867868089437252,
        0.0513933646788549,
        0.02915365797477231,
        0.07280838782280626,
        0.07147788812198996,
        0.053702738893116476,
        0.058167007168837395,
        0.03390644855050293,
        0.03029130113670059,
        0.07324541715594629,
        0.16655473449451771,
        0.19613678245805205,
        0.22084580754950972,
        0.1654877689378433
    ],