{
    "test_accuracy": 0.5,
    "test_f1": 0.45054945054945056,
    "train_accuracy_history": [
        0.43333333333333335,
        0.7666666666666667,
        0.7666666666666667,
        0.8333333333333334,
        0.8333333333333334,
        0.9333333333333333,
        1.0,
        1.0,
        1.0,
        1.0,
        1.0,
        1.0,
        1.0,
        1.0,
        1.0,
        1.0,
        1.0,
        1.0,
        1.0,
        1.0,
        1.0,
        1.0,
        1.0,
        1.0,
        1.0,
        1.0,
        1.0,
        1.0,
        1.0,
        1.0,
        1.0,
        1.0,
        1.0,
        1.0,
        1.0,
        1.0,
        1.0,
        1.0,
        1.0,
        1.0,
        1.0,
        1.0,
        1.0,
        1.0,
        1.0,
        1.0,
        1.0,
        1.0,
        1.0,
        1.0,
        1.0,
        1.0,
        1.0,
        1.0,
        1.0,
        1.0,
        1.0,
        1.0,
        1.0,
        1.0,
        1.0,
        1.0,
        1.0,
        1.0,
        1.0,
        1.0,
        1.0,
        1.0,
        1.0,
        1.0,
        1.0,
        1.0,
        1.0,
        1.0,
        1.0,
        1.0,
        1.0,
        1.0,
        1.0,
        1.0,
        1.0,
        1.0,
        1.0,
        1.0,
        1.0,
        1.0,
        1.0,
        1.0,
        1.0,
        1.0,
        1.0,
        1.0,
        1.0,
        1.0,
        1.0,
        1.0,
        1.0,
        1.0,
        1.0,
        1.0
    ],
    "val_accuracy_history": [
        0.5,
        0.5,
        0.5,
        0.5,
        0.5,
        0.5,
        0.5,
        0.8,
        0.7,
        0.5,
        0.5,
        0.5,
        0.5,
        0.5,
        0.5,
        0.5,
        0.5,
        0.5,
        0.5,
        0.5,
        0.5,
        0.5,
        0.8,
        0.5,
        0.5,
        0.5,
        0.5,
        0.5,
        0.5,
        0.5,
        0.5,
        0.5,
        0.5,
        0.4,
        0.6,
        0.7,
        0.7,
        0.5,
        0.5,
        0.5,
        0.6,
        0.5,
        0.6,
        0.5,
        0.7,
        0.4,
        0.5,
        0.8,
        0.5,
        0.5,
        0.8,
        0.6,
        0.8,
        0.6,
        0.7,
        0.5,
        0.5,
        0.5,
        0.5,
        0.7,
        0.6,
        0.6,
        0.5,
        0.5,
        0.5,
        0.6,
        0.6,
        0.6,
        0.8,
        0.7,
        0.7,
        0.5,
        0.5,
        0.5,
        0.5,
        0.5,
        0.6,
        0.7,
        0.7,
        0.5,
        0.6,
        0.6,
        0.7,
        0.7,
        0.7,
        0.7,
        0.7,
        0.8,
        0.8,
        0.7,
        0.6,
        0.6,
        0.7,
        0.8,
        0.7,
        0.5,
        0.5,
        0.5,
        0.8,
        0.7
    ],
    "train_loss_history": [
        0.2230345606803894,
        0.1535210539897283,
        0.12975500325361888,
        0.11583748112122218,
        0.08969240734974543,
        0.08626224994659423,
        0.05266636610031128,
        0.042273749907811485,
        0.03776267021894455,
        0.038303681959708534,
        0.025373361135522524,
        0.026095566898584367,
        0.023232053903241952,
        0.017896580323576928,
        0.013838186735908191,
        0.012522929348051548,
        0.015518963895738125,
        0.009599282592535018,
        0.010005275284250577,
        0.008816048596054315,
        0.007369155312577883,
        0.0071305330221851666,
        0.009493730993320544,
        0.010105397428075473,
        0.004543838370591402,
        0.004724158284564813,
        0.0058192804921418425,
        0.003618444905926784,
        0.0037255359813570975,
        0.00594715444991986,
        0.005087481268371145,
        0.0025320825981907545,
        0.004040916201968988,
        0.002766890823841095,
        0.0032937527013321716,
        0.0020593549668168026,
        0.0026806648122146724,
        0.0020830306224524976,
        0.003269404475577176,
        0.0016870242621128758,
        0.0023550267020861306,
        0.0021127497622122366,
        0.0018658360291738062,
        0.0018115904725467165,
        0.001616568397730589,
        0.0013089153838033477,
        0.0017516295658424497,
        0.0011222160266091427,
        0.001872526085935533,
        0.001027148379944265,
        0.001775719462117801,
        0.000925770157482475,
        0.0010417098295874895,
        0.001330764521844685,
        0.0014209298610997696,
        0.000909383789015313,
        0.0007015033469845851,
        0.0009059765414955715,
        0.0009835013692888121,
        0.001009380918306609,
        0.001363333016828013,
        0.0006635577631338189,
        0.0008904424457189937,
        0.000606869657834371,
        0.0007146528689190746,
        0.0019047168995408963,
        0.0009307995128134887,
        0.0006767438520910218,
        0.0008088868538228174,
        0.0006274166817699249,
        0.0007605189942599585,
        0.0007224687607958913,
        0.000718129682354629,
        0.0006131386229147514,
        0.000521345676194566,
        0.0007390871120151133,
        0.0005808309729521473,
        0.0006101019166332359,
        0.00039272566937142983,
        0.0007265690966354062,
        0.0004174043288609634,
        0.00041426923514033357,
        0.0005294547183439136,
        0.00044111021076484274,
        0.0004478143023637434,
        0.00034392170346109197,
        0.0003188223849671582,
        0.00041006173511656623,
        0.00041822629088225465,
        0.0005455477308714763,
        0.0003637004236225039,
        0.00043376971346636615,
        0.0003954628831706941,
        0.00028281238483032214,
        0.00029105202168769513,
        0.0002824357225714872,
        0.00030381687295933567,
        0.00031083941479058316,
        0.0002565490984125063,
        0.00033691669862795
    ],