{
    "test_accuracy": 0.6125,
    "test_f1": 0.6209300496227491,
    "train_accuracy_history": [
        0.3541666666666667,
        0.5,
        0.5166666666666667,
        0.6291666666666667,
        0.6791666666666667,
        0.6458333333333334,
        0.6916666666666667,
        0.6416666666666667,
        0.7208333333333333,
        0.725,
        0.6833333333333333,
        0.7375,
        0.7291666666666666,
        0.7666666666666667,
        0.7875,
        0.7916666666666666,
        0.8375,
        0.8208333333333333,
        0.8375,
        0.8416666666666667,
        0.8583333333333333,
        0.825,
        0.8666666666666667,
        0.8791666666666667,
        0.8916666666666667,
        0.9291666666666667,
        0.8875,
        0.8791666666666667,
        0.8875,
        0.8958333333333334,
        0.8833333333333333,
        0.9083333333333333,
        0.9125,
        0.9208333333333333,
        0.9291666666666667,
        0.8916666666666667,
        0.9208333333333333,
        0.9125,
        0.9291666666666667,
        0.9291666666666667,
        0.9333333333333333,
        0.9416666666666667,
        0.8958333333333334,
        0.9083333333333333,
        0.9333333333333333,
        0.9583333333333334,
        0.9041666666666667,
        0.9375,
        0.9208333333333333,
        0.95,
        0.9375,
        0.95,
        0.9208333333333333,
        0.925,
        0.9458333333333333,
        0.95,
        0.9333333333333333,
        0.9291666666666667,
        0.9458333333333333,
        0.95,
        0.9583333333333334,
        0.9583333333333334,
        0.9666666666666667,
        0.9375,
        0.9125,
        0.9166666666666666,
        0.9333333333333333,
        0.9541666666666667,
        0.9583333333333334,
        0.9375,
        0.9541666666666667,
        0.95,
        0.9666666666666667,
        0.9625,
        0.9583333333333334,
        0.9541666666666667,
        0.9375,
        0.9208333333333333,
        0.925,
        0.9541666666666667,
        0.9583333333333334,
        0.9625,
        0.9791666666666666,
        0.9541666666666667,
        0.9458333333333333,
        0.9208333333333333,
        0.9583333333333334,
        0.9708333333333333,
        0.9541666666666667,
        0.9833333333333333,
        0.9583333333333334,
        0.9666666666666667,
        0.9458333333333333,
        0.9708333333333333,
        0.9791666666666666,
        0.9833333333333333,
        0.9625,
        0.9916666666666667,
        0.9416666666666667,
        0.9583333333333334
    ],
    "val_accuracy_history": [
        0.4125,
        0.4125,
        0.3625,
        0.25,
        0.4875,
        0.5375,
        0.45,
        0.5625,
        0.4125,
        0.4375,
        0.3875,
        0.5375,
        0.475,
        0.45,
        0.55,
        0.5375,
        0.5875,
        0.4,
        0.5875,
        0.5875,
        0.575,
        0.6,
        0.55,
        0.45,
        0.425,
        0.575,
        0.4875,
        0.5875,
        0.25,
        0.6,
        0.475,
        0.65,
        0.3,
        0.6125,
        0.6125,
        0.45,
        0.5375,
        0.5375,
        0.5125,
        0.525,
        0.5375,
        0.65,
        0.5375,
        0.575,
        0.65,
        0.4625,
        0.5875,
        0.5125,
        0.7,
        0.6875,
        0.5,
        0.625,
        0.3625,
        0.5125,
        0.625,
        0.5125,
        0.5,
        0.6625,
        0.6,
        0.5125,
        0.65,
        0.525,
        0.625,
        0.5875,
        0.5,
        0.675,
        0.5625,
        0.6625,
        0.6375,
        0.6375,
        0.625,
        0.6625,
        0.5,
        0.675,
        0.4875,
        0.65,
        0.575,
        0.625,
        0.5375,
        0.5625,
        0.675,
        0.4375,
        0.6375,
        0.4875,
        0.7125,
        0.6375,
        0.6125,
        0.6625,
        0.5625,
        0.65,
        0.6,
        0.6875,
        0.6625,
        0.65,
        0.7,
        0.6625,
        0.625,
        0.6625,
        0.6625,
        0.575
    ],
    "train_loss_history": [
        0.33035604829589527,
        0.262764223664999,
        0.2645644472291072,
        0.2090653484687209,
        0.18542987735321123,
        0.19803182234366734,
        0.18647603932768106,
        0.18265717315177124,
        0.1659454617649317,
        0.17959554394086202,
        0.18074236425260704,
        0.16443838166693847,
        0.16119557606677215,
        0.1449691644559304,
        0.12659225687384607,
        0.12856858355614045,
        0.10525988003549476,
        0.11573130490723997,
        0.13044041154595712,
        0.10866612882819027,
        0.10461576296171794,
        0.13606914373425147,
        0.08507610358356033,
        0.08753824705490842,
        0.07793475437986976,
        0.0726781448291149,
        0.08329775221839858,
        0.0815981683942179,
        0.09010663316003047,
        0.07389524552951722,
        0.08585798419565739,
        0.07077655023276748,
        0.06164637825349928,
        0.062142280884533344,
        0.048363238581684224,
        0.09601425290772264,
        0.05278456429465829,
        0.056397377426037565,
        0.051479226571548985,
        0.061204313458923326,
        0.053972904381528984,
        0.050069144320578594,
        0.07336668485519719,
        0.06031650311172901,
        0.05641572680263683,
        0.03988621507054783,
        0.059307472694950056,
        0.05197111885900085,
        0.05203717818415801,
        0.03780353518144087,
        0.04677063048727822,
        0.036076172362572836,
        0.05110584354409487,
        0.05051213188883897,
        0.04032637613542344,
        0.03781037362744731,
        0.05457715350615899,
        0.05533320711352493,
        0.03640327769627826,
        0.03309014068524523,
        0.029377880107070573,
        0.033041304493660086,
        0.028003855426984123,
        0.05149868228641878,
        0.09926597467177392,
        0.07572553498563744,
        0.04799230812859605,
        0.03441688806942693,
        0.03242754678417062,
        0.042521362830848376,
        0.0388839644718549,
        0.04401206224388261,
        0.02681411156639418,
        0.029688642718610936,
        0.03488797418982585,
        0.029273008718866695,
        0.04380468212178433,
        0.05350571418313545,
        0.059906968437822644,
        0.02966865832974387,
        0.027901233085503917,
        0.03139652029614505,
        0.01936124945151884,
        0.04211674327090312,
        0.041409477550088995,
        0.04589599353051502,
        0.033872701547503915,
        0.024478506243637337,
        0.03528695284665749,
        0.013666677883035543,
        0.03149550158332583,
        0.02126561388185261,
        0.02867027012973722,
        0.020905661607667034,
        0.015298699564750015,
        0.0301798934940848,
        0.0293252563248946,
        0.010893996818856463,
        0.03362741731067682,
        0.04300792058393199
    ],