{
    "test_accuracy": 0.675,
    "test_f1": 0.6899863702189283,
    "train_accuracy_history": [
        0.3625,
        0.425,
        0.475,
        0.5375,
        0.6083333333333333,
        0.6,
        0.6583333333333333,
        0.6791666666666667,
        0.7583333333333333,
        0.7958333333333333,
        0.7916666666666666,
        0.8166666666666667,
        0.8875,
        0.8541666666666666,
        0.85,
        0.8416666666666667,
        0.8625,
        0.8708333333333333,
        0.875,
        0.8875,
        0.8541666666666666,
        0.9125,
        0.9,
        0.875,
        0.9083333333333333,
        0.9083333333333333,
        0.9416666666666667,
        0.9041666666666667,
        0.8875,
        0.9,
        0.9166666666666666,
        0.9041666666666667,
        0.8916666666666667,
        0.9125,
        0.9416666666666667,
        0.925,
        0.9416666666666667,
        0.9125,
        0.9416666666666667,
        0.9125,
        0.9291666666666667,
        0.9333333333333333,
        0.9375,
        0.9333333333333333,
        0.95,
        0.925,
        0.925,
        0.9166666666666666,
        0.9208333333333333,
        0.9458333333333333,
        0.925,
        0.95,
        0.9375,
        0.95,
        0.9083333333333333,
        0.8875,
        0.8541666666666666,
        0.9,
        0.9458333333333333,
        0.9291666666666667,
        0.9208333333333333,
        0.9333333333333333,
        0.9541666666666667,
        0.95,
        0.9291666666666667,
        0.9,
        0.9083333333333333,
        0.9583333333333334,
        0.9583333333333334,
        0.9416666666666667,
        0.9583333333333334,
        0.9541666666666667,
        0.9625,
        0.9708333333333333,
        0.9708333333333333,
        0.975,
        0.9625,
        0.9583333333333334,
        0.9625,
        0.9916666666666667,
        0.9708333333333333,
        0.9041666666666667,
        0.9083333333333333,
        0.9,
        0.9666666666666667,
        0.975,
        0.9708333333333333,
        0.9875,
        0.9708333333333333,
        0.9791666666666666,
        0.975,
        0.9666666666666667,
        0.9583333333333334,
        0.9583333333333334,
        0.9791666666666666,
        0.9583333333333334,
        0.9625,
        0.975,
        0.975,
        0.95
    ],
    "val_accuracy_history": [
        0.25,
        0.4375,
        0.375,
        0.475,
        0.4,
        0.25,
        0.375,
        0.4,
        0.4375,
        0.425,
        0.25,
        0.425,
        0.625,
        0.5625,
        0.4,
        0.5625,
        0.6,
        0.3375,
        0.55,
        0.25,
        0.575,
        0.5125,
        0.5375,
        0.525,
        0.625,
        0.5625,
        0.7,
        0.4375,
        0.4875,
        0.6,
        0.6375,
        0.675,
        0.575,
        0.6125,
        0.6,
        0.6625,
        0.675,
        0.6375,
        0.6375,
        0.4625,
        0.55,
        0.65,
        0.675,
        0.6625,
        0.6625,
        0.65,
        0.5875,
        0.35,
        0.625,
        0.6,
        0.625,
        0.6,
        0.5125,
        0.6125,
        0.575,
        0.425,
        0.3625,
        0.575,
        0.65,
        0.6125,
        0.35,
        0.6625,
        0.525,
        0.475,
        0.475,
        0.4375,
        0.6625,
        0.6625,
        0.65,
        0.6375,
        0.6,
        0.6875,
        0.675,
        0.6625,
        0.6625,
        0.6625,
        0.5625,
        0.675,
        0.6625,
        0.6375,
        0.6625,
        0.6375,
        0.6375,
        0.6625,
        0.6375,
        0.7,
        0.5875,
        0.6375,
        0.6625,
        0.6625,
        0.6125,
        0.5875,
        0.65,
        0.675,
        0.6625,
        0.5875,
        0.7,
        0.6875,
        0.625,
        0.5625
    ],
    "train_loss_history": [
        0.326099735746781,
        0.3047967926909526,
        0.2607778012752533,
        0.247050866112113,
        0.23806643225252627,
        0.23501080895463625,
        0.20604760901381572,
        0.19233284397050737,
        0.1557484918118765,
        0.14464630816752713,
        0.15077169827806453,
        0.12890281779691576,
        0.10173080998162429,
        0.10798546510826175,
        0.10964835105114616,
        0.10332016276661307,
        0.11700013798714887,
        0.09568586960667744,
        0.09524975499759118,
        0.09340818373602815,
        0.11182730647657688,
        0.08433351871596338,
        0.07580102298622175,
        0.09117068705745623,
        0.06705013845130452,
        0.07809828587342053,
        0.062128076355050625,
        0.08929836064150247,
        0.09623245337133994,
        0.07102675195831883,
        0.09474822066549678,
        0.07377212419911909,
        0.06990213349927217,
        0.06718331544543617,
        0.05319759481984268,
        0.06065843626529386,
        0.04982286702337054,
        0.07154039708693745,
        0.04476951290575926,
        0.06307614966087081,
        0.04437696289201085,
        0.05177335847492941,
        0.04565833514016369,
        0.0447608229047546,
        0.037598939746006484,
        0.05075731747228929,
        0.055874696568381906,
        0.07788585575593364,
        0.06241297016904355,
        0.03778538399880441,
        0.04666106718364808,
        0.031650316615347646,
        0.04395738729235745,
        0.040566001851198054,
        0.06473964045371,
        0.11419480056817216,
        0.1280211271562924,
        0.10135136120952666,
        0.05604965181443428,
        0.05821886358074456,
        0.051583844406801894,
        0.04138669049904517,
        0.0425213105748791,
        0.04359046227901899,
        0.07353276432744073,
        0.07801697235822758,
        0.056473070818052896,
        0.04043428353797936,
        0.03535105300500921,
        0.04346919383001099,
        0.031947284066692797,
        0.037945666652156734,
        0.035192654123973925,
        0.0261419667790884,
        0.029063600430515518,
        0.021768330186613602,
        0.028113766573240658,
        0.0332349522419463,
        0.022785517420877945,
        0.011803734526464866,
        0.023703205237829168,
        0.1107808818040212,
        0.07504703909277548,
        0.06131155656318394,
        0.032719923484243435,
        0.02609351347957727,
        0.024703211482816793,
        0.014580551603000914,
        0.023987634715355928,
        0.023288361340207567,
        0.02208190019700235,
        0.03352182417110529,
        0.030412380852179885,
        0.0350665800116379,
        0.021255119531535152,
        0.02379912164348165,
        0.03278299023877101,
        0.020036171732227596,
        0.01758568771373407,
        0.05144577819504169
    ],