{
    "test_accuracy": 0.6,
    "test_f1": 0.5492063492063491,
    "train_accuracy_history": [
        0.3111111111111111,
        0.6444444444444445,
        0.7111111111111111,
        0.9111111111111111,
        0.8888888888888888,
        0.9777777777777777,
        0.9777777777777777,
        1.0,
        1.0,
        1.0,
        1.0,
        1.0,
        1.0,
        1.0,
        1.0,
        1.0,
        1.0,
        1.0,
        1.0,
        1.0,
        1.0,
        1.0,
        1.0,
        1.0,
        1.0,
        1.0,
        1.0,
        1.0,
        1.0,
        1.0,
        1.0,
        1.0,
        1.0,
        1.0,
        1.0,
        1.0,
        1.0,
        1.0,
        1.0,
        1.0,
        1.0,
        1.0,
        1.0,
        1.0,
        1.0,
        1.0,
        1.0,
        1.0,
        1.0,
        1.0,
        1.0,
        1.0,
        1.0,
        1.0,
        1.0,
        1.0,
        1.0,
        1.0,
        1.0,
        1.0,
        1.0,
        1.0,
        1.0,
        1.0,
        1.0,
        1.0,
        1.0,
        1.0,
        1.0,
        1.0,
        1.0,
        1.0,
        1.0,
        1.0,
        1.0,
        1.0,
        1.0,
        1.0,
        1.0,
        1.0,
        1.0,
        1.0,
        1.0,
        1.0,
        1.0,
        1.0,
        1.0,
        1.0,
        1.0,
        1.0,
        1.0,
        1.0,
        1.0,
        1.0,
        1.0,
        1.0,
        1.0,
        1.0,
        1.0,
        1.0
    ],
    "val_accuracy_history": [
        0.26666666666666666,
        0.4,
        0.4,
        0.4,
        0.4,
        0.26666666666666666,
        0.2,
        0.26666666666666666,
        0.26666666666666666,
        0.3333333333333333,
        0.3333333333333333,
        0.3333333333333333,
        0.4,
        0.4666666666666667,
        0.26666666666666666,
        0.4,
        0.4,
        0.4,
        0.5333333333333333,
        0.3333333333333333,
        0.4666666666666667,
        0.5333333333333333,
        0.4666666666666667,
        0.3333333333333333,
        0.26666666666666666,
        0.4666666666666667,
        0.4666666666666667,
        0.3333333333333333,
        0.26666666666666666,
        0.4,
        0.4666666666666667,
        0.4,
        0.4666666666666667,
        0.3333333333333333,
        0.26666666666666666,
        0.5333333333333333,
        0.4,
        0.4666666666666667,
        0.3333333333333333,
        0.4,
        0.4666666666666667,
        0.4666666666666667,
        0.3333333333333333,
        0.5333333333333333,
        0.4,
        0.6,
        0.26666666666666666,
        0.26666666666666666,
        0.4,
        0.4,
        0.4,
        0.4666666666666667,
        0.3333333333333333,
        0.26666666666666666,
        0.4,
        0.26666666666666666,
        0.4,
        0.3333333333333333,
        0.4,
        0.4,
        0.4,
        0.4666666666666667,
        0.3333333333333333,
        0.5333333333333333,
        0.4,
        0.4,
        0.5333333333333333,
        0.4666666666666667,
        0.4,
        0.3333333333333333,
        0.4666666666666667,
        0.5333333333333333,
        0.4,
        0.4666666666666667,
        0.6,
        0.5333333333333333,
        0.4,
        0.4666666666666667,
        0.4666666666666667,
        0.4666666666666667,
        0.5333333333333333,
        0.4,
        0.26666666666666666,
        0.5333333333333333,
        0.6666666666666666,
        0.4,
        0.4666666666666667,
        0.5333333333333333,
        0.4666666666666667,
        0.4666666666666667,
        0.4666666666666667,
        0.4666666666666667,
        0.4666666666666667,
        0.4666666666666667,
        0.4666666666666667,
        0.4,
        0.3333333333333333,
        0.26666666666666666,
        0.4,
        0.4666666666666667
    ],
    "train_loss_history": [
        0.3208809494972229,
        0.23458584745724995,
        0.19501366317272187,
        0.13493334982130262,
        0.09075954523351458,
        0.0551913524667422,
        0.03499837401840422,
        0.02928699105978012,
        0.02137969310084979,
        0.015350677735275693,
        0.010942225034038225,
        0.010329452136324512,
        0.009847573770417107,
        0.005571749040649997,
        0.006706128269433976,
        0.005954695555071036,
        0.004085492063313723,
        0.0037578188141600953,
        0.0032864645847843752,
        0.002987157605174515,
        0.003405399304918117,
        0.0027674922512637245,
        0.0022820955608040096,
        0.0019070972585015827,
        0.0019269871215025585,
        0.0020694965030997993,
        0.001738250431501203,
        0.0018554727805571423,
        0.0013416137856741746,
        0.0015419352903134292,
        0.0009981484592167867,
        0.0017029403450174465,
        0.0013749106735404994,
        0.0015228624766071637,
        0.0011219048846719992,
        0.0008505451389484935,
        0.001049546380009916,
        0.0009453192560209168,
        0.0012030696806808313,
        0.0013028712348184652,
        0.0010718083190214302,
        0.0006533038569614292,
        0.0011972099853058656,
        0.0007563165854662657,
        0.0006083877194517603,
        0.0007684640534636047,
        0.0006754860514774919,
        0.0007106654294249085,
        0.0006618687145722409,
        0.000649172137491405,
        0.0005179151999780313,
        0.0005563694013593097,
        0.0005376556454898997,
        0.0005407144457826184,
        0.0008246674894406978,
        0.0006277347973688544,
        0.0005153885732094447,
        0.0006382562983263698,
        0.00042310629246963393,
        0.00048501298297196624,
        0.00044495687470771374,
        0.0003904382956938611,
        0.00038761782181811414,
        0.0003715394051849014,
        0.0003337489172635186,
        0.00040620327862497005,
        0.0003634375131999453,
        0.00040148672479618753,
        0.0002543363079894334,
        0.0003100489033386111,
        0.0003039583418285474,
        0.0003141934246135255,
        0.00024966782334053683,
        0.0002841311523095808,
        0.000329220324056223,
        0.00027388937370334234,
        0.0002609934793629994,
        0.0002691325414667113,
        0.0002886374422814697,
        0.00026651564144736364,
        0.0002493772461699943,
        0.00029959626618721003,
        0.0002974169425821553,
        0.00023845495808119368,
        0.00019852159376670088,
        0.00020494777321194608,
        0.0002573303014893706,
        0.0002071594903504269,
        0.00019733220361912472,
        0.00019593473924841317,
        0.00022948999539949,
        0.00016826047148141597,
        0.00018900283208091019,
        0.00017701519407435423,
        0.00019410567272441564,
        0.00020476462410038543,
        0.00024702132537236647,
        0.0001804418389737192,
        0.00016841439581993553,
        0.00018497794646666282
    ],