{
    "test_accuracy": 0.25,
    "test_f1": 0.1,
    "train_accuracy_history": [
        0.1875,
        0.22916666666666666,
        0.20416666666666666,
        0.2125,
        0.20833333333333334,
        0.20833333333333334,
        0.2,
        0.2,
        0.19166666666666668,
        0.23333333333333334,
        0.2375,
        0.225,
        0.24166666666666667,
        0.21666666666666667,
        0.22916666666666666,
        0.23333333333333334,
        0.20416666666666666,
        0.23333333333333334,
        0.2375,
        0.19166666666666668,
        0.20833333333333334,
        0.2125,
        0.22083333333333333,
        0.25416666666666665,
        0.24166666666666667,
        0.225,
        0.22083333333333333,
        0.2375,
        0.2375,
        0.2125,
        0.17083333333333334,
        0.24166666666666667,
        0.16666666666666666,
        0.23333333333333334,
        0.25416666666666665,
        0.20416666666666666,
        0.2125,
        0.20833333333333334,
        0.19166666666666668,
        0.18333333333333332,
        0.22916666666666666,
        0.2,
        0.1625,
        0.22083333333333333,
        0.20416666666666666,
        0.2375,
        0.2125,
        0.19166666666666668,
        0.17916666666666667,
        0.20416666666666666,
        0.18333333333333332,
        0.25,
        0.2,
        0.24166666666666667,
        0.21666666666666667,
        0.20833333333333334,
        0.25,
        0.20833333333333334,
        0.22083333333333333,
        0.24166666666666667,
        0.21666666666666667,
        0.20416666666666666,
        0.20416666666666666,
        0.17916666666666667,
        0.2,
        0.18333333333333332,
        0.20833333333333334,
        0.25,
        0.25,
        0.2,
        0.225,
        0.22083333333333333,
        0.19583333333333333,
        0.2375,
        0.20833333333333334,
        0.23333333333333334,
        0.225,
        0.2,
        0.22916666666666666,
        0.22083333333333333,
        0.22916666666666666,
        0.2375,
        0.2125,
        0.2,
        0.20833333333333334,
        0.225,
        0.2375,
        0.2125,
        0.22916666666666666,
        0.23333333333333334,
        0.24166666666666667,
        0.19583333333333333,
        0.2125,
        0.25,
        0.25,
        0.2375,
        0.25,
        0.19166666666666668,
        0.22083333333333333,
        0.225
    ],
    "val_accuracy_history": [
        0.25,
        0.25,
        0.25,
        0.25,
        0.25,
        0.25,
        0.25,
        0.25,
        0.25,
        0.25,
        0.25,
        0.25,
        0.25,
        0.25,
        0.25,
        0.25,
        0.25,
        0.25,
        0.25,
        0.25,
        0.25,
        0.25,
        0.25,
        0.25,
        0.25,
        0.25,
        0.25,
        0.25,
        0.25,
        0.25,
        0.25,
        0.25,
        0.25,
        0.25,
        0.25,
        0.25,
        0.25,
        0.25,
        0.25,
        0.25,
        0.25,
        0.25,
        0.25,
        0.25,
        0.25,
        0.25,
        0.25,
        0.25,
        0.25,
        0.25,
        0.25,
        0.25,
        0.25,
        0.25,
        0.25,
        0.25,
        0.25,
        0.25,
        0.25,
        0.25,
        0.25,
        0.25,
        0.25,
        0.25,
        0.25,
        0.25,
        0.25,
        0.25,
        0.25,
        0.25,
        0.25,
        0.25,
        0.25,
        0.25,
        0.25,
        0.25,
        0.25,
        0.25,
        0.25,
        0.25,
        0.25,
        0.25,
        0.25,
        0.25,
        0.25,
        0.25,
        0.25,
        0.25,
        0.25,
        0.25,
        0.25,
        0.25,
        0.25,
        0.25,
        0.25,
        0.25,
        0.25,
        0.25,
        0.25,
        0.25
    ],
    "train_loss_history": [
        0.8501940255363782,
        0.3481291323900223,
        0.3478267441193263,
        0.34813494930664696,
        0.3480861932039261,
        0.347889788945516,
        0.3487877756357193,
        0.34905109405517576,
        0.3473546097675959,
        0.3474773377180099,
        0.34840886692206063,
        0.3480877310037613,
        0.3478144486745199,
        0.347610571483771,
        0.3472929899891218,
        0.3470782101154327,
        0.34852126936117805,
        0.34702885498603186,
        0.34721868485212326,
        0.34736820807059604,
        0.34747912734746933,
        0.34731515049934386,
        0.34759754290183387,
        0.3476417034864426,
        0.3473827545841535,
        0.3470563903450966,
        0.3472319796681404,
        0.3470108563701312,
        0.34724985907475153,
        0.34717729737361275,
        0.3472299168507258,
        0.3472027152776718,
        0.3470584770043691,
        0.3474038342634837,
        0.34714410404364265,
        0.34699805329243344,
        0.3471367234985034,
        0.3473383173346519,
        0.3471596330404282,
        0.3470239281654358,
        0.34713135759035746,
        0.34711237798134487,
        0.3470512628555298,
        0.34708998799324037,
        0.34691952367623646,
        0.3470433791478475,
        0.347177583972613,
        0.34696887781222663,
        0.3470817178487778,
        0.3469912494222323,
        0.3469188347458839,
        0.34710422257582346,
        0.3470319693287214,
        0.34699393063783646,
        0.3469018449385961,
        0.3469562793771426,
        0.3469738001624743,
        0.3472272798418999,
        0.34689704030752183,
        0.34701360364754996,
        0.3469163397947947,
        0.3467917943994204,
        0.34703748871882756,
        0.34684119472901026,
        0.3467686136563619,
        0.3469095806280772,
        0.34678931087255477,
        0.3468376303712527,
        0.3467450131972631,
        0.3468497763077418,
        0.3468587785959244,
        0.3469947745402654,
        0.346871317923069,
        0.3468437999486923,
        0.3467413599292437,
        0.34676391184329985,
        0.3469920203089714,
        0.34683819164832436,
        0.34672156323989234,
        0.34669940223296486,
        0.34675096621116,
        0.3466526617606481,
        0.34672754059235256,
        0.34675507148106893,
        0.3468335976203283,
        0.34675959597031275,
        0.34679577499628067,
        0.346701114376386,
        0.34669484148422874,
        0.3467521424094836,
        0.34672288993994393,
        0.34676737735668817,
        0.34670888632535934,
        0.34667092164357505,
        0.346687484284242,
        0.3466559355457624,
        0.3467713788151741,
        0.34676237454017006,
        0.3466979871193568,
        0.3466679041584333
    ],