{
    "test_accuracy": 0.5625,
    "test_f1": 0.5526207041956567,
    "train_accuracy_history": [
        0.37083333333333335,
        0.44166666666666665,
        0.48333333333333334,
        0.5583333333333333,
        0.5458333333333333,
        0.6,
        0.6666666666666666,
        0.7125,
        0.7875,
        0.7208333333333333,
        0.7916666666666666,
        0.85,
        0.8666666666666667,
        0.875,
        0.9041666666666667,
        0.9125,
        0.9041666666666667,
        0.9583333333333334,
        0.9375,
        0.9208333333333333,
        0.9625,
        0.95,
        0.9416666666666667,
        0.9458333333333333,
        0.9625,
        0.9708333333333333,
        0.9875,
        0.9875,
        0.9791666666666666,
        0.9791666666666666,
        0.9708333333333333,
        0.9625,
        0.975,
        0.9833333333333333,
        0.9875,
        0.9958333333333333,
        0.9916666666666667,
        0.9875,
        0.9541666666666667,
        0.9916666666666667,
        0.9833333333333333,
        0.975,
        0.9791666666666666,
        0.9833333333333333,
        0.9666666666666667,
        0.9833333333333333,
        0.9666666666666667,
        0.9708333333333333,
        0.9708333333333333,
        0.9791666666666666,
        0.9791666666666666,
        0.9833333333333333,
        0.9958333333333333,
        1.0,
        0.9958333333333333,
        1.0,
        0.9958333333333333,
        0.9958333333333333,
        0.9875,
        0.9958333333333333,
        1.0,
        1.0,
        1.0,
        1.0,
        1.0,
        1.0,
        1.0,
        1.0,
        1.0,
        1.0,
        1.0,
        1.0,
        1.0,
        1.0,
        1.0,
        0.9958333333333333,
        0.9333333333333333,
        0.8583333333333333,
        0.8666666666666667,
        0.9458333333333333,
        0.9583333333333334,
        0.9666666666666667,
        0.9958333333333333,
        0.9875,
        1.0,
        1.0,
        1.0,
        1.0,
        1.0,
        1.0,
        0.9916666666666667,
        1.0,
        1.0,
        1.0,
        1.0,
        1.0,
        1.0,
        1.0,
        1.0,
        1.0
    ],
    "val_accuracy_history": [
        0.25,
        0.2625,
        0.3625,
        0.3375,
        0.25,
        0.2625,
        0.25,
        0.375,
        0.3,
        0.325,
        0.45,
        0.425,
        0.525,
        0.4625,
        0.3625,
        0.5125,
        0.325,
        0.575,
        0.3375,
        0.4875,
        0.45,
        0.4625,
        0.375,
        0.35,
        0.5375,
        0.4375,
        0.4625,
        0.4125,
        0.45,
        0.6625,
        0.25,
        0.3625,
        0.4,
        0.55,
        0.5875,
        0.5875,
        0.5875,
        0.5375,
        0.4125,
        0.5625,
        0.5875,
        0.4,
        0.5625,
        0.475,
        0.5,
        0.575,
        0.55,
        0.2625,
        0.3375,
        0.45,
        0.475,
        0.55,
        0.5375,
        0.575,
        0.5625,
        0.55,
        0.525,
        0.375,
        0.45,
        0.55,
        0.525,
        0.5375,
        0.525,
        0.5375,
        0.5625,
        0.5625,
        0.6,
        0.575,
        0.575,
        0.575,
        0.6,
        0.5375,
        0.5375,
        0.575,
        0.5625,
        0.4875,
        0.25,
        0.325,
        0.25,
        0.25,
        0.45,
        0.45,
        0.5375,
        0.5375,
        0.575,
        0.575,
        0.5625,
        0.6125,
        0.6125,
        0.5625,
        0.4875,
        0.55,
        0.6125,
        0.6125,
        0.6,
        0.5875,
        0.55,
        0.575,
        0.575,
        0.6125
    ],
    "train_loss_history": [
        0.34594361633062365,
        0.3110986659924189,
        0.280095857133468,
        0.272081462542216,
        0.2503690789143244,
        0.2352557518829902,
        0.22212830384572346,
        0.1725632435331742,
        0.15836413480962316,
        0.15979585433378815,
        0.1311458831652999,
        0.10509307684066395,
        0.09374266775945822,
        0.08671389072357366,
        0.06871511362648258,
        0.06006763112576057,
        0.07410248543989534,
        0.03341194500681013,
        0.04105094406986609,
        0.052448137605097145,
        0.027319487938075326,
        0.03922688056967066,
        0.04018933191182441,
        0.03612887088189988,
        0.021139010706489596,
        0.020231888120179065,
        0.013687768458233525,
        0.01104855434386991,
        0.018302934767416446,
        0.01519014738490417,
        0.024459071673239425,
        0.025182554218069222,
        0.017289191717281938,
        0.01085684457490667,
        0.006902232385497579,
        0.0039108326286926365,
        0.007371852333380957,
        0.0075324774708860785,
        0.022653453003961963,
        0.007762600504368796,
        0.010064360163778475,
        0.02003439199464386,
        0.0169886256934357,
        0.010680254312925777,
        0.03008131680835504,
        0.012669074718633055,
        0.0174898232066577,
        0.02531332785189685,
        0.028996011030418836,
        0.022017670687879822,
        0.010200528239329288,
        0.012484359214098125,
        0.005055284663042888,
        0.001771064999381148,
        0.0022291056782099378,
        0.0010781897779907012,
        0.002792688141759451,
        0.002929757816878009,
        0.005490395357143522,
        0.00365881079430892,
        0.0005460624728887826,
        0.0007010335099721487,
        0.0004192259333876791,
        0.00016915962249489287,
        0.0006731044993557589,
        0.0003225788009027989,
        0.00046774958590655537,
        0.00020830407880983632,
        0.00025961407225736364,
        0.00017822923552065126,
        8.075048933733341e-05,
        0.0007414396128012868,
        0.0005317312195870727,
        8.434376036158635e-05,
        0.0003539386604264413,
        0.0065420564321622505,
        0.06369821649285162,
        0.14469818703073542,
        0.10749460710115576,
        0.03581165238259321,
        0.02221626739125592,
        0.03316255255085707,
        0.006725967352576845,
        0.005564734185827547,
        0.0020335696184095773,
        0.0007880436283206412,
        0.0012693289770595584,
        0.0012820119901334691,
        0.0005574836711123983,
        0.0006427485665578084,
        0.009081774984057727,
        0.0012906062374137643,
        0.001381321982019775,
        0.000403592530953271,
        0.0006333572423045553,
        0.0009693193091910265,
        0.0003839464710911974,
        0.00021053998350453184,
        0.00020600472515373743,
        0.00033758827797782944
    ],