{
    "test_accuracy": 0.6625,
    "test_f1": 0.6787301587301587,
    "train_accuracy_history": [
        0.3125,
        0.44166666666666665,
        0.5208333333333334,
        0.525,
        0.5958333333333333,
        0.7208333333333333,
        0.5958333333333333,
        0.7,
        0.7958333333333333,
        0.7708333333333334,
        0.8208333333333333,
        0.8541666666666666,
        0.8083333333333333,
        0.8875,
        0.8791666666666667,
        0.85,
        0.8458333333333333,
        0.8708333333333333,
        0.8875,
        0.9041666666666667,
        0.9125,
        0.8875,
        0.8833333333333333,
        0.8291666666666667,
        0.8791666666666667,
        0.8875,
        0.9208333333333333,
        0.8875,
        0.9,
        0.9375,
        0.9291666666666667,
        0.9125,
        0.9,
        0.8958333333333334,
        0.9125,
        0.9,
        0.9125,
        0.9166666666666666,
        0.9041666666666667,
        0.85,
        0.925,
        0.9166666666666666,
        0.8791666666666667,
        0.9208333333333333,
        0.9416666666666667,
        0.9416666666666667,
        0.9041666666666667,
        0.9166666666666666,
        0.8625,
        0.9208333333333333,
        0.9333333333333333,
        0.925,
        0.9166666666666666,
        0.9041666666666667,
        0.9291666666666667,
        0.95,
        0.9166666666666666,
        0.9291666666666667,
        0.9416666666666667,
        0.9083333333333333,
        0.9416666666666667,
        0.9541666666666667,
        0.95,
        0.9416666666666667,
        0.9583333333333334,
        0.975,
        0.9458333333333333,
        0.9541666666666667,
        0.9458333333333333,
        0.95,
        0.9583333333333334,
        0.9583333333333334,
        0.9625,
        0.9708333333333333,
        0.8833333333333333,
        0.8541666666666666,
        0.8916666666666667,
        0.9333333333333333,
        0.95,
        0.9583333333333334,
        0.9541666666666667,
        0.9625,
        0.9625,
        0.9458333333333333,
        0.9625,
        0.9583333333333334,
        0.9375,
        0.9416666666666667,
        0.9458333333333333,
        0.9375,
        0.9458333333333333,
        0.9125,
        0.9041666666666667,
        0.8916666666666667,
        0.9458333333333333,
        0.9583333333333334,
        0.95,
        0.9458333333333333,
        0.9708333333333333,
        0.9416666666666667
    ],
    "val_accuracy_history": [
        0.325,
        0.425,
        0.35,
        0.475,
        0.425,
        0.2875,
        0.25,
        0.525,
        0.5375,
        0.425,
        0.4875,
        0.4125,
        0.3375,
        0.6,
        0.325,
        0.4125,
        0.6,
        0.375,
        0.625,
        0.5125,
        0.375,
        0.5375,
        0.375,
        0.5125,
        0.4875,
        0.6,
        0.6375,
        0.325,
        0.55,
        0.35,
        0.5375,
        0.45,
        0.45,
        0.5375,
        0.6625,
        0.525,
        0.5875,
        0.5625,
        0.5375,
        0.45,
        0.6375,
        0.675,
        0.5125,
        0.6625,
        0.6375,
        0.6375,
        0.575,
        0.7,
        0.525,
        0.5375,
        0.6,
        0.6375,
        0.575,
        0.2875,
        0.6625,
        0.6625,
        0.6625,
        0.6125,
        0.425,
        0.6,
        0.6625,
        0.6375,
        0.65,
        0.6375,
        0.6375,
        0.5875,
        0.675,
        0.675,
        0.65,
        0.5625,
        0.6625,
        0.6375,
        0.65,
        0.6875,
        0.3125,
        0.4625,
        0.5125,
        0.6625,
        0.55,
        0.675,
        0.675,
        0.6375,
        0.6875,
        0.675,
        0.5875,
        0.5875,
        0.675,
        0.4625,
        0.675,
        0.6125,
        0.2375,
        0.575,
        0.55,
        0.5625,
        0.6125,
        0.5125,
        0.6625,
        0.6875,
        0.575,
        0.7
    ],
    "train_loss_history": [
        0.3494498128692309,
        0.2921510266760985,
        0.267324887526532,
        0.24863967647155125,
        0.23515237669150035,
        0.18029705584049224,
        0.2565133382876714,
        0.18515395745635033,
        0.15176640978703895,
        0.15930726832399766,
        0.1286395956374084,
        0.12378687716554851,
        0.13311688345856965,
        0.10729867067032804,
        0.09525649082303668,
        0.10966788027823592,
        0.0987593982834369,
        0.09468150695223206,
        0.08825036130923157,
        0.07293397048100209,
        0.07784324468035872,
        0.07657174572329192,
        0.11321762451116228,
        0.12999673150479793,
        0.098822347583094,
        0.08893801120187467,
        0.06703487357008271,
        0.08759175878561412,
        0.08337940683310686,
        0.05354444851400331,
        0.06615618746485173,
        0.06563930506484515,
        0.07366375800144548,
        0.08523058771916112,
        0.06251338987907124,
        0.08240486043141573,
        0.07832735446718289,
        0.06734062238762514,
        0.06461146252792484,
        0.10137754988002902,
        0.05433482965030028,
        0.06363570834328129,
        0.08471895006429501,
        0.061749172778460586,
        0.04635453636398476,
        0.037809172862792666,
        0.07994150136558649,
        0.0561382657657911,
        0.08892100847635429,
        0.061757853423720616,
        0.050745166582540455,
        0.045950375543300954,
        0.059240071122830314,
        0.07452446343935056,
        0.04883526086002045,
        0.04148692661789634,
        0.05408664168165463,
        0.06642553195100238,
        0.05353685200340503,
        0.0777388936287025,
        0.04975535692089276,
        0.04637379554455094,
        0.04233993967767068,
        0.043751953837098276,
        0.03163459705613907,
        0.02963923598011225,
        0.043974049463669944,
        0.03312124365738782,
        0.04222049289789993,
        0.04489260093089721,
        0.03571324289165053,
        0.02729023854204685,
        0.031024792836498647,
        0.025755327297317384,
        0.1235220289679963,
        0.11963919553345477,
        0.07137342335894724,
        0.04782456728741333,
        0.04344827870328724,
        0.03079208369523864,
        0.035937960479501284,
        0.03098183237948812,
        0.02683945293501028,
        0.03530363378820347,
        0.027358385399859013,
        0.034557332198907414,
        0.04853833781605772,
        0.045072615722650276,
        0.04834854825915044,
        0.045284811584345636,
        0.0445670174247103,
        0.06697744284041013,
        0.09306995282143665,
        0.08940075707171959,
        0.043607227905158655,
        0.029483860116782997,
        0.03632919530975111,
        0.039105759242223335,
        0.02109983424580264,
        0.028873638680619724
    ],