{
    "test_accuracy": 0.35,
    "test_f1": 0.2222222222222222,
    "train_accuracy_history": [
        0.23333333333333334,
        0.25,
        0.31666666666666665,
        0.31666666666666665,
        0.25,
        0.3333333333333333,
        0.38333333333333336,
        0.45,
        0.5166666666666667,
        0.4666666666666667,
        0.5333333333333333,
        0.5166666666666667,
        0.5,
        0.5333333333333333,
        0.7,
        0.7,
        0.7666666666666667,
        0.7,
        0.8,
        0.7666666666666667,
        0.8,
        0.85,
        0.8833333333333333,
        0.8666666666666667,
        0.8,
        0.8333333333333334,
        0.8833333333333333,
        0.95,
        0.9,
        0.9833333333333333,
        0.9666666666666667,
        1.0,
        0.9833333333333333,
        0.9833333333333333,
        1.0,
        0.9833333333333333,
        1.0,
        1.0,
        1.0,
        1.0,
        1.0,
        1.0,
        1.0,
        1.0,
        1.0,
        1.0,
        1.0,
        1.0,
        1.0,
        1.0,
        1.0,
        1.0,
        1.0,
        1.0,
        1.0,
        1.0,
        1.0,
        1.0,
        1.0,
        1.0,
        1.0,
        1.0,
        1.0,
        1.0,
        1.0,
        1.0,
        1.0,
        1.0,
        1.0,
        1.0,
        1.0,
        1.0,
        1.0,
        1.0,
        1.0,
        1.0,
        1.0,
        1.0,
        1.0,
        1.0,
        1.0,
        1.0,
        1.0,
        1.0,
        1.0,
        1.0,
        1.0,
        1.0,
        1.0,
        1.0,
        1.0,
        1.0,
        1.0,
        1.0,
        1.0,
        1.0,
        1.0,
        1.0,
        1.0,
        1.0
    ],
    "val_accuracy_history": [
        0.25,
        0.25,
        0.25,
        0.25,
        0.15,
        0.25,
        0.25,
        0.2,
        0.15,
        0.25,
        0.35,
        0.25,
        0.1,
        0.3,
        0.25,
        0.2,
        0.35,
        0.35,
        0.2,
        0.35,
        0.35,
        0.1,
        0.35,
        0.4,
        0.25,
        0.15,
        0.4,
        0.35,
        0.35,
        0.35,
        0.35,
        0.35,
        0.4,
        0.45,
        0.3,
        0.35,
        0.3,
        0.35,
        0.45,
        0.4,
        0.45,
        0.4,
        0.4,
        0.4,
        0.4,
        0.4,
        0.4,
        0.5,
        0.4,
        0.45,
        0.5,
        0.45,
        0.4,
        0.4,
        0.4,
        0.5,
        0.45,
        0.4,
        0.4,
        0.4,
        0.4,
        0.4,
        0.4,
        0.4,
        0.35,
        0.35,
        0.4,
        0.4,
        0.45,
        0.4,
        0.4,
        0.4,
        0.4,
        0.4,
        0.4,
        0.4,
        0.4,
        0.4,
        0.4,
        0.4,
        0.4,
        0.4,
        0.35,
        0.35,
        0.4,
        0.45,
        0.45,
        0.4,
        0.4,
        0.4,
        0.5,
        0.4,
        0.4,
        0.4,
        0.5,
        0.45,
        0.45,
        0.5,
        0.45,
        0.55
    ],
    "train_loss_history": [
        197.9621654510498,
        33.27626260121664,
        7.027949492136638,
        6.214585236708323,
        8.184233839313189,
        6.392187956968943,
        4.1034827649593355,
        1.898893564318617,
        1.0989249666531882,
        1.4557775205001235,
        1.4446328851083914,
        2.0944528708855312,
        1.9481868021034947,
        0.9407920614971469,
        0.6763039806983822,
        0.39736776511805755,
        0.2097451943748941,
        0.37676824554800986,
        0.1917889717015593,
        0.33571964787115577,
        0.17805300282877093,
        0.12861669826428018,
        0.094780083244162,
        0.18588085658751272,
        0.1494326615196769,
        0.1526498231648778,
        0.07319897178870936,
        0.045480273158599024,
        0.051110237014169495,
        0.01793396526675982,
        0.029068088924880917,
        0.008640392522405211,
        0.007753579380490313,
        0.011399242237439466,
        0.0020096494922957693,
        0.0079376775996631,
        0.004554652686601912,
        0.0038451298974299182,
        0.0020956556543486235,
        0.001527336496898594,
        0.0015179481606859705,
        0.0024295175237057263,
        0.001978391128553388,
        0.0011969292427238543,
        0.0012406844519622002,
        0.0013606730581765683,
        0.0014916768195689656,
        0.0009414321626536252,
        0.0008871453241833176,
        0.0008050063134457257,
        0.0008858673560704725,
        0.0008405467141225624,
        0.000974997542410468,
        0.0010583752972403695,
        0.0014014316999237052,
        0.0009005150010731692,
        0.0010095687370873445,
        0.0012402157512648652,
        0.0007504314996670777,
        0.001549223354474331,
        0.0007896613235061523,
        0.0007983677227457519,
        0.0007321690044288213,
        0.0008645689791592304,
        0.000943827706760203,
        0.001131585106395505,
        0.0008457289174354324,
        0.0007597976361163697,
        0.0006200840798555873,
        0.0007317559206664252,
        0.0006118948750857574,
        0.0006448648437071824,
        0.0005010897196674099,
        0.0009839856499941865,
        0.0005937544668086047,
        0.0004600933830564221,
        0.00042706847404285023,
        0.0005168296285167647,
        0.0005394279680331238,
        0.00059026103961628,
        0.00048733227158663793,
        0.0004819388367764077,
        0.0010807392580318264,
        0.0005554839519618327,
        0.0006810903160840098,
        0.0004958980185771604,
        0.0005254688426399904,
        0.0005345238343579695,
        0.0004696758624049835,
        0.0004830031014838217,
        0.00040038107889586174,
        0.0003663148868630136,
        0.00041206183429191395,
        0.0005173503304831684,
        0.000320374360611216,
        0.0003349445047357828,
        0.0002804761014582861,
        0.000666322269050094,
        0.00045471804296539633,
        0.0004995806443882126
    ],