{
    "test_accuracy": 0.4,
    "test_f1": 0.2857142857142857,
    "train_accuracy_history": [
        0.5,
        0.7333333333333333,
        0.6666666666666666,
        0.7,
        0.8666666666666667,
        0.8333333333333334,
        0.8666666666666667,
        0.7666666666666667,
        0.7666666666666667,
        0.8666666666666667,
        0.8,
        0.9,
        0.9,
        0.9,
        0.9,
        0.9,
        0.8666666666666667,
        0.9,
        0.9,
        0.9666666666666667,
        0.8666666666666667,
        0.8666666666666667,
        0.9666666666666667,
        0.9333333333333333,
        0.9333333333333333,
        0.8666666666666667,
        0.9,
        0.9,
        0.9666666666666667,
        0.9333333333333333,
        0.9666666666666667,
        0.9333333333333333,
        0.9666666666666667,
        0.9333333333333333,
        0.9333333333333333,
        0.9666666666666667,
        0.9666666666666667,
        1.0,
        1.0,
        1.0,
        1.0,
        1.0,
        1.0,
        1.0,
        1.0,
        1.0,
        1.0,
        1.0,
        1.0,
        1.0,
        1.0,
        1.0,
        1.0,
        1.0,
        1.0,
        1.0,
        1.0,
        1.0,
        1.0,
        1.0,
        1.0,
        1.0,
        1.0,
        1.0,
        1.0,
        0.9666666666666667,
        0.9666666666666667,
        1.0,
        1.0,
        1.0,
        1.0,
        1.0,
        1.0,
        1.0,
        1.0,
        1.0,
        1.0,
        1.0,
        1.0,
        1.0,
        1.0,
        1.0,
        1.0,
        1.0,
        1.0,
        1.0,
        1.0,
        1.0,
        1.0,
        1.0,
        1.0,
        1.0,
        1.0,
        1.0,
        1.0,
        1.0,
        1.0,
        1.0,
        1.0,
        1.0
    ],
    "val_accuracy_history": [
        0.6,
        0.6,
        0.5,
        0.4,
        0.4,
        0.5,
        0.5,
        0.5,
        0.4,
        0.5,
        0.4,
        0.4,
        0.5,
        0.6,
        0.6,
        0.6,
        0.6,
        0.6,
        0.5,
        0.5,
        0.5,
        0.5,
        0.5,
        0.5,
        0.5,
        0.6,
        0.4,
        0.4,
        0.5,
        0.5,
        0.5,
        0.4,
        0.4,
        0.4,
        0.5,
        0.5,
        0.5,
        0.5,
        0.5,
        0.4,
        0.5,
        0.5,
        0.5,
        0.5,
        0.5,
        0.3,
        0.4,
        0.4,
        0.4,
        0.4,
        0.4,
        0.4,
        0.4,
        0.5,
        0.5,
        0.5,
        0.5,
        0.5,
        0.4,
        0.4,
        0.3,
        0.4,
        0.4,
        0.4,
        0.5,
        0.4,
        0.4,
        0.5,
        0.5,
        0.5,
        0.4,
        0.5,
        0.5,
        0.5,
        0.5,
        0.5,
        0.5,
        0.5,
        0.4,
        0.5,
        0.5,
        0.5,
        0.6,
        0.3,
        0.5,
        0.5,
        0.4,
        0.3,
        0.4,
        0.3,
        0.3,
        0.4,
        0.3,
        0.5,
        0.4,
        0.4,
        0.4,
        0.4,
        0.5,
        0.5
    ],
    "train_loss_history": [
        0.20790818532307942,
        0.17829191088676452,
        0.17167157133420308,
        0.16287004748980205,
        0.14879011412461599,
        0.14015606939792633,
        0.13703121145566305,
        0.1460906207561493,
        0.13034505248069764,
        0.12218459645907084,
        0.1291547377904256,
        0.11534274121125539,
        0.08879749327898026,
        0.0930163895090421,
        0.1078478733698527,
        0.08488548075159391,
        0.07458902945121129,
        0.07604149083296458,
        0.07135575686891873,
        0.054929816722869874,
        0.07417741268873215,
        0.07177135795354843,
        0.05364726334810257,
        0.05775555123885472,
        0.052280941605567934,
        0.06767848879098892,
        0.06790457194050153,
        0.05905558789769808,
        0.036185771723588306,
        0.04071702609459559,
        0.03623237982392311,
        0.045812765260537465,
        0.07925110552459955,
        0.033072384136418505,
        0.043259539951880775,
        0.03898292953769366,
        0.03696916066110134,
        0.02666136100888252,
        0.01663871599982182,
        0.01596817101041476,
        0.01704011174539725,
        0.011005219471796106,
        0.009225259193529685,
        0.012584298693885406,
        0.011145280689621966,
        0.005714938168724378,
        0.011679942502329748,
        0.009097691035519044,
        0.005482852381343643,
        0.006409857491962612,
        0.0038526258314959703,
        0.004666500259190798,
        0.00852461945808803,
        0.006388156379883488,
        0.0037628181230199213,
        0.011654360289685427,
        0.00390921257979547,
        0.005474361946107819,
        0.003994123761852582,
        0.0036196574161294847,
        0.005996923094304899,
        0.006041493162047118,
        0.005744277873115304,
        0.004265037143098501,
        0.008461706526577472,
        0.019048361868287126,
        0.012679208617191762,
        0.010904424032196403,
        0.00759875619939218,
        0.006889470977087816,
        0.005702078722727795,
        0.008854356035590172,
        0.007834175159223378,
        0.009429609511668484,
        0.004931025626137853,
        0.005252561555244029,
        0.005452943826094269,
        0.006899032685517644,
        0.003472681182514255,
        0.006170292866105835,
        0.004499575189159563,
        0.003117739444132894,
        0.005315612440366143,
        0.006469682524978756,
        0.0028945133672095835,
        0.0030638243071734904,
        0.002445777741377242,
        0.0021351246318469445,
        0.0020657468247615423,
        0.0021692682911331456,
        0.0033867745815465847,
        0.0033110047351025667,
        0.0019666570510404806,
        0.0015282918776695928,
        0.0032076223607873542,
        0.0014804272592300548,
        0.0031207352430404475,
        0.002148008067160845,
        0.0032893030205741526,
        0.0010130864985209579
    ],