{
    "test_accuracy": 0.8,
    "test_f1": 0.8,
    "train_accuracy_history": [
        0.43333333333333335,
        0.7333333333333333,
        0.8666666666666667,
        0.9333333333333333,
        1.0,
        0.8666666666666667,
        0.9333333333333333,
        0.9333333333333333,
        0.9333333333333333,
        1.0,
        1.0,
        1.0,
        1.0,
        1.0,
        1.0,
        1.0,
        1.0,
        1.0,
        1.0,
        1.0,
        1.0,
        1.0,
        1.0,
        1.0,
        1.0,
        1.0,
        1.0,
        1.0,
        1.0,
        1.0,
        1.0,
        1.0,
        1.0,
        1.0,
        1.0,
        1.0,
        1.0,
        1.0,
        1.0,
        1.0,
        1.0,
        1.0,
        1.0,
        1.0,
        1.0,
        1.0,
        1.0,
        1.0,
        1.0,
        1.0,
        1.0,
        1.0,
        1.0,
        1.0,
        1.0,
        1.0,
        1.0,
        1.0,
        1.0,
        1.0,
        1.0,
        1.0,
        1.0,
        1.0,
        1.0,
        1.0,
        1.0,
        1.0,
        1.0,
        1.0,
        1.0,
        1.0,
        1.0,
        1.0,
        1.0,
        1.0,
        1.0,
        1.0,
        1.0,
        1.0,
        1.0,
        1.0,
        1.0,
        1.0,
        1.0,
        1.0,
        1.0,
        1.0,
        1.0,
        1.0,
        1.0,
        1.0,
        1.0,
        1.0,
        1.0,
        1.0,
        1.0,
        1.0,
        1.0,
        1.0
    ],
    "val_accuracy_history": [
        0.4,
        0.4,
        0.4,
        0.4,
        0.4,
        0.4,
        0.4,
        0.4,
        0.4,
        0.4,
        0.6,
        0.6,
        0.6,
        0.6,
        0.6,
        0.4,
        0.4,
        0.6,
        0.6,
        0.6,
        0.4,
        0.6,
        0.6,
        0.6,
        0.6,
        0.4,
        0.6,
        0.4,
        0.4,
        0.6,
        0.6,
        0.6,
        0.6,
        0.6,
        0.6,
        0.6,
        0.6,
        0.6,
        0.6,
        0.5,
        0.6,
        0.6,
        0.6,
        0.6,
        0.6,
        0.7,
        0.6,
        0.6,
        0.4,
        0.4,
        0.4,
        0.7,
        0.6,
        0.6,
        0.6,
        0.6,
        0.6,
        0.6,
        0.6,
        0.6,
        0.6,
        0.6,
        0.6,
        0.6,
        0.6,
        0.6,
        0.4,
        0.4,
        0.4,
        0.6,
        0.6,
        0.6,
        0.6,
        0.6,
        0.6,
        0.7,
        0.7,
        0.5,
        0.7,
        0.6,
        0.6,
        0.6,
        0.6,
        0.7,
        0.6,
        0.6,
        0.6,
        0.6,
        0.6,
        0.7,
        0.6,
        0.6,
        0.6,
        0.6,
        0.6,
        0.5,
        0.5,
        0.5,
        0.6,
        0.6
    ],
    "train_loss_history": [
        0.19964251120885212,
        0.14768408040205638,
        0.12962024460236232,
        0.08602263430754344,
        0.06076709528764089,
        0.09282802467544873,
        0.06539528494079908,
        0.06730132351318995,
        0.060670015215873715,
        0.034972095489501955,
        0.03411002929011981,
        0.0300405066460371,
        0.024889511863390605,
        0.019106615583101907,
        0.022369638395806152,
        0.011792596615850925,
        0.01435256867359082,
        0.010387049987912178,
        0.01007733829319477,
        0.009333072726925214,
        0.007712531493355831,
        0.007788339039931694,
        0.00501223582153519,
        0.0044004252801338834,
        0.007266574104626973,
        0.006668442844723662,
        0.0050034060763816035,
        0.0045317945070564745,
        0.004020115779712796,
        0.00373826806123058,
        0.0033946193444232145,
        0.0033612927266707024,
        0.002170993527397513,
        0.004156483942642808,
        0.002545239287428558,
        0.002640576474368572,
        0.0019591239591439566,
        0.001855020442356666,
        0.0016950323634470502,
        0.0016618161074196298,
        0.0014019690376395981,
        0.0008998402083913485,
        0.0013339108360620837,
        0.0010269250138662755,
        0.0011073042289353908,
        0.00138284619897604,
        0.0009857429036249717,
        0.0013277755856203536,
        0.001327479436683158,
        0.0014083757065236568,
        0.0012207247394447525,
        0.0014790759926351408,
        0.0006622154964134097,
        0.0007081738634345432,
        0.0008822617562448916,
        0.0009734349480519692,
        0.0006952874401273827,
        0.0006237731819661955,
        0.0005971061997115612,
        0.0008350409974809736,
        0.0006090268492698669,
        0.0008112096028829303,
        0.0005969545105472207,
        0.0007315248639012377,
        0.000754138530464843,
        0.0006460853910539299,
        0.0010992905998136848,
        0.0005349811476965745,
        0.0012533597609338662,
        0.0008703326573595404,
        0.0005802540593625357,
        0.0005699804382553945,
        0.0004856619557055334,
        0.00046536295170274876,
        0.0006510551805452754,
        0.00043612595472950486,
        0.0010839403800976773,
        0.0003810708896101763,
        0.0005355196655727923,
        0.0004995642831393828,
        0.00035577585319212325,
        0.00034283134737052024,
        0.0002700346444423,
        0.0003134572277000795,
        0.0004010434029623866,
        0.00034235314330241333,
        0.00037880452243067945,
        0.00024010466877371072,
        0.00027178786889029045,
        0.0002873001983971335,
        0.0002573404364132633,
        0.00032599422750839344,
        0.00040491678713199994,
        0.0002748990945595627,
        0.0003691341941400121,
        0.0002279120332483823,
        0.0002869770124865075,
        0.000216735978028737,
        0.0001603387393212567,
        0.00024441945909832913
    ],