{
    "test_accuracy": 0.35,
    "test_f1": 0.2330316742081448,
    "train_accuracy_history": [
        0.25,
        0.21666666666666667,
        0.18333333333333332,
        0.2,
        0.21666666666666667,
        0.23333333333333334,
        0.18333333333333332,
        0.25,
        0.25,
        0.13333333333333333,
        0.18333333333333332,
        0.25,
        0.2,
        0.15,
        0.25,
        0.18333333333333332,
        0.2,
        0.25,
        0.2,
        0.25,
        0.13333333333333333,
        0.25,
        0.18333333333333332,
        0.25,
        0.18333333333333332,
        0.21666666666666667,
        0.25,
        0.23333333333333334,
        0.16666666666666666,
        0.2,
        0.23333333333333334,
        0.18333333333333332,
        0.18333333333333332,
        0.16666666666666666,
        0.25,
        0.2,
        0.18333333333333332,
        0.15,
        0.25,
        0.15,
        0.21666666666666667,
        0.16666666666666666,
        0.23333333333333334,
        0.21666666666666667,
        0.25,
        0.21666666666666667,
        0.23333333333333334,
        0.18333333333333332,
        0.21666666666666667,
        0.18333333333333332,
        0.16666666666666666,
        0.23333333333333334,
        0.16666666666666666,
        0.21666666666666667,
        0.16666666666666666,
        0.2,
        0.2,
        0.21666666666666667,
        0.21666666666666667,
        0.2,
        0.23333333333333334,
        0.23333333333333334,
        0.16666666666666666,
        0.18333333333333332,
        0.2,
        0.25,
        0.21666666666666667,
        0.25,
        0.25,
        0.15,
        0.25,
        0.16666666666666666,
        0.2,
        0.2,
        0.18333333333333332,
        0.15,
        0.25,
        0.18333333333333332,
        0.25,
        0.11666666666666667,
        0.25,
        0.23333333333333334,
        0.23333333333333334,
        0.25,
        0.11666666666666667,
        0.2,
        0.2833333333333333,
        0.25,
        0.21666666666666667,
        0.25,
        0.21666666666666667,
        0.18333333333333332,
        0.2,
        0.2,
        0.16666666666666666,
        0.18333333333333332,
        0.15,
        0.15,
        0.21666666666666667,
        0.25
    ],
    "val_accuracy_history": [
        0.25,
        0.25,
        0.25,
        0.2,
        0.25,
        0.25,
        0.2,
        0.2,
        0.2,
        0.25,
        0.25,
        0.25,
        0.2,
        0.25,
        0.25,
        0.25,
        0.2,
        0.2,
        0.25,
        0.25,
        0.25,
        0.2,
        0.25,
        0.25,
        0.25,
        0.2,
        0.2,
        0.25,
        0.25,
        0.25,
        0.25,
        0.2,
        0.2,
        0.25,
        0.25,
        0.25,
        0.25,
        0.2,
        0.25,
        0.25,
        0.2,
        0.25,
        0.25,
        0.2,
        0.2,
        0.25,
        0.25,
        0.2,
        0.25,
        0.25,
        0.25,
        0.25,
        0.25,
        0.2,
        0.25,
        0.2,
        0.25,
        0.25,
        0.2,
        0.25,
        0.25,
        0.2,
        0.25,
        0.2,
        0.25,
        0.25,
        0.2,
        0.25,
        0.25,
        0.2,
        0.2,
        0.2,
        0.25,
        0.2,
        0.25,
        0.25,
        0.2,
        0.25,
        0.25,
        0.25,
        0.25,
        0.2,
        0.25,
        0.25,
        0.25,
        0.2,
        0.2,
        0.2,
        0.25,
        0.25,
        0.25,
        0.25,
        0.25,
        0.25,
        0.25,
        0.25,
        0.25,
        0.25,
        0.25,
        0.25
    ],
    "train_loss_history": [
        0.36649343768755593,
        0.3500687420368195,
        0.3503748873869578,
        0.34750094016393024,
        0.3485634466012319,
        0.349633518854777,
        0.34877951741218566,
        0.34919820427894593,
        0.34843595226605734,
        0.349041078488032,
        0.3481012225151062,
        0.34879522720972694,
        0.3486202379067739,
        0.34904083410898845,
        0.3491070747375488,
        0.3523353139559428,
        0.34934861461321515,
        0.35228597521781924,
        0.3485786000887553,
        0.35222424268722535,
        0.35328900019327797,
        0.34785909454027814,
        0.3514053245385488,
        0.3471738874912262,
        0.34989986817042035,
        0.3485290010770162,
        0.3486553808053335,
        0.34854129552841184,
        0.3488461454709371,
        0.3487206161022186,
        0.3500283380349477,
        0.3499496022860209,
        0.3489386955897013,
        0.34931219816207887,
        0.34917548497517903,
        0.3480293035507202,
        0.34918785889943443,
        0.3499853213628133,
        0.3499579787254333,
        0.35027444958686826,
        0.3484100063641866,
        0.34863080382347106,
        0.34793460965156553,
        0.3481400370597839,
        0.3486734906832377,
        0.34852776924769086,
        0.3506047268708547,
        0.349726015329361,
        0.35004350940386453,
        0.34870754877726234,
        0.3508016049861908,
        0.3481102526187897,
        0.3503489851951599,
        0.3484224557876587,
        0.3502595047156016,
        0.34886688987414044,
        0.3490672985712687,
        0.34919161200523374,
        0.34995709856351215,
        0.35067561467488606,
        0.3488133430480957,
        0.34962480862935386,
        0.3492221494515737,
        0.35073499878247577,
        0.34826704462369285,
        0.35087257623672485,
        0.348949134349823,
        0.3502933363119761,
        0.34895616173744204,
        0.34991204738616943,
        0.3486986180146535,
        0.3490918934345245,
        0.35020955204963683,
        0.34870577057202656,
        0.35068045457204183,
        0.3510531663894653,
        0.34900105992952984,
        0.3486814876397451,
        0.34927711884180707,
        0.3493566830952962,
        0.34838687578837074,
        0.34865775307019553,
        0.34838294188181557,
        0.34857120712598166,
        0.3484144628047943,
        0.34950730999310814,
        0.3477588454882304,
        0.348889950911204,
        0.3493137419223785,
        0.35007328589757286,
        0.3496375819047292,
        0.3522469917933146,
        0.34967674414316813,
        0.34824100534121194,
        0.34945464531580606,
        0.3483184556166331,
        0.35196637908617656,
        0.3492120941480001,
        0.34844182928403217,
        0.348942764600118
    ],