{
    "test_accuracy": 0.25,
    "test_f1": 0.15838509316770186,
    "train_accuracy_history": [
        0.2,
        0.15,
        0.23333333333333334,
        0.4,
        0.38333333333333336,
        0.35,
        0.43333333333333335,
        0.2833333333333333,
        0.4,
        0.45,
        0.5333333333333333,
        0.5333333333333333,
        0.6,
        0.5333333333333333,
        0.6666666666666666,
        0.7,
        0.75,
        0.7333333333333333,
        0.5,
        0.5833333333333334,
        0.5833333333333334,
        0.38333333333333336,
        0.6333333333333333,
        0.65,
        0.6,
        0.6333333333333333,
        0.6166666666666667,
        0.5166666666666667,
        0.5833333333333334,
        0.5666666666666667,
        0.6166666666666667,
        0.5166666666666667,
        0.75,
        0.4666666666666667,
        0.5166666666666667,
        0.7166666666666667,
        0.6833333333333333,
        0.7166666666666667,
        0.7,
        0.7833333333333333,
        0.6666666666666666,
        0.6833333333333333,
        0.7166666666666667,
        0.7666666666666667,
        0.7333333333333333,
        0.7333333333333333,
        0.7166666666666667,
        0.7,
        0.7166666666666667,
        0.7166666666666667,
        0.7333333333333333,
        0.8,
        0.7833333333333333,
        0.7666666666666667,
        0.7166666666666667,
        0.8,
        0.7,
        0.75,
        0.5833333333333334,
        0.5166666666666667,
        0.4666666666666667,
        0.6833333333333333,
        0.65,
        0.5333333333333333,
        0.6833333333333333,
        0.4166666666666667,
        0.2833333333333333,
        0.3333333333333333,
        0.6833333333333333,
        0.7333333333333333,
        0.7166666666666667,
        0.6833333333333333,
        0.75,
        0.75,
        0.7333333333333333,
        0.7833333333333333,
        0.7333333333333333,
        0.6833333333333333,
        0.5166666666666667,
        0.2833333333333333,
        0.18333333333333332,
        0.3333333333333333,
        0.2833333333333333,
        0.36666666666666664,
        0.3,
        0.25,
        0.31666666666666665,
        0.36666666666666664,
        0.35,
        0.31666666666666665,
        0.3333333333333333,
        0.3,
        0.36666666666666664,
        0.26666666666666666,
        0.3333333333333333,
        0.2833333333333333,
        0.3,
        0.31666666666666665,
        0.3333333333333333,
        0.3333333333333333
    ],
    "val_accuracy_history": [
        0.25,
        0.25,
        0.2,
        0.35,
        0.25,
        0.3,
        0.25,
        0.25,
        0.35,
        0.2,
        0.4,
        0.3,
        0.25,
        0.25,
        0.35,
        0.35,
        0.25,
        0.15,
        0.15,
        0.3,
        0.35,
        0.25,
        0.2,
        0.3,
        0.35,
        0.35,
        0.3,
        0.25,
        0.25,
        0.2,
        0.3,
        0.2,
        0.25,
        0.3,
        0.15,
        0.3,
        0.2,
        0.25,
        0.25,
        0.25,
        0.3,
        0.2,
        0.3,
        0.25,
        0.2,
        0.25,
        0.2,
        0.25,
        0.25,
        0.25,
        0.35,
        0.3,
        0.3,
        0.25,
        0.3,
        0.3,
        0.3,
        0.25,
        0.35,
        0.25,
        0.3,
        0.3,
        0.25,
        0.25,
        0.25,
        0.2,
        0.35,
        0.2,
        0.25,
        0.3,
        0.2,
        0.25,
        0.35,
        0.25,
        0.3,
        0.25,
        0.2,
        0.35,
        0.25,
        0.3,
        0.3,
        0.25,
        0.25,
        0.25,
        0.25,
        0.25,
        0.25,
        0.25,
        0.25,
        0.2,
        0.25,
        0.15,
        0.2,
        0.3,
        0.2,
        0.15,
        0.25,
        0.2,
        0.25,
        0.25
    ],
    "train_loss_history": [
        131.8820992151896,
        20.96010580062866,
        2.4659716367721556,
        0.5306826735536257,
        0.39782798786958057,
        0.38740212718645733,
        0.32836965322494505,
        0.36191281080245974,
        0.3356522560119629,
        0.25708128958940507,
        0.2682541380325953,
        0.23782842854658762,
        0.22658949047327043,
        0.22076281209786733,
        0.21198451618353525,
        0.17752874630192916,
        0.14522326340277988,
        0.17015607419113318,
        0.35487089604139327,
        0.27571005721886954,
        0.27098688085873923,
        0.2899213055769602,
        0.23454934159914653,
        0.22383021811644235,
        0.2517632097005844,
        0.2356704925497373,
        0.23420756856600444,
        0.22827080289522808,
        0.23051747183005014,
        0.24505943407615025,
        0.22212277700503666,
        0.22863526592652003,
        0.2017396554350853,
        0.29431995898485186,
        0.25892163465420404,
        0.20160272183517616,
        0.21870741720000902,
        0.2003208428621292,
        0.1722132838020722,
        0.13971718798081081,
        0.180063631820182,
        0.1742748553554217,
        0.1626530682047208,
        0.15957405989368756,
        0.18127008005976677,
        0.16061059025426705,
        0.1768075194209814,
        0.19221251159906388,
        0.16990714346369107,
        0.16088493714729946,
        0.1558684129267931,
        0.13906329025824865,
        0.13462689581016699,
        0.14202011733626327,
        0.1587933212518692,
        0.13879860018690426,
        0.17576068465908368,
        0.20350790818532308,
        0.25438138047854103,
        0.2840582172075907,
        0.2845128168662389,
        0.22804865042368572,
        0.2453805689389507,
        0.2872460643450419,
        0.7457408501456181,
        0.32912805875142415,
        0.4706338942050934,
        0.34093519747257234,
        0.21052290598551432,
        0.1484965271006028,
        0.1615349172304074,
        0.16187630022565525,
        0.1425641629844904,
        0.1436558894813061,
        0.15902917956312498,
        0.12455975661675135,
        0.14897276867801945,
        0.16968211519221466,
        0.3707652121782303,
        0.3688699642817179,
        0.3801837424437205,
        0.34986722071965537,
        0.3543381909529368,
        0.3408662815888723,
        0.34371065298716225,
        0.33896610935529076,
        0.33963119188944496,
        0.3350377400716146,
        0.3366127053896586,
        0.33921956618626914,
        0.3442265550295512,
        0.3426201244195302,
        0.33498098850250246,
        0.3377730786800385,
        0.33873101472854616,
        0.33757381439208983,
        0.3522239585717519,
        0.33740267356236775,
        0.3361259996891022,
        0.3365178565184275
    ],