{
    "test_accuracy": 0.7,
    "test_f1": 0.696969696969697,
    "train_accuracy_history": [
        0.5,
        0.7333333333333333,
        0.8666666666666667,
        0.9,
        0.9333333333333333,
        0.9666666666666667,
        0.9666666666666667,
        0.9333333333333333,
        0.9666666666666667,
        0.9666666666666667,
        1.0,
        1.0,
        1.0,
        1.0,
        1.0,
        1.0,
        1.0,
        1.0,
        1.0,
        1.0,
        1.0,
        1.0,
        1.0,
        1.0,
        1.0,
        1.0,
        1.0,
        1.0,
        1.0,
        1.0,
        1.0,
        1.0,
        1.0,
        1.0,
        1.0,
        1.0,
        1.0,
        1.0,
        1.0,
        1.0,
        1.0,
        1.0,
        1.0,
        1.0,
        1.0,
        1.0,
        1.0,
        1.0,
        1.0,
        1.0,
        1.0,
        1.0,
        1.0,
        1.0,
        1.0,
        1.0,
        1.0,
        1.0,
        1.0,
        1.0,
        1.0,
        1.0,
        1.0,
        1.0,
        1.0,
        1.0,
        1.0,
        1.0,
        1.0,
        1.0,
        1.0,
        1.0,
        1.0,
        1.0,
        1.0,
        1.0,
        1.0,
        1.0,
        1.0,
        1.0,
        1.0,
        1.0,
        1.0,
        1.0,
        1.0,
        1.0,
        1.0,
        1.0,
        1.0,
        1.0,
        1.0,
        1.0,
        1.0,
        1.0,
        1.0,
        1.0,
        1.0,
        1.0,
        1.0,
        1.0
    ],
    "val_accuracy_history": [
        0.5,
        0.4,
        0.4,
        0.8,
        0.6,
        0.6,
        0.6,
        0.6,
        0.6,
        0.6,
        0.7,
        0.7,
        0.5,
        0.4,
        0.4,
        0.5,
        0.6,
        0.6,
        0.5,
        0.5,
        0.5,
        0.5,
        0.6,
        0.6,
        0.6,
        0.7,
        0.7,
        0.8,
        0.7,
        0.8,
        0.9,
        0.9,
        0.7,
        0.6,
        0.4,
        0.4,
        0.5,
        0.7,
        0.8,
        0.7,
        0.7,
        0.7,
        0.6,
        0.7,
        0.7,
        0.7,
        0.7,
        0.7,
        0.6,
        0.7,
        0.9,
        0.7,
        0.7,
        0.7,
        0.7,
        0.7,
        0.7,
        0.8,
        0.8,
        0.7,
        0.7,
        0.7,
        0.7,
        0.7,
        0.7,
        0.7,
        0.7,
        0.6,
        0.6,
        0.7,
        0.7,
        0.7,
        0.7,
        0.9,
        0.7,
        0.7,
        0.7,
        0.7,
        0.8,
        0.6,
        0.6,
        0.6,
        0.6,
        0.6,
        0.8,
        0.7,
        0.7,
        0.7,
        0.7,
        0.7,
        0.7,
        0.7,
        0.7,
        0.7,
        0.7,
        0.7,
        0.7,
        0.7,
        0.7,
        0.7
    ],
    "train_loss_history": [
        0.18763335148493449,
        0.13988089561462402,
        0.1197421262661616,
        0.09886438349882762,
        0.10715767542521158,
        0.06071730181574821,
        0.06092819993694623,
        0.04555326874057452,
        0.0248335267106692,
        0.022461294227590165,
        0.01613084611793359,
        0.010894112785657247,
        0.012200608445952336,
        0.007675869987967114,
        0.006466063794990381,
        0.004337191814556718,
        0.004269977053627372,
        0.004596605881427725,
        0.009925900508339207,
        0.003040869566029869,
        0.003804916834148268,
        0.0036707756225951016,
        0.0018113164696842432,
        0.007255862952054788,
        0.0028503550449386237,
        0.0031130659005915123,
        0.0026926654080549877,
        0.001643442343144367,
        0.0016383949298566828,
        0.001825479258938382,
        0.0009524383834407976,
        0.001103303391331186,
        0.0009630469469508777,
        0.0008344558766111732,
        0.0021326204703655096,
        0.0009463277354370802,
        0.0011806854037179923,
        0.0011881361211029192,
        0.000921800972961743,
        0.000787905914876319,
        0.00094932148931548,
        0.0006391902832547202,
        0.0005611224303720519,
        0.0005710728582926095,
        0.0005327482048111657,
        0.0006727889801065127,
        0.00046025409537833186,
        0.00039596931795434404,
        0.001415503517879794,
        0.0008762674411021483,
        0.0004522013909687909,
        0.0006970961010665632,
        0.0006215590309390488,
        0.0005940632739414772,
        0.0006539234658703208,
        0.00037952284668184196,
        0.0005502786351523052,
        0.0004357131663709879,
        0.00040017966045221935,
        0.00035821385487603646,
        0.0003536398830571367,
        0.00035890857398044316,
        0.00026146132052720834,
        0.0003499102807836607,
        0.00031845081296827025,
        0.0004761584299558308,
        0.00045256055940020207,
        0.0003193544997581436,
        0.0003966020594816655,
        0.00042838059016503394,
        0.000511933842790313,
        0.0004261094193983202,
        0.00031151783574993414,
        0.00032996414956869556,
        0.00026215235266136006,
        0.0002693381073186174,
        0.00024367333971895278,
        0.0002643081832502503,
        0.000241745263338089,
        0.0003100085242294881,
        0.00020956417526273678,
        0.00017756604308184857,
        0.00022792515713566293,
        0.0002425845759717049,
        0.00017553863872308285,
        0.00031524205648262676,
        0.00023194397629898352,
        0.0001988738835886276,
        0.00019212458719266578,
        0.0001606014300098953,
        0.00016967907237509886,
        0.00013723886610629658,
        0.0002545502586144721,
        0.0001376443324261345,
        0.00012310282327234744,
        0.00014962471226075044,
        0.00029364724044474616,
        0.00018563461538481836,
        0.00011223437735073579,
        0.0001858896578293449
    ],