{
    "test_accuracy": 0.4,
    "test_f1": 0.30113636363636365,
    "train_accuracy_history": [
        0.3,
        0.55,
        0.7,
        0.8333333333333334,
        0.85,
        0.9166666666666666,
        0.9333333333333333,
        0.9833333333333333,
        0.95,
        0.9666666666666667,
        0.9666666666666667,
        1.0,
        1.0,
        0.9666666666666667,
        0.9666666666666667,
        1.0,
        1.0,
        1.0,
        1.0,
        1.0,
        1.0,
        1.0,
        1.0,
        1.0,
        1.0,
        1.0,
        1.0,
        1.0,
        1.0,
        1.0,
        1.0,
        1.0,
        1.0,
        1.0,
        1.0,
        1.0,
        1.0,
        1.0,
        1.0,
        1.0,
        1.0,
        1.0,
        1.0,
        1.0,
        1.0,
        1.0,
        1.0,
        1.0,
        1.0,
        1.0,
        1.0,
        1.0,
        1.0,
        1.0,
        1.0,
        1.0,
        1.0,
        1.0,
        1.0,
        1.0,
        1.0,
        1.0,
        1.0,
        1.0,
        1.0,
        1.0,
        1.0,
        1.0,
        1.0,
        1.0,
        1.0,
        1.0,
        1.0,
        1.0,
        1.0,
        1.0,
        1.0,
        1.0,
        1.0,
        1.0,
        1.0,
        1.0,
        1.0,
        1.0,
        1.0,
        1.0,
        1.0,
        1.0,
        1.0,
        0.9833333333333333,
        0.95,
        0.95,
        0.9666666666666667,
        1.0,
        1.0,
        1.0,
        1.0,
        1.0,
        1.0,
        1.0
    ],
    "val_accuracy_history": [
        0.25,
        0.25,
        0.25,
        0.25,
        0.25,
        0.2,
        0.35,
        0.25,
        0.25,
        0.25,
        0.2,
        0.25,
        0.3,
        0.3,
        0.25,
        0.25,
        0.3,
        0.25,
        0.25,
        0.45,
        0.3,
        0.35,
        0.3,
        0.4,
        0.35,
        0.45,
        0.3,
        0.25,
        0.3,
        0.35,
        0.4,
        0.35,
        0.25,
        0.25,
        0.4,
        0.4,
        0.3,
        0.45,
        0.5,
        0.45,
        0.35,
        0.35,
        0.25,
        0.3,
        0.4,
        0.5,
        0.5,
        0.5,
        0.35,
        0.35,
        0.35,
        0.5,
        0.45,
        0.35,
        0.45,
        0.5,
        0.4,
        0.35,
        0.35,
        0.35,
        0.35,
        0.35,
        0.35,
        0.4,
        0.35,
        0.4,
        0.4,
        0.35,
        0.35,
        0.4,
        0.4,
        0.35,
        0.45,
        0.35,
        0.35,
        0.4,
        0.35,
        0.35,
        0.45,
        0.35,
        0.35,
        0.35,
        0.35,
        0.35,
        0.5,
        0.25,
        0.35,
        0.35,
        0.3,
        0.25,
        0.25,
        0.2,
        0.2,
        0.3,
        0.25,
        0.25,
        0.2,
        0.25,
        0.25,
        0.35
    ],
    "train_loss_history": [
        0.37087655464808145,
        0.315048411488533,
        0.23717611531416574,
        0.1631988008817037,
        0.14299970517555874,
        0.11015860016147296,
        0.12012209271391233,
        0.0732923686504364,
        0.05208827139188846,
        0.050008658009270825,
        0.04835444496323665,
        0.029082924003402393,
        0.023757895920425653,
        0.029361400039245686,
        0.030269311275333166,
        0.01589973784672717,
        0.014279801615824301,
        0.01477278849730889,
        0.010252053135385115,
        0.01115906162109847,
        0.007512469830301901,
        0.005773238484592488,
        0.006349728065348851,
        0.005971339523481826,
        0.003616175629819433,
        0.004352789424592629,
        0.004271470615640283,
        0.005606995094179486,
        0.0038537702251536152,
        0.003530491259880364,
        0.0029525713218996924,
        0.0020814885404737047,
        0.0032328902607938895,
        0.0024499255038487413,
        0.0028626178915146737,
        0.0019569089849634717,
        0.0018762299849186092,
        0.00210868893773295,
        0.0014930051906655232,
        0.0015814366362368068,
        0.001713970130852734,
        0.0015168456448009238,
        0.0015645822839966664,
        0.0013975121454374553,
        0.001243824608294138,
        0.001009483719826676,
        0.0010196030838415028,
        0.0009351283748401329,
        0.0006302898536281039,
        0.0006608949542472449,
        0.0005937933429474167,
        0.0005140549406254043,
        0.0005012611053340758,
        0.0005902289847047844,
        0.0003549438037831957,
        0.0004623004747069596,
        0.0005043806411170711,
        0.00035677591367857533,
        0.0004940497739880812,
        0.0003123287412260349,
        0.0006601935000314067,
        0.00034286212612641973,
        0.00038195950837689453,
        0.00044003820245658667,
        0.00031093020831273556,
        0.0004385175484154994,
        0.0002848603236391985,
        0.0002984139219430896,
        0.0002378235820894285,
        0.00025068230327936664,
        0.00024577259234016916,
        0.00019080417235575926,
        0.0003673321691167075,
        0.00023834060915154016,
        0.00024206812765138844,
        0.00012595545279812844,
        0.00020658211809253165,
        0.00013140773698978593,
        0.0001616281368721199,
        0.00013108830850493784,
        0.0002131530329885815,
        0.00015268119095708245,
        0.00015109995741416544,
        0.0005547323145340973,
        0.0006526648927926241,
        0.0006531262568993649,
        0.003752358990702002,
        0.002889882782862211,
        0.00751277642751423,
        0.022166356327943504,
        0.026228455655897657,
        0.03467868839701017,
        0.016754914602885643,
        0.013572945181901256,
        0.003298145579174161,
        0.004145245508213217,
        0.00205073606048245,
        0.0021258495486108585,
        0.0025066868324453632,
        0.0021224597895828385
    ],