{
    "test_accuracy": 0.7,
    "test_f1": 0.696969696969697,
    "train_accuracy_history": [
        0.6,
        0.8666666666666667,
        0.9666666666666667,
        0.9666666666666667,
        0.9666666666666667,
        1.0,
        1.0,
        1.0,
        1.0,
        1.0,
        1.0,
        1.0,
        1.0,
        1.0,
        1.0,
        1.0,
        1.0,
        1.0,
        1.0,
        1.0,
        1.0,
        1.0,
        1.0,
        1.0,
        1.0,
        1.0,
        1.0,
        1.0,
        1.0,
        1.0,
        1.0,
        1.0,
        1.0,
        1.0,
        1.0,
        1.0,
        1.0,
        1.0,
        1.0,
        1.0,
        1.0,
        1.0,
        1.0,
        1.0,
        1.0,
        1.0,
        1.0,
        1.0,
        1.0,
        1.0,
        1.0,
        1.0,
        1.0,
        1.0,
        1.0,
        1.0,
        1.0,
        1.0,
        1.0,
        1.0,
        1.0,
        1.0,
        1.0,
        1.0,
        1.0,
        1.0,
        1.0,
        1.0,
        1.0,
        1.0,
        1.0,
        1.0,
        1.0,
        1.0,
        1.0,
        1.0,
        1.0,
        1.0,
        1.0,
        1.0,
        1.0,
        1.0,
        1.0,
        1.0,
        1.0,
        1.0,
        1.0,
        1.0,
        1.0,
        1.0,
        1.0,
        1.0,
        1.0,
        1.0,
        1.0,
        1.0,
        1.0,
        1.0,
        1.0,
        1.0
    ],
    "val_accuracy_history": [
        0.5,
        0.5,
        0.5,
        0.5,
        0.5,
        0.5,
        0.5,
        0.5,
        0.5,
        0.5,
        0.5,
        0.5,
        0.6,
        0.6,
        0.6,
        0.6,
        0.5,
        0.5,
        0.6,
        0.9,
        0.9,
        0.9,
        0.8,
        0.7,
        0.9,
        0.7,
        0.9,
        0.8,
        0.9,
        0.9,
        0.5,
        0.5,
        0.5,
        0.5,
        0.5,
        0.5,
        0.6,
        0.6,
        0.6,
        0.8,
        0.9,
        0.9,
        0.9,
        0.9,
        0.9,
        0.9,
        0.9,
        0.7,
        0.7,
        0.9,
        0.5,
        0.6,
        0.9,
        0.6,
        0.7,
        0.8,
        0.9,
        0.8,
        0.9,
        0.9,
        0.9,
        0.9,
        0.9,
        0.8,
        0.7,
        0.9,
        0.9,
        0.8,
        0.9,
        0.9,
        1.0,
        1.0,
        1.0,
        1.0,
        0.9,
        0.9,
        0.9,
        0.9,
        0.9,
        1.0,
        1.0,
        1.0,
        0.9,
        0.9,
        0.9,
        0.9,
        0.9,
        0.9,
        0.9,
        0.9,
        0.9,
        0.9,
        0.9,
        0.9,
        1.0,
        1.0,
        1.0,
        1.0,
        1.0,
        1.0
    ],
    "train_loss_history": [
        0.1803422768910726,
        0.093326352785031,
        0.06448483392596245,
        0.07884717447062334,
        0.042346880150338016,
        0.037479976564645766,
        0.010841464499632518,
        0.009719083302964766,
        0.008431646755586069,
        0.011450476851314307,
        0.006443744928886493,
        0.005410422602047523,
        0.004436476916695634,
        0.0018133255497862896,
        0.0018398936566275854,
        0.003815354670708378,
        0.0025223405294430754,
        0.0013487338515308996,
        0.0010073467157781125,
        0.0009271368597789357,
        0.0009848147359055777,
        0.0009614111535483971,
        0.0012238417480451365,
        0.0009654340373041729,
        0.0010012901834367464,
        0.0011211755607898036,
        0.001011782464532492,
        0.0007723754116644462,
        0.0023568666433372225,
        0.0007612395915202796,
        0.0008139260491589085,
        0.0005085256387246772,
        0.0005693576492679616,
        0.0007282797087100334,
        0.00036494828527793287,
        0.00025391231562631823,
        0.00032321969216961104,
        0.0018671920173801483,
        0.00030189553508535026,
        0.00030911878129700197,
        0.00030564554957284904,
        0.00035145879082847386,
        0.0003781664107615749,
        0.00024753703425327934,
        0.000286593801380756,
        0.00022146376480426018,
        0.0004102353452860067,
        0.00024258503399323672,
        0.00041939970057380073,
        0.001497398180072196,
        0.00026626901720495276,
        0.001066421830910258,
        0.00025163428484423396,
        0.000288163882214576,
        0.00020007164615284032,
        0.00012537055493642887,
        0.000186199071079803,
        0.00015842761107099553,
        0.00013968438919012744,
        9.442303974841101e-05,
        0.00015836304034261655,
        0.00010931029658725796,
        0.00036572640577408797,
        0.00023796397921008368,
        9.938740234550399e-05,
        7.933336746646091e-05,
        0.0002489068826738124,
        0.00010331703912621984,
        0.0001189279995742254,
        0.0001261392855667509,
        0.00010545950596376011,
        9.279545532384267e-05,
        0.00010251423276107138,
        0.00019251977476718215,
        0.00012198116504199182,
        0.0001767545155113718,
        0.0001376132766987818,
        0.0002684365047268026,
        0.0001200372649085087,
        0.00024423080819057453,
        0.00012904330669698537,
        9.834154843701981e-05,
        0.00011703712152666412,
        0.0002981072715556365,
        8.310287812491879e-05,
        5.8742015547371314e-05,
        0.00010339313400133202,
        7.858553629678985e-05,
        6.068316118520064e-05,
        6.148557367851027e-05,
        0.00019987864022065575,
        0.0001331498592965848,
        9.82364171553248e-05,
        8.33539157611085e-05,
        4.1248093596853624e-05,
        3.998460691339763e-05,
        8.787643625206935e-05,
        4.9126252300387326e-05,
        4.6941138255836755e-05,
        8.134763011184987e-05
    ],