{
    "test_accuracy": 0.9,
    "test_f1": 0.8901098901098901,
    "train_accuracy_history": [
        0.6666666666666666,
        0.9,
        0.9666666666666667,
        0.9666666666666667,
        0.9666666666666667,
        0.9666666666666667,
        0.9666666666666667,
        0.9666666666666667,
        0.9666666666666667,
        1.0,
        1.0,
        1.0,
        1.0,
        1.0,
        1.0,
        1.0,
        1.0,
        1.0,
        1.0,
        1.0,
        1.0,
        1.0,
        1.0,
        1.0,
        1.0,
        1.0,
        1.0,
        1.0,
        1.0,
        1.0,
        1.0,
        1.0,
        1.0,
        1.0,
        1.0,
        1.0,
        1.0,
        1.0,
        1.0,
        1.0,
        1.0,
        1.0,
        1.0,
        1.0,
        1.0,
        1.0,
        1.0,
        1.0,
        1.0,
        1.0,
        1.0,
        1.0,
        1.0,
        1.0,
        1.0,
        1.0,
        1.0,
        1.0,
        1.0,
        1.0,
        1.0,
        1.0,
        1.0,
        1.0,
        1.0,
        1.0,
        1.0,
        1.0,
        1.0,
        1.0,
        1.0,
        1.0,
        1.0,
        1.0,
        1.0,
        1.0,
        1.0,
        1.0,
        1.0,
        1.0,
        1.0,
        1.0,
        1.0,
        1.0,
        1.0,
        1.0,
        1.0,
        1.0,
        1.0,
        1.0,
        1.0,
        1.0,
        1.0,
        1.0,
        1.0,
        1.0,
        1.0,
        1.0,
        1.0,
        1.0
    ],
    "val_accuracy_history": [
        0.4,
        0.4,
        0.4,
        0.4,
        0.4,
        0.4,
        0.5,
        0.4,
        0.4,
        0.4,
        0.4,
        0.4,
        0.4,
        0.4,
        0.4,
        0.4,
        0.4,
        0.4,
        0.4,
        0.4,
        0.4,
        0.5,
        0.4,
        0.5,
        0.8,
        0.8,
        0.6,
        0.6,
        0.6,
        0.6,
        0.8,
        0.7,
        0.6,
        0.6,
        0.5,
        0.7,
        0.8,
        0.7,
        0.8,
        0.8,
        0.6,
        0.7,
        0.7,
        0.8,
        0.7,
        0.9,
        0.6,
        0.6,
        0.8,
        0.7,
        0.6,
        0.8,
        0.8,
        0.8,
        0.8,
        0.8,
        0.8,
        0.8,
        0.7,
        0.7,
        0.8,
        0.8,
        0.6,
        0.6,
        0.6,
        0.8,
        0.6,
        0.6,
        0.8,
        0.7,
        0.7,
        0.7,
        0.8,
        0.8,
        0.9,
        0.7,
        0.8,
        0.8,
        0.7,
        0.6,
        0.6,
        0.7,
        0.8,
        0.8,
        0.7,
        0.8,
        0.8,
        0.8,
        0.8,
        0.6,
        0.8,
        0.7,
        0.8,
        0.8,
        0.8,
        0.8,
        0.8,
        0.8,
        0.6,
        0.7
    ],
    "train_loss_history": [
        0.14722674588362375,
        0.10595190872748693,
        0.08027830223242442,
        0.07658779794971148,
        0.0632733109096686,
        0.050877778232097624,
        0.035541120419899624,
        0.029327039110163846,
        0.024373178804914155,
        0.025716626395781834,
        0.01403894368559122,
        0.019315825899442036,
        0.009902875404804945,
        0.007539685567220052,
        0.010594822512939573,
        0.006060967113201817,
        0.006113130630304416,
        0.004614106519147754,
        0.004132155003026128,
        0.003851522939900557,
        0.0029573251958936453,
        0.0030583582663287717,
        0.003089362941682339,
        0.002368286803054313,
        0.0039681100829814875,
        0.0023167730774730443,
        0.0018765804745877782,
        0.0022830513732818264,
        0.002323494013398886,
        0.0014806923689320683,
        0.0015911176335066557,
        0.0013129920853922764,
        0.0014005215023644268,
        0.0025818301442389687,
        0.0014287417482895155,
        0.001005772912564377,
        0.0010967593130772001,
        0.0015961682191118598,
        0.0007949553740521272,
        0.0008172316631923119,
        0.0011274361750110984,
        0.0008784889107725272,
        0.0010262478647443155,
        0.0005632633032898108,
        0.0005672478466294706,
        0.0010313822732617459,
        0.0014917178195901215,
        0.0010645771767788877,
        0.0007301424824011823,
        0.0005813362639552603,
        0.0006308688413506994,
        0.0005119253027563293,
        0.0005449515796499327,
        0.0003450250767248993,
        0.0006972225829182814,
        0.00064552315355589,
        0.0006051333790916639,
        0.00028841078747063873,
        0.0007368448248598724,
        0.0006190043267755148,
        0.00034124372468795626,
        0.0004400092215898136,
        0.0003715246527766188,
        0.0003742232647103568,
        0.0003907707655647149,
        0.00041887917129012443,
        0.000500644671653087,
        0.00039012789881477753,
        0.00037070852510320644,
        0.0003734945911370839,
        0.0003299202527462815,
        0.0003590671607526019,
        0.0005872394394828007,
        0.0002425410571352889,
        0.0010358240591206898,
        0.00047917866225664815,
        0.00025218009347251306,
        0.0001800670526184452,
        0.00023252677492564545,
        0.00023412298057034301,
        0.0002289394139855479,
        0.0002186628970472763,
        0.00026411078579258174,
        0.00023825004367002597,
        0.00033145365014206616,
        0.00038565971869199226,
        0.0002778200995332251,
        0.00021875452269644788,
        0.0003558204116416164,
        0.0001978117201360874,
        0.00023072960417872915,
        0.0003762041014852002,
        0.00022767084980538735,
        0.00017001586408393147,
        0.00024357698542492773,
        0.0002119588427982914,
        0.00012191965215606615,
        0.00019415618371567688,
        0.00015147950374133263,
        0.00020360584458103403
    ],