{
    "test_accuracy": 0.4,
    "test_f1": 0.319078947368421,
    "train_accuracy_history": [
        0.2833333333333333,
        0.16666666666666666,
        0.2833333333333333,
        0.26666666666666666,
        0.31666666666666665,
        0.38333333333333336,
        0.3333333333333333,
        0.43333333333333335,
        0.5333333333333333,
        0.55,
        0.6166666666666667,
        0.6333333333333333,
        0.7,
        0.75,
        0.8166666666666667,
        0.7,
        0.8166666666666667,
        0.85,
        0.8,
        0.8666666666666667,
        0.8166666666666667,
        0.8166666666666667,
        0.8333333333333334,
        0.8833333333333333,
        0.8666666666666667,
        0.9,
        0.9166666666666666,
        0.9,
        0.8833333333333333,
        0.95,
        0.9333333333333333,
        0.95,
        0.9833333333333333,
        1.0,
        1.0,
        1.0,
        1.0,
        0.9833333333333333,
        1.0,
        0.9833333333333333,
        1.0,
        1.0,
        1.0,
        1.0,
        1.0,
        0.9833333333333333,
        1.0,
        1.0,
        1.0,
        1.0,
        1.0,
        1.0,
        1.0,
        1.0,
        1.0,
        1.0,
        1.0,
        1.0,
        1.0,
        1.0,
        1.0,
        1.0,
        1.0,
        1.0,
        1.0,
        1.0,
        1.0,
        1.0,
        1.0,
        1.0,
        1.0,
        1.0,
        1.0,
        1.0,
        1.0,
        1.0,
        1.0,
        1.0,
        1.0,
        1.0,
        1.0,
        1.0,
        1.0,
        1.0,
        1.0,
        1.0,
        1.0,
        1.0,
        1.0,
        1.0,
        1.0,
        1.0,
        1.0,
        1.0,
        1.0,
        1.0,
        1.0,
        1.0,
        1.0,
        1.0
    ],
    "val_accuracy_history": [
        0.25,
        0.25,
        0.2,
        0.2,
        0.2,
        0.2,
        0.25,
        0.3,
        0.25,
        0.25,
        0.25,
        0.25,
        0.25,
        0.3,
        0.3,
        0.3,
        0.2,
        0.25,
        0.45,
        0.25,
        0.25,
        0.25,
        0.35,
        0.25,
        0.3,
        0.3,
        0.4,
        0.3,
        0.5,
        0.35,
        0.25,
        0.25,
        0.25,
        0.3,
        0.25,
        0.35,
        0.35,
        0.25,
        0.25,
        0.3,
        0.35,
        0.3,
        0.4,
        0.3,
        0.6,
        0.4,
        0.25,
        0.2,
        0.6,
        0.3,
        0.3,
        0.5,
        0.25,
        0.25,
        0.25,
        0.25,
        0.25,
        0.25,
        0.25,
        0.35,
        0.25,
        0.25,
        0.55,
        0.2,
        0.25,
        0.25,
        0.25,
        0.2,
        0.3,
        0.25,
        0.25,
        0.25,
        0.25,
        0.5,
        0.25,
        0.5,
        0.6,
        0.4,
        0.5,
        0.25,
        0.4,
        0.45,
        0.4,
        0.3,
        0.55,
        0.2,
        0.25,
        0.25,
        0.25,
        0.2,
        0.55,
        0.5,
        0.6,
        0.2,
        0.6,
        0.45,
        0.55,
        0.5,
        0.55,
        0.2
    ],
    "train_loss_history": [
        0.35360111395517985,
        0.3481688559055328,
        0.3462362090746562,
        0.3372449457645416,
        0.3342656672000885,
        0.32038339575131736,
        0.3014424592256546,
        0.2908801426490148,
        0.27903985778490703,
        0.25549962421258293,
        0.25640455782413485,
        0.2518372635046641,
        0.22576968471209208,
        0.2052152544260025,
        0.1804536412159602,
        0.1776527022322019,
        0.16095710198084515,
        0.15316286832094192,
        0.1503819892803828,
        0.13799035598834355,
        0.13251165101925533,
        0.12633379846811293,
        0.1267816387116909,
        0.12071102634072303,
        0.10236371085047721,
        0.09891918475429216,
        0.09334025209148725,
        0.10439930222928524,
        0.09599243352810542,
        0.0778740598509709,
        0.08245273604989052,
        0.0713762222478787,
        0.056542121122280756,
        0.05198913005491098,
        0.04350486968954404,
        0.03777541145682335,
        0.03266434793670972,
        0.03634689332296451,
        0.029848943712810674,
        0.031006747856736183,
        0.021518825180828573,
        0.017523658555001022,
        0.01760564853126804,
        0.017313033839066825,
        0.013898801741500695,
        0.018975976606210074,
        0.016451908259962997,
        0.014125650950397054,
        0.010122348833829165,
        0.012010632827877999,
        0.010586381719137231,
        0.014196228887885808,
        0.011041628352055946,
        0.009198640814671914,
        0.00762709501820306,
        0.0074862098166098194,
        0.007107642005818585,
        0.008141638059169055,
        0.006766159374577304,
        0.005434651292550067,
        0.007470839160184066,
        0.0051672304359575115,
        0.004507087008096278,
        0.005074070366875579,
        0.004963417172742387,
        0.005143799279661228,
        0.005336126902451118,
        0.003977694036439061,
        0.004131113838714858,
        0.0038406343897804617,
        0.004374823556281627,
        0.003878544414571176,
        0.00306428381591104,
        0.0037309949208671847,
        0.002825898948746423,
        0.0033494525938294827,
        0.0029620603037377197,
        0.0028865741216577588,
        0.002709645234669248,
        0.0024239585696098705,
        0.0024456332243668537,
        0.003990513082438459,
        0.0027505194399661073,
        0.002234959796381493,
        0.001975226371238629,
        0.0018377982817279796,
        0.0029914434844007095,
        0.0026739765618306894,
        0.001779916094771276,
        0.0022599368744219343,
        0.0021256202288592856,
        0.001660044693077604,
        0.0017703843923906485,
        0.00145128492731601,
        0.0016371375483383115,
        0.0015426152191745739,
        0.0016729754512198268,
        0.0018889285779247682,
        0.0019108687178231777,
        0.0018756231487107773
    ],