{
    "test_accuracy": 0.4,
    "test_f1": 0.27499999999999997,
    "train_accuracy_history": [
        0.28888888888888886,
        0.4666666666666667,
        0.5777777777777777,
        0.6444444444444445,
        0.8,
        0.7777777777777778,
        0.8444444444444444,
        0.9333333333333333,
        0.8666666666666667,
        0.9555555555555556,
        1.0,
        0.9777777777777777,
        1.0,
        1.0,
        1.0,
        1.0,
        1.0,
        1.0,
        1.0,
        1.0,
        1.0,
        1.0,
        1.0,
        1.0,
        1.0,
        1.0,
        1.0,
        1.0,
        1.0,
        1.0,
        1.0,
        1.0,
        1.0,
        1.0,
        1.0,
        1.0,
        1.0,
        1.0,
        1.0,
        1.0,
        1.0,
        1.0,
        1.0,
        1.0,
        1.0,
        1.0,
        1.0,
        1.0,
        1.0,
        1.0,
        1.0,
        1.0,
        1.0,
        1.0,
        1.0,
        1.0,
        1.0,
        1.0,
        1.0,
        1.0,
        1.0,
        1.0,
        1.0,
        1.0,
        1.0,
        1.0,
        1.0,
        1.0,
        1.0,
        1.0,
        1.0,
        1.0,
        1.0,
        1.0,
        1.0,
        1.0,
        1.0,
        1.0,
        1.0,
        1.0,
        1.0,
        1.0,
        1.0,
        1.0,
        1.0,
        1.0,
        1.0,
        1.0,
        1.0,
        1.0,
        1.0,
        1.0,
        1.0,
        1.0,
        1.0,
        1.0,
        1.0,
        1.0,
        1.0,
        1.0
    ],
    "val_accuracy_history": [
        0.3333333333333333,
        0.3333333333333333,
        0.3333333333333333,
        0.3333333333333333,
        0.3333333333333333,
        0.3333333333333333,
        0.3333333333333333,
        0.4666666666666667,
        0.3333333333333333,
        0.3333333333333333,
        0.26666666666666666,
        0.3333333333333333,
        0.4,
        0.26666666666666666,
        0.26666666666666666,
        0.4,
        0.4,
        0.4,
        0.3333333333333333,
        0.26666666666666666,
        0.3333333333333333,
        0.4,
        0.3333333333333333,
        0.26666666666666666,
        0.3333333333333333,
        0.3333333333333333,
        0.3333333333333333,
        0.3333333333333333,
        0.3333333333333333,
        0.3333333333333333,
        0.3333333333333333,
        0.4666666666666667,
        0.26666666666666666,
        0.3333333333333333,
        0.3333333333333333,
        0.4,
        0.4,
        0.4,
        0.3333333333333333,
        0.3333333333333333,
        0.3333333333333333,
        0.3333333333333333,
        0.3333333333333333,
        0.3333333333333333,
        0.3333333333333333,
        0.3333333333333333,
        0.4,
        0.3333333333333333,
        0.4666666666666667,
        0.2,
        0.4,
        0.3333333333333333,
        0.4666666666666667,
        0.3333333333333333,
        0.3333333333333333,
        0.3333333333333333,
        0.3333333333333333,
        0.4,
        0.3333333333333333,
        0.3333333333333333,
        0.3333333333333333,
        0.3333333333333333,
        0.4,
        0.3333333333333333,
        0.3333333333333333,
        0.26666666666666666,
        0.4666666666666667,
        0.4666666666666667,
        0.4,
        0.4666666666666667,
        0.2,
        0.4,
        0.26666666666666666,
        0.26666666666666666,
        0.3333333333333333,
        0.3333333333333333,
        0.3333333333333333,
        0.4666666666666667,
        0.26666666666666666,
        0.3333333333333333,
        0.4,
        0.3333333333333333,
        0.3333333333333333,
        0.3333333333333333,
        0.3333333333333333,
        0.4,
        0.4,
        0.4666666666666667,
        0.13333333333333333,
        0.26666666666666666,
        0.3333333333333333,
        0.4,
        0.2,
        0.26666666666666666,
        0.2,
        0.3333333333333333,
        0.3333333333333333,
        0.3333333333333333,
        0.4,
        0.4
    ],
    "train_loss_history": [
        0.30671108033921984,
        0.27984279261695016,
        0.2521575424406264,
        0.22282642192310756,
        0.1951551702287462,
        0.18206453455819024,
        0.1556478672557407,
        0.12839879658487108,
        0.12130881283018324,
        0.10528681774934133,
        0.07966374390655094,
        0.07502561807632446,
        0.06568717294269139,
        0.0541542175743315,
        0.05107788095871608,
        0.049527551233768466,
        0.03786216394768821,
        0.03219024166464805,
        0.028528604242536757,
        0.026617131878932318,
        0.020480467710230085,
        0.018670522256029977,
        0.017995245837503008,
        0.016434651778803933,
        0.013481417629453872,
        0.013385228191812834,
        0.01278949665526549,
        0.012556992057296965,
        0.011919350425402323,
        0.009147503351171812,
        0.00892734161267678,
        0.008164733089506626,
        0.006956601391235987,
        0.007490140592886342,
        0.006786058098077774,
        0.005766080309533411,
        0.005032782732612557,
        0.0055640034170614345,
        0.005004293140437868,
        0.004628998537858327,
        0.004831868948207961,
        0.004754005289740033,
        0.004337448647452725,
        0.004164896698461639,
        0.004258599856661426,
        0.003830241184267733,
        0.0034438634601732096,
        0.0038296885581480134,
        0.002980810445215967,
        0.002958177806188663,
        0.002584470208320353,
        0.0026627481190694704,
        0.0024798188048104444,
        0.002640567274971141,
        0.002569632801330752,
        0.0025427243982752163,
        0.002168517590810855,
        0.0021512699209981496,
        0.0018323625800096327,
        0.0018968388231264221,
        0.0017891808050788111,
        0.001709847038404809,
        0.0019925519927508303,
        0.0020816785593827567,
        0.0018588240724056958,
        0.0017597754330684742,
        0.001618027500808239,
        0.001544327506174644,
        0.0015331581157321732,
        0.0014771691626972623,
        0.001527544017881155,
        0.0014079594570729468,
        0.0011851399516065915,
        0.0012210608020217883,
        0.0014415037404331896,
        0.001192985526803467,
        0.0013170215145995219,
        0.0011864714634915194,
        0.0011607221224241787,
        0.0012297384440898896,
        0.0010744911515050465,
        0.0012323009315878153,
        0.0009983484038255282,
        0.0009241014615529113,
        0.0010152557606084478,
        0.0009596365633317166,
        0.0010715654844211209,
        0.0009784327095581425,
        0.0009258054145094421,
        0.0008992997360312276,
        0.000832325217521025,
        0.0007922935299575328,
        0.0007759583053282566,
        0.0008384059442000256,
        0.0008755470626056194,
        0.0007687699489502443,
        0.0007919348440029555,
        0.000760289279019667,
        0.0007138507207855582,
        0.0008330841290040148
    ],