{
    "test_accuracy": 0.4,
    "test_f1": 0.32222222222222224,
    "train_accuracy_history": [
        0.23333333333333334,
        0.6,
        0.75,
        0.85,
        0.95,
        0.9833333333333333,
        1.0,
        0.9833333333333333,
        0.9833333333333333,
        0.9833333333333333,
        1.0,
        0.9833333333333333,
        1.0,
        1.0,
        0.9833333333333333,
        0.9666666666666667,
        1.0,
        1.0,
        0.9833333333333333,
        0.9833333333333333,
        1.0,
        1.0,
        1.0,
        1.0,
        1.0,
        1.0,
        1.0,
        1.0,
        1.0,
        1.0,
        1.0,
        1.0,
        1.0,
        1.0,
        1.0,
        1.0,
        1.0,
        1.0,
        1.0,
        1.0,
        1.0,
        1.0,
        1.0,
        1.0,
        1.0,
        1.0,
        1.0,
        1.0,
        1.0,
        1.0,
        1.0,
        1.0,
        1.0,
        1.0,
        1.0,
        1.0,
        1.0,
        1.0,
        1.0,
        1.0,
        1.0,
        1.0,
        1.0,
        1.0,
        1.0,
        1.0,
        1.0,
        1.0,
        1.0,
        1.0,
        1.0,
        1.0,
        1.0,
        1.0,
        1.0,
        1.0,
        1.0,
        1.0,
        1.0,
        1.0,
        1.0,
        1.0,
        1.0,
        1.0,
        1.0,
        1.0,
        1.0,
        1.0,
        1.0,
        1.0,
        1.0,
        1.0,
        1.0,
        1.0,
        1.0,
        1.0,
        1.0,
        1.0,
        1.0,
        1.0
    ],
    "val_accuracy_history": [
        0.25,
        0.3,
        0.2,
        0.35,
        0.3,
        0.3,
        0.3,
        0.3,
        0.4,
        0.3,
        0.35,
        0.3,
        0.3,
        0.25,
        0.25,
        0.25,
        0.35,
        0.3,
        0.35,
        0.2,
        0.35,
        0.4,
        0.25,
        0.65,
        0.6,
        0.6,
        0.4,
        0.6,
        0.5,
        0.45,
        0.45,
        0.45,
        0.5,
        0.55,
        0.6,
        0.6,
        0.55,
        0.55,
        0.5,
        0.55,
        0.55,
        0.6,
        0.65,
        0.5,
        0.55,
        0.55,
        0.55,
        0.65,
        0.6,
        0.55,
        0.55,
        0.55,
        0.55,
        0.55,
        0.55,
        0.5,
        0.5,
        0.55,
        0.5,
        0.5,
        0.55,
        0.5,
        0.55,
        0.55,
        0.55,
        0.55,
        0.55,
        0.55,
        0.55,
        0.55,
        0.55,
        0.55,
        0.55,
        0.55,
        0.55,
        0.55,
        0.55,
        0.55,
        0.55,
        0.55,
        0.55,
        0.55,
        0.55,
        0.55,
        0.55,
        0.6,
        0.55,
        0.55,
        0.65,
        0.6,
        0.65,
        0.6,
        0.6,
        0.6,
        0.65,
        0.65,
        0.65,
        0.6,
        0.65,
        0.65
    ],
    "train_loss_history": [
        0.40081755121548973,
        0.21100081205368043,
        0.13861558511853217,
        0.0952180748184522,
        0.05085780527442694,
        0.02308276230469346,
        0.018503271602094175,
        0.008952634618617594,
        0.023657133538896837,
        0.019396545617685963,
        0.00930967153981328,
        0.014006458323759336,
        0.005965617661907648,
        0.005701176833827049,
        0.007434093480696902,
        0.020070438868909454,
        0.013650320998082558,
        0.009350320802574667,
        0.012824835193653902,
        0.013979680977839356,
        0.0032434271832850452,
        0.0053441295623391245,
        0.000959974798024632,
        0.0009651845819462323,
        0.0016624298295937479,
        0.0005032892307402411,
        0.002047233963821782,
        0.0005468477007525508,
        0.00031675031071548196,
        0.00040583956736857846,
        0.0011179081244335975,
        0.00017833477419723447,
        0.00025478726529399865,
        0.00011636392070310345,
        0.00013713824573642343,
        8.202743010770064e-05,
        9.679227726640723e-05,
        0.00013969954446414097,
        0.0002614548443186019,
        0.00012994075659662486,
        6.733042488728339e-05,
        0.0002818777049469645,
        0.0007367312386728979,
        0.00013840253074401214,
        0.00012307045508350712,
        0.00010304196287809948,
        0.00011835534448133937,
        0.00023789339502400253,
        6.266059341821043e-05,
        5.548719230622131e-05,
        8.009655151302771e-05,
        8.708562845640699e-05,
        5.756269056291785e-05,
        3.760600848181639e-05,
        0.0004910439075198762,
        6.36593250722702e-05,
        4.932133991436179e-05,
        6.67989463787914e-05,
        0.00012040228017819269,
        4.405919950537888e-05,
        4.251191815759133e-05,
        6.651289709225239e-05,
        5.028099309735505e-05,
        7.342344242715626e-05,
        5.4852077573741555e-05,
        2.8373222282122394e-05,
        4.853761286843413e-05,
        3.1134836960215276e-05,
        2.8093377037900304e-05,
        2.883050753249942e-05,
        2.0111535953522737e-05,
        2.8712574142749266e-05,
        2.5753623094715295e-05,
        1.996150919391463e-05,
        2.268315253483403e-05,
        3.263282657523329e-05,
        4.0569465439451355e-05,
        4.46579811674989e-05,
        3.0281029709537202e-05,
        2.5750816287957908e-05,
        1.8718129831540863e-05,
        2.6648482344171497e-05,
        2.0978349433183514e-05,
        2.7321145019717126e-05,
        1.4915867996023736e-05,
        7.445643015368357e-05,
        0.0003217178804031088,
        2.646573099506592e-05,
        3.29835128771568e-05,
        4.231126983237724e-05,
        1.7511172639691116e-05,
        1.642022989472025e-05,
        4.774250886233252e-05,
        1.7668777612319294e-05,
        2.1690003783684612e-05,
        1.7169563185840768e-05,
        1.4120452745676932e-05,
        1.2492678100291718e-05,
        2.900026626472633e-05,
        1.5662230831973527e-05
    ],