{
    "test_accuracy": 0.25,
    "test_f1": 0.1,
    "train_accuracy_history": [
        0.3,
        0.21666666666666667,
        0.26666666666666666,
        0.15,
        0.25,
        0.21666666666666667,
        0.16666666666666666,
        0.21666666666666667,
        0.23333333333333334,
        0.21666666666666667,
        0.13333333333333333,
        0.21666666666666667,
        0.13333333333333333,
        0.25,
        0.18333333333333332,
        0.23333333333333334,
        0.26666666666666666,
        0.2,
        0.23333333333333334,
        0.25,
        0.25,
        0.16666666666666666,
        0.23333333333333334,
        0.25,
        0.2833333333333333,
        0.16666666666666666,
        0.23333333333333334,
        0.25,
        0.23333333333333334,
        0.23333333333333334,
        0.26666666666666666,
        0.21666666666666667,
        0.13333333333333333,
        0.13333333333333333,
        0.21666666666666667,
        0.21666666666666667,
        0.25,
        0.23333333333333334,
        0.2,
        0.23333333333333334,
        0.21666666666666667,
        0.25,
        0.2833333333333333,
        0.21666666666666667,
        0.23333333333333334,
        0.2833333333333333,
        0.2833333333333333,
        0.21666666666666667,
        0.25,
        0.21666666666666667,
        0.2,
        0.21666666666666667,
        0.16666666666666666,
        0.23333333333333334,
        0.25,
        0.2,
        0.23333333333333334,
        0.23333333333333334,
        0.21666666666666667,
        0.15,
        0.23333333333333334,
        0.16666666666666666,
        0.16666666666666666,
        0.23333333333333334,
        0.2,
        0.21666666666666667,
        0.2,
        0.15,
        0.21666666666666667,
        0.21666666666666667,
        0.16666666666666666,
        0.2,
        0.16666666666666666,
        0.16666666666666666,
        0.26666666666666666,
        0.25,
        0.2,
        0.2,
        0.15,
        0.2,
        0.23333333333333334,
        0.2,
        0.21666666666666667,
        0.18333333333333332,
        0.13333333333333333,
        0.2,
        0.16666666666666666,
        0.23333333333333334,
        0.25,
        0.16666666666666666,
        0.25,
        0.2,
        0.18333333333333332,
        0.25,
        0.21666666666666667,
        0.25,
        0.21666666666666667,
        0.25,
        0.23333333333333334,
        0.13333333333333333
    ],
    "val_accuracy_history": [
        0.25,
        0.25,
        0.25,
        0.25,
        0.25,
        0.25,
        0.25,
        0.25,
        0.25,
        0.25,
        0.25,
        0.25,
        0.25,
        0.25,
        0.25,
        0.25,
        0.25,
        0.25,
        0.25,
        0.25,
        0.25,
        0.25,
        0.25,
        0.25,
        0.25,
        0.25,
        0.25,
        0.25,
        0.25,
        0.25,
        0.25,
        0.25,
        0.25,
        0.25,
        0.25,
        0.25,
        0.25,
        0.25,
        0.25,
        0.25,
        0.25,
        0.25,
        0.25,
        0.2,
        0.25,
        0.35,
        0.25,
        0.25,
        0.25,
        0.25,
        0.25,
        0.25,
        0.25,
        0.25,
        0.25,
        0.25,
        0.25,
        0.25,
        0.25,
        0.25,
        0.25,
        0.25,
        0.25,
        0.25,
        0.25,
        0.25,
        0.25,
        0.25,
        0.25,
        0.25,
        0.25,
        0.25,
        0.25,
        0.25,
        0.25,
        0.25,
        0.25,
        0.25,
        0.2,
        0.25,
        0.25,
        0.25,
        0.25,
        0.25,
        0.25,
        0.25,
        0.25,
        0.25,
        0.25,
        0.25,
        0.25,
        0.25,
        0.2,
        0.25,
        0.25,
        0.25,
        0.25,
        0.25,
        0.25,
        0.25
    ],
    "train_loss_history": [
        0.45603671073913576,
        0.372194770971934,
        0.3646019121011098,
        0.35324952403704324,
        0.3559261997540792,
        0.3478550910949707,
        0.35314067602157595,
        0.35535645683606465,
        0.35109895865122476,
        0.35079001386960346,
        0.3518205245335897,
        0.3529118756453196,
        0.3577260434627533,
        0.3507933179537455,
        0.34974103371302284,
        0.3547820866107941,
        0.35233452121416725,
        0.3509217083454132,
        0.3557872672875722,
        0.35497897267341616,
        0.3474875251452128,
        0.3544218838214874,
        0.35571526487668353,
        0.34996424516042074,
        0.3533516804377238,
        0.3560412327448527,
        0.3481945077578227,
        0.3515712281068166,
        0.35749310851097105,
        0.35352863868077594,
        0.3518384257952372,
        0.35217900077501935,
        0.3546408176422119,
        0.3542857607205709,
        0.34963603218396505,
        0.3496447205543518,
        0.34969115058581035,
        0.34911890228589376,
        0.3518676201502482,
        0.3484289308389028,
        0.35223605831464133,
        0.35108937621116637,
        0.34775146245956423,
        0.348312109708786,
        0.35611091256141664,
        0.34938120444615683,
        0.3455552796522776,
        0.35677091479301454,
        0.35119006236394246,
        0.34933678309122723,
        0.34933091004689537,
        0.34763290087382,
        0.3509728213151296,
        0.3484117368857066,
        0.3500287175178528,
        0.3510482708613078,
        0.3476742088794708,
        0.3500397264957428,
        0.35227959156036376,
        0.35159968535105385,
        0.34963031808535255,
        0.3515641113122304,
        0.3501348157723745,
        0.34944384296735126,
        0.3481327434380849,
        0.3504434565703074,
        0.3501684804757436,
        0.35270729462305705,
        0.3493294318517049,
        0.34888594746589663,
        0.34949732820192975,
        0.3490584472815196,
        0.35138653914133705,
        0.3502095321814219,
        0.34783252676328025,
        0.35027056535085044,
        0.3497573733329773,
        0.350632240374883,
        0.3485794484615326,
        0.349492077032725,
        0.35160526633262634,
        0.34858213861783344,
        0.34895599683125816,
        0.35296167731285094,
        0.35354774792989097,
        0.3510030587514242,
        0.34951855142911276,
        0.3486149390538534,
        0.34861334959665935,
        0.3491538345813751,
        0.34777257442474363,
        0.3486602087815603,
        0.35057410796483357,
        0.3485909561316172,
        0.3488077421983083,
        0.3509282052516937,
        0.34906221032142637,
        0.348458864291509,
        0.34869301120440166,
        0.3494369308153788
    ],