{
    "test_accuracy": 0.6,
    "test_f1": 0.6,
    "train_accuracy_history": [
        0.43333333333333335,
        0.8,
        0.8333333333333334,
        0.8333333333333334,
        0.9333333333333333,
        0.9666666666666667,
        0.9333333333333333,
        0.9666666666666667,
        1.0,
        1.0,
        1.0,
        1.0,
        1.0,
        1.0,
        1.0,
        1.0,
        1.0,
        1.0,
        1.0,
        0.9666666666666667,
        1.0,
        1.0,
        1.0,
        1.0,
        1.0,
        1.0,
        1.0,
        1.0,
        1.0,
        1.0,
        1.0,
        1.0,
        1.0,
        1.0,
        1.0,
        1.0,
        1.0,
        1.0,
        1.0,
        1.0,
        1.0,
        1.0,
        1.0,
        1.0,
        1.0,
        1.0,
        1.0,
        1.0,
        1.0,
        1.0,
        1.0,
        1.0,
        1.0,
        1.0,
        1.0,
        1.0,
        1.0,
        1.0,
        1.0,
        1.0,
        1.0,
        1.0,
        1.0,
        1.0,
        1.0,
        1.0,
        1.0,
        1.0,
        1.0,
        1.0,
        1.0,
        1.0,
        1.0,
        1.0,
        1.0,
        1.0,
        1.0,
        1.0,
        1.0,
        1.0,
        1.0,
        1.0,
        1.0,
        1.0,
        1.0,
        1.0,
        1.0,
        1.0,
        1.0,
        1.0,
        1.0,
        1.0,
        1.0,
        1.0,
        1.0,
        1.0,
        1.0,
        1.0,
        1.0,
        1.0
    ],
    "val_accuracy_history": [
        0.6,
        0.6,
        0.6,
        0.6,
        0.6,
        0.6,
        0.6,
        0.7,
        0.4,
        0.4,
        0.4,
        0.7,
        0.6,
        0.6,
        0.6,
        0.4,
        0.4,
        0.4,
        0.4,
        0.4,
        0.6,
        0.6,
        0.5,
        0.6,
        0.6,
        0.4,
        0.4,
        0.5,
        0.6,
        0.4,
        0.4,
        0.4,
        0.7,
        0.6,
        0.6,
        0.6,
        0.5,
        0.5,
        0.5,
        0.6,
        0.6,
        0.5,
        0.8,
        0.4,
        0.4,
        0.5,
        0.5,
        0.5,
        0.5,
        0.6,
        0.7,
        0.4,
        0.4,
        0.4,
        0.7,
        0.7,
        0.7,
        0.6,
        0.7,
        0.5,
        0.5,
        0.7,
        0.7,
        0.6,
        0.5,
        0.4,
        0.7,
        0.5,
        0.6,
        0.6,
        0.7,
        0.4,
        0.4,
        0.6,
        0.8,
        0.6,
        0.5,
        0.6,
        0.6,
        0.6,
        0.6,
        0.6,
        0.5,
        0.4,
        0.4,
        0.4,
        0.5,
        0.7,
        0.8,
        0.7,
        0.8,
        0.6,
        0.5,
        0.6,
        0.6,
        0.6,
        0.6,
        0.7,
        0.7,
        0.7
    ],
    "train_loss_history": [
        0.21437291900316874,
        0.1458551863829295,
        0.12275545299053192,
        0.10306505014499029,
        0.06954249292612076,
        0.052536847566564876,
        0.048086433112621306,
        0.04124816966553529,
        0.021309884016712508,
        0.01595927734548847,
        0.011188809977223475,
        0.008946144146223863,
        0.011534592291961113,
        0.008114950638264418,
        0.006863165491571029,
        0.007512905572851499,
        0.005102017568424344,
        0.004323005862534046,
        0.011390347763275107,
        0.023910481482744217,
        0.01620355782409509,
        0.010971481477220853,
        0.013777068629860879,
        0.006203036165485779,
        0.006025668613923093,
        0.0051370982080698015,
        0.004033703100867569,
        0.0064705358197291694,
        0.0041807699172447125,
        0.002460638084448874,
        0.0016870776424184441,
        0.0031435183327024182,
        0.0018067762876550356,
        0.001668483888109525,
        0.0017575778610383471,
        0.002199256474462648,
        0.0016254897501009205,
        0.0012403414817526936,
        0.0008721396676264703,
        0.0010130182839930058,
        0.0008261017171510806,
        0.0011547533620614558,
        0.0007598233448031048,
        0.0006461590043424318,
        0.0005160750268260017,
        0.000530100945616141,
        0.0006560241875073795,
        0.000545736994051064,
        0.0004737555088164906,
        0.0004021682922029868,
        0.0004978264216333628,
        0.00035665435182939594,
        0.00046209855427150617,
        0.0004484339081197201,
        0.00029478088254109025,
        0.00026998470008644896,
        0.00029616578370526744,
        0.00034133946701331297,
        0.00031957771473874647,
        0.00028169791694381273,
        0.0003918864579948907,
        0.0002871410077204928,
        0.000291083958290983,
        0.0002763072082113164,
        0.0003976171719841659,
        0.0001884566653946725,
        0.00020289674478893478,
        0.0002043404524253371,
        0.00030779546650592236,
        0.00022307724090448272,
        0.00019582643290050328,
        0.00025613421603338794,
        0.0001927629379982439,
        0.00021911766525590793,
        0.00025362365267938,
        0.00030944770502780254,
        0.0023096739561879074,
        0.00038449913651371993,
        0.0008370161755010486,
        0.004847591422731057,
        0.004800880983627091,
        0.0017120572893569866,
        0.001709903369192034,
        0.002373441991706689,
        0.0010175320979518194,
        0.000982554449001327,
        0.0006395161966793239,
        0.0005895485306003441,
        0.0005534169739500309,
        0.0004761251717961083,
        0.00038187389727681873,
        0.00038394522465144595,
        0.0003314289594224344,
        0.00029047443628466376,
        0.0003802114457357675,
        0.0002191369513942239,
        0.00019669005559990181,
        0.00022944550534399847,
        0.00021634510485455394,
        0.00018737198940167824
    ],