{
    "test_accuracy": 0.25,
    "test_f1": 0.1,
    "train_accuracy_history": [
        0.26666666666666666,
        0.2833333333333333,
        0.35,
        0.16666666666666666,
        0.35,
        0.5,
        0.55,
        0.55,
        0.7,
        0.7166666666666667,
        0.7166666666666667,
        0.75,
        0.6833333333333333,
        0.85,
        0.9,
        0.9,
        0.8166666666666667,
        0.9333333333333333,
        0.95,
        0.95,
        0.9833333333333333,
        0.9833333333333333,
        1.0,
        1.0,
        1.0,
        1.0,
        1.0,
        1.0,
        1.0,
        1.0,
        1.0,
        1.0,
        1.0,
        1.0,
        1.0,
        1.0,
        0.9666666666666667,
        1.0,
        1.0,
        1.0,
        1.0,
        1.0,
        1.0,
        1.0,
        1.0,
        1.0,
        1.0,
        1.0,
        1.0,
        1.0,
        1.0,
        1.0,
        1.0,
        1.0,
        1.0,
        1.0,
        1.0,
        1.0,
        1.0,
        1.0,
        1.0,
        1.0,
        1.0,
        1.0,
        1.0,
        1.0,
        1.0,
        1.0,
        1.0,
        1.0,
        1.0,
        1.0,
        1.0,
        1.0,
        1.0,
        1.0,
        1.0,
        1.0,
        1.0,
        1.0,
        1.0,
        1.0,
        1.0,
        1.0,
        1.0,
        1.0,
        1.0,
        1.0,
        1.0,
        1.0,
        1.0,
        1.0,
        1.0,
        1.0,
        1.0,
        1.0,
        1.0,
        1.0,
        1.0,
        1.0
    ],
    "val_accuracy_history": [
        0.25,
        0.25,
        0.25,
        0.25,
        0.25,
        0.25,
        0.25,
        0.25,
        0.3,
        0.2,
        0.25,
        0.15,
        0.3,
        0.3,
        0.25,
        0.3,
        0.3,
        0.25,
        0.3,
        0.3,
        0.3,
        0.25,
        0.3,
        0.3,
        0.25,
        0.3,
        0.3,
        0.3,
        0.3,
        0.25,
        0.3,
        0.3,
        0.3,
        0.3,
        0.3,
        0.25,
        0.3,
        0.25,
        0.3,
        0.3,
        0.3,
        0.3,
        0.3,
        0.3,
        0.3,
        0.3,
        0.3,
        0.3,
        0.3,
        0.3,
        0.3,
        0.3,
        0.3,
        0.3,
        0.35,
        0.35,
        0.3,
        0.35,
        0.35,
        0.35,
        0.35,
        0.35,
        0.35,
        0.35,
        0.3,
        0.35,
        0.3,
        0.3,
        0.35,
        0.3,
        0.35,
        0.35,
        0.35,
        0.35,
        0.35,
        0.35,
        0.35,
        0.35,
        0.35,
        0.35,
        0.35,
        0.35,
        0.35,
        0.35,
        0.3,
        0.3,
        0.35,
        0.35,
        0.35,
        0.35,
        0.35,
        0.35,
        0.35,
        0.35,
        0.35,
        0.35,
        0.35,
        0.35,
        0.35,
        0.35
    ],
    "train_loss_history": [
        89.78720277150472,
        28.288617634773253,
        12.848409084479014,
        10.470995171864827,
        4.9779175981825725,
        1.7238823562860488,
        0.7442075504300495,
        0.6638974405992485,
        0.5474759028588172,
        0.23767725080251695,
        0.25539322746917603,
        0.21076220201794058,
        0.22821402150245074,
        0.1152947687485721,
        0.07888046477067595,
        0.07961199859079594,
        0.09029712186505397,
        0.05792656361688084,
        0.034229487056533496,
        0.04389531433892747,
        0.022385276574641465,
        0.022463465101706485,
        0.012975001595138261,
        0.012538595125079155,
        0.010629718428632865,
        0.010250082363684972,
        0.008656584712055822,
        0.008148919950084139,
        0.007343879330437631,
        0.007586198253557086,
        0.007811499833284567,
        0.0059495159308426086,
        0.005565681397759666,
        0.0055626776612674195,
        0.006334188720211386,
        0.007050532824359834,
        0.013257665312751972,
        0.012205517656790713,
        0.008975411970944454,
        0.004849417096314331,
        0.004102030528398851,
        0.003159920747081439,
        0.0028649235183062652,
        0.0026818854346250492,
        0.002834453848966708,
        0.0026121082560469707,
        0.002614596991528136,
        0.002493843154904122,
        0.0027095399952183166,
        0.002395898625763948,
        0.0021220066739867133,
        0.002172535338710683,
        0.002111335936933756,
        0.002322850034882625,
        0.0018206891317580206,
        0.002010818058624864,
        0.0019188210911427934,
        0.0016970443781853344,
        0.0018510254805732985,
        0.0016018873318292511,
        0.0015072318502158547,
        0.0016656011459417642,
        0.0017066009265060227,
        0.0015747637177507083,
        0.0015219540742691605,
        0.0013282564187344784,
        0.0014038629441832503,
        0.0015826310690802833,
        0.001495122362393886,
        0.0013328283302447138,
        0.0012726734529375486,
        0.0012449161780144398,
        0.0012200287858528706,
        0.0010559125473567595,
        0.0010958279295058067,
        0.001035348669392988,
        0.0010678176030827066,
        0.0010733372735558077,
        0.00093261566144065,
        0.0010193981395180648,
        0.0009389565175903651,
        0.000933260364884821,
        0.0008528755308361724,
        0.0008871903167649483,
        0.0013443720429980506,
        0.0009832731263789659,
        0.0009228284676889112,
        0.0008647915063193067,
        0.0007500011376881351,
        0.0007357566015950093,
        0.0007025034210528247,
        0.0007972881964330251,
        0.0006784149885182463,
        0.0007194374649164577,
        0.000711972532250608,
        0.0006431123882066458,
        0.000662338153051678,
        0.0007385562251632413,
        0.0005593023911690882,
        0.0006550340175939102
    ],