{
    "test_accuracy": 0.575,
    "test_f1": 0.5703897099245936,
    "train_accuracy_history": [
        0.2125,
        0.37916666666666665,
        0.4041666666666667,
        0.4875,
        0.4375,
        0.49583333333333335,
        0.5416666666666666,
        0.6416666666666667,
        0.6375,
        0.6083333333333333,
        0.6583333333333333,
        0.6958333333333333,
        0.675,
        0.6333333333333333,
        0.7625,
        0.825,
        0.75,
        0.7625,
        0.7333333333333333,
        0.6625,
        0.6916666666666667,
        0.7041666666666667,
        0.7833333333333333,
        0.8375,
        0.8708333333333333,
        0.9083333333333333,
        0.8291666666666667,
        0.8375,
        0.7833333333333333,
        0.8708333333333333,
        0.8291666666666667,
        0.7958333333333333,
        0.8958333333333334,
        0.9333333333333333,
        0.9541666666666667,
        0.9125,
        0.85,
        0.925,
        0.8833333333333333,
        0.8416666666666667,
        0.9,
        0.8833333333333333,
        0.8875,
        0.9,
        0.9291666666666667,
        0.8875,
        0.7875,
        0.7666666666666667,
        0.7958333333333333,
        0.8333333333333334,
        0.8041666666666667,
        0.9125,
        0.925,
        0.9625,
        0.9458333333333333,
        0.9708333333333333,
        0.9666666666666667,
        0.9583333333333334,
        0.9791666666666666,
        0.9666666666666667,
        0.9708333333333333,
        0.975,
        0.8666666666666667,
        0.7416666666666667,
        0.7875,
        0.85,
        0.9375,
        0.9416666666666667,
        0.9625,
        0.9458333333333333,
        0.9666666666666667,
        0.9833333333333333,
        0.9875,
        0.9833333333333333,
        0.9958333333333333,
        0.9875,
        0.9875,
        0.9875,
        0.9916666666666667,
        0.9958333333333333,
        0.9833333333333333,
        0.8875,
        0.5958333333333333,
        0.7375,
        0.8166666666666667,
        0.9166666666666666,
        0.9291666666666667,
        0.9625,
        0.9541666666666667,
        0.9875,
        0.9875,
        0.9791666666666666,
        0.9916666666666667,
        0.9916666666666667,
        0.9916666666666667,
        0.9875,
        0.9958333333333333,
        0.9958333333333333,
        0.9916666666666667,
        0.9958333333333333
    ],
    "val_accuracy_history": [
        0.3375,
        0.4125,
        0.425,
        0.425,
        0.425,
        0.3,
        0.525,
        0.4375,
        0.525,
        0.5375,
        0.425,
        0.4375,
        0.5375,
        0.525,
        0.575,
        0.5,
        0.55,
        0.5375,
        0.575,
        0.575,
        0.425,
        0.5125,
        0.6375,
        0.65,
        0.65,
        0.6375,
        0.5375,
        0.525,
        0.6125,
        0.6375,
        0.5375,
        0.65,
        0.675,
        0.6375,
        0.6125,
        0.625,
        0.5875,
        0.6625,
        0.5875,
        0.65,
        0.5375,
        0.6375,
        0.5625,
        0.6375,
        0.6375,
        0.4875,
        0.425,
        0.475,
        0.5125,
        0.55,
        0.6375,
        0.575,
        0.575,
        0.6375,
        0.6375,
        0.6125,
        0.6375,
        0.6375,
        0.675,
        0.6875,
        0.625,
        0.6375,
        0.525,
        0.4875,
        0.5125,
        0.65,
        0.575,
        0.675,
        0.55,
        0.6125,
        0.625,
        0.6,
        0.6125,
        0.65,
        0.6125,
        0.6375,
        0.575,
        0.6375,
        0.5875,
        0.5875,
        0.5875,
        0.475,
        0.4875,
        0.6,
        0.6375,
        0.6125,
        0.575,
        0.625,
        0.6375,
        0.625,
        0.6375,
        0.625,
        0.65,
        0.6125,
        0.6375,
        0.625,
        0.625,
        0.6125,
        0.6125,
        0.625
    ],
    "train_loss_history": [
        3.4374966390430926,
        0.46060296731690564,
        0.43030958125988644,
        0.33197561899820965,
        0.3918056419740121,
        0.35530631548414626,
        0.281007280262808,
        0.22445939779281615,
        0.21607081258359054,
        0.22125461393346388,
        0.19731941477706036,
        0.20018855904539426,
        0.21068369690328836,
        0.2335974033921957,
        0.14956819660340745,
        0.1383000982304414,
        0.1519159570724393,
        0.14014520623410742,
        0.1539004728042831,
        0.23499262239784002,
        0.1963772501020382,
        0.1903048452901809,
        0.15888021485880016,
        0.12045148986702164,
        0.09013271246512886,
        0.08393907659919933,
        0.12230446286751734,
        0.13645577535498887,
        0.13939790918957443,
        0.09789036599492344,
        0.136520842288337,
        0.1287612346290795,
        0.083141738095037,
        0.06455023585197826,
        0.056159639858636486,
        0.06390356258792357,
        0.09224551367199942,
        0.057506037160055715,
        0.07886366378879757,
        0.1364191442697764,
        0.07060314739211813,
        0.09453510855188749,
        0.07836508717446122,
        0.05619386271713059,
        0.059790273305914826,
        0.09948285034430834,
        0.23554739306903988,
        0.23038872557056797,
        0.2593126561737023,
        0.19806859216429681,
        0.16561192701280258,
        0.07703781282725686,
        0.05413718614698837,
        0.03558329428803215,
        0.030577921373571827,
        0.029233873242947083,
        0.02168748434438991,
        0.03055939785576811,
        0.022567687211812883,
        0.022451968573053212,
        0.020168917751288973,
        0.016571439100143456,
        0.1443852631911189,
        0.36581542829298996,
        0.2884385431180513,
        0.18110741727020166,
        0.052695039776532226,
        0.045469929216445354,
        0.024283451124180525,
        0.042298243789355185,
        0.02571601209080351,
        0.016480219705893737,
        0.014086312440789091,
        0.01374880490193391,
        0.008796071114511505,
        0.008195637230649784,
        0.009655540745673838,
        0.008279308134168181,
        0.005664955539369506,
        0.006237589373401894,
        0.011729454924731424,
        0.19488898603459576,
        2.393511033565058,
        0.5346574005697126,
        0.15496812546092162,
        0.0724614804141917,
        0.05263104304503183,
        0.032033821148396174,
        0.029898230154503835,
        0.01734944163546667,
        0.013670771673302322,
        0.015748266739137762,
        0.010541776806608045,
        0.010311581811962848,
        0.00830161938489103,
        0.010817277142723469,
        0.00711386445966203,
        0.009565050157872198,
        0.006612267813216022,
        0.006180783307528751
    ],