{
    "test_accuracy": 0.25,
    "test_f1": 0.1,
    "train_accuracy_history": [
        0.3,
        0.16666666666666666,
        0.25,
        0.25,
        0.25,
        0.21666666666666667,
        0.23333333333333334,
        0.18333333333333332,
        0.25,
        0.2,
        0.2,
        0.23333333333333334,
        0.23333333333333334,
        0.16666666666666666,
        0.21666666666666667,
        0.23333333333333334,
        0.25,
        0.21666666666666667,
        0.25,
        0.2,
        0.25,
        0.23333333333333334,
        0.15,
        0.16666666666666666,
        0.21666666666666667,
        0.25,
        0.25,
        0.16666666666666666,
        0.21666666666666667,
        0.26666666666666666,
        0.16666666666666666,
        0.2,
        0.18333333333333332,
        0.13333333333333333,
        0.11666666666666667,
        0.21666666666666667,
        0.25,
        0.21666666666666667,
        0.25,
        0.16666666666666666,
        0.25,
        0.23333333333333334,
        0.25,
        0.21666666666666667,
        0.15,
        0.2,
        0.15,
        0.25,
        0.25,
        0.2,
        0.16666666666666666,
        0.25,
        0.16666666666666666,
        0.23333333333333334,
        0.18333333333333332,
        0.2,
        0.18333333333333332,
        0.2,
        0.16666666666666666,
        0.18333333333333332,
        0.11666666666666667,
        0.23333333333333334,
        0.23333333333333334,
        0.21666666666666667,
        0.18333333333333332,
        0.16666666666666666,
        0.2,
        0.18333333333333332,
        0.13333333333333333,
        0.21666666666666667,
        0.23333333333333334,
        0.2,
        0.13333333333333333,
        0.2,
        0.25,
        0.25,
        0.21666666666666667,
        0.2,
        0.25,
        0.23333333333333334,
        0.15,
        0.25,
        0.23333333333333334,
        0.21666666666666667,
        0.25,
        0.25,
        0.25,
        0.23333333333333334,
        0.21666666666666667,
        0.13333333333333333,
        0.25,
        0.15,
        0.23333333333333334,
        0.2,
        0.21666666666666667,
        0.25,
        0.16666666666666666,
        0.21666666666666667,
        0.21666666666666667,
        0.21666666666666667
    ],
    "val_accuracy_history": [
        0.25,
        0.25,
        0.25,
        0.25,
        0.25,
        0.25,
        0.25,
        0.25,
        0.25,
        0.25,
        0.25,
        0.25,
        0.25,
        0.25,
        0.25,
        0.25,
        0.25,
        0.25,
        0.25,
        0.25,
        0.25,
        0.25,
        0.25,
        0.25,
        0.25,
        0.25,
        0.25,
        0.25,
        0.25,
        0.25,
        0.25,
        0.25,
        0.25,
        0.25,
        0.25,
        0.25,
        0.25,
        0.25,
        0.25,
        0.25,
        0.25,
        0.25,
        0.25,
        0.25,
        0.25,
        0.25,
        0.25,
        0.25,
        0.25,
        0.25,
        0.25,
        0.25,
        0.25,
        0.25,
        0.25,
        0.25,
        0.25,
        0.25,
        0.25,
        0.25,
        0.25,
        0.25,
        0.25,
        0.25,
        0.25,
        0.25,
        0.25,
        0.25,
        0.25,
        0.25,
        0.25,
        0.25,
        0.25,
        0.25,
        0.25,
        0.25,
        0.25,
        0.25,
        0.25,
        0.25,
        0.25,
        0.25,
        0.25,
        0.25,
        0.25,
        0.25,
        0.25,
        0.25,
        0.25,
        0.25,
        0.25,
        0.25,
        0.25,
        0.25,
        0.25,
        0.25,
        0.25,
        0.25,
        0.25,
        0.25
    ],
    "train_loss_history": [
        3.268674345811208,
        0.3702302575111389,
        0.35672909816106163,
        0.3496633986632029,
        0.34887293179829915,
        0.35016878445943195,
        0.3484297533830007,
        0.35637444456418355,
        0.3495948493480682,
        0.350041401386261,
        0.35222921570142113,
        0.3512539366881053,
        0.35112968484560647,
        0.3515512684981028,
        0.34838549892107645,
        0.34811925490697226,
        0.3569366574287415,
        0.3521378676096598,
        0.35178521474202473,
        0.34779103597005206,
        0.3487230777740479,
        0.3485512435436249,
        0.3523305614789327,
        0.3504732072353363,
        0.34746488332748415,
        0.3484263380368551,
        0.34841270446777345,
        0.3497282962004344,
        0.3485676089922587,
        0.35003968278566994,
        0.3472408652305603,
        0.34795031944910687,
        0.3502284685770671,
        0.35037829677263893,
        0.3488784114519755,
        0.3481369336446126,
        0.3481637795766195,
        0.34878490964571635,
        0.348911190032959,
        0.35063069065411884,
        0.3474842925866445,
        0.34833265940348307,
        0.34797348181406657,
        0.34762387673060097,
        0.3527392049630483,
        0.34694424271583557,
        0.34814794063568116,
        0.3476302186648051,
        0.3482393383979797,
        0.34798019925753276,
        0.3489347279071808,
        0.3479336639245351,
        0.3484176814556122,
        0.34794841408729554,
        0.3485111395517985,
        0.34739649097124736,
        0.3471611718336741,
        0.3476919213930766,
        0.3490143199761709,
        0.34727604587872823,
        0.34811161359151205,
        0.34765316247940065,
        0.34751925667126976,
        0.34778987765312197,
        0.347733473777771,
        0.3496163825194041,
        0.34991830587387085,
        0.34796141386032103,
        0.34743857582410176,
        0.34713136156400043,
        0.3475972851117452,
        0.3475443462530772,
        0.3473943869272868,
        0.3472836752732595,
        0.3491136292616526,
        0.3470682978630066,
        0.348445737361908,
        0.34782933394114174,
        0.3473612407843272,
        0.34749111930529275,
        0.3474463939666748,
        0.3476502100626628,
        0.3468934138615926,
        0.3472714324792226,
        0.3475275933742523,
        0.34790475567181905,
        0.348858247200648,
        0.347631315390269,
        0.3469670395056407,
        0.3476477364699046,
        0.34737943013509115,
        0.3470495601495107,
        0.3472640335559845,
        0.3476563056310018,
        0.3470096568266551,
        0.3471369564533234,
        0.3472740570704142,
        0.34721642136573794,
        0.3472486913204193,
        0.3491085131963094
    ],