{
    "test_accuracy": 0.3375,
    "test_f1": 0.30897815952163776,
    "train_accuracy_history": [
        0.2708333333333333,
        0.2916666666666667,
        0.29583333333333334,
        0.2875,
        0.3375,
        0.44583333333333336,
        0.4125,
        0.425,
        0.4625,
        0.43333333333333335,
        0.43333333333333335,
        0.375,
        0.4875,
        0.5208333333333334,
        0.5291666666666667,
        0.5083333333333333,
        0.5875,
        0.575,
        0.5541666666666667,
        0.5875,
        0.6,
        0.5416666666666666,
        0.6041666666666666,
        0.6375,
        0.65,
        0.6375,
        0.6458333333333334,
        0.6041666666666666,
        0.5125,
        0.4708333333333333,
        0.65,
        0.6833333333333333,
        0.6958333333333333,
        0.6416666666666667,
        0.6541666666666667,
        0.7125,
        0.6875,
        0.7,
        0.6791666666666667,
        0.7333333333333333,
        0.6833333333333333,
        0.6791666666666667,
        0.6208333333333333,
        0.6125,
        0.6666666666666666,
        0.7166666666666667,
        0.7625,
        0.7666666666666667,
        0.8,
        0.7958333333333333,
        0.7708333333333334,
        0.7416666666666667,
        0.7625,
        0.775,
        0.8125,
        0.8291666666666667,
        0.8,
        0.7833333333333333,
        0.875,
        0.825,
        0.8333333333333334,
        0.7458333333333333,
        0.8375,
        0.85,
        0.8708333333333333,
        0.8333333333333334,
        0.7958333333333333,
        0.7875,
        0.7166666666666667,
        0.6791666666666667,
        0.6875,
        0.7041666666666667,
        0.8416666666666667,
        0.8666666666666667,
        0.8583333333333333,
        0.8958333333333334,
        0.85,
        0.85,
        0.9041666666666667,
        0.8541666666666666,
        0.725,
        0.8208333333333333,
        0.8458333333333333,
        0.8916666666666667,
        0.8916666666666667,
        0.8916666666666667,
        0.9208333333333333,
        0.9416666666666667,
        0.9541666666666667,
        0.9458333333333333,
        0.9333333333333333,
        0.9458333333333333,
        0.9125,
        0.925,
        0.9166666666666666,
        0.9208333333333333,
        0.8708333333333333,
        0.7583333333333333,
        0.7458333333333333,
        0.8166666666666667
    ],
    "val_accuracy_history": [
        0.2375,
        0.2375,
        0.2125,
        0.2625,
        0.225,
        0.2875,
        0.2625,
        0.275,
        0.2875,
        0.275,
        0.275,
        0.375,
        0.25,
        0.2625,
        0.2375,
        0.3625,
        0.375,
        0.4125,
        0.35,
        0.325,
        0.3125,
        0.35,
        0.275,
        0.2375,
        0.3125,
        0.2875,
        0.4,
        0.2875,
        0.25,
        0.35,
        0.2375,
        0.3125,
        0.2375,
        0.325,
        0.4125,
        0.3,
        0.3125,
        0.3875,
        0.275,
        0.3125,
        0.25,
        0.2375,
        0.25,
        0.2375,
        0.425,
        0.45,
        0.25,
        0.35,
        0.425,
        0.3875,
        0.25,
        0.3375,
        0.2625,
        0.3875,
        0.425,
        0.2625,
        0.2625,
        0.2125,
        0.3375,
        0.425,
        0.3875,
        0.25,
        0.45,
        0.25,
        0.2625,
        0.2375,
        0.2625,
        0.25,
        0.2375,
        0.35,
        0.225,
        0.3625,
        0.3875,
        0.375,
        0.3375,
        0.2875,
        0.25,
        0.35,
        0.4625,
        0.275,
        0.25,
        0.25,
        0.4,
        0.25,
        0.25,
        0.325,
        0.3,
        0.4,
        0.4,
        0.3375,
        0.4,
        0.3875,
        0.3,
        0.4125,
        0.375,
        0.325,
        0.425,
        0.25,
        0.3125,
        0.25
    ],
    "train_loss_history": [
        10.5929982887581,
        1.2803679468731086,
        0.7788792831202348,
        0.7434286752094825,
        0.6738829848666986,
        0.4276690300554037,
        0.39379494562745093,
        0.4394622314410905,
        0.3941970765590668,
        0.4841892042507728,
        0.5377149850130081,
        1.342196259679137,
        0.4917610278353095,
        0.3349210829163591,
        0.3194068714355429,
        0.3793253556049118,
        0.3271223861879359,
        0.27166682804624237,
        0.3073560438429316,
        0.2383666007934759,
        0.3422493471608808,
        0.449215138455232,
        0.29112304851102333,
        0.2620102042332292,
        0.22611402521530788,
        0.23591323407987755,
        0.2539516176407536,
        0.2989796464641889,
        0.5658421230812868,
        0.592694157268852,
        0.23601624897370735,
        0.19824159279620895,
        0.17751561681119105,
        0.20327643773828943,
        0.19681233198692402,
        0.17691095606423915,
        0.20398420278603832,
        0.19223010229567686,
        0.18127107699401676,
        0.1545970671189328,
        0.19544875329981248,
        0.20449081994593143,
        0.3522985025153806,
        0.40567337662990516,
        0.2495262538238118,
        0.1853089772320042,
        0.15415640460172048,
        0.14392709922976793,
        0.12626499415685732,
        0.1378311658045277,
        0.14779345545296868,
        0.16392237340720991,
        0.15200915814687807,
        0.15826264935312792,
        0.13400693057725827,
        0.1291348273283802,
        0.1322417344742765,
        0.15134684257791378,
        0.09255163945490494,
        0.12149509391747415,
        0.11423926270799711,
        0.19624159898764143,
        0.11136555183717671,
        0.09822595761725098,
        0.09753015921257126,
        0.1240566219486027,
        0.1742768978176173,
        0.16444793495271975,
        0.37275648094364444,
        0.3989300136134261,
        0.32741324067562044,
        0.3029523556476003,
        0.12516599475056864,
        0.10322001708749061,
        0.08912166774922904,
        0.08499880249267638,
        0.09444652357209028,
        0.10481181486320565,
        0.07828183307234819,
        0.12061109436981496,
        0.3005277907473404,
        0.16779246236656795,
        0.12039124903706883,
        0.08157042225526917,
        0.11540855450148228,
        0.06999612626574768,
        0.06654754013191753,
        0.04434595513545598,
        0.03331141550558338,
        0.04402822770898638,
        0.037998386950736554,
        0.04603034928247022,
        0.06621347836735367,
        0.05387058578986436,
        0.06992286034725718,
        0.05129372361816422,
        0.0951479591349198,
        0.29760153665580824,
        0.31196250445652063,
        0.24698545309596132
    ],