{
    "test_accuracy": 0.9,
    "test_f1": 0.898989898989899,
    "train_accuracy_history": [
        0.7333333333333333,
        0.9666666666666667,
        0.9666666666666667,
        0.9666666666666667,
        1.0,
        1.0,
        1.0,
        1.0,
        1.0,
        1.0,
        1.0,
        1.0,
        1.0,
        1.0,
        1.0,
        1.0,
        1.0,
        1.0,
        1.0,
        1.0,
        1.0,
        1.0,
        1.0,
        1.0,
        1.0,
        1.0,
        1.0,
        1.0,
        1.0,
        1.0,
        1.0,
        1.0,
        1.0,
        1.0,
        1.0,
        1.0,
        1.0,
        1.0,
        1.0,
        1.0,
        1.0,
        1.0,
        1.0,
        1.0,
        1.0,
        1.0,
        1.0,
        1.0,
        1.0,
        1.0,
        1.0,
        1.0,
        1.0,
        1.0,
        1.0,
        1.0,
        1.0,
        1.0,
        1.0,
        1.0,
        1.0,
        1.0,
        1.0,
        1.0,
        1.0,
        1.0,
        1.0,
        1.0,
        1.0,
        1.0,
        1.0,
        1.0,
        1.0,
        1.0,
        1.0,
        1.0,
        1.0,
        1.0,
        1.0,
        1.0,
        1.0,
        1.0,
        1.0,
        1.0,
        1.0,
        1.0,
        1.0,
        1.0,
        1.0,
        1.0,
        1.0,
        1.0,
        1.0,
        1.0,
        1.0,
        1.0,
        1.0,
        1.0,
        1.0,
        1.0
    ],
    "val_accuracy_history": [
        0.5,
        0.5,
        0.5,
        0.5,
        0.5,
        0.5,
        0.5,
        0.5,
        0.5,
        0.5,
        0.5,
        0.5,
        0.5,
        0.5,
        0.5,
        0.5,
        0.5,
        0.6,
        0.6,
        0.7,
        0.9,
        1.0,
        1.0,
        1.0,
        1.0,
        1.0,
        1.0,
        1.0,
        1.0,
        1.0,
        1.0,
        1.0,
        1.0,
        1.0,
        1.0,
        1.0,
        1.0,
        1.0,
        1.0,
        1.0,
        1.0,
        1.0,
        1.0,
        1.0,
        1.0,
        1.0,
        1.0,
        1.0,
        1.0,
        1.0,
        1.0,
        1.0,
        0.9,
        1.0,
        1.0,
        1.0,
        1.0,
        1.0,
        1.0,
        1.0,
        1.0,
        1.0,
        1.0,
        1.0,
        1.0,
        1.0,
        1.0,
        1.0,
        1.0,
        1.0,
        1.0,
        1.0,
        1.0,
        1.0,
        1.0,
        1.0,
        1.0,
        1.0,
        1.0,
        1.0,
        1.0,
        1.0,
        1.0,
        1.0,
        1.0,
        1.0,
        1.0,
        1.0,
        1.0,
        1.0,
        1.0,
        1.0,
        1.0,
        1.0,
        1.0,
        1.0,
        1.0,
        1.0,
        1.0,
        1.0
    ],
    "train_loss_history": [
        0.1513884703318278,
        0.05234842374920845,
        0.03307708265880744,
        0.05017927347992857,
        0.019651590504993995,
        0.010104684609298904,
        0.005490264215040952,
        0.003129364751900236,
        0.003263472740460808,
        0.003187602498413374,
        0.0029535027880532045,
        0.0026330553844066645,
        0.001929532534753283,
        0.0013158106788372,
        0.000989182234237281,
        0.0015448669180235205,
        0.0011624303898618868,
        0.0008191948067784931,
        0.0007156189909437672,
        0.001325550851955389,
        0.0006417245662305504,
        0.0006526491357362829,
        0.0005166431355367725,
        0.001162069356845071,
        0.0004961574168798204,
        0.0006919453502632677,
        0.0007070832808191578,
        0.0005773129615893898,
        0.0004230848548710734,
        0.00043813776137540116,
        0.00034376736075500955,
        0.00048228173139553597,
        0.0003006149575715729,
        0.00027533030176224806,
        0.0003375627874144508,
        0.00028660413809120653,
        0.00035044617446449897,
        0.0006002050533425063,
        0.00021912624506512657,
        0.00021700057841371744,
        0.00020546045949837815,
        0.000218971905997023,
        0.00039654485663049855,
        0.0002119720860112769,
        0.00030395490478743643,
        0.00024469738897702577,
        0.0002735229951213114,
        0.00017311575162845354,
        0.00024152617406798528,
        0.00017685504911545044,
        0.0001455392581798757,
        0.0002479640776679541,
        0.0001902164154065152,
        0.00019379850646146225,
        0.00014299097674665972,
        0.00018520260200602934,
        0.00015679901892629762,
        0.00011198567008250394,
        0.00019016350318755334,
        0.00014822130791192952,
        0.000139654320810223,
        8.714928214127818e-05,
        0.00023411028190215195,
        0.0001939985986003497,
        0.00014147595526689354,
        0.000124855172180105,
        0.00014539463542557012,
        0.00013335037541158576,
        0.0001062935070876847,
        0.00012284367688456161,
        9.798962904217963e-05,
        8.643132823635825e-05,
        7.050367421470582e-05,
        7.692147852746226e-05,
        9.687228060405081e-05,
        0.00013098163544782436,
        9.930182410850345e-05,
        9.88030747976154e-05,
        6.806976283163143e-05,
        0.00018941492317026132,
        8.837856043252638e-05,
        6.852577898825984e-05,
        6.637122178290155e-05,
        0.00013839888112367286,
        7.620796433987683e-05,
        8.814490065560676e-05,
        6.122887469549217e-05,
        9.447726527772223e-05,
        7.065679140699407e-05,
        6.830401349967966e-05,
        5.131261423230171e-05,
        7.929837411211338e-05,
        0.00010538768789653356,
        5.965263747687762e-05,
        8.082373606157489e-05,
        5.490473474007255e-05,
        9.421717990486893e-05,
        7.772599384831362e-05,
        5.153700500765505e-05,
        4.548087475389669e-05
    ],