{
    "test_accuracy": 0.6,
    "test_f1": 0.6,
    "train_accuracy_history": [
        0.43333333333333335,
        0.7,
        0.8,
        0.8,
        0.9666666666666667,
        1.0,
        0.9333333333333333,
        1.0,
        1.0,
        1.0,
        1.0,
        1.0,
        1.0,
        1.0,
        1.0,
        1.0,
        1.0,
        1.0,
        1.0,
        1.0,
        1.0,
        1.0,
        1.0,
        1.0,
        1.0,
        1.0,
        1.0,
        1.0,
        1.0,
        1.0,
        1.0,
        1.0,
        1.0,
        1.0,
        1.0,
        1.0,
        1.0,
        1.0,
        1.0,
        1.0,
        1.0,
        1.0,
        1.0,
        1.0,
        1.0,
        1.0,
        1.0,
        1.0,
        1.0,
        1.0,
        1.0,
        1.0,
        1.0,
        1.0,
        1.0,
        1.0,
        1.0,
        1.0,
        1.0,
        1.0,
        1.0,
        1.0,
        1.0,
        1.0,
        1.0,
        1.0,
        1.0,
        1.0,
        1.0,
        1.0,
        1.0,
        1.0,
        1.0,
        1.0,
        1.0,
        1.0,
        1.0,
        1.0,
        1.0,
        1.0,
        1.0,
        1.0,
        1.0,
        1.0,
        1.0,
        1.0,
        1.0,
        1.0,
        1.0,
        1.0,
        1.0,
        1.0,
        1.0,
        1.0,
        1.0,
        1.0,
        1.0,
        1.0,
        1.0,
        1.0
    ],
    "val_accuracy_history": [
        0.6,
        0.6,
        0.6,
        0.6,
        0.5,
        0.6,
        0.5,
        0.4,
        0.4,
        0.4,
        0.4,
        0.4,
        0.4,
        0.4,
        0.4,
        0.4,
        0.4,
        0.4,
        0.4,
        0.6,
        0.6,
        0.3,
        0.3,
        0.4,
        0.4,
        0.4,
        0.4,
        0.4,
        0.8,
        0.4,
        0.5,
        0.4,
        0.4,
        0.4,
        0.6,
        0.4,
        0.5,
        0.7,
        0.6,
        0.7,
        0.6,
        0.7,
        0.4,
        0.4,
        0.4,
        0.5,
        0.6,
        0.6,
        0.8,
        0.5,
        0.4,
        0.4,
        0.4,
        0.4,
        0.7,
        0.6,
        0.6,
        0.6,
        0.7,
        0.6,
        0.6,
        0.7,
        0.4,
        0.6,
        0.6,
        0.5,
        0.7,
        0.7,
        0.6,
        0.7,
        0.8,
        0.8,
        0.7,
        0.6,
        0.6,
        0.6,
        0.7,
        0.4,
        0.5,
        0.4,
        0.6,
        0.7,
        0.6,
        0.6,
        0.6,
        0.6,
        0.5,
        0.5,
        0.5,
        0.5,
        0.7,
        0.7,
        0.5,
        0.4,
        0.6,
        0.7,
        0.7,
        0.7,
        0.6,
        0.6
    ],
    "train_loss_history": [
        0.2218238910039266,
        0.1592490921417872,
        0.1330524186293284,
        0.12522039612134298,
        0.0847455104192098,
        0.055030924081802365,
        0.04729140990724166,
        0.032442830378810565,
        0.01883397251367569,
        0.013968195766210556,
        0.011725719179958105,
        0.008569444964329402,
        0.009984868795921404,
        0.005913458531722426,
        0.006400835141539574,
        0.00538252079859376,
        0.003384478498871128,
        0.004049077257514,
        0.0034786812650660676,
        0.004837641523530086,
        0.0037826891522854565,
        0.002532164294583102,
        0.002702569511408607,
        0.002853045177956422,
        0.0020362574296693007,
        0.001619993185158819,
        0.0018015449323380986,
        0.0014735298929736019,
        0.0019140303678189714,
        0.0015005958771022658,
        0.0011294257400246957,
        0.0015276134790231785,
        0.0010772979895894727,
        0.001133262443666657,
        0.000844373651004086,
        0.002002438367344439,
        0.0009324262558948248,
        0.0014703763726477822,
        0.001217373941714565,
        0.0006902266895243277,
        0.0007725813959647591,
        0.000892479158937931,
        0.0009799903918368122,
        0.0008192311661938827,
        0.0005946705699898302,
        0.0005425349886839588,
        0.000759319739881903,
        0.0005223791114985943,
        0.0008130655410544326,
        0.0005463981438272943,
        0.00042199453455396,
        0.00041523517575114965,
        0.000755373058685412,
        0.0002973147687346985,
        0.0004245419889533271,
        0.00040602397833329934,
        0.0004265779862180352,
        0.00039207973653295386,
        0.00042119557620026173,
        0.000259840729025503,
        0.00025980527085872986,
        0.00044193229211183886,
        0.0005682156353335207,
        0.0003306653428201874,
        0.000345960405926841,
        0.0003053387200149397,
        0.0002867088944185525,
        0.0003183034219546244,
        0.0002777561331943919,
        0.0002390637518449997,
        0.0002916830873194461,
        0.00025610997787831974,
        0.0003308546729385853,
        0.0002254986863893767,
        0.00027280237894350043,
        0.00024543640756746754,
        0.0006214991427744583,
        0.00023649903741898015,
        0.00018024762102868407,
        0.00016611908067716287,
        0.0003418041868523384,
        0.00016146600294935826,
        0.00014564520364122776,
        0.00014371627864117424,
        0.00013938240541998918,
        0.00027765130119708676,
        0.00024153252112834404,
        0.00015351396480885646,
        0.00019132063413659732,
        0.00023333515467432637,
        0.000139322177953242,
        0.00014611505321227014,
        0.00019257218130708982,
        0.0001252456985336418,
        0.00019973186717834324,
        9.152540102756272e-05,
        0.00014358490783100326,
        0.00019454440480330958,
        0.00011299455121237164,
        0.00016826589417178183
    ],