{
    "test_accuracy": 0.2,
    "test_f1": 0.11764705882352942,
    "train_accuracy_history": [
        0.24444444444444444,
        0.4,
        0.2,
        0.35555555555555557,
        0.37777777777777777,
        0.4,
        0.4888888888888889,
        0.7111111111111111,
        0.7777777777777778,
        0.9111111111111111,
        0.9555555555555556,
        0.8444444444444444,
        0.8888888888888888,
        0.9555555555555556,
        1.0,
        1.0,
        0.9333333333333333,
        0.9777777777777777,
        1.0,
        1.0,
        1.0,
        1.0,
        1.0,
        1.0,
        1.0,
        1.0,
        1.0,
        1.0,
        1.0,
        1.0,
        1.0,
        1.0,
        1.0,
        1.0,
        1.0,
        1.0,
        1.0,
        1.0,
        1.0,
        1.0,
        1.0,
        1.0,
        1.0,
        1.0,
        1.0,
        1.0,
        1.0,
        1.0,
        1.0,
        1.0,
        1.0,
        1.0,
        1.0,
        1.0,
        1.0,
        1.0,
        1.0,
        1.0,
        1.0,
        1.0,
        1.0,
        1.0,
        1.0,
        1.0,
        1.0,
        1.0,
        1.0,
        1.0,
        1.0,
        1.0,
        1.0,
        1.0,
        1.0,
        1.0,
        1.0,
        1.0,
        1.0,
        1.0,
        1.0,
        1.0,
        1.0,
        1.0,
        1.0,
        1.0,
        1.0,
        1.0,
        1.0,
        1.0,
        1.0,
        1.0,
        1.0,
        1.0,
        1.0,
        1.0,
        1.0,
        1.0,
        1.0,
        1.0,
        1.0,
        1.0
    ],
    "val_accuracy_history": [
        0.06666666666666667,
        0.06666666666666667,
        0.4,
        0.06666666666666667,
        0.4,
        0.4,
        0.4,
        0.4,
        0.4,
        0.06666666666666667,
        0.5333333333333333,
        0.5333333333333333,
        0.4,
        0.5333333333333333,
        0.06666666666666667,
        0.06666666666666667,
        0.06666666666666667,
        0.06666666666666667,
        0.4,
        0.4,
        0.13333333333333333,
        0.4,
        0.06666666666666667,
        0.4,
        0.4,
        0.4,
        0.06666666666666667,
        0.06666666666666667,
        0.06666666666666667,
        0.06666666666666667,
        0.06666666666666667,
        0.4,
        0.2,
        0.3333333333333333,
        0.06666666666666667,
        0.13333333333333333,
        0.3333333333333333,
        0.06666666666666667,
        0.13333333333333333,
        0.2,
        0.6666666666666666,
        0.3333333333333333,
        0.4,
        0.4,
        0.13333333333333333,
        0.13333333333333333,
        0.06666666666666667,
        0.13333333333333333,
        0.4666666666666667,
        0.13333333333333333,
        0.13333333333333333,
        0.26666666666666666,
        0.13333333333333333,
        0.06666666666666667,
        0.3333333333333333,
        0.3333333333333333,
        0.3333333333333333,
        0.06666666666666667,
        0.2,
        0.2,
        0.13333333333333333,
        0.3333333333333333,
        0.3333333333333333,
        0.4,
        0.4666666666666667,
        0.3333333333333333,
        0.4,
        0.3333333333333333,
        0.13333333333333333,
        0.13333333333333333,
        0.2,
        0.5333333333333333,
        0.5333333333333333,
        0.4,
        0.4,
        0.06666666666666667,
        0.06666666666666667,
        0.3333333333333333,
        0.4,
        0.4,
        0.4666666666666667,
        0.06666666666666667,
        0.26666666666666666,
        0.4,
        0.4,
        0.3333333333333333,
        0.3333333333333333,
        0.4666666666666667,
        0.26666666666666666,
        0.3333333333333333,
        0.26666666666666666,
        0.4,
        0.4666666666666667,
        0.26666666666666666,
        0.4,
        0.06666666666666667,
        0.13333333333333333,
        0.4,
        0.4,
        0.4
    ],
    "train_loss_history": [
        0.31799691253238255,
        0.303775241639879,
        0.3102296855714586,
        0.29709817833370633,
        0.29380455281999374,
        0.2779125730196635,
        0.2692097451951769,
        0.21580773062176176,
        0.20332614183425904,
        0.18254033989376492,
        0.1523103396097819,
        0.139286247226927,
        0.13582511213090684,
        0.12639061941040886,
        0.10173873172865974,
        0.09686645666758219,
        0.1084373692671458,
        0.07299361030260722,
        0.07067206535074445,
        0.05957833296722836,
        0.055090767641862236,
        0.047783517837524415,
        0.042226347823937735,
        0.03576973602175713,
        0.03341742679476738,
        0.02883322826690144,
        0.023808069858286117,
        0.023767086532380848,
        0.022448718630605272,
        0.023541519045829774,
        0.01801005674319135,
        0.012408414979775746,
        0.016090161146389115,
        0.01308566029700968,
        0.01404478686551253,
        0.011335879709157679,
        0.009023183460036914,
        0.009509010343915887,
        0.00864780272046725,
        0.00909566269773576,
        0.007966353909836875,
        0.007996564896570312,
        0.007216320414510038,
        0.006769035342666838,
        0.008398577032817735,
        0.0072546591982245445,
        0.00529149854555726,
        0.004974801517609093,
        0.005964392382237647,
        0.004746473187373744,
        0.005203214204973645,
        0.004105266669972075,
        0.0050862784600920145,
        0.0053565377369523045,
        0.0033904851362523106,
        0.004953571698731846,
        0.0037644378427002167,
        0.004227374421639575,
        0.004625322954315278,
        0.002704431947010259,
        0.003404452574128906,
        0.003021663479093048,
        0.0028270200981448095,
        0.0036103184076233044,
        0.0028453821419841714,
        0.0025021329366912443,
        0.002853951034032636,
        0.0026941170036378836,
        0.0021521463938471343,
        0.002654038369655609,
        0.0024502828717231752,
        0.0019848469825875428,
        0.0020174587785732,
        0.0021242510663190234,
        0.002037362205899424,
        0.0015645381121430547,
        0.002029635780490935,
        0.0019039119593799113,
        0.0026152940570480293,
        0.0017029649707385236,
        0.0017677510881589518,
        0.001594315570158263,
        0.001829465662336184,
        0.0016691714421742491,
        0.001071132957521412,
        0.0012870602283833756,
        0.0014451019569403595,
        0.0013537682385908233,
        0.0014111183143945205,
        0.0011183485783274388,
        0.0012773075658414098,
        0.0014365138667118218,
        0.0012996004118273655,
        0.001425010281511479,
        0.0013085799653910928,
        0.0013329169661220578,
        0.0012128218491044309,
        0.0009573992600457535,
        0.0012652230681851507,
        0.0009666662119949857
    ],