{
    "test_accuracy": 0.3,
    "test_f1": 0.23076923076923078,
    "train_accuracy_history": [
        0.4,
        0.8333333333333334,
        0.8,
        0.7,
        0.9333333333333333,
        0.9333333333333333,
        0.9333333333333333,
        1.0,
        1.0,
        1.0,
        1.0,
        1.0,
        1.0,
        1.0,
        1.0,
        1.0,
        1.0,
        1.0,
        1.0,
        1.0,
        1.0,
        1.0,
        1.0,
        1.0,
        1.0,
        1.0,
        1.0,
        1.0,
        1.0,
        1.0,
        1.0,
        1.0,
        1.0,
        1.0,
        1.0,
        1.0,
        1.0,
        1.0,
        1.0,
        1.0,
        1.0,
        1.0,
        1.0,
        1.0,
        1.0,
        1.0,
        1.0,
        1.0,
        1.0,
        1.0,
        1.0,
        1.0,
        1.0,
        1.0,
        1.0,
        1.0,
        1.0,
        1.0,
        1.0,
        1.0,
        1.0,
        1.0,
        1.0,
        1.0,
        1.0,
        1.0,
        1.0,
        1.0,
        1.0,
        1.0,
        1.0,
        1.0,
        1.0,
        1.0,
        1.0,
        1.0,
        1.0,
        1.0,
        1.0,
        1.0,
        1.0,
        1.0,
        1.0,
        1.0,
        1.0,
        1.0,
        1.0,
        1.0,
        1.0,
        1.0,
        1.0,
        1.0,
        1.0,
        1.0,
        1.0,
        1.0,
        1.0,
        1.0,
        1.0,
        1.0
    ],
    "val_accuracy_history": [
        0.4,
        0.4,
        0.6,
        0.4,
        0.4,
        0.6,
        0.6,
        0.6,
        0.6,
        0.6,
        0.6,
        0.6,
        0.6,
        0.6,
        0.6,
        0.6,
        0.6,
        0.6,
        0.6,
        0.6,
        0.6,
        0.6,
        0.6,
        0.6,
        0.6,
        0.6,
        0.6,
        0.6,
        0.3,
        0.4,
        0.4,
        0.4,
        0.2,
        0.4,
        0.2,
        0.3,
        0.5,
        0.4,
        0.3,
        0.2,
        0.2,
        0.4,
        0.5,
        0.3,
        0.2,
        0.5,
        0.3,
        0.3,
        0.6,
        0.4,
        0.3,
        0.6,
        0.5,
        0.3,
        0.3,
        0.5,
        0.5,
        0.5,
        0.3,
        0.2,
        0.3,
        0.3,
        0.3,
        0.3,
        0.4,
        0.5,
        0.5,
        0.3,
        0.3,
        0.5,
        0.5,
        0.5,
        0.3,
        0.5,
        0.3,
        0.3,
        0.3,
        0.6,
        0.6,
        0.3,
        0.3,
        0.4,
        0.2,
        0.4,
        0.4,
        0.3,
        0.3,
        0.5,
        0.5,
        0.6,
        0.6,
        0.5,
        0.3,
        0.5,
        0.3,
        0.3,
        0.2,
        0.2,
        0.6,
        0.6
    ],
    "train_loss_history": [
        0.1996254324913025,
        0.12351176738739014,
        0.11945815136035283,
        0.14288809100786845,
        0.10185887416203816,
        0.09228920737902323,
        0.07499642049272855,
        0.06324848532676697,
        0.05422225420673688,
        0.04883461495240529,
        0.03828616042931875,
        0.032918001711368564,
        0.022507806246479353,
        0.019360977845887344,
        0.013692219741642475,
        0.010066398543616135,
        0.00879633401830991,
        0.006068766675889492,
        0.004777160317947467,
        0.004111134307458996,
        0.007543163125713666,
        0.004485962726175785,
        0.002804513058314721,
        0.00436054243085285,
        0.002310138304407398,
        0.002261008834466338,
        0.002567061564574639,
        0.0021940575757374366,
        0.003301659319549799,
        0.001746639011738201,
        0.0016945455456152559,
        0.0013921965670306235,
        0.0014195550310735902,
        0.0013207602935532729,
        0.0010873951056661706,
        0.001447494231009235,
        0.0010688839596696199,
        0.001266732132838418,
        0.001073296891991049,
        0.0014060566357026497,
        0.0007810752217968305,
        0.001184855083314081,
        0.0007661418290808797,
        0.0009303565874385337,
        0.0006401591196966668,
        0.0006197066705984374,
        0.001025269894550244,
        0.0008275461693604787,
        0.00047230863322814305,
        0.0006266511705083151,
        0.0004896714439382776,
        0.0011785566767988107,
        0.00048424811490500966,
        0.0006186168893085171,
        0.0004505462677722486,
        0.0004527669089535872,
        0.0004793145169969648,
        0.0005537017559011777,
        0.0003697520354762673,
        0.0006499857661159088,
        0.0003526188297352443,
        0.0003541003679856658,
        0.0005249388865195215,
        0.00042892896647875507,
        0.00032725130537680037,
        0.0003353400039486587,
        0.000296274716189752,
        0.0004933578233855466,
        0.0003021959599815697,
        0.0005357823324933027,
        0.00045300539932213724,
        0.0003920972541285058,
        0.00023498224036302417,
        0.00021116410110456248,
        0.0002897222240183813,
        0.0003035841684322804,
        0.00023229770304169505,
        0.0002618004975374788,
        0.0003316122475856294,
        0.00020668865278518448,
        0.00021208081161603332,
        0.00016689801899095376,
        0.00042033987410832195,
        0.00043353005118357637,
        0.00017570867591227096,
        0.0002609203011767628,
        0.000254807038193879,
        0.00016820050756602238,
        0.0002629768151867514,
        0.0001682848330043877,
        0.00018564915080787614,
        0.0002924636588431895,
        0.0002168711160872287,
        0.00015104989045842861,
        0.00017481864682243516,
        0.0001737161714117974,
        0.00018472682568244637,
        0.0001683754055799606,
        0.00019988378383762513,
        0.00018376734903237472
    ],