{
    "test_accuracy": 0.6,
    "test_f1": 0.6,
    "train_accuracy_history": [
        0.43333333333333335,
        0.6333333333333333,
        0.7333333333333333,
        0.7333333333333333,
        0.8333333333333334,
        0.8666666666666667,
        0.9,
        0.9666666666666667,
        1.0,
        1.0,
        1.0,
        1.0,
        1.0,
        1.0,
        1.0,
        1.0,
        1.0,
        1.0,
        1.0,
        1.0,
        1.0,
        1.0,
        1.0,
        1.0,
        1.0,
        1.0,
        1.0,
        1.0,
        1.0,
        1.0,
        1.0,
        1.0,
        1.0,
        1.0,
        1.0,
        1.0,
        1.0,
        1.0,
        1.0,
        1.0,
        1.0,
        1.0,
        1.0,
        1.0,
        1.0,
        1.0,
        1.0,
        1.0,
        1.0,
        1.0,
        1.0,
        1.0,
        1.0,
        1.0,
        1.0,
        1.0,
        1.0,
        1.0,
        1.0,
        1.0,
        1.0,
        1.0,
        1.0,
        1.0,
        1.0,
        1.0,
        1.0,
        1.0,
        1.0,
        1.0,
        1.0,
        1.0,
        1.0,
        1.0,
        1.0,
        1.0,
        1.0,
        1.0,
        1.0,
        1.0,
        1.0,
        1.0,
        1.0,
        1.0,
        1.0,
        1.0,
        1.0,
        1.0,
        1.0,
        1.0,
        1.0,
        1.0,
        1.0,
        1.0,
        1.0,
        1.0,
        1.0,
        1.0,
        1.0,
        1.0
    ],
    "val_accuracy_history": [
        0.5,
        0.5,
        0.5,
        0.5,
        0.5,
        0.5,
        0.5,
        0.6,
        0.4,
        0.4,
        0.4,
        0.5,
        0.5,
        0.5,
        0.5,
        0.5,
        0.5,
        0.5,
        0.5,
        0.6,
        0.5,
        0.5,
        0.5,
        0.5,
        0.5,
        0.8,
        0.5,
        0.5,
        0.6,
        0.5,
        0.5,
        0.6,
        0.5,
        0.5,
        0.6,
        0.8,
        0.5,
        0.5,
        0.5,
        0.6,
        0.5,
        0.8,
        0.7,
        0.8,
        0.8,
        0.9,
        0.8,
        0.5,
        0.9,
        0.5,
        0.8,
        0.6,
        0.6,
        0.8,
        0.5,
        0.5,
        0.7,
        0.6,
        0.6,
        0.7,
        0.7,
        0.7,
        0.7,
        0.6,
        0.5,
        0.6,
        0.6,
        0.7,
        0.7,
        0.5,
        0.5,
        0.5,
        0.6,
        0.6,
        0.6,
        0.6,
        0.8,
        0.7,
        0.8,
        0.8,
        0.8,
        0.7,
        0.8,
        0.8,
        0.6,
        0.6,
        0.5,
        0.5,
        0.6,
        0.8,
        0.6,
        0.6,
        0.6,
        0.6,
        0.6,
        0.6,
        0.7,
        0.8,
        0.8,
        0.6
    ],
    "train_loss_history": [
        0.228340740998586,
        0.17563520471254984,
        0.1513032595316569,
        0.14128433366616566,
        0.10708304047584534,
        0.10238701055447261,
        0.08143372138341268,
        0.04852707708875338,
        0.038606738795836766,
        0.029790632675091425,
        0.026025265951951346,
        0.023452024161815643,
        0.019177049895127616,
        0.019732947771747906,
        0.01923099538932244,
        0.016531788868208726,
        0.012231152256329854,
        0.010289356298744678,
        0.00888635783145825,
        0.009716374923785527,
        0.00715004780019323,
        0.0078826275964578,
        0.006317802953223387,
        0.005385577259585261,
        0.006302065526445706,
        0.0047741642066588,
        0.0039148787967860695,
        0.0029231282416731117,
        0.0035964423945794503,
        0.0032850708230398595,
        0.0034844772152913114,
        0.002175141746799151,
        0.002122571070988973,
        0.0022424532876660426,
        0.0017686140374280513,
        0.0014449798269197344,
        0.0017488624124477306,
        0.002562437580976014,
        0.0018447514274157583,
        0.0016551601700484752,
        0.0015967649407684803,
        0.0016212969707945983,
        0.0014440803167720636,
        0.001229100274698188,
        0.0012350864863644043,
        0.0009015105354289214,
        0.001569884968921542,
        0.0009242012087876598,
        0.0010291762533597647,
        0.001419625283839802,
        0.0009160168197316428,
        0.0009610207246926924,
        0.001226419109540681,
        0.0010479495297962178,
        0.001033674378413707,
        0.0008326336004150411,
        0.0007189987343735992,
        0.0010323786720012626,
        0.0007238323722655575,
        0.0008616779484630873,
        0.0010216566113134225,
        0.0009297033189795912,
        0.0006745802723647406,
        0.0005726208910346031,
        0.0010581948833229642,
        0.0005842014526327451,
        0.0007012082962319255,
        0.0007873500309263666,
        0.0008971465266464899,
        0.0009246919304132462,
        0.0007757416305442651,
        0.0006549314906199774,
        0.0006141150137409568,
        0.0004553590842988342,
        0.0004903426432671646,
        0.0007639117170280467,
        0.0005531910942712178,
        0.00048500389287558696,
        0.0003256889875046909,
        0.00042912118272700657,
        0.0005301983386743814,
        0.0005147479561856017,
        0.0006862646550871432,
        0.00038871148329538605,
        0.0003408471316409608,
        0.0007222840678878129,
        0.0004314038805508365,
        0.00034598623218092445,
        0.0005139160707282524,
        0.0002765548929649716,
        0.0002507663002082457,
        0.0003278690972365439,
        0.00054715743366008,
        0.0003912536854234835,
        0.00028395270540689427,
        0.00026359231172439954,
        0.000363659798555697,
        0.00033447100722696634,
        0.0002331938526670759,
        0.0004407775627138714
    ],