{
    "test_accuracy": 0.4,
    "test_f1": 0.3978021978021978,
    "train_accuracy_history": [
        0.35555555555555557,
        0.5333333333333333,
        0.5555555555555556,
        0.7111111111111111,
        0.7333333333333333,
        0.8444444444444444,
        0.8888888888888888,
        0.9555555555555556,
        0.9111111111111111,
        0.9555555555555556,
        0.9555555555555556,
        0.9555555555555556,
        0.9333333333333333,
        0.9777777777777777,
        1.0,
        0.9555555555555556,
        1.0,
        1.0,
        1.0,
        1.0,
        1.0,
        1.0,
        1.0,
        1.0,
        1.0,
        1.0,
        1.0,
        1.0,
        1.0,
        1.0,
        1.0,
        1.0,
        1.0,
        1.0,
        1.0,
        1.0,
        1.0,
        1.0,
        1.0,
        1.0,
        1.0,
        1.0,
        1.0,
        1.0,
        1.0,
        1.0,
        1.0,
        1.0,
        1.0,
        1.0,
        1.0,
        1.0,
        1.0,
        1.0,
        1.0,
        1.0,
        1.0,
        1.0,
        1.0,
        1.0,
        1.0,
        1.0,
        1.0,
        1.0,
        1.0,
        1.0,
        1.0,
        1.0,
        1.0,
        1.0,
        1.0,
        1.0,
        1.0,
        1.0,
        1.0,
        1.0,
        1.0,
        1.0,
        1.0,
        1.0,
        1.0,
        1.0,
        1.0,
        1.0,
        1.0,
        1.0,
        1.0,
        1.0,
        1.0,
        1.0,
        1.0,
        1.0,
        1.0,
        1.0,
        1.0,
        1.0,
        1.0,
        1.0,
        1.0,
        1.0
    ],
    "val_accuracy_history": [
        0.26666666666666666,
        0.06666666666666667,
        0.06666666666666667,
        0.13333333333333333,
        0.2,
        0.13333333333333333,
        0.26666666666666666,
        0.26666666666666666,
        0.13333333333333333,
        0.2,
        0.26666666666666666,
        0.26666666666666666,
        0.5333333333333333,
        0.2,
        0.13333333333333333,
        0.06666666666666667,
        0.4,
        0.2,
        0.13333333333333333,
        0.06666666666666667,
        0.13333333333333333,
        0.26666666666666666,
        0.26666666666666666,
        0.26666666666666666,
        0.6,
        0.2,
        0.6,
        0.6,
        0.26666666666666666,
        0.2,
        0.06666666666666667,
        0.2,
        0.06666666666666667,
        0.4666666666666667,
        0.3333333333333333,
        0.06666666666666667,
        0.26666666666666666,
        0.6,
        0.4,
        0.6,
        0.6,
        0.26666666666666666,
        0.2,
        0.2,
        0.3333333333333333,
        0.6,
        0.5333333333333333,
        0.4,
        0.2,
        0.4666666666666667,
        0.6,
        0.2,
        0.06666666666666667,
        0.4,
        0.4,
        0.3333333333333333,
        0.4,
        0.4666666666666667,
        0.13333333333333333,
        0.2,
        0.4666666666666667,
        0.4666666666666667,
        0.13333333333333333,
        0.13333333333333333,
        0.3333333333333333,
        0.4,
        0.4666666666666667,
        0.5333333333333333,
        0.13333333333333333,
        0.13333333333333333,
        0.06666666666666667,
        0.5333333333333333,
        0.4666666666666667,
        0.4666666666666667,
        0.4666666666666667,
        0.4666666666666667,
        0.5333333333333333,
        0.5333333333333333,
        0.5333333333333333,
        0.4666666666666667,
        0.4,
        0.13333333333333333,
        0.4666666666666667,
        0.4666666666666667,
        0.4666666666666667,
        0.13333333333333333,
        0.13333333333333333,
        0.4666666666666667,
        0.06666666666666667,
        0.4,
        0.4666666666666667,
        0.4666666666666667,
        0.4666666666666667,
        0.13333333333333333,
        0.26666666666666666,
        0.06666666666666667,
        0.4,
        0.4666666666666667,
        0.2,
        0.4
    ],
    "train_loss_history": [
        0.35423605177137585,
        0.2777947452333238,
        0.24512245655059814,
        0.196800430615743,
        0.16601351963149177,
        0.14785654147466024,
        0.1327495836549335,
        0.08647660613059997,
        0.09384499457147387,
        0.07482280962997012,
        0.06635740333133273,
        0.06900531467464235,
        0.054948805024226506,
        0.03866911927858988,
        0.03967019667228063,
        0.0382743232159151,
        0.02949240505695343,
        0.026679252543383176,
        0.023410210758447646,
        0.037439054602550134,
        0.024073448984159362,
        0.02256882583929433,
        0.01388745680451393,
        0.011438458371493552,
        0.01048502338429292,
        0.011977957872052988,
        0.011119554688533147,
        0.009971310601880152,
        0.00731975743547082,
        0.007361865178164509,
        0.005136815613756577,
        0.004921036917302344,
        0.004940366403510173,
        0.0041578116619752515,
        0.00501317328049077,
        0.004522297407190005,
        0.008191361614606447,
        0.0035504665639665392,
        0.004143623697261015,
        0.0028016395452949735,
        0.003986081359390583,
        0.0033345574823518596,
        0.002934963245772653,
        0.0017623702322857248,
        0.0016653457811723154,
        0.001834356194982926,
        0.0011572905324606431,
        0.001813362357724044,
        0.0012672578915953637,
        0.0026211725987700953,
        0.0012751676788967518,
        0.001640900100270907,
        0.0013550390385919148,
        0.001072885716954867,
        0.0014106178733830652,
        0.001062255890833007,
        0.000742789332030548,
        0.0009512749914493826,
        0.0011417898892735442,
        0.001031581604749792,
        0.0008873309099322392,
        0.0005835773630274666,
        0.0010013048265439769,
        0.0007003602209604448,
        0.0005865794968687826,
        0.0030099296166251105,
        0.001115296988023652,
        0.001075296391112109,
        0.0018460405149704053,
        0.0007388378980168555,
        0.0007620273778835932,
        0.0007239947651719881,
        0.0009907553852018384,
        0.0005270638800640073,
        0.0005196430202987459,
        0.0003768988792823317,
        0.0003499409636586077,
        0.0004839843475363321,
        0.0002924041099807558,
        0.0005546967382542789,
        0.00031934330666748186,
        0.00036830002079821293,
        0.00027549728595962125,
        0.00036406246120653424,
        0.00024811140675511627,
        0.00023360334517848162,
        0.00031148176510921785,
        0.0003212664987788432,
        0.00034292330350985546,
        0.00021479566930793226,
        0.0003720221196999773,
        0.0002677381187418683,
        0.00026805050761645867,
        0.00023517665750761,
        0.00035109097597240985,
        0.00017901286248363452,
        0.00021522768139321772,
        0.00023751089659829934,
        0.00019626589071574725,
        0.00018187186021047334
    ],