{
    "test_accuracy": 0.5416666666666666,
    "test_f1": 0.5343915343915344,
    "train_accuracy_history": [
        0.5,
        0.6388888888888888,
        0.7361111111111112,
        0.7916666666666666,
        0.8194444444444444,
        0.8611111111111112,
        0.8333333333333334,
        0.9166666666666666,
        0.9166666666666666,
        0.9444444444444444,
        0.9583333333333334,
        0.9305555555555556,
        0.9861111111111112,
        0.9861111111111112,
        0.9861111111111112,
        0.9861111111111112,
        1.0,
        0.9861111111111112,
        1.0,
        1.0,
        0.9861111111111112,
        1.0,
        1.0,
        1.0,
        0.9861111111111112,
        1.0,
        0.9722222222222222,
        0.9861111111111112,
        1.0,
        0.9861111111111112,
        1.0,
        1.0,
        1.0,
        1.0,
        0.9861111111111112,
        1.0,
        1.0,
        1.0,
        0.9722222222222222,
        0.9861111111111112,
        1.0,
        1.0,
        1.0,
        0.9861111111111112,
        1.0,
        1.0,
        0.9861111111111112,
        1.0,
        0.9861111111111112,
        0.9861111111111112,
        0.9583333333333334,
        1.0,
        1.0,
        1.0,
        1.0,
        0.9861111111111112,
        0.9722222222222222,
        1.0,
        1.0,
        1.0,
        1.0,
        0.9861111111111112,
        1.0,
        1.0,
        1.0,
        1.0,
        1.0,
        1.0,
        1.0,
        1.0,
        1.0,
        1.0,
        1.0,
        1.0,
        1.0,
        1.0,
        1.0,
        1.0,
        1.0,
        1.0,
        1.0,
        1.0,
        1.0,
        1.0,
        1.0,
        1.0,
        1.0,
        1.0,
        1.0,
        1.0,
        1.0,
        1.0,
        1.0,
        1.0,
        1.0,
        1.0,
        1.0,
        1.0,
        1.0,
        1.0
    ],
    "val_accuracy_history": [
        0.5833333333333334,
        0.6666666666666666,
        0.4166666666666667,
        0.4583333333333333,
        0.5833333333333334,
        0.5833333333333334,
        0.5833333333333334,
        0.5833333333333334,
        0.4166666666666667,
        0.5833333333333334,
        0.5833333333333334,
        0.5833333333333334,
        0.5833333333333334,
        0.5833333333333334,
        0.4583333333333333,
        0.5833333333333334,
        0.5833333333333334,
        0.4166666666666667,
        0.5833333333333334,
        0.5833333333333334,
        0.5833333333333334,
        0.5833333333333334,
        0.5833333333333334,
        0.5833333333333334,
        0.5833333333333334,
        0.5833333333333334,
        0.7083333333333334,
        0.4166666666666667,
        0.4166666666666667,
        0.5833333333333334,
        0.4166666666666667,
        0.4166666666666667,
        0.5833333333333334,
        0.5833333333333334,
        0.5833333333333334,
        0.5833333333333334,
        0.4166666666666667,
        0.5833333333333334,
        0.5833333333333334,
        0.4166666666666667,
        0.4166666666666667,
        0.5,
        0.4166666666666667,
        0.5833333333333334,
        0.5833333333333334,
        0.5833333333333334,
        0.4166666666666667,
        0.5833333333333334,
        0.4583333333333333,
        0.5833333333333334,
        0.5833333333333334,
        0.5833333333333334,
        0.5833333333333334,
        0.5833333333333334,
        0.5833333333333334,
        0.4166666666666667,
        0.4166666666666667,
        0.4166666666666667,
        0.4166666666666667,
        0.5,
        0.4583333333333333,
        0.5833333333333334,
        0.4166666666666667,
        0.5833333333333334,
        0.4583333333333333,
        0.4166666666666667,
        0.4166666666666667,
        0.4166666666666667,
        0.4166666666666667,
        0.4166666666666667,
        0.4166666666666667,
        0.4583333333333333,
        0.375,
        0.7083333333333334,
        0.5833333333333334,
        0.4583333333333333,
        0.5416666666666666,
        0.625,
        0.375,
        0.5833333333333334,
        0.5833333333333334,
        0.6666666666666666,
        0.5416666666666666,
        0.625,
        0.4583333333333333,
        0.5416666666666666,
        0.5416666666666666,
        0.625,
        0.5416666666666666,
        0.5833333333333334,
        0.5833333333333334,
        0.5416666666666666,
        0.5416666666666666,
        0.5,
        0.5833333333333334,
        0.5833333333333334,
        0.5833333333333334,
        0.5833333333333334,
        0.5,
        0.5
    ],
    "train_loss_history": [
        0.1868593924575382,
        0.16177924018767145,
        0.1354825550483333,
        0.12364786159661081,
        0.10693351179361343,
        0.09527122436298265,
        0.09257336695575052,
        0.08858928808735476,
        0.07254590176873738,
        0.057541115312940545,
        0.057239848809937634,
        0.0632437729380197,
        0.055331407114863396,
        0.0396345482311315,
        0.042971508836166725,
        0.03247336401707596,
        0.02635162158144845,
        0.02736584971555405,
        0.02294155287866791,
        0.020995882753696706,
        0.02285506845348411,
        0.016461180109116767,
        0.014297859381056495,
        0.013225320571412643,
        0.017682711128145456,
        0.015653303074133065,
        0.02181649966061943,
        0.021952003783856828,
        0.013907382122447921,
        0.018048195556427043,
        0.01514690736722615,
        0.010178373919592964,
        0.009497280271413425,
        0.007359784911386669,
        0.012057247481101917,
        0.008721738607467463,
        0.008138120400771085,
        0.006813329204709994,
        0.020241347555485036,
        0.020795219965899985,
        0.020953754984980658,
        0.016354897085370287,
        0.011632895278226998,
        0.017436607443313632,
        0.01364386370146854,
        0.01200136781618413,
        0.012259633099246357,
        0.009904387277654476,
        0.012219829931079099,
        0.012793952844933502,
        0.022684062695285927,
        0.009219649545330968,
        0.008831206819094304,
        0.005238675589983662,
        0.005616326538276755,
        0.015644766778374713,
        0.01200624420986666,
        0.007473454002239224,
        0.006028124208872517,
        0.006982441487101217,
        0.0038313938938598665,
        0.010906513220915157,
        0.005848686288421352,
        0.0037710989482649085,
        0.004347034736484703,
        0.004763014178024605,
        0.0037193145383045906,
        0.002274421975016594,
        0.004208266950121874,
        0.003011913554574777,
        0.0021552495082788584,
        0.0033223599408908435,
        0.00348891741305124,
        0.0033789750499029956,
        0.0021113811251578024,
        0.00191431432742522,
        0.0024604236694156295,
        0.001499134296965268,
        0.0016029840690963385,
        0.0016059745458834288,
        0.0015093079952445503,
        0.0013361339952098206,
        0.0017110236529131522,
        0.001809503043962953,
        0.0015326758180486246,
        0.0019055160478779322,
        0.0012864875841640038,
        0.001328439244793521,
        0.0011736172875518808,
        0.0018348165629302254,
        0.001290022248415173,
        0.0026528122365966234,
        0.0017263340786384004,
        0.0009061393300524085,
        0.0011204694625727523,
        0.0014232715847255248,
        0.0011841808146628966,
        0.0008013806750063344,
        0.0011869388593671222,
        0.0008946915978514072
    ],