{
    "test_accuracy": 0.25,
    "test_f1": 0.1,
    "train_accuracy_history": [
        0.25,
        0.23333333333333334,
        0.23333333333333334,
        0.23333333333333334,
        0.23333333333333334,
        0.23333333333333334,
        0.23333333333333334,
        0.16666666666666666,
        0.2,
        0.25,
        0.13333333333333333,
        0.25,
        0.23333333333333334,
        0.18333333333333332,
        0.21666666666666667,
        0.23333333333333334,
        0.23333333333333334,
        0.18333333333333332,
        0.25,
        0.25,
        0.25,
        0.13333333333333333,
        0.21666666666666667,
        0.2,
        0.15,
        0.18333333333333332,
        0.2,
        0.16666666666666666,
        0.18333333333333332,
        0.16666666666666666,
        0.16666666666666666,
        0.2,
        0.23333333333333334,
        0.21666666666666667,
        0.16666666666666666,
        0.18333333333333332,
        0.2,
        0.21666666666666667,
        0.25,
        0.21666666666666667,
        0.18333333333333332,
        0.1,
        0.21666666666666667,
        0.2,
        0.18333333333333332,
        0.15,
        0.25,
        0.18333333333333332,
        0.25,
        0.15,
        0.25,
        0.21666666666666667,
        0.13333333333333333,
        0.16666666666666666,
        0.15,
        0.21666666666666667,
        0.21666666666666667,
        0.13333333333333333,
        0.25,
        0.13333333333333333,
        0.15,
        0.25,
        0.25,
        0.18333333333333332,
        0.15,
        0.11666666666666667,
        0.16666666666666666,
        0.26666666666666666,
        0.13333333333333333,
        0.26666666666666666,
        0.21666666666666667,
        0.2833333333333333,
        0.26666666666666666,
        0.18333333333333332,
        0.26666666666666666,
        0.2,
        0.21666666666666667,
        0.26666666666666666,
        0.23333333333333334,
        0.26666666666666666,
        0.26666666666666666,
        0.16666666666666666,
        0.15,
        0.21666666666666667,
        0.25,
        0.25,
        0.2,
        0.23333333333333334,
        0.21666666666666667,
        0.11666666666666667,
        0.21666666666666667,
        0.23333333333333334,
        0.15,
        0.18333333333333332,
        0.26666666666666666,
        0.25,
        0.21666666666666667,
        0.26666666666666666,
        0.23333333333333334,
        0.16666666666666666
    ],
    "val_accuracy_history": [
        0.25,
        0.2,
        0.2,
        0.2,
        0.2,
        0.2,
        0.2,
        0.2,
        0.2,
        0.2,
        0.2,
        0.2,
        0.2,
        0.2,
        0.2,
        0.2,
        0.25,
        0.2,
        0.2,
        0.2,
        0.25,
        0.25,
        0.2,
        0.25,
        0.25,
        0.2,
        0.25,
        0.2,
        0.2,
        0.2,
        0.25,
        0.2,
        0.25,
        0.2,
        0.2,
        0.2,
        0.2,
        0.2,
        0.2,
        0.25,
        0.2,
        0.25,
        0.25,
        0.2,
        0.2,
        0.25,
        0.25,
        0.2,
        0.2,
        0.2,
        0.2,
        0.2,
        0.25,
        0.2,
        0.2,
        0.2,
        0.25,
        0.2,
        0.25,
        0.25,
        0.2,
        0.2,
        0.25,
        0.25,
        0.3,
        0.3,
        0.25,
        0.25,
        0.3,
        0.3,
        0.25,
        0.25,
        0.25,
        0.25,
        0.3,
        0.25,
        0.25,
        0.25,
        0.25,
        0.25,
        0.25,
        0.25,
        0.25,
        0.25,
        0.25,
        0.3,
        0.25,
        0.3,
        0.25,
        0.25,
        0.25,
        0.3,
        0.3,
        0.25,
        0.25,
        0.25,
        0.25,
        0.25,
        0.3,
        0.25
    ],
    "train_loss_history": [
        0.34972450335820515,
        0.3492578585942586,
        0.34802327553431195,
        0.3475996712843577,
        0.34749896128972374,
        0.3473537524541219,
        0.34721027612686156,
        0.3477323512236277,
        0.3470971524715424,
        0.34741730491320294,
        0.34724255998929343,
        0.3470940093199412,
        0.3471021989981333,
        0.34717381397883096,
        0.34723379810651145,
        0.3469403545061747,
        0.34710036118825277,
        0.34755070408185323,
        0.3473270177841187,
        0.34719387292861936,
        0.34721055428187053,
        0.3470052381356557,
        0.3477969229221344,
        0.3471391419569651,
        0.34712080359458924,
        0.34723073840141294,
        0.34696810245513915,
        0.3475531617800395,
        0.3472002367178599,
        0.34726451834042865,
        0.34738789200782777,
        0.3474704662958781,
        0.3472302357355754,
        0.34718703826268515,
        0.3471933801968892,
        0.34692562818527223,
        0.3473803917566935,
        0.3469466706116994,
        0.34721260468165077,
        0.34697371125221255,
        0.34679436683654785,
        0.3471879820028941,
        0.3470282812913259,
        0.3471038997173309,
        0.347178989648819,
        0.3475088119506836,
        0.34679293433825176,
        0.34680485328038535,
        0.34667006929715477,
        0.3468526522318522,
        0.3466026465098063,
        0.3468494633833567,
        0.3470780968666077,
        0.3469953219095866,
        0.347139581044515,
        0.3469002107779185,
        0.3468978424866994,
        0.3469296395778656,
        0.3470546543598175,
        0.3473337451616923,
        0.3473819057146708,
        0.34691555897394816,
        0.34710081418355304,
        0.34668570558230083,
        0.3467245181401571,
        0.34660084048906964,
        0.34660156567891437,
        0.3465834081172943,
        0.34717546502749125,
        0.34666320284207663,
        0.34699732263882954,
        0.34632471402486165,
        0.34701143701871234,
        0.34685500462849933,
        0.3464674790700277,
        0.3463755786418915,
        0.3467176675796509,
        0.3467540224393209,
        0.34649762908617654,
        0.3467146138350169,
        0.3465548773606618,
        0.34706178108851116,
        0.3466145018736521,
        0.34662509759267174,
        0.34630621671676637,
        0.34620261987050377,
        0.3464692711830139,
        0.3462477068106333,
        0.3465142647425334,
        0.3466685732205709,
        0.3469235042730967,
        0.3465980331103007,
        0.34648423790931704,
        0.34654645919799804,
        0.3462799449761709,
        0.3463352143764496,
        0.3462816874186198,
        0.34653706351915997,
        0.34666961630185444,
        0.3465224544207255
    ],