{
    "test_accuracy": 0.5875,
    "test_f1": 0.5853986439092822,
    "train_accuracy_history": [
        0.43333333333333335,
        0.42916666666666664,
        0.5,
        0.5291666666666667,
        0.5625,
        0.5583333333333333,
        0.55,
        0.6791666666666667,
        0.6833333333333333,
        0.7333333333333333,
        0.7166666666666667,
        0.75,
        0.75,
        0.7958333333333333,
        0.8208333333333333,
        0.7916666666666666,
        0.8,
        0.8375,
        0.8583333333333333,
        0.875,
        0.875,
        0.875,
        0.875,
        0.8791666666666667,
        0.875,
        0.925,
        0.9083333333333333,
        0.8875,
        0.8875,
        0.8708333333333333,
        0.8958333333333334,
        0.8833333333333333,
        0.9125,
        0.8958333333333334,
        0.8958333333333334,
        0.9083333333333333,
        0.8791666666666667,
        0.9083333333333333,
        0.925,
        0.9166666666666666,
        0.9375,
        0.9583333333333334,
        0.9,
        0.9,
        0.925,
        0.9458333333333333,
        0.925,
        0.9208333333333333,
        0.9125,
        0.925,
        0.9458333333333333,
        0.95,
        0.9458333333333333,
        0.9541666666666667,
        0.9125,
        0.9416666666666667,
        0.9416666666666667,
        0.9208333333333333,
        0.95,
        0.9166666666666666,
        0.9375,
        0.9791666666666666,
        0.9541666666666667,
        0.9375,
        0.925,
        0.9458333333333333,
        0.9541666666666667,
        0.95,
        0.9541666666666667,
        0.9333333333333333,
        0.9375,
        0.9166666666666666,
        0.9583333333333334,
        0.9541666666666667,
        0.9583333333333334,
        0.95,
        0.9041666666666667,
        0.9375,
        0.95,
        0.9291666666666667,
        0.9625,
        0.9625,
        0.9375,
        0.9166666666666666,
        0.9583333333333334,
        0.9541666666666667,
        0.95,
        0.9541666666666667,
        0.9708333333333333,
        0.9541666666666667,
        0.9541666666666667,
        0.9375,
        0.9666666666666667,
        0.9708333333333333,
        0.9458333333333333,
        0.9083333333333333,
        0.9291666666666667,
        0.9375,
        0.9666666666666667,
        0.9666666666666667
    ],
    "val_accuracy_history": [
        0.3375,
        0.3375,
        0.3875,
        0.4375,
        0.425,
        0.275,
        0.4125,
        0.4125,
        0.325,
        0.325,
        0.425,
        0.425,
        0.4625,
        0.3625,
        0.3375,
        0.425,
        0.4375,
        0.5625,
        0.5625,
        0.5,
        0.5125,
        0.6375,
        0.5,
        0.6375,
        0.5125,
        0.3125,
        0.25,
        0.475,
        0.5875,
        0.3625,
        0.5625,
        0.7,
        0.5,
        0.5875,
        0.5125,
        0.5875,
        0.625,
        0.575,
        0.6375,
        0.3625,
        0.65,
        0.625,
        0.25,
        0.4625,
        0.575,
        0.525,
        0.3875,
        0.675,
        0.5375,
        0.3875,
        0.4875,
        0.7125,
        0.6375,
        0.65,
        0.6625,
        0.55,
        0.6125,
        0.65,
        0.525,
        0.5625,
        0.7,
        0.6125,
        0.7125,
        0.45,
        0.4375,
        0.25,
        0.625,
        0.6625,
        0.325,
        0.65,
        0.6375,
        0.6875,
        0.65,
        0.65,
        0.6875,
        0.45,
        0.3125,
        0.5625,
        0.6375,
        0.6875,
        0.65,
        0.2625,
        0.625,
        0.6625,
        0.5875,
        0.675,
        0.65,
        0.6,
        0.7125,
        0.45,
        0.6625,
        0.6375,
        0.6625,
        0.625,
        0.4,
        0.5,
        0.3625,
        0.6375,
        0.5875,
        0.6375
    ],
    "train_loss_history": [
        0.3072428457438946,
        0.2907747937987248,
        0.27407486823697885,
        0.24757305917640526,
        0.24445335306227206,
        0.2349586859345436,
        0.23867095833023388,
        0.19900166199853023,
        0.17636443068428587,
        0.1761632007236282,
        0.18662071603660782,
        0.17367956470698118,
        0.15599096150447925,
        0.1456494725154092,
        0.14135965801154574,
        0.1542338419628019,
        0.12436846958395714,
        0.13716054401981334,
        0.10913664074614644,
        0.10075505255566289,
        0.11731593093524377,
        0.10293895781117803,
        0.09495531158560576,
        0.08802562201356826,
        0.1014942346897442,
        0.06879667674365919,
        0.07050219954104099,
        0.09215520271488155,
        0.12155828449952727,
        0.1118675795577777,
        0.08203737165216202,
        0.08368161153048277,
        0.06371468386350898,
        0.0971333592740848,
        0.09529469498459851,
        0.07469655134676335,
        0.07971392829592029,
        0.07873993698352327,
        0.06586249926088689,
        0.0670105349668423,
        0.04666730196622666,
        0.04513998539744837,
        0.06588316052828608,
        0.06568913294007264,
        0.06183912391752529,
        0.04312869396222822,
        0.06858879804835852,
        0.050593974752882784,
        0.06927962730248538,
        0.0554572107824697,
        0.04907972378253665,
        0.04672332231833328,
        0.04181654045569303,
        0.03359724537851273,
        0.06526069881553363,
        0.04046708216145968,
        0.051922537634406275,
        0.057309982313881846,
        0.040653605207914015,
        0.0626446206626118,
        0.04059150571946854,
        0.028321396965308547,
        0.042018035369084335,
        0.051893009941509645,
        0.07815834155492969,
        0.046494035810136815,
        0.03505916709606633,
        0.044966486825929526,
        0.02814775185978909,
        0.05405775131312017,
        0.05665021707767058,
        0.06989754847697137,
        0.03766497162011054,
        0.035440692285415784,
        0.03234218361983115,
        0.036212200726276934,
        0.07703854253292472,
        0.04448949079499774,
        0.032190044703510994,
        0.046265592452724984,
        0.02826453724261834,
        0.028822772935851997,
        0.053677242633511923,
        0.05704797491097603,
        0.029280677901783746,
        0.0327641950324202,
        0.03314937363702271,
        0.046369354311741516,
        0.02761993111268642,
        0.034688800119139766,
        0.027508741074719487,
        0.04472553957666605,
        0.025651654243362524,
        0.02011119817304158,
        0.03367238888085886,
        0.057330767164161474,
        0.04732115555317288,
        0.07222912519246165,
        0.029964152981309174,
        0.034516392208140206
    ],