{
    "test_accuracy": 0.9,
    "test_f1": 0.898989898989899,
    "train_accuracy_history": [
        0.5,
        0.4666666666666667,
        0.7666666666666667,
        0.8333333333333334,
        0.8333333333333334,
        0.8666666666666667,
        0.9,
        0.9333333333333333,
        0.9333333333333333,
        0.9333333333333333,
        0.9333333333333333,
        0.9333333333333333,
        0.9333333333333333,
        0.9333333333333333,
        1.0,
        1.0,
        1.0,
        1.0,
        1.0,
        1.0,
        1.0,
        1.0,
        1.0,
        1.0,
        1.0,
        1.0,
        1.0,
        1.0,
        1.0,
        1.0,
        1.0,
        1.0,
        1.0,
        1.0,
        1.0,
        1.0,
        1.0,
        1.0,
        1.0,
        1.0,
        1.0,
        1.0,
        1.0,
        1.0,
        1.0,
        1.0,
        1.0,
        1.0,
        1.0,
        1.0,
        1.0,
        1.0,
        1.0,
        1.0,
        1.0,
        1.0,
        1.0,
        1.0,
        1.0,
        1.0,
        1.0,
        1.0,
        1.0,
        1.0,
        1.0,
        1.0,
        1.0,
        1.0,
        1.0,
        1.0,
        1.0,
        1.0,
        1.0,
        1.0,
        1.0,
        1.0,
        1.0,
        1.0,
        1.0,
        1.0,
        1.0,
        1.0,
        1.0,
        1.0,
        1.0,
        1.0,
        1.0,
        1.0,
        1.0,
        1.0,
        1.0,
        1.0,
        1.0,
        1.0,
        1.0,
        1.0,
        1.0,
        1.0,
        1.0,
        1.0
    ],
    "val_accuracy_history": [
        0.6,
        0.7,
        0.4,
        0.4,
        0.4,
        0.4,
        0.4,
        0.4,
        0.5,
        0.8,
        0.7,
        0.4,
        0.4,
        0.7,
        0.7,
        0.7,
        0.4,
        0.4,
        0.9,
        0.7,
        0.7,
        0.7,
        0.8,
        0.4,
        0.9,
        0.7,
        0.7,
        0.7,
        0.7,
        0.7,
        0.7,
        0.7,
        0.7,
        0.7,
        0.7,
        0.8,
        0.7,
        0.7,
        0.7,
        0.9,
        0.9,
        1.0,
        0.9,
        0.9,
        0.9,
        0.7,
        0.7,
        0.7,
        0.7,
        0.7,
        0.7,
        0.8,
        0.8,
        0.8,
        0.8,
        0.9,
        0.9,
        1.0,
        1.0,
        1.0,
        1.0,
        0.9,
        0.9,
        1.0,
        1.0,
        0.9,
        0.8,
        0.8,
        0.9,
        0.9,
        0.9,
        0.9,
        0.7,
        0.7,
        0.7,
        0.7,
        0.7,
        0.7,
        0.7,
        0.8,
        0.9,
        0.9,
        0.9,
        0.9,
        0.9,
        1.0,
        1.0,
        0.9,
        1.0,
        1.0,
        1.0,
        1.0,
        1.0,
        1.0,
        1.0,
        0.9,
        1.0,
        1.0,
        1.0,
        1.0
    ],
    "train_loss_history": [
        0.2117027481396993,
        0.1764298915863037,
        0.14675741692384084,
        0.12390653292338054,
        0.10511027624209722,
        0.08930474768082301,
        0.08193714941541354,
        0.07467417269945145,
        0.07321280042330423,
        0.05701942003021638,
        0.05793519442280134,
        0.046923131495714185,
        0.045199767934779325,
        0.04006940927356482,
        0.04040149003267288,
        0.029234118449191254,
        0.028557684800277153,
        0.02491682320833206,
        0.02127709047247966,
        0.019392984981338183,
        0.01718548998857538,
        0.01832675381253163,
        0.013443968646849195,
        0.011071773990988732,
        0.00565941899549216,
        0.008818125911056995,
        0.006468066107481718,
        0.005548589490354061,
        0.003639855592822035,
        0.002540436910931021,
        0.002521732860865692,
        0.0024749907664954663,
        0.003277739284870525,
        0.0021357559288541477,
        0.0016218924274047216,
        0.0017635417791704337,
        0.001911595743149519,
        0.0011948351728885123,
        0.0009507425420451909,
        0.001296088262461126,
        0.0006809352043395241,
        0.0007303630292881281,
        0.0010751037121129532,
        0.0012211713433013453,
        0.0015811554195048908,
        0.0006574609355690579,
        0.0010138718391923855,
        0.0022228830101084897,
        0.0005953872726725725,
        0.0011820339636566739,
        0.0005851087470849355,
        0.00047632210965578754,
        0.0003175238874973729,
        0.0004792644884825374,
        0.0005218615881555403,
        0.0008192562013088415,
        0.0005753858208966752,
        0.0023072306314134037,
        0.0005726312597592671,
        0.0002151936312050869,
        0.0004155566042754799,
        0.0002427450048950656,
        0.000473538605729118,
        0.00046051384997554124,
        0.0003131633740849793,
        0.0004468907311093062,
        0.00033402038328252576,
        0.0006640433096132862,
        0.0005734414686836923,
        0.0005244616283259044,
        0.000809487521473784,
        0.0003398600286648919,
        0.0007872912552556955,
        0.0006779726226037989,
        0.0003771381607900063,
        0.0003806456697930116,
        0.0004037495479375745,
        0.0002569506135235618,
        0.0003191991760104429,
        0.0005564054733743736,
        0.00021262197418157788,
        0.000423660134159339,
        0.0003963556703335295,
        0.00033157417107455937,
        0.00018358122360950802,
        0.00021644942899001762,
        0.0002451114305813462,
        0.0001567541497934144,
        0.00014351555504011533,
        0.0001577757279543827,
        0.000307423075234207,
        0.000163666951993946,
        0.00018547776156386438,
        0.00025771248522990693,
        0.00018438276019878687,
        9.27488562107707e-05,
        0.00011798200822947062,
        0.00016522668302059172,
        0.00017775229947195232,
        8.701999777258607e-05
    ],