{
    "test_accuracy": 0.25,
    "test_f1": 0.1,
    "train_accuracy_history": [
        0.25,
        0.2833333333333333,
        0.3,
        0.23333333333333334,
        0.15,
        0.15,
        0.18333333333333332,
        0.2,
        0.21666666666666667,
        0.25,
        0.18333333333333332,
        0.15,
        0.25,
        0.25,
        0.25,
        0.21666666666666667,
        0.21666666666666667,
        0.21666666666666667,
        0.18333333333333332,
        0.2,
        0.13333333333333333,
        0.25,
        0.25,
        0.23333333333333334,
        0.25,
        0.13333333333333333,
        0.2,
        0.2,
        0.25,
        0.23333333333333334,
        0.18333333333333332,
        0.21666666666666667,
        0.18333333333333332,
        0.18333333333333332,
        0.15,
        0.18333333333333332,
        0.25,
        0.18333333333333332,
        0.18333333333333332,
        0.21666666666666667,
        0.2,
        0.21666666666666667,
        0.1,
        0.23333333333333334,
        0.15,
        0.21666666666666667,
        0.18333333333333332,
        0.2,
        0.25,
        0.25,
        0.21666666666666667,
        0.2,
        0.25,
        0.16666666666666666,
        0.25,
        0.25,
        0.21666666666666667,
        0.25,
        0.2,
        0.21666666666666667,
        0.2,
        0.18333333333333332,
        0.25,
        0.16666666666666666,
        0.2,
        0.23333333333333334,
        0.18333333333333332,
        0.16666666666666666,
        0.21666666666666667,
        0.23333333333333334,
        0.25,
        0.25,
        0.2,
        0.13333333333333333,
        0.21666666666666667,
        0.23333333333333334,
        0.2,
        0.21666666666666667,
        0.21666666666666667,
        0.25,
        0.21666666666666667,
        0.2,
        0.21666666666666667,
        0.25,
        0.25,
        0.15,
        0.23333333333333334,
        0.21666666666666667,
        0.25,
        0.25,
        0.25,
        0.21666666666666667,
        0.25,
        0.21666666666666667,
        0.2,
        0.15,
        0.2,
        0.16666666666666666,
        0.16666666666666666,
        0.16666666666666666
    ],
    "val_accuracy_history": [
        0.25,
        0.25,
        0.25,
        0.25,
        0.25,
        0.25,
        0.25,
        0.25,
        0.25,
        0.25,
        0.25,
        0.25,
        0.25,
        0.25,
        0.25,
        0.25,
        0.25,
        0.25,
        0.25,
        0.25,
        0.25,
        0.25,
        0.25,
        0.25,
        0.25,
        0.25,
        0.25,
        0.25,
        0.25,
        0.25,
        0.25,
        0.25,
        0.25,
        0.25,
        0.25,
        0.25,
        0.25,
        0.25,
        0.25,
        0.25,
        0.25,
        0.25,
        0.25,
        0.25,
        0.25,
        0.25,
        0.25,
        0.25,
        0.25,
        0.25,
        0.25,
        0.25,
        0.25,
        0.25,
        0.25,
        0.25,
        0.25,
        0.25,
        0.25,
        0.25,
        0.25,
        0.25,
        0.25,
        0.25,
        0.25,
        0.25,
        0.25,
        0.25,
        0.25,
        0.25,
        0.25,
        0.25,
        0.25,
        0.25,
        0.25,
        0.25,
        0.25,
        0.25,
        0.25,
        0.25,
        0.25,
        0.25,
        0.25,
        0.25,
        0.25,
        0.25,
        0.25,
        0.25,
        0.25,
        0.25,
        0.25,
        0.25,
        0.25,
        0.25,
        0.25,
        0.25,
        0.25,
        0.25,
        0.25,
        0.25
    ],
    "train_loss_history": [
        0.3491095940272013,
        0.3464886029561361,
        0.3454698999722799,
        0.3472904562950134,
        0.3471523920694987,
        0.3475445548693339,
        0.34744498133659363,
        0.3473143537839254,
        0.34706921577453614,
        0.34679628610610963,
        0.34718271692593894,
        0.34770566821098325,
        0.34698197642962136,
        0.3469125866889954,
        0.346997461716334,
        0.3471155405044556,
        0.34723336895306905,
        0.3470021446545919,
        0.34735482732454936,
        0.346910564104716,
        0.34711433251698814,
        0.34733972350756326,
        0.347157351175944,
        0.34719764987627666,
        0.34686213731765747,
        0.34739660620689394,
        0.3470017890135447,
        0.34793294469515484,
        0.34689770539601644,
        0.34707985719045004,
        0.34711456100145976,
        0.3469497362772624,
        0.3475752333799998,
        0.34702233274777733,
        0.34715163707733154,
        0.3471049865086873,
        0.34674686193466187,
        0.34737613598505657,
        0.34758338530858357,
        0.34688485066095986,
        0.3473406453927358,
        0.34685118595759074,
        0.347297336657842,
        0.3472406168778737,
        0.3475795745849609,
        0.3472546140352885,
        0.3473116258780162,
        0.34704282085100807,
        0.3471012751261393,
        0.3470423142115275,
        0.3470532953739166,
        0.34716551502545673,
        0.34750536680221555,
        0.34709877173105874,
        0.3467890679836273,
        0.3469965140024821,
        0.347671765089035,
        0.34713717699050906,
        0.3470515251159668,
        0.3472376982371012,
        0.3474720478057861,
        0.3472916881243388,
        0.3472349683443705,
        0.34753426114718117,
        0.3472136616706848,
        0.3470047871271769,
        0.3470638314882914,
        0.3478476325670878,
        0.3478331526120504,
        0.3472283720970154,
        0.34709498286247253,
        0.3468074818452199,
        0.3471023639043172,
        0.3472524603207906,
        0.34709033568700154,
        0.3469474653402964,
        0.3467649539311727,
        0.3467176834742228,
        0.3472029527028402,
        0.34725347757339475,
        0.3468741218249003,
        0.34713890552520754,
        0.3474305927753448,
        0.3466442386309306,
        0.34691126545270284,
        0.34753849109013873,
        0.34774261514345806,
        0.34718590378761294,
        0.3471064567565918,
        0.3473339279492696,
        0.34710489908854164,
        0.3469087541103363,
        0.3470855454603831,
        0.3469754616419474,
        0.3468382755915324,
        0.347390733162562,
        0.3472098449865977,
        0.34713629881540936,
        0.34707811077435813,
        0.34698283672332764
    ],