{
    "test_accuracy": 0.55,
    "test_f1": 0.5563289849710735,
    "train_accuracy_history": [
        0.19583333333333333,
        0.23333333333333334,
        0.24166666666666667,
        0.36666666666666664,
        0.5,
        0.6,
        0.6,
        0.625,
        0.6416666666666667,
        0.7,
        0.7083333333333334,
        0.7083333333333334,
        0.6791666666666667,
        0.7125,
        0.7041666666666667,
        0.7375,
        0.7666666666666667,
        0.7291666666666666,
        0.75,
        0.7041666666666667,
        0.7416666666666667,
        0.7958333333333333,
        0.75,
        0.7333333333333333,
        0.7416666666666667,
        0.7666666666666667,
        0.7625,
        0.7833333333333333,
        0.7541666666666667,
        0.7583333333333333,
        0.6666666666666666,
        0.7333333333333333,
        0.7708333333333334,
        0.8125,
        0.8041666666666667,
        0.8041666666666667,
        0.8166666666666667,
        0.8375,
        0.875,
        0.8791666666666667,
        0.8166666666666667,
        0.8791666666666667,
        0.8875,
        0.9083333333333333,
        0.9166666666666666,
        0.8916666666666667,
        0.9125,
        0.9333333333333333,
        0.8875,
        0.9166666666666666,
        0.9125,
        0.9041666666666667,
        0.925,
        0.9416666666666667,
        0.925,
        0.9083333333333333,
        0.9416666666666667,
        0.925,
        0.9416666666666667,
        0.9208333333333333,
        0.925,
        0.9375,
        0.9458333333333333,
        0.9583333333333334,
        0.9458333333333333,
        0.9125,
        0.9166666666666666,
        0.9583333333333334,
        0.975,
        0.9458333333333333,
        0.9583333333333334,
        0.9625,
        0.9666666666666667,
        0.9708333333333333,
        0.975,
        0.9166666666666666,
        0.925,
        0.95,
        0.9625,
        0.9291666666666667,
        0.9583333333333334,
        0.9458333333333333,
        0.9625,
        0.9666666666666667,
        0.9666666666666667,
        0.95,
        0.9458333333333333,
        0.9583333333333334,
        0.9583333333333334,
        0.9708333333333333,
        0.9625,
        0.9708333333333333,
        0.9416666666666667,
        0.9625,
        0.9375,
        0.9708333333333333,
        0.9708333333333333,
        0.9625,
        0.9583333333333334,
        0.9458333333333333
    ],
    "val_accuracy_history": [
        0.25,
        0.25,
        0.25,
        0.25,
        0.4375,
        0.3375,
        0.25,
        0.5,
        0.4375,
        0.5125,
        0.5625,
        0.4625,
        0.5125,
        0.4125,
        0.5,
        0.525,
        0.275,
        0.4875,
        0.5,
        0.275,
        0.5125,
        0.4875,
        0.3625,
        0.1375,
        0.525,
        0.5875,
        0.425,
        0.2125,
        0.15,
        0.25,
        0.475,
        0.5625,
        0.475,
        0.575,
        0.5125,
        0.175,
        0.6,
        0.475,
        0.2125,
        0.475,
        0.4125,
        0.5375,
        0.4375,
        0.625,
        0.55,
        0.4,
        0.5875,
        0.5875,
        0.475,
        0.625,
        0.4125,
        0.625,
        0.575,
        0.6375,
        0.5625,
        0.5125,
        0.4125,
        0.5875,
        0.625,
        0.5875,
        0.575,
        0.5625,
        0.65,
        0.65,
        0.4625,
        0.575,
        0.5125,
        0.6,
        0.6,
        0.6625,
        0.675,
        0.6375,
        0.6625,
        0.5625,
        0.6875,
        0.4375,
        0.3625,
        0.55,
        0.6,
        0.575,
        0.65,
        0.5625,
        0.5875,
        0.6125,
        0.3875,
        0.6375,
        0.525,
        0.6375,
        0.3125,
        0.625,
        0.6,
        0.6125,
        0.6125,
        0.5875,
        0.625,
        0.625,
        0.65,
        0.525,
        0.575,
        0.625
    ],
    "train_loss_history": [
        0.3490278402964274,
        0.3491383194923401,
        0.3470240255196889,
        0.32368522360920904,
        0.26402897412578263,
        0.23335306073228518,
        0.2140206684668859,
        0.20965943150222302,
        0.1863584293673436,
        0.17224959799398978,
        0.16005035331472756,
        0.14501073220744728,
        0.16496653212234377,
        0.13422160319363077,
        0.1471725812065415,
        0.13297689982379476,
        0.13131070979482803,
        0.12832122951901206,
        0.12695694840003852,
        0.14175325125009597,
        0.13860853728862518,
        0.11961339691576238,
        0.12476979004374394,
        0.125613101911343,
        0.12605665787583956,
        0.11907890482495229,
        0.12109388992733633,
        0.12055359465302899,
        0.12215608472858246,
        0.16884430598001926,
        0.15904715824872256,
        0.13620611596852542,
        0.11517998133349465,
        0.10959288671486624,
        0.11548294573052166,
        0.11353454271335674,
        0.11020480070146732,
        0.1008647093345644,
        0.09695532616072645,
        0.09188262688167015,
        0.13353622150510394,
        0.10124356262191819,
        0.08058101607020944,
        0.07184754612868953,
        0.06868861447631693,
        0.08158467566293742,
        0.06847951600939269,
        0.05492065089359433,
        0.08166674551716824,
        0.06630309401464653,
        0.07325102178159189,
        0.07194189458095922,
        0.05729916252591162,
        0.048635609003198015,
        0.060743597357577526,
        0.07416007987926605,
        0.05647165854861669,
        0.05363525896739816,
        0.053393494800362026,
        0.06271369548023055,
        0.06525504767256886,
        0.05298957583919825,
        0.049464581323748764,
        0.04324608392744267,
        0.046036251267590464,
        0.06284969469840386,
        0.059085473950835875,
        0.04294350461238234,
        0.03328608152886924,
        0.04123902382602343,
        0.03406332738293282,
        0.03577552576952717,
        0.033046298956514876,
        0.031778561804988684,
        0.02617123056622006,
        0.06332099721789651,
        0.06161376820061074,
        0.039867588656031926,
        0.04789769042169064,
        0.06454984860465629,
        0.040032389705985834,
        0.03858631564608383,
        0.03158526383330506,
        0.02924660377636125,
        0.027927108074375914,
        0.04063879819847595,
        0.050209929715612965,
        0.03294089165716893,
        0.031046101784943877,
        0.025741769795970034,
        0.03208171198665089,
        0.03037009470929964,
        0.04051299911774689,
        0.03331410401524408,
        0.046358774103434065,
        0.02903381101020083,
        0.024843537996039326,
        0.02821592764120832,
        0.026469315218819154,
        0.04491246644053793
    ],