{
    "test_accuracy": 0.4,
    "test_f1": 0.27142857142857146,
    "train_accuracy_history": [
        0.2833333333333333,
        0.26666666666666666,
        0.26666666666666666,
        0.4,
        0.36666666666666664,
        0.4166666666666667,
        0.45,
        0.45,
        0.4666666666666667,
        0.5333333333333333,
        0.5666666666666667,
        0.6,
        0.6833333333333333,
        0.5833333333333334,
        0.6666666666666666,
        0.65,
        0.7833333333333333,
        0.8166666666666667,
        0.7833333333333333,
        0.8,
        0.8,
        0.8166666666666667,
        0.8166666666666667,
        0.85,
        0.8166666666666667,
        0.8333333333333334,
        0.8333333333333334,
        0.8666666666666667,
        0.9166666666666666,
        0.9166666666666666,
        0.9,
        0.8833333333333333,
        0.9166666666666666,
        0.9,
        0.9,
        0.8833333333333333,
        0.95,
        0.9666666666666667,
        0.9666666666666667,
        0.9833333333333333,
        0.9666666666666667,
        1.0,
        0.9666666666666667,
        0.9833333333333333,
        0.9833333333333333,
        1.0,
        1.0,
        0.95,
        1.0,
        0.9833333333333333,
        0.9666666666666667,
        1.0,
        1.0,
        1.0,
        0.9833333333333333,
        0.9833333333333333,
        1.0,
        0.9833333333333333,
        0.95,
        1.0,
        1.0,
        1.0,
        0.9833333333333333,
        0.9833333333333333,
        1.0,
        0.9833333333333333,
        0.9833333333333333,
        1.0,
        1.0,
        1.0,
        1.0,
        1.0,
        1.0,
        1.0,
        1.0,
        1.0,
        1.0,
        1.0,
        1.0,
        1.0,
        1.0,
        1.0,
        1.0,
        1.0,
        1.0,
        1.0,
        1.0,
        1.0,
        1.0,
        1.0,
        1.0,
        1.0,
        1.0,
        1.0,
        1.0,
        1.0,
        1.0,
        1.0,
        1.0,
        1.0
    ],
    "val_accuracy_history": [
        0.25,
        0.25,
        0.2,
        0.25,
        0.25,
        0.25,
        0.25,
        0.25,
        0.25,
        0.25,
        0.3,
        0.3,
        0.25,
        0.2,
        0.25,
        0.3,
        0.25,
        0.3,
        0.2,
        0.25,
        0.2,
        0.25,
        0.25,
        0.25,
        0.2,
        0.2,
        0.15,
        0.15,
        0.2,
        0.2,
        0.2,
        0.2,
        0.15,
        0.25,
        0.3,
        0.4,
        0.2,
        0.25,
        0.25,
        0.3,
        0.25,
        0.2,
        0.25,
        0.2,
        0.25,
        0.25,
        0.15,
        0.25,
        0.2,
        0.2,
        0.25,
        0.25,
        0.2,
        0.3,
        0.25,
        0.15,
        0.25,
        0.2,
        0.2,
        0.2,
        0.25,
        0.25,
        0.2,
        0.2,
        0.15,
        0.35,
        0.25,
        0.35,
        0.25,
        0.25,
        0.2,
        0.2,
        0.25,
        0.25,
        0.15,
        0.25,
        0.2,
        0.2,
        0.2,
        0.1,
        0.25,
        0.2,
        0.25,
        0.35,
        0.35,
        0.25,
        0.25,
        0.15,
        0.25,
        0.25,
        0.15,
        0.25,
        0.2,
        0.2,
        0.25,
        0.15,
        0.25,
        0.2,
        0.2,
        0.25
    ],
    "train_loss_history": [
        0.3534763514995575,
        0.3473033825556437,
        0.34467002550760906,
        0.33035117387771606,
        0.3239748994509379,
        0.31225926578044894,
        0.2996803383032481,
        0.3109152446190516,
        0.29143814543883007,
        0.2756346493959427,
        0.2784443527460098,
        0.25310937166213987,
        0.24903007845083872,
        0.25353650748729706,
        0.22891775965690614,
        0.21832355161507924,
        0.2059485008319219,
        0.20273609360059103,
        0.19792909721533458,
        0.18209776282310486,
        0.1728665719429652,
        0.16724940637747446,
        0.16070189476013183,
        0.1583871026833852,
        0.14549812798698744,
        0.14903533160686494,
        0.13913210928440095,
        0.12378074899315834,
        0.12231135318676631,
        0.1160032756626606,
        0.12117591773470243,
        0.12381293326616287,
        0.11487986072897911,
        0.10302343058089415,
        0.10675053844849268,
        0.10550186485052108,
        0.0950304850935936,
        0.08257956529657046,
        0.0795004814863205,
        0.07219037140409151,
        0.07742413183053334,
        0.07363955130179724,
        0.07171826834479968,
        0.06289874352514743,
        0.062112805992364885,
        0.05341052872439225,
        0.05174556169658899,
        0.05549564423660437,
        0.054890070607264835,
        0.043343287458022434,
        0.04426736893753211,
        0.04127535298466682,
        0.038307227691014606,
        0.03699489931265513,
        0.042309990028540294,
        0.0365976986164848,
        0.032519000209867956,
        0.035935988463461396,
        0.04443990873793761,
        0.033079863308618465,
        0.02881775368005037,
        0.02722875786324342,
        0.03589336797595024,
        0.028891256141165892,
        0.029589744471013545,
        0.028962047211825846,
        0.027289767439166706,
        0.01942021840562423,
        0.018912758740286032,
        0.023867584702869257,
        0.017365788109600544,
        0.018014805018901826,
        0.020677283716698486,
        0.018368351055930057,
        0.01923596685131391,
        0.019487319079538188,
        0.01707458938471973,
        0.01867267961303393,
        0.015945729706436394,
        0.012573118787258863,
        0.01663131220266223,
        0.016918061611553032,
        0.015604869617770115,
        0.013842871723075708,
        0.012414080214997132,
        0.012131145348151524,
        0.013651031535118818,
        0.011720836690316597,
        0.010194064769893884,
        0.010044616678108772,
        0.01095494901140531,
        0.01101641207933426,
        0.013620998617261649,
        0.013052132353186608,
        0.013639235931138197,
        0.008588528959080577,
        0.01043797858680288,
        0.008714149923374255,
        0.008103624467427533,
        0.00829362856845061
    ],