{
    "test_accuracy": 0.3333333333333333,
    "test_f1": 0.27619047619047615,
    "train_accuracy_history": [
        0.28888888888888886,
        0.4444444444444444,
        0.28888888888888886,
        0.24444444444444444,
        0.35555555555555557,
        0.4222222222222222,
        0.3111111111111111,
        0.4,
        0.4,
        0.4,
        0.4888888888888889,
        0.4888888888888889,
        0.4444444444444444,
        0.4444444444444444,
        0.5777777777777777,
        0.5777777777777777,
        0.5333333333333333,
        0.6444444444444445,
        0.6888888888888889,
        0.7777777777777778,
        0.6444444444444445,
        0.8,
        0.7111111111111111,
        0.7555555555555555,
        0.7555555555555555,
        0.8,
        0.8,
        0.8,
        0.7111111111111111,
        0.8222222222222222,
        0.7333333333333333,
        0.8,
        0.8222222222222222,
        0.8444444444444444,
        0.8444444444444444,
        0.8222222222222222,
        0.8222222222222222,
        0.8666666666666667,
        0.8888888888888888,
        0.8444444444444444,
        0.8666666666666667,
        0.8444444444444444,
        0.8666666666666667,
        0.8444444444444444,
        0.9333333333333333,
        0.8666666666666667,
        0.9333333333333333,
        0.8444444444444444,
        0.9333333333333333,
        0.9111111111111111,
        0.9777777777777777,
        0.9333333333333333,
        0.9333333333333333,
        0.9777777777777777,
        0.9777777777777777,
        0.9333333333333333,
        0.9777777777777777,
        0.9777777777777777,
        0.9777777777777777,
        0.9555555555555556,
        0.9777777777777777,
        0.9777777777777777,
        0.9555555555555556,
        0.8888888888888888,
        0.9777777777777777,
        1.0,
        0.9777777777777777,
        1.0,
        0.9777777777777777,
        0.9777777777777777,
        0.9777777777777777,
        1.0,
        1.0,
        1.0,
        1.0,
        1.0,
        0.9777777777777777,
        0.9777777777777777,
        1.0,
        1.0,
        1.0,
        1.0,
        0.9777777777777777,
        1.0,
        0.9777777777777777,
        1.0,
        1.0,
        1.0,
        1.0,
        1.0,
        1.0,
        1.0,
        1.0,
        1.0,
        1.0,
        1.0,
        1.0,
        1.0,
        1.0,
        1.0
    ],
    "val_accuracy_history": [
        0.06666666666666667,
        0.06666666666666667,
        0.4,
        0.4,
        0.4,
        0.4,
        0.5333333333333333,
        0.5333333333333333,
        0.4,
        0.5333333333333333,
        0.5333333333333333,
        0.5333333333333333,
        0.06666666666666667,
        0.06666666666666667,
        0.06666666666666667,
        0.06666666666666667,
        0.06666666666666667,
        0.5333333333333333,
        0.5333333333333333,
        0.06666666666666667,
        0.06666666666666667,
        0.5333333333333333,
        0.06666666666666667,
        0.4,
        0.5333333333333333,
        0.5333333333333333,
        0.5333333333333333,
        0.06666666666666667,
        0.06666666666666667,
        0.06666666666666667,
        0.06666666666666667,
        0.3333333333333333,
        0.4666666666666667,
        0.3333333333333333,
        0.5333333333333333,
        0.5333333333333333,
        0.3333333333333333,
        0.06666666666666667,
        0.06666666666666667,
        0.06666666666666667,
        0.06666666666666667,
        0.06666666666666667,
        0.13333333333333333,
        0.06666666666666667,
        0.4,
        0.4,
        0.4,
        0.4,
        0.4,
        0.06666666666666667,
        0.13333333333333333,
        0.06666666666666667,
        0.06666666666666667,
        0.2,
        0.26666666666666666,
        0.4,
        0.4,
        0.4,
        0.5333333333333333,
        0.2,
        0.06666666666666667,
        0.2,
        0.06666666666666667,
        0.06666666666666667,
        0.13333333333333333,
        0.06666666666666667,
        0.06666666666666667,
        0.26666666666666666,
        0.5333333333333333,
        0.26666666666666666,
        0.4,
        0.4666666666666667,
        0.4,
        0.2,
        0.06666666666666667,
        0.13333333333333333,
        0.13333333333333333,
        0.06666666666666667,
        0.06666666666666667,
        0.06666666666666667,
        0.06666666666666667,
        0.4,
        0.3333333333333333,
        0.3333333333333333,
        0.4,
        0.5333333333333333,
        0.4,
        0.5333333333333333,
        0.06666666666666667,
        0.06666666666666667,
        0.2,
        0.06666666666666667,
        0.06666666666666667,
        0.2,
        0.2,
        0.2,
        0.4,
        0.4,
        0.6666666666666666,
        0.26666666666666666
    ],
    "train_loss_history": [
        0.31400645044114855,
        0.2960303796662225,
        0.30755690468682184,
        0.29541407691107857,
        0.29116967254214815,
        0.2830198089281718,
        0.2978597429063585,
        0.28317608965767754,
        0.286336788866255,
        0.2865642812516954,
        0.25814951923158436,
        0.26082778837945725,
        0.24492041932211983,
        0.2598978877067566,
        0.25253693262736004,
        0.23111758828163148,
        0.24263554679022895,
        0.2073299911287096,
        0.20091537170939974,
        0.18965012696054245,
        0.1958508140510983,
        0.1884813732571072,
        0.19666705661349826,
        0.18089783589045208,
        0.19800710148281522,
        0.1814805030822754,
        0.176257238123152,
        0.1616395394007365,
        0.16782662255896463,
        0.18956736226876578,
        0.15787109600173102,
        0.14263519710964626,
        0.13820871512095134,
        0.1380030870437622,
        0.1512392908334732,
        0.13394350210825604,
        0.14502887593375313,
        0.12474344472090403,
        0.11632188260555268,
        0.12309262918101417,
        0.09866639326016108,
        0.12416315906577641,
        0.12462841636604732,
        0.11247583015097512,
        0.09355084929201338,
        0.09242856113447083,
        0.07994708749983045,
        0.09602842413716846,
        0.07751595712163382,
        0.08853447404172686,
        0.06581460734208425,
        0.08452489260170194,
        0.07242725458410051,
        0.07245231618483862,
        0.06543645113706589,
        0.07206576930152045,
        0.06516725754158365,
        0.08144533981879552,
        0.06398833079470528,
        0.06976142885137557,
        0.0670201881064309,
        0.06864874876207776,
        0.058386473192109004,
        0.05982858389616012,
        0.0530666252805127,
        0.047039717187484106,
        0.04403320712347825,
        0.04488763171765539,
        0.04585364386439324,
        0.04564925738506847,
        0.04100077897310257,
        0.03858921792772081,
        0.03361837731790729,
        0.03830542233255174,
        0.033661714982655314,
        0.03116719631685151,
        0.03283134980334176,
        0.037569876553283796,
        0.031777132619754414,
        0.031618957304292254,
        0.030476262503200107,
        0.029893917838732402,
        0.02965511985951,
        0.02911529615521431,
        0.029011292088155945,
        0.026360316657357746,
        0.02228676834040218,
        0.022460156513584986,
        0.022038596330417527,
        0.021495149491561782,
        0.01794774913125568,
        0.01820869358877341,
        0.016738045836488406,
        0.014380932189265474,
        0.018592459625667995,
        0.016438289896015906,
        0.0158195896488097,
        0.01980857448134985,
        0.015132729262889673,
        0.01317053242560683
    ],