{
    "test_accuracy": 0.4,
    "test_f1": 0.3194444444444444,
    "train_accuracy_history": [
        0.21666666666666667,
        0.35,
        0.6166666666666667,
        0.75,
        0.7833333333333333,
        0.75,
        0.8666666666666667,
        0.8666666666666667,
        0.9333333333333333,
        0.9833333333333333,
        0.9833333333333333,
        1.0,
        1.0,
        1.0,
        1.0,
        1.0,
        1.0,
        1.0,
        1.0,
        1.0,
        1.0,
        1.0,
        1.0,
        1.0,
        1.0,
        1.0,
        1.0,
        1.0,
        1.0,
        1.0,
        1.0,
        1.0,
        1.0,
        1.0,
        1.0,
        1.0,
        1.0,
        1.0,
        1.0,
        1.0,
        1.0,
        1.0,
        1.0,
        1.0,
        1.0,
        1.0,
        1.0,
        1.0,
        1.0,
        1.0,
        1.0,
        1.0,
        1.0,
        1.0,
        1.0,
        1.0,
        1.0,
        1.0,
        1.0,
        1.0,
        1.0,
        1.0,
        1.0,
        1.0,
        1.0,
        1.0,
        1.0,
        1.0,
        1.0,
        1.0,
        1.0,
        1.0,
        1.0,
        1.0,
        1.0,
        1.0,
        1.0,
        1.0,
        1.0,
        1.0,
        1.0,
        1.0,
        1.0,
        1.0,
        1.0,
        1.0,
        1.0,
        1.0,
        1.0,
        1.0,
        1.0,
        1.0,
        1.0,
        1.0,
        1.0,
        1.0,
        1.0,
        1.0,
        1.0,
        1.0
    ],
    "val_accuracy_history": [
        0.3,
        0.3,
        0.3,
        0.25,
        0.3,
        0.3,
        0.3,
        0.3,
        0.3,
        0.25,
        0.25,
        0.1,
        0.1,
        0.15,
        0.1,
        0.25,
        0.15,
        0.3,
        0.15,
        0.15,
        0.15,
        0.3,
        0.3,
        0.3,
        0.25,
        0.15,
        0.3,
        0.25,
        0.4,
        0.2,
        0.25,
        0.15,
        0.3,
        0.25,
        0.25,
        0.3,
        0.15,
        0.15,
        0.25,
        0.4,
        0.2,
        0.25,
        0.25,
        0.2,
        0.2,
        0.15,
        0.1,
        0.25,
        0.4,
        0.25,
        0.35,
        0.25,
        0.2,
        0.25,
        0.35,
        0.2,
        0.35,
        0.3,
        0.35,
        0.25,
        0.35,
        0.2,
        0.2,
        0.25,
        0.35,
        0.3,
        0.3,
        0.3,
        0.2,
        0.25,
        0.25,
        0.25,
        0.15,
        0.2,
        0.25,
        0.25,
        0.35,
        0.2,
        0.2,
        0.3,
        0.25,
        0.25,
        0.1,
        0.15,
        0.35,
        0.4,
        0.35,
        0.25,
        0.25,
        0.15,
        0.15,
        0.1,
        0.25,
        0.3,
        0.25,
        0.25,
        0.25,
        0.3,
        0.3,
        0.15
    ],
    "train_loss_history": [
        0.3872500598430634,
        0.32085122962792717,
        0.2686808079481125,
        0.21715489029884338,
        0.1926960378885269,
        0.16513108511765798,
        0.13675293425718943,
        0.11757405996322631,
        0.0961459144949913,
        0.07835345988472303,
        0.06288407494624455,
        0.04858306509753068,
        0.04235625565052033,
        0.035230305045843124,
        0.02976954591770967,
        0.024564565593997636,
        0.018344202203055222,
        0.01651395708322525,
        0.015289236915608247,
        0.013232535946493347,
        0.011345466474692027,
        0.01190987229347229,
        0.008950050501152874,
        0.007889327500015498,
        0.00797301644148926,
        0.00685471990921845,
        0.005756140065689881,
        0.005400213886362811,
        0.005897734500467777,
        0.004938526963815093,
        0.0045277124581237635,
        0.005228980972121159,
        0.004483934196953972,
        0.00485769232424597,
        0.003385330317541957,
        0.0036130072393765053,
        0.003012163215316832,
        0.0030924753673995534,
        0.002848361587772767,
        0.0025761378308137256,
        0.0026342769851908088,
        0.002567574700030188,
        0.0021795089744652313,
        0.002115338753598432,
        0.0024537328785906236,
        0.0021735931397415696,
        0.002896708211240669,
        0.001975494537812968,
        0.0021020992503811915,
        0.0017259883810766042,
        0.0016801884902330735,
        0.0019550106720998884,
        0.0014749222085811199,
        0.0017229830419334272,
        0.0012306801974773407,
        0.0012619743744532268,
        0.0013279739185236394,
        0.0012647125986404717,
        0.0012823265162296594,
        0.0013577897179250916,
        0.0009807660225002715,
        0.0013713945789883533,
        0.001164647003558154,
        0.0009981062137133752,
        0.0009750440939872836,
        0.0008517583482898772,
        0.0011995495287313437,
        0.0008033897785935551,
        0.0007297529412123064,
        0.0010423253561990956,
        0.0007369230423743526,
        0.0007816088521697869,
        0.0008769689903904994,
        0.000810269673820585,
        0.0008188354258891195,
        0.0007050949633897592,
        0.0006040195274787645,
        0.0006109196692705154,
        0.0006366134194346766,
        0.0005712599745796372,
        0.0005845268450987835,
        0.0006575942825293168,
        0.0006101439173410957,
        0.0005903015669900924,
        0.0005069870676379651,
        0.0005667375885726263,
        0.0005355283278428639,
        0.0005712161868965874,
        0.00044929742192228637,
        0.0005332290777005256,
        0.0004946770262904465,
        0.00042127717557984093,
        0.0005195945952436887,
        0.0005545516595399628,
        0.0005126632905254762,
        0.00040604321111459285,
        0.0004014278994873166,
        0.0003597887931391597,
        0.00038261353474808855,
        0.00039767794660292564
    ],