{
    "test_accuracy": 0.25,
    "test_f1": 0.1,
    "train_accuracy_history": [
        0.24583333333333332,
        0.20833333333333334,
        0.22083333333333333,
        0.21666666666666667,
        0.225,
        0.23333333333333334,
        0.19166666666666668,
        0.24583333333333332,
        0.22916666666666666,
        0.22916666666666666,
        0.20416666666666666,
        0.24583333333333332,
        0.24166666666666667,
        0.19583333333333333,
        0.22916666666666666,
        0.21666666666666667,
        0.2625,
        0.19166666666666668,
        0.22916666666666666,
        0.24583333333333332,
        0.21666666666666667,
        0.2,
        0.24166666666666667,
        0.19583333333333333,
        0.2375,
        0.2,
        0.25,
        0.23333333333333334,
        0.24583333333333332,
        0.22916666666666666,
        0.22083333333333333,
        0.26666666666666666,
        0.21666666666666667,
        0.23333333333333334,
        0.20416666666666666,
        0.2625,
        0.19583333333333333,
        0.22083333333333333,
        0.21666666666666667,
        0.1875,
        0.26666666666666666,
        0.2125,
        0.2625,
        0.24166666666666667,
        0.19166666666666668,
        0.2791666666666667,
        0.19166666666666668,
        0.225,
        0.2625,
        0.2375,
        0.2375,
        0.2875,
        0.22916666666666666,
        0.23333333333333334,
        0.22916666666666666,
        0.23333333333333334,
        0.2125,
        0.2375,
        0.2625,
        0.23333333333333334,
        0.22916666666666666,
        0.24166666666666667,
        0.21666666666666667,
        0.23333333333333334,
        0.25416666666666665,
        0.225,
        0.2625,
        0.2833333333333333,
        0.25416666666666665,
        0.25833333333333336,
        0.25416666666666665,
        0.2375,
        0.2375,
        0.24583333333333332,
        0.25,
        0.225,
        0.225,
        0.2125,
        0.20833333333333334,
        0.19583333333333333,
        0.25,
        0.2375,
        0.20416666666666666,
        0.225,
        0.24166666666666667,
        0.22916666666666666,
        0.21666666666666667,
        0.22916666666666666,
        0.25833333333333336,
        0.21666666666666667,
        0.21666666666666667,
        0.2708333333333333,
        0.275,
        0.22083333333333333,
        0.2375,
        0.25,
        0.23333333333333334,
        0.2,
        0.20416666666666666,
        0.225
    ],
    "val_accuracy_history": [
        0.25,
        0.25,
        0.25,
        0.2625,
        0.25,
        0.25,
        0.25,
        0.2625,
        0.25,
        0.25,
        0.25,
        0.25,
        0.25,
        0.25,
        0.25,
        0.25,
        0.25,
        0.25,
        0.25,
        0.25,
        0.25,
        0.2625,
        0.25,
        0.25,
        0.25,
        0.2625,
        0.25,
        0.25,
        0.25,
        0.25,
        0.25,
        0.25,
        0.25,
        0.2625,
        0.25,
        0.25,
        0.25,
        0.25,
        0.25,
        0.25,
        0.25,
        0.2375,
        0.25,
        0.25,
        0.25,
        0.25,
        0.25,
        0.25,
        0.25,
        0.25,
        0.25,
        0.25,
        0.25,
        0.25,
        0.25,
        0.25,
        0.25,
        0.25,
        0.25,
        0.25,
        0.25,
        0.25,
        0.25,
        0.25,
        0.25,
        0.25,
        0.25,
        0.25,
        0.25,
        0.25,
        0.2375,
        0.25,
        0.25,
        0.2375,
        0.25,
        0.25,
        0.25,
        0.2375,
        0.25,
        0.25,
        0.25,
        0.25,
        0.25,
        0.2375,
        0.25,
        0.25,
        0.25,
        0.25,
        0.25,
        0.25,
        0.25,
        0.25,
        0.25,
        0.25,
        0.25,
        0.25,
        0.2375,
        0.2375,
        0.25,
        0.25
    ],
    "train_loss_history": [
        0.3529957269628843,
        0.3514411345124245,
        0.35014274567365644,
        0.3529854044318199,
        0.3507108375430107,
        0.3518468181292216,
        0.3511692464351654,
        0.3493199606736501,
        0.35291888018449147,
        0.3517317752043406,
        0.35221746216217675,
        0.3488267511129379,
        0.3494947895407677,
        0.3505146920681,
        0.35372522175312043,
        0.3543877015511195,
        0.3487891842921575,
        0.3534376502037048,
        0.34962355842192966,
        0.35214034567276636,
        0.35202518800894417,
        0.34899550924698514,
        0.34857882261276246,
        0.35422438830137254,
        0.3499823063611984,
        0.35208730548620226,
        0.34928203870852786,
        0.3509579648574193,
        0.35144460797309873,
        0.3498423864444097,
        0.34915948162476224,
        0.3493491470813751,
        0.35045979072650274,
        0.3507843097050985,
        0.35178175816933316,
        0.3520006492733955,
        0.35346903949975966,
        0.34929949591557186,
        0.35214386830727257,
        0.3516735747456551,
        0.34964719116687776,
        0.35140762726465863,
        0.3519677400588989,
        0.35028115610281624,
        0.3522156765063604,
        0.34887585093577705,
        0.35257197469472884,
        0.34913413276275,
        0.3496114229162534,
        0.3495566030343374,
        0.34975061416625974,
        0.34902798384428024,
        0.35304498424132663,
        0.3520445158084234,
        0.34923249632120135,
        0.3496315767367681,
        0.3525760769844055,
        0.34943973074356716,
        0.350302192568779,
        0.35394140630960463,
        0.34989785850048066,
        0.3542229135831197,
        0.3501891220609347,
        0.35281424423058827,
        0.35080531388521197,
        0.35036245584487913,
        0.34940254588921865,
        0.34832293838262557,
        0.3501528153816859,
        0.3491520980993907,
        0.350919101635615,
        0.3492967516183853,
        0.35195305744806926,
        0.348763174811999,
        0.3502732440829277,
        0.34901810735464095,
        0.34900905589262643,
        0.3521772354841232,
        0.3505383918682734,
        0.35051582753658295,
        0.35237845132748286,
        0.3524317190051079,
        0.34938679486513136,
        0.35008713801701863,
        0.3486066783467929,
        0.34990608046452204,
        0.34913496722777687,
        0.34830385496219,
        0.35086095581452054,
        0.3509905825058619,
        0.3504142463207245,
        0.35054987818002703,
        0.3504470646381378,
        0.35100521246592203,
        0.3499839037656784,
        0.35119880437850953,
        0.3518822024265925,
        0.3485141803820928,
        0.3496616502602895,
        0.3499827370047569
    ],