{
    "test_accuracy": 0.4666666666666667,
    "test_f1": 0.4467754467754468,
    "train_accuracy_history": [
        0.26666666666666666,
        0.5111111111111111,
        0.7333333333333333,
        0.7555555555555555,
        0.8,
        0.9111111111111111,
        0.9555555555555556,
        1.0,
        0.9555555555555556,
        1.0,
        1.0,
        0.9555555555555556,
        1.0,
        1.0,
        1.0,
        0.9777777777777777,
        1.0,
        1.0,
        1.0,
        1.0,
        1.0,
        1.0,
        1.0,
        1.0,
        1.0,
        1.0,
        1.0,
        1.0,
        1.0,
        1.0,
        1.0,
        1.0,
        1.0,
        1.0,
        1.0,
        1.0,
        1.0,
        1.0,
        1.0,
        1.0,
        1.0,
        1.0,
        1.0,
        1.0,
        1.0,
        1.0,
        1.0,
        1.0,
        1.0,
        1.0,
        1.0,
        1.0,
        1.0,
        1.0,
        1.0,
        1.0,
        1.0,
        1.0,
        1.0,
        1.0,
        1.0,
        1.0,
        1.0,
        1.0,
        1.0,
        1.0,
        1.0,
        1.0,
        1.0,
        1.0,
        1.0,
        1.0,
        1.0,
        1.0,
        1.0,
        1.0,
        1.0,
        1.0,
        1.0,
        1.0,
        1.0,
        1.0,
        1.0,
        1.0,
        1.0,
        1.0,
        1.0,
        1.0,
        1.0,
        1.0,
        1.0,
        1.0,
        1.0,
        1.0,
        1.0,
        1.0,
        1.0,
        1.0,
        1.0,
        1.0
    ],
    "val_accuracy_history": [
        0.2,
        0.4,
        0.4,
        0.4,
        0.4,
        0.13333333333333333,
        0.4,
        0.4,
        0.26666666666666666,
        0.3333333333333333,
        0.4,
        0.4,
        0.4,
        0.4,
        0.26666666666666666,
        0.4,
        0.4,
        0.4,
        0.4,
        0.4,
        0.4,
        0.3333333333333333,
        0.3333333333333333,
        0.4,
        0.3333333333333333,
        0.3333333333333333,
        0.4,
        0.4,
        0.4,
        0.4,
        0.2,
        0.4,
        0.3333333333333333,
        0.26666666666666666,
        0.4,
        0.4,
        0.3333333333333333,
        0.3333333333333333,
        0.2,
        0.4,
        0.26666666666666666,
        0.3333333333333333,
        0.13333333333333333,
        0.13333333333333333,
        0.4666666666666667,
        0.4,
        0.4,
        0.4,
        0.3333333333333333,
        0.13333333333333333,
        0.2,
        0.26666666666666666,
        0.4,
        0.4,
        0.3333333333333333,
        0.3333333333333333,
        0.26666666666666666,
        0.3333333333333333,
        0.26666666666666666,
        0.4666666666666667,
        0.3333333333333333,
        0.4,
        0.26666666666666666,
        0.4,
        0.4,
        0.2,
        0.26666666666666666,
        0.13333333333333333,
        0.13333333333333333,
        0.2,
        0.2,
        0.4,
        0.26666666666666666,
        0.3333333333333333,
        0.2,
        0.2,
        0.2,
        0.6,
        0.4666666666666667,
        0.2,
        0.3333333333333333,
        0.3333333333333333,
        0.26666666666666666,
        0.2,
        0.2,
        0.3333333333333333,
        0.4,
        0.3333333333333333,
        0.3333333333333333,
        0.4,
        0.26666666666666666,
        0.4,
        0.4,
        0.3333333333333333,
        0.3333333333333333,
        0.5333333333333333,
        0.4,
        0.4,
        0.2,
        0.13333333333333333
    ],
    "train_loss_history": [
        0.31487323575549653,
        0.2513356301519606,
        0.1985119342803955,
        0.17277595135900709,
        0.13676482041676838,
        0.090310837328434,
        0.07882307800981733,
        0.04588559021552404,
        0.05464774684773551,
        0.038001860512627494,
        0.025525817026694615,
        0.0474881832798322,
        0.024488222185108398,
        0.02127170856628153,
        0.01377228790273269,
        0.017520128945923513,
        0.012224038193623225,
        0.015458574270208676,
        0.009769291120270888,
        0.009643580805924203,
        0.009897296203093396,
        0.0064467942652602995,
        0.005323386792507437,
        0.00671191406953666,
        0.004514338014026483,
        0.006925287873794635,
        0.007630187842167086,
        0.004905402111924357,
        0.00386302613446282,
        0.0031583883178730805,
        0.004718923307437863,
        0.0027760744353549347,
        0.003742844482055969,
        0.0035417865133947797,
        0.0035513244879742463,
        0.0037117079792854685,
        0.002724739158939984,
        0.0030346889566216203,
        0.0038114261347800492,
        0.0035902740123371284,
        0.002776537530331148,
        0.0014620599440402454,
        0.002178604543829958,
        0.0014670033463820193,
        0.0016349805182673865,
        0.0018509701929158634,
        0.0021384371366972724,
        0.0020328044580916562,
        0.0016317940342964398,
        0.001483148959879246,
        0.001148118715112408,
        0.0020420006327589767,
        0.0014592129620723427,
        0.001620052845424248,
        0.0013627884392109183,
        0.0010877740246036814,
        0.0016432310182911654,
        0.0006204521800908777,
        0.001260280195209715,
        0.0009212863553936283,
        0.0008342599463907795,
        0.0011310424726818586,
        0.001250170960298015,
        0.0007552267802465293,
        0.000983600108884275,
        0.0005411643030432363,
        0.0009690921785982532,
        0.0009387313672858808,
        0.0007564239436760545,
        0.0007164982981824626,
        0.0008613172168326047,
        0.000641375178626428,
        0.0008688262430950999,
        0.000551443738448951,
        0.0009354681061166856,
        0.0006432837159890268,
        0.0006625164086775233,
        0.0007508993514218471,
        0.0006573126766145126,
        0.0007276502929420935,
        0.00038682141991254563,
        0.0004833374495825006,
        0.0005917716435053283,
        0.0009398661812560425,
        0.0005470601479626364,
        0.00039335638996110196,
        0.0005939538163753848,
        0.00038346514985379245,
        0.0003698140894913296,
        0.0003918938519847062,
        0.0027067710399731166,
        0.003005317528732121,
        0.0040018389777590835,
        0.0019742265932210204,
        0.0019766084384173154,
        0.0025133782933052214,
        0.0013950176966318396,
        0.0011132949930874425,
        0.0015574511732362832,
        0.000993757004228731
    ],