{
    "test_accuracy": 0.3,
    "test_f1": 0.29292929292929293,
    "train_accuracy_history": [
        0.43333333333333335,
        0.8,
        0.8,
        0.7666666666666667,
        0.8666666666666667,
        0.9,
        0.9333333333333333,
        0.9,
        0.9666666666666667,
        0.9333333333333333,
        1.0,
        1.0,
        1.0,
        0.9666666666666667,
        1.0,
        0.9666666666666667,
        1.0,
        1.0,
        1.0,
        1.0,
        1.0,
        1.0,
        1.0,
        1.0,
        1.0,
        1.0,
        1.0,
        1.0,
        1.0,
        1.0,
        1.0,
        1.0,
        1.0,
        1.0,
        1.0,
        1.0,
        1.0,
        1.0,
        1.0,
        1.0,
        1.0,
        1.0,
        1.0,
        1.0,
        1.0,
        1.0,
        1.0,
        1.0,
        1.0,
        1.0,
        1.0,
        1.0,
        1.0,
        1.0,
        1.0,
        1.0,
        1.0,
        1.0,
        1.0,
        1.0,
        1.0,
        1.0,
        1.0,
        1.0,
        1.0,
        1.0,
        1.0,
        1.0,
        1.0,
        1.0,
        1.0,
        1.0,
        1.0,
        1.0,
        1.0,
        1.0,
        1.0,
        1.0,
        1.0,
        1.0,
        1.0,
        1.0,
        1.0,
        1.0,
        1.0,
        1.0,
        1.0,
        1.0,
        1.0,
        1.0,
        1.0,
        1.0,
        1.0,
        1.0,
        1.0,
        1.0,
        1.0,
        1.0,
        1.0,
        1.0
    ],
    "val_accuracy_history": [
        0.4,
        0.4,
        0.4,
        0.4,
        0.4,
        0.4,
        0.4,
        0.6,
        0.4,
        0.4,
        0.4,
        0.4,
        0.4,
        0.4,
        0.6,
        0.6,
        0.4,
        0.5,
        0.6,
        0.6,
        0.6,
        0.6,
        0.4,
        0.4,
        0.4,
        0.4,
        0.4,
        0.4,
        0.8,
        0.6,
        0.6,
        0.6,
        0.6,
        0.6,
        0.6,
        0.6,
        0.6,
        0.8,
        0.6,
        0.6,
        0.6,
        0.6,
        0.6,
        0.8,
        0.6,
        0.8,
        0.7,
        0.5,
        0.6,
        0.6,
        0.8,
        0.7,
        0.6,
        0.6,
        0.6,
        0.6,
        0.6,
        0.6,
        0.6,
        0.7,
        0.6,
        0.6,
        0.7,
        0.7,
        0.6,
        0.6,
        0.6,
        0.6,
        0.5,
        0.5,
        0.6,
        0.8,
        0.6,
        0.5,
        0.8,
        0.6,
        0.6,
        0.8,
        0.8,
        0.6,
        0.8,
        0.7,
        0.9,
        0.7,
        0.7,
        0.7,
        0.6,
        0.5,
        0.5,
        0.5,
        0.7,
        0.7,
        0.6,
        0.6,
        0.6,
        0.6,
        0.6,
        0.6,
        0.7,
        0.7
    ],
    "train_loss_history": [
        0.2283297081788381,
        0.13299659589926402,
        0.1211179368197918,
        0.13369433482487997,
        0.08202927559614182,
        0.07969335118929545,
        0.04285079278051853,
        0.06723401596148809,
        0.048913356165091196,
        0.0466109961271286,
        0.03577038248380025,
        0.029708224907517435,
        0.024080773008366425,
        0.03139149285852909,
        0.026996654023726783,
        0.02178328682978948,
        0.025593149910370507,
        0.020095758077998956,
        0.01896495297551155,
        0.014384905497233072,
        0.010877533567448456,
        0.012255655104915301,
        0.009010630783935387,
        0.007087887140611807,
        0.007576914721479019,
        0.006061036977916956,
        0.0051331441849470135,
        0.004168354533612728,
        0.005736526722709338,
        0.005353529728017748,
        0.004564487631432712,
        0.0037349904266496497,
        0.003926282244113584,
        0.004188148677349091,
        0.0022398152000581224,
        0.004072043113410473,
        0.0028222166855509084,
        0.001747831415074567,
        0.0020989006695648032,
        0.002095386570241923,
        0.0024727053746270637,
        0.0016961112308005492,
        0.0012012481883478662,
        0.0020795645153460405,
        0.0012556944934961696,
        0.0011237659064742425,
        0.0017781469660500685,
        0.0010650137594590584,
        0.0009779332050432763,
        0.0012441192967041085,
        0.0012689762050285935,
        0.0015899746601159375,
        0.0011095203071211776,
        0.0011445840781865021,
        0.0010265617757492388,
        0.0014751355396583677,
        0.0007369264067771535,
        0.0010033071516469742,
        0.0008991589779422308,
        0.0012930198281537741,
        0.0007165688400467237,
        0.0009473421125827978,
        0.0007040131934142361,
        0.001191205814636002,
        0.0007428262654381494,
        0.0007629367096039156,
        0.0006118100912620624,
        0.0006607423827517777,
        0.0005157473953052734,
        0.000519007962429896,
        0.0006175934356482079,
        0.00043078526311243575,
        0.0004325582393600295,
        0.00050998506291459,
        0.000392059541385,
        0.0005903181561734527,
        0.00045586666674353183,
        0.00043268678903890154,
        0.00044782909099012614,
        0.00033199710499805707,
        0.0003460616201967544,
        0.0002577464299974963,
        0.00046145719243213535,
        0.0003760693323177596,
        0.000312937144190073,
        0.00024571235553594306,
        0.000327793529140763,
        0.00029188651921382796,
        0.00029500901679663607,
        0.00032854281016625464,
        0.0015184116006518404,
        0.00033509022662959375,
        0.0006617447371051337,
        0.0004949792816963357,
        0.000251449977804441,
        0.000266098759311717,
        0.0003167042164326025,
        0.0003991920485229154,
        0.00017274396286666162,
        0.00035814544098684565
    ],