{
    "test_accuracy": 0.675,
    "test_f1": 0.6854499864461914,
    "train_accuracy_history": [
        0.3958333333333333,
        0.44166666666666665,
        0.55,
        0.5208333333333334,
        0.6041666666666666,
        0.6625,
        0.6791666666666667,
        0.6708333333333333,
        0.7375,
        0.725,
        0.7916666666666666,
        0.7875,
        0.8041666666666667,
        0.8208333333333333,
        0.8208333333333333,
        0.8375,
        0.8333333333333334,
        0.85,
        0.8583333333333333,
        0.85,
        0.875,
        0.8875,
        0.9,
        0.9083333333333333,
        0.8875,
        0.9083333333333333,
        0.9,
        0.9166666666666666,
        0.9041666666666667,
        0.9166666666666666,
        0.9041666666666667,
        0.9083333333333333,
        0.875,
        0.8958333333333334,
        0.925,
        0.9166666666666666,
        0.9291666666666667,
        0.9458333333333333,
        0.9333333333333333,
        0.8416666666666667,
        0.9458333333333333,
        0.9375,
        0.9125,
        0.8875,
        0.8916666666666667,
        0.9083333333333333,
        0.9375,
        0.9208333333333333,
        0.9583333333333334,
        0.9541666666666667,
        0.9458333333333333,
        0.9666666666666667,
        0.9208333333333333,
        0.9208333333333333,
        0.9208333333333333,
        0.9041666666666667,
        0.9083333333333333,
        0.9541666666666667,
        0.9625,
        0.9583333333333334,
        0.95,
        0.9625,
        0.9708333333333333,
        0.975,
        0.9166666666666666,
        0.9458333333333333,
        0.95,
        0.9291666666666667,
        0.9583333333333334,
        0.9583333333333334,
        0.9708333333333333,
        0.95,
        0.9333333333333333,
        0.9583333333333334,
        0.9666666666666667,
        0.9708333333333333,
        0.9708333333333333,
        0.9666666666666667,
        0.9666666666666667,
        0.8958333333333334,
        0.9,
        0.9375,
        0.9791666666666666,
        0.9333333333333333,
        0.9625,
        0.9416666666666667,
        0.9375,
        0.9666666666666667,
        0.975,
        0.9791666666666666,
        0.9833333333333333,
        0.9875,
        0.9958333333333333,
        0.9666666666666667,
        0.975,
        0.975,
        0.9708333333333333,
        0.9166666666666666,
        0.9333333333333333,
        0.9208333333333333
    ],
    "val_accuracy_history": [
        0.425,
        0.3875,
        0.4125,
        0.475,
        0.5375,
        0.35,
        0.4625,
        0.55,
        0.4875,
        0.375,
        0.5125,
        0.6125,
        0.5125,
        0.6,
        0.4875,
        0.3625,
        0.525,
        0.5,
        0.25,
        0.525,
        0.6625,
        0.4375,
        0.5625,
        0.4125,
        0.6375,
        0.6625,
        0.675,
        0.6875,
        0.4375,
        0.625,
        0.575,
        0.5375,
        0.4375,
        0.5875,
        0.65,
        0.6625,
        0.425,
        0.6125,
        0.625,
        0.55,
        0.6625,
        0.6625,
        0.4375,
        0.6375,
        0.6625,
        0.65,
        0.5875,
        0.6625,
        0.6625,
        0.65,
        0.55,
        0.6,
        0.5875,
        0.6625,
        0.5875,
        0.65,
        0.25,
        0.6625,
        0.6375,
        0.6625,
        0.6625,
        0.7,
        0.675,
        0.65,
        0.65,
        0.6375,
        0.4375,
        0.6,
        0.6875,
        0.6375,
        0.575,
        0.6125,
        0.425,
        0.7,
        0.6125,
        0.65,
        0.65,
        0.6625,
        0.2625,
        0.4875,
        0.3625,
        0.675,
        0.6875,
        0.625,
        0.6625,
        0.625,
        0.575,
        0.6375,
        0.675,
        0.7,
        0.6875,
        0.6875,
        0.65,
        0.625,
        0.6875,
        0.6875,
        0.7125,
        0.6125,
        0.675,
        0.55
    ],
    "train_loss_history": [
        0.32797275856137276,
        0.2763685283561548,
        0.25509770090381306,
        0.2452920161187649,
        0.21152779987702766,
        0.19955451625088852,
        0.19970684110497436,
        0.19764663049330314,
        0.18017622033754985,
        0.15844187741167842,
        0.15350814460155865,
        0.13225058750249447,
        0.1423671730211936,
        0.12632684437558056,
        0.1392073659381519,
        0.11646588313548516,
        0.1073713522288017,
        0.10049367590302911,
        0.09113253602408804,
        0.11075963497472306,
        0.08656557147623971,
        0.08765088642733948,
        0.06991698316608866,
        0.07232700006989035,
        0.08989584384059222,
        0.06746572326374008,
        0.06471695265742407,
        0.06543545453993525,
        0.07270229939446532,
        0.05408988674777599,
        0.06965226681871475,
        0.07603827630371901,
        0.10742174532748928,
        0.07616710201449071,
        0.05708559350217304,
        0.05289252012395688,
        0.05246828071627382,
        0.05327616577059568,
        0.05827794303165016,
        0.10087398837204091,
        0.04762000039142246,
        0.04920599503254455,
        0.07576109654740625,
        0.08171454780749628,
        0.07190591648274373,
        0.05855337850516662,
        0.04229091803960046,
        0.04771216068547801,
        0.026801607845864814,
        0.03197713217533268,
        0.04045286080934905,
        0.03850691268465501,
        0.0493126536268998,
        0.04066826352733794,
        0.06666342718963278,
        0.07238046189206955,
        0.07024535249505183,
        0.05309588408475368,
        0.031198163100723757,
        0.02679952435052352,
        0.025680567848083532,
        0.030071328386447445,
        0.025117103208585453,
        0.04464976180000567,
        0.06708493237924813,
        0.03413342459316245,
        0.0384644764165652,
        0.05955915326812829,
        0.03167166911953245,
        0.028100835644143746,
        0.026032652210180154,
        0.03176693250857928,
        0.04364793852788959,
        0.027385128059480242,
        0.024086856888758727,
        0.024725423698527513,
        0.02254648424024405,
        0.023412669674470022,
        0.02880101097039045,
        0.07831343075728607,
        0.07553027158216234,
        0.0427588930685791,
        0.022090531576456365,
        0.04839620189707906,
        0.03209025018486263,
        0.044727428219963866,
        0.03127116667470394,
        0.03741162840072221,
        0.024173999975139065,
        0.01808342548429174,
        0.01173807612818886,
        0.013958750264920158,
        0.007219796145918108,
        0.04207073779271363,
        0.02823568767491646,
        0.018597542981926077,
        0.022353420295479508,
        0.06885670052892578,
        0.04442295180697329,
        0.0380133755159477
    ],