{
    "test_accuracy": 0.6,
    "test_f1": 0.6113329492553523,
    "train_accuracy_history": [
        0.3416666666666667,
        0.44583333333333336,
        0.4625,
        0.5041666666666667,
        0.6083333333333333,
        0.5625,
        0.6291666666666667,
        0.6541666666666667,
        0.6625,
        0.7208333333333333,
        0.7458333333333333,
        0.7708333333333334,
        0.7666666666666667,
        0.8125,
        0.8833333333333333,
        0.7916666666666666,
        0.8583333333333333,
        0.8791666666666667,
        0.8625,
        0.8583333333333333,
        0.8708333333333333,
        0.9041666666666667,
        0.8541666666666666,
        0.8791666666666667,
        0.8916666666666667,
        0.9125,
        0.9041666666666667,
        0.8541666666666666,
        0.9125,
        0.925,
        0.9333333333333333,
        0.8541666666666666,
        0.8916666666666667,
        0.9208333333333333,
        0.8958333333333334,
        0.9208333333333333,
        0.9333333333333333,
        0.9,
        0.8958333333333334,
        0.9416666666666667,
        0.9166666666666666,
        0.925,
        0.925,
        0.925,
        0.9416666666666667,
        0.9125,
        0.925,
        0.95,
        0.9291666666666667,
        0.9416666666666667,
        0.9291666666666667,
        0.9541666666666667,
        0.9583333333333334,
        0.9625,
        0.9416666666666667,
        0.9416666666666667,
        0.925,
        0.9083333333333333,
        0.925,
        0.9041666666666667,
        0.925,
        0.9416666666666667,
        0.925,
        0.9416666666666667,
        0.9666666666666667,
        0.9708333333333333,
        0.9375,
        0.9708333333333333,
        0.9416666666666667,
        0.9333333333333333,
        0.9541666666666667,
        0.9625,
        0.9708333333333333,
        0.9625,
        0.9541666666666667,
        0.9625,
        0.9666666666666667,
        0.95,
        0.9375,
        0.925,
        0.95,
        0.9666666666666667,
        0.9666666666666667,
        0.9708333333333333,
        0.9375,
        0.9791666666666666,
        0.9541666666666667,
        0.9875,
        0.9583333333333334,
        0.9625,
        0.9791666666666666,
        0.9625,
        0.9625,
        0.9708333333333333,
        0.95,
        0.9666666666666667,
        0.9791666666666666,
        0.9416666666666667,
        0.9708333333333333,
        0.9875
    ],
    "val_accuracy_history": [
        0.25,
        0.4125,
        0.425,
        0.325,
        0.4625,
        0.4125,
        0.4,
        0.3625,
        0.2875,
        0.5375,
        0.425,
        0.4,
        0.425,
        0.4,
        0.4875,
        0.425,
        0.5375,
        0.425,
        0.4125,
        0.3625,
        0.575,
        0.6125,
        0.35,
        0.5,
        0.6375,
        0.425,
        0.2375,
        0.625,
        0.6625,
        0.625,
        0.3125,
        0.525,
        0.65,
        0.4875,
        0.325,
        0.55,
        0.5125,
        0.55,
        0.6,
        0.5125,
        0.625,
        0.475,
        0.45,
        0.575,
        0.3125,
        0.575,
        0.5,
        0.675,
        0.6625,
        0.65,
        0.575,
        0.5875,
        0.6125,
        0.65,
        0.6875,
        0.5875,
        0.5875,
        0.475,
        0.6375,
        0.625,
        0.55,
        0.3375,
        0.675,
        0.675,
        0.6125,
        0.4625,
        0.65,
        0.6125,
        0.5125,
        0.4375,
        0.65,
        0.2875,
        0.65,
        0.625,
        0.55,
        0.6,
        0.625,
        0.6375,
        0.4625,
        0.625,
        0.6125,
        0.6375,
        0.6375,
        0.625,
        0.6625,
        0.675,
        0.7,
        0.65,
        0.5875,
        0.5875,
        0.6875,
        0.5,
        0.65,
        0.6125,
        0.65,
        0.65,
        0.6,
        0.3875,
        0.6125,
        0.6125
    ],
    "train_loss_history": [
        0.34146417925755185,
        0.2860406001408895,
        0.26844456841548286,
        0.25727451058725515,
        0.2396921033660571,
        0.24010187064607938,
        0.2218500383819143,
        0.20906812449296316,
        0.19763852277149757,
        0.1861644354959329,
        0.16110993806893628,
        0.158781420532614,
        0.15847399223906297,
        0.1509306265662114,
        0.10401509089861065,
        0.1365241701249033,
        0.11755692663088363,
        0.10531377447769046,
        0.11898033151713511,
        0.1165628376416862,
        0.08999108016723767,
        0.08735332492118081,
        0.10598562962453191,
        0.09284041359011705,
        0.0776660055887381,
        0.07670057184877806,
        0.08408287470338109,
        0.11680571403897679,
        0.07990478551364504,
        0.06351637997334668,
        0.06312634121374382,
        0.12165479572528663,
        0.07984068569300386,
        0.06337659261528945,
        0.06689984151162207,
        0.06712404478263731,
        0.05201961748777346,
        0.07034544176082515,
        0.0728284605613832,
        0.049031509986283105,
        0.05374533842823439,
        0.058563141324460354,
        0.052809077819498874,
        0.0564242830106726,
        0.06877535163948778,
        0.07387199081276777,
        0.054331901323810904,
        0.03945974554130771,
        0.051684826758658646,
        0.04985867891409725,
        0.0450684218787084,
        0.03976397684027688,
        0.050432565767793376,
        0.029288410550786164,
        0.041116446186318475,
        0.04610853302298589,
        0.08219461912097661,
        0.06620766545869022,
        0.0638255538431622,
        0.062051153433761407,
        0.04754732193500786,
        0.04652512941471893,
        0.048247399981179724,
        0.05371872203263308,
        0.030358658388831828,
        0.031090518523675805,
        0.0401053454402548,
        0.024667567747623784,
        0.03636773364753386,
        0.0593768115755059,
        0.03920519931956126,
        0.024627005580003924,
        0.022765360316543828,
        0.0295255694533959,
        0.03565687540174167,
        0.02545525428571409,
        0.02755470952983572,
        0.04807383339508533,
        0.04842105285673976,
        0.06605600749913379,
        0.0376328020105575,
        0.027505458298489317,
        0.030998830144336863,
        0.025551801125574987,
        0.0493273231812509,
        0.020584352408665532,
        0.03712114791069894,
        0.009327178473540698,
        0.037391142941445805,
        0.019060216720966614,
        0.014966525328019032,
        0.022983472172764627,
        0.02700682415470439,
        0.02312042503379151,
        0.03882663055237287,
        0.022810443273021966,
        0.04396722034375102,
        0.05444638635029383,
        0.027621403734519843,
        0.009933082075834439
    ],