{
    "test_accuracy": 0.6375,
    "test_f1": 0.6560137933643074,
    "train_accuracy_history": [
        0.30416666666666664,
        0.4625,
        0.48333333333333334,
        0.4875,
        0.5541666666666667,
        0.5791666666666667,
        0.6208333333333333,
        0.7083333333333334,
        0.6791666666666667,
        0.6166666666666667,
        0.6833333333333333,
        0.7708333333333334,
        0.775,
        0.7916666666666666,
        0.8125,
        0.8041666666666667,
        0.8333333333333334,
        0.8375,
        0.8875,
        0.8625,
        0.8791666666666667,
        0.8375,
        0.85,
        0.8791666666666667,
        0.8541666666666666,
        0.8875,
        0.8916666666666667,
        0.9041666666666667,
        0.8875,
        0.8875,
        0.8875,
        0.8833333333333333,
        0.9083333333333333,
        0.9208333333333333,
        0.8875,
        0.8875,
        0.8625,
        0.9041666666666667,
        0.9125,
        0.95,
        0.9333333333333333,
        0.9208333333333333,
        0.9208333333333333,
        0.9208333333333333,
        0.9416666666666667,
        0.8791666666666667,
        0.8708333333333333,
        0.9458333333333333,
        0.9375,
        0.9333333333333333,
        0.8791666666666667,
        0.9208333333333333,
        0.9208333333333333,
        0.9416666666666667,
        0.9291666666666667,
        0.9333333333333333,
        0.925,
        0.9375,
        0.9458333333333333,
        0.95,
        0.9166666666666666,
        0.925,
        0.9166666666666666,
        0.925,
        0.9125,
        0.9541666666666667,
        0.9458333333333333,
        0.9458333333333333,
        0.9458333333333333,
        0.925,
        0.9291666666666667,
        0.9625,
        0.95,
        0.9541666666666667,
        0.95,
        0.8791666666666667,
        0.9166666666666666,
        0.9375,
        0.9625,
        0.9583333333333334,
        0.9666666666666667,
        0.9166666666666666,
        0.9125,
        0.9625,
        0.9458333333333333,
        0.9416666666666667,
        0.95,
        0.9791666666666666,
        0.9625,
        0.9333333333333333,
        0.9166666666666666,
        0.9291666666666667,
        0.9458333333333333,
        0.9666666666666667,
        0.9458333333333333,
        0.9666666666666667,
        0.9833333333333333,
        0.9416666666666667,
        0.9666666666666667,
        0.9708333333333333
    ],
    "val_accuracy_history": [
        0.4,
        0.3375,
        0.2625,
        0.3875,
        0.425,
        0.35,
        0.3625,
        0.55,
        0.4375,
        0.4,
        0.4125,
        0.425,
        0.4875,
        0.375,
        0.4,
        0.425,
        0.625,
        0.5625,
        0.4875,
        0.425,
        0.425,
        0.425,
        0.275,
        0.65,
        0.475,
        0.65,
        0.4625,
        0.6375,
        0.425,
        0.475,
        0.5375,
        0.4,
        0.6,
        0.5875,
        0.5875,
        0.4625,
        0.3875,
        0.6,
        0.475,
        0.275,
        0.5375,
        0.5875,
        0.525,
        0.6125,
        0.6375,
        0.5125,
        0.4625,
        0.45,
        0.4875,
        0.3375,
        0.6125,
        0.5625,
        0.5875,
        0.25,
        0.25,
        0.6125,
        0.6375,
        0.525,
        0.5125,
        0.4,
        0.6,
        0.6125,
        0.325,
        0.575,
        0.5875,
        0.5375,
        0.65,
        0.6875,
        0.625,
        0.4875,
        0.6125,
        0.625,
        0.7125,
        0.6625,
        0.5375,
        0.45,
        0.5875,
        0.5875,
        0.6625,
        0.65,
        0.25,
        0.65,
        0.6125,
        0.6375,
        0.65,
        0.625,
        0.6625,
        0.6625,
        0.6125,
        0.4875,
        0.475,
        0.55,
        0.5875,
        0.575,
        0.575,
        0.475,
        0.65,
        0.55,
        0.5125,
        0.65
    ],
    "train_loss_history": [
        0.34526401460170747,
        0.27035093754529954,
        0.26690687040487926,
        0.2672468951592843,
        0.2407243630538384,
        0.24221130708853403,
        0.23020406495779752,
        0.19448320623487234,
        0.21939978785812855,
        0.2241075816253821,
        0.1950570600728194,
        0.16569531066343188,
        0.16316880608598391,
        0.1534180764729778,
        0.14364181688676278,
        0.13326270539158333,
        0.12655145122747247,
        0.12609022110700607,
        0.09494492985346975,
        0.1064494424421961,
        0.09631650216178969,
        0.12378616362499693,
        0.11132559853916367,
        0.08761614472993338,
        0.10543169296579435,
        0.09695879370944264,
        0.07793848123401403,
        0.0873877646905991,
        0.08667776957542325,
        0.08359830813036145,
        0.09077570128526229,
        0.0877834092854755,
        0.06592230386595474,
        0.060447670480546854,
        0.08741501241359705,
        0.07053958813824769,
        0.10755916712417578,
        0.07939973690469439,
        0.06733015053517495,
        0.06182488017172242,
        0.05502665699095814,
        0.06826859234461154,
        0.05640803948626853,
        0.05512079558999782,
        0.04469564258191288,
        0.07819908048829044,
        0.10022178365688887,
        0.047268538921101326,
        0.05231535883885954,
        0.04778857389868373,
        0.09951672611253647,
        0.05927525683467441,
        0.07738120341200556,
        0.05147840969317864,
        0.05247908160527004,
        0.056850234791227194,
        0.05133240825962275,
        0.05226623056926959,
        0.037065818168412076,
        0.04684328716915236,
        0.0727208026901773,
        0.04539415260008658,
        0.07088337765334624,
        0.05834132487270836,
        0.07397799214613769,
        0.03786592971991922,
        0.044309503570411836,
        0.044038068156767925,
        0.03234872138532599,
        0.04398279146189452,
        0.04401784075970075,
        0.039524591640622476,
        0.033009250107231006,
        0.030393779325339428,
        0.04400436245515683,
        0.07705397388999699,
        0.06615940656714277,
        0.04181336753175249,
        0.023960677374632647,
        0.02557733645467124,
        0.03616675658328532,
        0.055353462086850415,
        0.050167352806905305,
        0.03160772423566935,
        0.05647460412369583,
        0.03911409617903701,
        0.03635254379832607,
        0.020409781121156812,
        0.029044003757970435,
        0.05497618444373605,
        0.061261817842584304,
        0.06770030528388134,
        0.035611178151413965,
        0.028175906874264457,
        0.036780202853369796,
        0.03769056461174311,
        0.016450356595123596,
        0.04362036264499996,
        0.03021517533706278,
        0.024903050859192415
    ],