{
    "test_accuracy": 0.26666666666666666,
    "test_f1": 0.2272727272727273,
    "train_accuracy_history": [
        0.37777777777777777,
        0.5777777777777777,
        0.6666666666666666,
        0.7777777777777778,
        0.7333333333333333,
        0.8666666666666667,
        0.8444444444444444,
        0.8222222222222222,
        0.9333333333333333,
        0.9333333333333333,
        0.9333333333333333,
        0.9777777777777777,
        0.9777777777777777,
        1.0,
        1.0,
        1.0,
        1.0,
        0.9555555555555556,
        1.0,
        1.0,
        1.0,
        1.0,
        1.0,
        1.0,
        1.0,
        1.0,
        1.0,
        1.0,
        1.0,
        1.0,
        1.0,
        1.0,
        1.0,
        1.0,
        1.0,
        1.0,
        1.0,
        1.0,
        1.0,
        1.0,
        1.0,
        1.0,
        1.0,
        1.0,
        1.0,
        1.0,
        1.0,
        1.0,
        1.0,
        1.0,
        1.0,
        1.0,
        1.0,
        1.0,
        1.0,
        1.0,
        1.0,
        1.0,
        1.0,
        1.0,
        1.0,
        1.0,
        1.0,
        1.0,
        1.0,
        1.0,
        1.0,
        1.0,
        1.0,
        1.0,
        1.0,
        1.0,
        1.0,
        1.0,
        1.0,
        1.0,
        1.0,
        1.0,
        1.0,
        1.0,
        1.0,
        1.0,
        1.0,
        1.0,
        1.0,
        1.0,
        1.0,
        1.0,
        1.0,
        1.0,
        1.0,
        1.0,
        1.0,
        1.0,
        1.0,
        1.0,
        1.0,
        1.0,
        1.0,
        1.0
    ],
    "val_accuracy_history": [
        0.3333333333333333,
        0.26666666666666666,
        0.26666666666666666,
        0.4,
        0.26666666666666666,
        0.26666666666666666,
        0.26666666666666666,
        0.26666666666666666,
        0.26666666666666666,
        0.26666666666666666,
        0.26666666666666666,
        0.26666666666666666,
        0.26666666666666666,
        0.26666666666666666,
        0.26666666666666666,
        0.26666666666666666,
        0.26666666666666666,
        0.26666666666666666,
        0.26666666666666666,
        0.3333333333333333,
        0.3333333333333333,
        0.3333333333333333,
        0.3333333333333333,
        0.2,
        0.2,
        0.26666666666666666,
        0.3333333333333333,
        0.26666666666666666,
        0.26666666666666666,
        0.3333333333333333,
        0.3333333333333333,
        0.4,
        0.26666666666666666,
        0.26666666666666666,
        0.4,
        0.4,
        0.26666666666666666,
        0.4,
        0.26666666666666666,
        0.3333333333333333,
        0.4666666666666667,
        0.26666666666666666,
        0.26666666666666666,
        0.3333333333333333,
        0.26666666666666666,
        0.3333333333333333,
        0.26666666666666666,
        0.26666666666666666,
        0.26666666666666666,
        0.3333333333333333,
        0.13333333333333333,
        0.26666666666666666,
        0.2,
        0.26666666666666666,
        0.26666666666666666,
        0.3333333333333333,
        0.4,
        0.26666666666666666,
        0.3333333333333333,
        0.3333333333333333,
        0.26666666666666666,
        0.4666666666666667,
        0.3333333333333333,
        0.4666666666666667,
        0.26666666666666666,
        0.26666666666666666,
        0.4666666666666667,
        0.26666666666666666,
        0.26666666666666666,
        0.3333333333333333,
        0.3333333333333333,
        0.26666666666666666,
        0.26666666666666666,
        0.26666666666666666,
        0.26666666666666666,
        0.3333333333333333,
        0.3333333333333333,
        0.4666666666666667,
        0.3333333333333333,
        0.26666666666666666,
        0.2,
        0.3333333333333333,
        0.3333333333333333,
        0.4,
        0.26666666666666666,
        0.3333333333333333,
        0.3333333333333333,
        0.4,
        0.3333333333333333,
        0.4,
        0.26666666666666666,
        0.4,
        0.4,
        0.4,
        0.4,
        0.26666666666666666,
        0.26666666666666666,
        0.3333333333333333,
        0.3333333333333333,
        0.4666666666666667
    ],
    "train_loss_history": [
        0.32186377975675795,
        0.26436695390277437,
        0.24952252838346695,
        0.20922039217419094,
        0.1803421027130551,
        0.18087323307991027,
        0.16310750246047973,
        0.1493903587261836,
        0.11414643327395121,
        0.09857646259996626,
        0.07097866551743613,
        0.05641425351301829,
        0.04328001274002923,
        0.043468473023838466,
        0.037090313765737744,
        0.0298720035288069,
        0.024727283149129815,
        0.06605605971482065,
        0.03482090168529087,
        0.04433632683422831,
        0.02876299929080738,
        0.02324634024666415,
        0.019937632067335977,
        0.017177175564898384,
        0.015047844292389022,
        0.009812014922499657,
        0.008884646536575422,
        0.0087624777522352,
        0.013378108044465382,
        0.009021212781469027,
        0.009948023760484325,
        0.006344260937637753,
        0.007024416327476501,
        0.008174608937568134,
        0.005211747893028789,
        0.0048158604858650105,
        0.005772661365982559,
        0.004371913977795177,
        0.0041932567229701415,
        0.006222858414467838,
        0.00409768106829789,
        0.003984612754235665,
        0.002550453987593452,
        0.0019358439345119728,
        0.0023295542445137267,
        0.001910363525773088,
        0.0027586950765301783,
        0.0021256672735843396,
        0.0018674368814875681,
        0.0026390248495671486,
        0.002742819596702854,
        0.00212740246206522,
        0.0020853486998627583,
        0.0025916297557867234,
        0.0012078688454089893,
        0.0016442834477250776,
        0.0013181649200204345,
        0.0013770637386995885,
        0.0013623185197098387,
        0.0011060652610871734,
        0.0008908570433656375,
        0.0012639744233133065,
        0.0009707923448230658,
        0.0008882150338548753,
        0.0010361362494424814,
        0.0013894712106169512,
        0.000792569164898143,
        0.000875410969213893,
        0.0025046141378374564,
        0.000803516919566189,
        0.0010943289361118028,
        0.0007119690287961728,
        0.0007509745592768821,
        0.0007282434969157394,
        0.0006825356141133751,
        0.0007594950393670136,
        0.000492515365800096,
        0.000494105311938458,
        0.0010208627157327203,
        0.0007155464806904396,
        0.0008864068064010805,
        0.0005725655834087067,
        0.0005794833931658003,
        0.0005255135891881461,
        0.000653949823592686,
        0.0005480897405909167,
        0.0010637621806381503,
        0.0004784769960679114,
        0.00044861689675599334,
        0.0003843248086114828,
        0.0005513768086934255,
        0.0004911385295498702,
        0.0003939829466819194,
        0.0004954591535756157,
        0.0004726985715226167,
        0.0004905369863586707,
        0.00044297469818654157,
        0.00028123139248540003,
        0.0005320697421363244,
        0.0005223584209387708
    ],