{
    "test_accuracy": 0.65,
    "test_f1": 0.6511363636363636,
    "train_accuracy_history": [
        0.26666666666666666,
        0.2833333333333333,
        0.25,
        0.38333333333333336,
        0.35,
        0.5,
        0.4166666666666667,
        0.6666666666666666,
        0.6833333333333333,
        0.6166666666666667,
        0.7666666666666667,
        0.85,
        0.75,
        0.8166666666666667,
        0.8333333333333334,
        0.8333333333333334,
        0.8666666666666667,
        0.9333333333333333,
        0.9333333333333333,
        0.9333333333333333,
        1.0,
        0.95,
        0.9833333333333333,
        0.9833333333333333,
        0.95,
        0.9833333333333333,
        1.0,
        1.0,
        1.0,
        1.0,
        1.0,
        1.0,
        1.0,
        1.0,
        1.0,
        1.0,
        1.0,
        1.0,
        1.0,
        1.0,
        1.0,
        1.0,
        1.0,
        1.0,
        1.0,
        1.0,
        1.0,
        1.0,
        1.0,
        1.0,
        1.0,
        1.0,
        1.0,
        1.0,
        1.0,
        1.0,
        1.0,
        1.0,
        1.0,
        1.0,
        1.0,
        1.0,
        1.0,
        1.0,
        1.0,
        1.0,
        1.0,
        1.0,
        1.0,
        1.0,
        1.0,
        1.0,
        1.0,
        1.0,
        1.0,
        1.0,
        1.0,
        1.0,
        1.0,
        1.0,
        1.0,
        1.0,
        1.0,
        1.0,
        1.0,
        1.0,
        1.0,
        1.0,
        1.0,
        1.0,
        1.0,
        1.0,
        1.0,
        1.0,
        1.0,
        1.0,
        1.0,
        1.0,
        1.0,
        1.0
    ],
    "val_accuracy_history": [
        0.25,
        0.25,
        0.35,
        0.25,
        0.35,
        0.3,
        0.35,
        0.4,
        0.35,
        0.3,
        0.3,
        0.6,
        0.5,
        0.5,
        0.45,
        0.6,
        0.55,
        0.55,
        0.5,
        0.45,
        0.55,
        0.65,
        0.55,
        0.7,
        0.55,
        0.65,
        0.55,
        0.7,
        0.7,
        0.65,
        0.55,
        0.65,
        0.65,
        0.65,
        0.6,
        0.55,
        0.65,
        0.7,
        0.65,
        0.7,
        0.6,
        0.65,
        0.65,
        0.65,
        0.65,
        0.65,
        0.65,
        0.65,
        0.7,
        0.65,
        0.65,
        0.65,
        0.7,
        0.65,
        0.7,
        0.7,
        0.75,
        0.7,
        0.7,
        0.65,
        0.7,
        0.7,
        0.7,
        0.7,
        0.7,
        0.75,
        0.65,
        0.7,
        0.7,
        0.7,
        0.7,
        0.7,
        0.7,
        0.7,
        0.7,
        0.7,
        0.7,
        0.7,
        0.7,
        0.7,
        0.7,
        0.7,
        0.7,
        0.7,
        0.7,
        0.7,
        0.7,
        0.7,
        0.7,
        0.7,
        0.7,
        0.7,
        0.7,
        0.7,
        0.7,
        0.7,
        0.7,
        0.7,
        0.7,
        0.7
    ],
    "train_loss_history": [
        14.88709675470988,
        3.19990420738856,
        1.1691148638725282,
        0.7161406298478444,
        0.579658575852712,
        0.3629517803589503,
        0.2831706486642361,
        0.17474034428596497,
        0.21868485907713572,
        0.21694149747490882,
        0.18062938923637073,
        0.12582678372661274,
        0.12771902220944564,
        0.11957416875908772,
        0.10287275028725465,
        0.10024792390565078,
        0.07658639218037328,
        0.07173176109790802,
        0.06004243648300568,
        0.05979169489194949,
        0.042768635880202056,
        0.04322034039845069,
        0.03850409526688357,
        0.03285672582375507,
        0.04702015956863761,
        0.031713352616255484,
        0.023898945345232885,
        0.01859766823860506,
        0.017642451558882992,
        0.016720810035864512,
        0.014683680903787414,
        0.011547190346755087,
        0.011011408156870553,
        0.009876018467669686,
        0.009089735569432378,
        0.008804304944351315,
        0.007930007060834517,
        0.009402960670801501,
        0.00660225177804629,
        0.0074296486952031655,
        0.006292471002476911,
        0.005446195734354357,
        0.0049273358114684624,
        0.004609451008339723,
        0.0044484395223359265,
        0.004174341432129343,
        0.004042784726091971,
        0.0036936894699465483,
        0.003678156988462433,
        0.0034167295292718337,
        0.003285654595432182,
        0.003041734391202529,
        0.0026489198207855225,
        0.0025230255365992584,
        0.0024146765004843473,
        0.0023641545024778074,
        0.002227470965590328,
        0.002088526787701994,
        0.0019691788339211294,
        0.0018683313877166559,
        0.0018603078943366805,
        0.0017467306092536698,
        0.001705407976017644,
        0.0017889220403352131,
        0.0015409270844732722,
        0.0014870730776844236,
        0.0014534581908568118,
        0.001374583835907591,
        0.0013761050494698187,
        0.0014074598827088873,
        0.0012935093443957157,
        0.0012086313353696218,
        0.0013429574692660632,
        0.0011996000636524211,
        0.0010865018324693666,
        0.0010112753293166558,
        0.000990805324787895,
        0.0009296985440111409,
        0.0009702029992088985,
        0.0009322828855753566,
        0.0008623304932067791,
        0.0008007457421626895,
        0.0008279390148042391,
        0.0008643843585256643,
        0.0007692088061351872,
        0.0007204855506036741,
        0.0007158713997341692,
        0.0006991227700685461,
        0.0006678752649653082,
        0.0006415168905126241,
        0.0006413540158973774,
        0.0005971204654391234,
        0.000587757370279481,
        0.0005743832812489321,
        0.000554497216459519,
        0.0005463311274070293,
        0.0005496112261122714,
        0.0005114913859870285,
        0.0005049597593218398,
        0.0004879438851882393
    ],