{
    "test_accuracy": 0.5875,
    "test_f1": 0.588023088023088,
    "train_accuracy_history": [
        0.3375,
        0.4375,
        0.5458333333333333,
        0.5416666666666666,
        0.6416666666666667,
        0.7291666666666666,
        0.7375,
        0.7208333333333333,
        0.8041666666666667,
        0.8083333333333333,
        0.8208333333333333,
        0.8458333333333333,
        0.8458333333333333,
        0.75,
        0.8666666666666667,
        0.8416666666666667,
        0.8375,
        0.8583333333333333,
        0.8541666666666666,
        0.8958333333333334,
        0.8583333333333333,
        0.8416666666666667,
        0.85,
        0.9041666666666667,
        0.8958333333333334,
        0.9,
        0.8708333333333333,
        0.9083333333333333,
        0.9291666666666667,
        0.9208333333333333,
        0.9166666666666666,
        0.8916666666666667,
        0.9208333333333333,
        0.9041666666666667,
        0.9041666666666667,
        0.9166666666666666,
        0.9083333333333333,
        0.8958333333333334,
        0.9333333333333333,
        0.9333333333333333,
        0.9333333333333333,
        0.9166666666666666,
        0.8916666666666667,
        0.8666666666666667,
        0.925,
        0.9458333333333333,
        0.9375,
        0.925,
        0.925,
        0.9291666666666667,
        0.95,
        0.95,
        0.9333333333333333,
        0.9291666666666667,
        0.9291666666666667,
        0.9166666666666666,
        0.8708333333333333,
        0.9166666666666666,
        0.9416666666666667,
        0.9541666666666667,
        0.9583333333333334,
        0.9625,
        0.9666666666666667,
        0.9625,
        0.9333333333333333,
        0.9541666666666667,
        0.9166666666666666,
        0.9458333333333333,
        0.9583333333333334,
        0.9541666666666667,
        0.9416666666666667,
        0.9375,
        0.9708333333333333,
        0.9375,
        0.9583333333333334,
        0.9791666666666666,
        0.9666666666666667,
        0.9625,
        0.975,
        0.9666666666666667,
        0.9791666666666666,
        0.9708333333333333,
        0.925,
        0.9208333333333333,
        0.9458333333333333,
        0.9666666666666667,
        0.9541666666666667,
        0.975,
        0.9875,
        0.9875,
        0.9791666666666666,
        0.9875,
        0.9625,
        0.9416666666666667,
        0.9375,
        0.9541666666666667,
        0.9458333333333333,
        0.9291666666666667,
        0.95,
        0.975
    ],
    "val_accuracy_history": [
        0.25,
        0.425,
        0.425,
        0.425,
        0.4125,
        0.3625,
        0.45,
        0.425,
        0.5125,
        0.3875,
        0.475,
        0.25,
        0.55,
        0.55,
        0.4875,
        0.55,
        0.4875,
        0.5625,
        0.475,
        0.625,
        0.5125,
        0.5625,
        0.5875,
        0.6,
        0.6625,
        0.6,
        0.5125,
        0.5125,
        0.65,
        0.45,
        0.55,
        0.65,
        0.625,
        0.6,
        0.425,
        0.575,
        0.525,
        0.4875,
        0.6375,
        0.675,
        0.7,
        0.5875,
        0.375,
        0.5375,
        0.5875,
        0.65,
        0.575,
        0.6375,
        0.625,
        0.575,
        0.65,
        0.625,
        0.25,
        0.6375,
        0.5875,
        0.5,
        0.25,
        0.5875,
        0.5,
        0.6,
        0.575,
        0.6125,
        0.6625,
        0.65,
        0.65,
        0.3125,
        0.525,
        0.65,
        0.65,
        0.6375,
        0.5125,
        0.7,
        0.65,
        0.6375,
        0.6375,
        0.6625,
        0.65,
        0.7125,
        0.675,
        0.7,
        0.7375,
        0.65,
        0.4,
        0.65,
        0.675,
        0.7,
        0.65,
        0.6875,
        0.7,
        0.6625,
        0.675,
        0.575,
        0.6375,
        0.4125,
        0.3625,
        0.55,
        0.5625,
        0.425,
        0.4875,
        0.6375
    ],
    "train_loss_history": [
        0.3296030710140864,
        0.29095213338732717,
        0.24638676606118678,
        0.24571268782019615,
        0.23394781909883022,
        0.17237206084343296,
        0.19064639636781067,
        0.17291270966331165,
        0.15058893086388708,
        0.1450436108202363,
        0.12686957082090278,
        0.12199667384071897,
        0.09626761942636222,
        0.16818351219796265,
        0.11313110161572695,
        0.11706793243065476,
        0.10964486533775926,
        0.09994144100928679,
        0.10401994126926487,
        0.08729647888491551,
        0.10599193473656972,
        0.10904925496239835,
        0.09793320153451836,
        0.07007239866895058,
        0.0825297814696872,
        0.06464062461673166,
        0.09173802150019886,
        0.06416505121378577,
        0.06866522688157299,
        0.06139651825181621,
        0.07215228946103404,
        0.08773720927723237,
        0.062146101194472676,
        0.059630381699874606,
        0.07067025685403981,
        0.061693086935323056,
        0.0793202939536665,
        0.06588098730402028,
        0.051113532135703584,
        0.048645387092832,
        0.05318511775124837,
        0.060465995621189,
        0.08276558822932809,
        0.10058860482725625,
        0.06600859747292513,
        0.05519900103043559,
        0.04749901368908619,
        0.04447836224717297,
        0.05372533123324198,
        0.058905602698602406,
        0.03910017952378742,
        0.03261489292639984,
        0.05780383960396461,
        0.05194369433981289,
        0.04868895268227789,
        0.05726018660643604,
        0.0984131777593575,
        0.05551314781654734,
        0.04155422036416354,
        0.03792186873738312,
        0.028390927242785816,
        0.02809868046755355,
        0.024570750790572523,
        0.024741769272690797,
        0.05048670290212455,
        0.03462825484990166,
        0.09563330177775242,
        0.053460002387388766,
        0.0267461858061021,
        0.031878250077988925,
        0.03949997014877529,
        0.039000102889485785,
        0.020938491871280954,
        0.04881097521235157,
        0.026901799347933776,
        0.01923246090202421,
        0.024423362005116665,
        0.024126009131365814,
        0.021152343017432785,
        0.025316192214379876,
        0.015986942120957793,
        0.022969492855404165,
        0.06305074980602257,
        0.05631312024852377,
        0.04676393340341747,
        0.024794261914591213,
        0.04049676325397892,
        0.017339409079895063,
        0.010421852315640951,
        0.014134405439294052,
        0.020172236222034214,
        0.01335358759621575,
        0.01932403768651316,
        0.048084517587779395,
        0.048850738153308274,
        0.026328386740338296,
        0.04841895084885645,
        0.06372289250896111,
        0.0288250093162322,
        0.017558689344919755
    ],