{
    "test_accuracy": 0.25,
    "test_f1": 0.1,
    "train_accuracy_history": [
        0.25,
        0.25,
        0.25,
        0.2125,
        0.225,
        0.225,
        0.20416666666666666,
        0.2125,
        0.24166666666666667,
        0.24166666666666667,
        0.22083333333333333,
        0.22916666666666666,
        0.175,
        0.20416666666666666,
        0.225,
        0.23333333333333334,
        0.225,
        0.225,
        0.2375,
        0.23333333333333334,
        0.18333333333333332,
        0.24166666666666667,
        0.2125,
        0.20833333333333334,
        0.19166666666666668,
        0.2375,
        0.21666666666666667,
        0.18333333333333332,
        0.1625,
        0.22916666666666666,
        0.17083333333333334,
        0.17083333333333334,
        0.2125,
        0.19166666666666668,
        0.225,
        0.20416666666666666,
        0.19583333333333333,
        0.22083333333333333,
        0.21666666666666667,
        0.23333333333333334,
        0.25,
        0.21666666666666667,
        0.25,
        0.24166666666666667,
        0.23333333333333334,
        0.22916666666666666,
        0.2375,
        0.2125,
        0.19583333333333333,
        0.2125,
        0.21666666666666667,
        0.20833333333333334,
        0.23333333333333334,
        0.20416666666666666,
        0.23333333333333334,
        0.2125,
        0.20416666666666666,
        0.2375,
        0.225,
        0.22916666666666666,
        0.20833333333333334,
        0.23333333333333334,
        0.21666666666666667,
        0.2375,
        0.22916666666666666,
        0.24583333333333332,
        0.19583333333333333,
        0.2375,
        0.2125,
        0.22083333333333333,
        0.23333333333333334,
        0.22916666666666666,
        0.22083333333333333,
        0.1875,
        0.17916666666666667,
        0.24166666666666667,
        0.22083333333333333,
        0.20833333333333334,
        0.24166666666666667,
        0.25,
        0.20416666666666666,
        0.24166666666666667,
        0.2,
        0.2125,
        0.19583333333333333,
        0.225,
        0.24166666666666667,
        0.2125,
        0.19166666666666668,
        0.22916666666666666,
        0.175,
        0.19583333333333333,
        0.17916666666666667,
        0.2375,
        0.23333333333333334,
        0.20833333333333334,
        0.19583333333333333,
        0.225,
        0.23333333333333334,
        0.21666666666666667
    ],
    "val_accuracy_history": [
        0.25,
        0.25,
        0.25,
        0.25,
        0.25,
        0.25,
        0.25,
        0.25,
        0.25,
        0.25,
        0.25,
        0.25,
        0.25,
        0.25,
        0.25,
        0.25,
        0.25,
        0.25,
        0.25,
        0.25,
        0.25,
        0.25,
        0.25,
        0.25,
        0.25,
        0.25,
        0.25,
        0.25,
        0.25,
        0.25,
        0.25,
        0.25,
        0.25,
        0.25,
        0.25,
        0.25,
        0.25,
        0.25,
        0.25,
        0.25,
        0.25,
        0.25,
        0.25,
        0.25,
        0.25,
        0.25,
        0.25,
        0.25,
        0.25,
        0.25,
        0.25,
        0.25,
        0.25,
        0.25,
        0.25,
        0.25,
        0.25,
        0.25,
        0.25,
        0.25,
        0.25,
        0.25,
        0.25,
        0.25,
        0.25,
        0.25,
        0.25,
        0.25,
        0.25,
        0.25,
        0.25,
        0.25,
        0.25,
        0.25,
        0.25,
        0.25,
        0.25,
        0.25,
        0.2375,
        0.25,
        0.25,
        0.25,
        0.25,
        0.25,
        0.25,
        0.25,
        0.25,
        0.25,
        0.25,
        0.25,
        0.25,
        0.25,
        0.25,
        0.25,
        0.25,
        0.25,
        0.25,
        0.25,
        0.25,
        0.25
    ],
    "train_loss_history": [
        0.3574090932806333,
        0.34868135501941044,
        0.3473582108815511,
        0.34766670713822045,
        0.34722592731316887,
        0.34728233367204664,
        0.3478813553849856,
        0.34755857586860656,
        0.3473554824789365,
        0.34701415300369265,
        0.3476650426785151,
        0.34723557680845263,
        0.3482201879223188,
        0.3473356604576111,
        0.34725467711687086,
        0.3471961458524068,
        0.3474026247859001,
        0.34768848021825155,
        0.34748324503501254,
        0.34713815997044245,
        0.34746315628290175,
        0.347894815603892,
        0.3475542277097702,
        0.34720874528090157,
        0.3471961781382561,
        0.347630608578523,
        0.3479575062791506,
        0.3473098263144493,
        0.347266382475694,
        0.3473263278603554,
        0.3476126844684283,
        0.34783867945273717,
        0.34730946520964306,
        0.3476705501476924,
        0.34741657972335815,
        0.34723926385243736,
        0.3474223474661509,
        0.34699888676404955,
        0.3476065809528033,
        0.3473140249649684,
        0.34749065736929574,
        0.3471022884051005,
        0.3471867730220159,
        0.34715401579936345,
        0.3472211718559265,
        0.347368523478508,
        0.3474183574318886,
        0.34737869997819265,
        0.3472323914368947,
        0.347262080013752,
        0.3472597569227219,
        0.34745115488767625,
        0.3472386141618093,
        0.347579271097978,
        0.34731977035601935,
        0.3474055697520574,
        0.3473669424653053,
        0.3471174851059914,
        0.34780896653731663,
        0.3471300611893336,
        0.3472155744830767,
        0.34721640894810357,
        0.3471138283610344,
        0.34721817274888356,
        0.3472204421957334,
        0.3474601566791534,
        0.34756266127030055,
        0.3475467210014661,
        0.3475172221660614,
        0.3473663508892059,
        0.34731049338976544,
        0.34719273696343106,
        0.34712550789117813,
        0.3473846728603045,
        0.3476340760787328,
        0.34781306485335034,
        0.3474919095635414,
        0.3474217727780342,
        0.34736019919315975,
        0.3473810901244481,
        0.34756174981594085,
        0.34709321012099587,
        0.3473767712712288,
        0.34710872918367386,
        0.3472277825077375,
        0.3473188077410062,
        0.3473833049337069,
        0.34729048212369285,
        0.34760431498289107,
        0.34778419335683186,
        0.34759726325670876,
        0.3476805746555328,
        0.34769487430651985,
        0.34736368954181673,
        0.34748862038056055,
        0.3474447498718897,
        0.34761852969725926,
        0.34698793341716133,
        0.347699902455012,
        0.3471713920434316
    ],