{
    "test_accuracy": 0.5875,
    "test_f1": 0.5543803766565916,
    "train_accuracy_history": [
        0.3,
        0.37083333333333335,
        0.4,
        0.4375,
        0.45,
        0.45,
        0.44583333333333336,
        0.45416666666666666,
        0.4708333333333333,
        0.4708333333333333,
        0.525,
        0.44166666666666665,
        0.5708333333333333,
        0.575,
        0.5416666666666666,
        0.5708333333333333,
        0.5666666666666667,
        0.5541666666666667,
        0.5916666666666667,
        0.5791666666666667,
        0.6166666666666667,
        0.6166666666666667,
        0.6,
        0.6041666666666666,
        0.6333333333333333,
        0.6666666666666666,
        0.6291666666666667,
        0.65,
        0.6708333333333333,
        0.6875,
        0.625,
        0.65,
        0.6416666666666667,
        0.675,
        0.6833333333333333,
        0.7208333333333333,
        0.6666666666666666,
        0.6958333333333333,
        0.6125,
        0.6875,
        0.6666666666666666,
        0.5208333333333334,
        0.6583333333333333,
        0.65,
        0.675,
        0.65,
        0.6708333333333333,
        0.6916666666666667,
        0.6708333333333333,
        0.6791666666666667,
        0.6333333333333333,
        0.675,
        0.6916666666666667,
        0.6791666666666667,
        0.6625,
        0.75,
        0.7,
        0.6833333333333333,
        0.65,
        0.6916666666666667,
        0.725,
        0.7208333333333333,
        0.6833333333333333,
        0.6791666666666667,
        0.6708333333333333,
        0.7333333333333333,
        0.7083333333333334,
        0.6833333333333333,
        0.725,
        0.7375,
        0.7333333333333333,
        0.6791666666666667,
        0.6833333333333333,
        0.75,
        0.7041666666666667,
        0.7458333333333333,
        0.7291666666666666,
        0.725,
        0.7291666666666666,
        0.6833333333333333,
        0.7291666666666666,
        0.7541666666666667,
        0.6875,
        0.7916666666666666,
        0.7791666666666667,
        0.7458333333333333,
        0.7375,
        0.7416666666666667,
        0.6666666666666666,
        0.7208333333333333,
        0.675,
        0.7,
        0.6958333333333333,
        0.725,
        0.7291666666666666,
        0.75,
        0.7125,
        0.7625,
        0.7333333333333333,
        0.7166666666666667
    ],
    "val_accuracy_history": [
        0.325,
        0.325,
        0.25,
        0.35,
        0.4,
        0.2625,
        0.3375,
        0.4125,
        0.3375,
        0.3,
        0.325,
        0.5375,
        0.3,
        0.3625,
        0.3875,
        0.375,
        0.375,
        0.45,
        0.4625,
        0.4,
        0.525,
        0.4125,
        0.525,
        0.4875,
        0.5125,
        0.4625,
        0.35,
        0.4875,
        0.5625,
        0.45,
        0.45,
        0.4625,
        0.5625,
        0.425,
        0.5625,
        0.525,
        0.475,
        0.425,
        0.4875,
        0.4125,
        0.5625,
        0.425,
        0.4125,
        0.4625,
        0.5,
        0.6125,
        0.4375,
        0.45,
        0.5,
        0.5625,
        0.4375,
        0.5,
        0.4,
        0.4875,
        0.5875,
        0.425,
        0.4,
        0.4875,
        0.6,
        0.5625,
        0.575,
        0.5125,
        0.45,
        0.4125,
        0.5375,
        0.425,
        0.5125,
        0.55,
        0.5125,
        0.5625,
        0.475,
        0.4,
        0.525,
        0.45,
        0.6125,
        0.5375,
        0.525,
        0.525,
        0.45,
        0.525,
        0.4125,
        0.525,
        0.4375,
        0.5875,
        0.5875,
        0.575,
        0.5375,
        0.575,
        0.575,
        0.525,
        0.35,
        0.575,
        0.3,
        0.625,
        0.6125,
        0.4875,
        0.5,
        0.425,
        0.475,
        0.475
    ],
    "train_loss_history": [
        0.3433404825627804,
        0.32969451397657396,
        0.3125674950579802,
        0.30892542699972786,
        0.2893855633834998,
        0.28791006629665694,
        0.2891181076566378,
        0.30126676832636196,
        0.2805617260436217,
        0.28053581590453786,
        0.26386588091651597,
        0.30478284632166225,
        0.2425142454604308,
        0.22913709736118715,
        0.24992786770065625,
        0.2276595321794351,
        0.2463104066749414,
        0.2577831596136093,
        0.22927315930525463,
        0.2303297620266676,
        0.20730803919335206,
        0.21982481852173805,
        0.22125853598117828,
        0.2243966883669297,
        0.19897027636567752,
        0.19205562608937424,
        0.2108125790953636,
        0.19571295157074928,
        0.18323390459020933,
        0.17141550021866958,
        0.19886565965910752,
        0.1887237625196576,
        0.18694711284091076,
        0.16416168324649333,
        0.16847714105000097,
        0.15803799244264763,
        0.19492076076567172,
        0.16250085871045788,
        0.22073892150074242,
        0.20770752262324094,
        0.19293733593076468,
        0.23938187832633653,
        0.19482509090254704,
        0.19779384365926186,
        0.18979800765713056,
        0.18899419565374653,
        0.1617809258401394,
        0.18524151450643936,
        0.17776243556290866,
        0.1602360547830661,
        0.16924244159211715,
        0.1664774409456489,
        0.1689145545164744,
        0.164689713375022,
        0.1612629096334179,
        0.15508428720834974,
        0.17650529835373163,
        0.15708424306164184,
        0.16834408440627158,
        0.16247866104046504,
        0.1565448220819235,
        0.14477352782851086,
        0.16529566758933167,
        0.16462113453696173,
        0.1923961144561569,
        0.1511786474691083,
        0.16661768607640018,
        0.1653920505195856,
        0.14218173921884347,
        0.13998422431759536,
        0.14283317487376432,
        0.15936483908444643,
        0.17341276494165261,
        0.14566836928327878,
        0.1589090329905351,
        0.13880643031249443,
        0.14825688526034356,
        0.15294038017940087,
        0.1519470219500363,
        0.20709920375763127,
        0.17006876595163098,
        0.15715758310010036,
        0.17564817344148953,
        0.1592875299975276,
        0.1348523003049195,
        0.13082846269632378,
        0.13345555529619257,
        0.14749609989424547,
        0.1780097385169938,
        0.14241446563974022,
        0.16323772384009014,
        0.14144665841401244,
        0.1740223089233041,
        0.1667730367121597,
        0.1510392246263412,
        0.14577259151847102,
        0.15605480174223582,
        0.15056267750139038,
        0.1790294471817712,
        0.15326760513707996
    ],