{
    "test_accuracy": 0.375,
    "test_f1": 0.30639667962825073,
    "train_accuracy_history": [
        0.25,
        0.25416666666666665,
        0.26666666666666666,
        0.3125,
        0.30416666666666664,
        0.3416666666666667,
        0.32083333333333336,
        0.32916666666666666,
        0.3875,
        0.3958333333333333,
        0.45,
        0.5375,
        0.45,
        0.5583333333333333,
        0.5083333333333333,
        0.4708333333333333,
        0.5208333333333334,
        0.5125,
        0.575,
        0.5625,
        0.6375,
        0.5791666666666667,
        0.4666666666666667,
        0.5208333333333334,
        0.5125,
        0.6625,
        0.7,
        0.7375,
        0.7208333333333333,
        0.7375,
        0.7666666666666667,
        0.7875,
        0.7625,
        0.8083333333333333,
        0.8041666666666667,
        0.775,
        0.725,
        0.8291666666666667,
        0.8041666666666667,
        0.8166666666666667,
        0.825,
        0.7666666666666667,
        0.8083333333333333,
        0.7333333333333333,
        0.6541666666666667,
        0.7833333333333333,
        0.7875,
        0.85,
        0.8291666666666667,
        0.8333333333333334,
        0.8041666666666667,
        0.7833333333333333,
        0.7916666666666666,
        0.7541666666666667,
        0.7791666666666667,
        0.8208333333333333,
        0.8541666666666666,
        0.85,
        0.8875,
        0.8375,
        0.7583333333333333,
        0.8083333333333333,
        0.8583333333333333,
        0.8583333333333333,
        0.9083333333333333,
        0.9208333333333333,
        0.8666666666666667,
        0.8875,
        0.8125,
        0.7166666666666667,
        0.775,
        0.8625,
        0.85,
        0.8083333333333333,
        0.85,
        0.8958333333333334,
        0.8541666666666666,
        0.8625,
        0.875,
        0.9458333333333333,
        0.9416666666666667,
        0.9416666666666667,
        0.9083333333333333,
        0.9208333333333333,
        0.8916666666666667,
        0.9416666666666667,
        0.9166666666666666,
        0.8333333333333334,
        0.7166666666666667,
        0.6375,
        0.575,
        0.6708333333333333,
        0.7833333333333333,
        0.8791666666666667,
        0.8916666666666667,
        0.9416666666666667,
        0.9208333333333333,
        0.9208333333333333,
        0.9,
        0.9041666666666667
    ],
    "val_accuracy_history": [
        0.2375,
        0.2375,
        0.275,
        0.225,
        0.2875,
        0.3,
        0.3,
        0.2625,
        0.2875,
        0.2625,
        0.3125,
        0.325,
        0.2875,
        0.225,
        0.25,
        0.325,
        0.4,
        0.3125,
        0.3625,
        0.4,
        0.375,
        0.3,
        0.3875,
        0.2625,
        0.3125,
        0.275,
        0.35,
        0.45,
        0.2625,
        0.3125,
        0.3375,
        0.4125,
        0.3375,
        0.3,
        0.275,
        0.3625,
        0.4625,
        0.3375,
        0.3125,
        0.425,
        0.25,
        0.35,
        0.25,
        0.25,
        0.25,
        0.3125,
        0.35,
        0.2875,
        0.35,
        0.2375,
        0.3375,
        0.45,
        0.3,
        0.2125,
        0.2375,
        0.4125,
        0.3625,
        0.2875,
        0.4375,
        0.35,
        0.25,
        0.325,
        0.2125,
        0.475,
        0.425,
        0.3375,
        0.25,
        0.3,
        0.2875,
        0.25,
        0.325,
        0.4,
        0.3625,
        0.2875,
        0.35,
        0.4,
        0.3875,
        0.3125,
        0.3125,
        0.4625,
        0.3875,
        0.4375,
        0.4,
        0.225,
        0.2375,
        0.35,
        0.3,
        0.2,
        0.3125,
        0.25,
        0.25,
        0.325,
        0.25,
        0.2625,
        0.375,
        0.35,
        0.375,
        0.225,
        0.3625,
        0.375
    ],
    "train_loss_history": [
        10.003800803422928,
        1.6573833331465722,
        0.9340521382788817,
        1.2886030795673529,
        1.0637231745601943,
        0.8029019146536788,
        0.5089497620860736,
        0.45875634712477525,
        0.4699495775004228,
        0.41795790220300355,
        0.35091711282730104,
        0.32541471483806766,
        0.3585162491848071,
        0.3207952108234167,
        0.3954006217730542,
        0.7222743367155393,
        0.4353120751678944,
        0.38942925731341044,
        0.4132949894342649,
        0.31752533252971865,
        0.24779301391293604,
        0.3801798677071929,
        0.8832213577814401,
        0.7232709370400698,
        0.6136633904786625,
        0.29427995670121165,
        0.2096912246197462,
        0.17354273426656922,
        0.20035676319773,
        0.17735298502569397,
        0.16278477283194662,
        0.1416660880514731,
        0.15047214346316953,
        0.14523751582795133,
        0.1353727512100401,
        0.143877408944536,
        0.18318021964902678,
        0.11176527166583886,
        0.1335595851453642,
        0.12020233025153478,
        0.11918624268728309,
        0.16724226879887283,
        0.15924908003459373,
        0.2176410416844495,
        0.35695295764598994,
        0.1646761073730886,
        0.13157761616942784,
        0.10908259492231688,
        0.11016535909535984,
        0.10219014165534948,
        0.13754375629941934,
        0.16302251009619795,
        0.16640773063215117,
        0.19721900722215652,
        0.19141249301998567,
        0.13178679287666456,
        0.11743156597173462,
        0.13443354445820052,
        0.09571999069400287,
        0.1592444571895612,
        0.23769462916146342,
        0.14321042398611705,
        0.09260280007341255,
        0.10979589793423657,
        0.0627211068145698,
        0.0564419104635211,
        0.12069865515671457,
        0.09516651707623774,
        0.1739768973567455,
        0.2925880998251766,
        0.17436921291403754,
        0.11384824057313381,
        0.1092273427067236,
        0.17255095226379732,
        0.15827545923348224,
        0.0978613282587806,
        0.11931445923498056,
        0.10896367400418967,
        0.09799934747619167,
        0.05354142340899368,
        0.049696242646314205,
        0.03683720275051504,
        0.08387149787255718,
        0.05878087211021921,
        0.09408334042867257,
        0.04189476590606015,
        0.0680510406421187,
        0.16152585308057799,
        0.35862604139838367,
        1.105824856954435,
        2.3661037895283696,
        0.975044421615884,
        0.5217815376943478,
        0.28895014854135703,
        0.1382018360707344,
        0.06837278199748198,
        0.06786579784973128,
        0.06673595817261162,
        0.07051412092149599,
        0.09510288670596764
    ],