{
    "test_accuracy": 0.8,
    "test_f1": 0.7916666666666667,
    "train_accuracy_history": [
        0.7333333333333333,
        0.9333333333333333,
        0.9333333333333333,
        0.9666666666666667,
        0.9666666666666667,
        0.9666666666666667,
        0.9666666666666667,
        0.9666666666666667,
        0.9666666666666667,
        1.0,
        1.0,
        0.9666666666666667,
        1.0,
        1.0,
        1.0,
        1.0,
        1.0,
        1.0,
        1.0,
        1.0,
        1.0,
        1.0,
        1.0,
        1.0,
        1.0,
        1.0,
        1.0,
        1.0,
        1.0,
        1.0,
        1.0,
        1.0,
        1.0,
        1.0,
        1.0,
        1.0,
        1.0,
        1.0,
        1.0,
        1.0,
        1.0,
        1.0,
        1.0,
        1.0,
        1.0,
        1.0,
        1.0,
        1.0,
        1.0,
        1.0,
        1.0,
        1.0,
        1.0,
        1.0,
        1.0,
        1.0,
        1.0,
        1.0,
        1.0,
        1.0,
        1.0,
        1.0,
        1.0,
        1.0,
        1.0,
        1.0,
        1.0,
        1.0,
        1.0,
        1.0,
        1.0,
        1.0,
        1.0,
        1.0,
        1.0,
        1.0,
        1.0,
        1.0,
        1.0,
        1.0,
        1.0,
        1.0,
        1.0,
        1.0,
        1.0,
        1.0,
        1.0,
        1.0,
        1.0,
        1.0,
        1.0,
        1.0,
        1.0,
        1.0,
        1.0,
        1.0,
        1.0,
        1.0,
        1.0,
        1.0
    ],
    "val_accuracy_history": [
        0.4,
        0.4,
        0.6,
        0.6,
        0.6,
        0.4,
        0.4,
        0.5,
        0.4,
        0.4,
        0.4,
        0.7,
        0.6,
        0.4,
        0.4,
        0.4,
        0.4,
        0.7,
        0.7,
        0.5,
        0.6,
        0.4,
        0.4,
        0.4,
        0.8,
        0.5,
        0.5,
        0.8,
        0.8,
        0.4,
        0.4,
        0.4,
        0.6,
        0.7,
        0.4,
        0.6,
        0.6,
        0.6,
        0.6,
        0.8,
        0.6,
        0.6,
        0.8,
        0.7,
        0.4,
        0.8,
        0.6,
        0.5,
        0.8,
        0.8,
        0.7,
        0.5,
        0.5,
        0.6,
        0.8,
        0.6,
        0.5,
        0.8,
        0.8,
        0.8,
        0.5,
        0.8,
        0.6,
        0.7,
        0.7,
        0.5,
        0.5,
        0.5,
        0.6,
        0.6,
        0.7,
        0.7,
        0.8,
        0.4,
        0.7,
        0.6,
        0.5,
        0.7,
        0.7,
        0.7,
        0.8,
        0.6,
        0.8,
        0.7,
        0.8,
        0.6,
        0.4,
        0.4,
        0.4,
        0.4,
        0.6,
        0.5,
        0.7,
        0.8,
        0.7,
        0.7,
        0.7,
        0.6,
        0.7,
        0.7
    ],
    "train_loss_history": [
        0.14535651206970215,
        0.09454018051425615,
        0.07036599268515904,
        0.060970296462376915,
        0.04643316070238749,
        0.039669363449017205,
        0.026164197983841102,
        0.030355063950022063,
        0.02623906210064888,
        0.023134154888490837,
        0.01165492224196593,
        0.028897354503472646,
        0.01046646802375714,
        0.014176588257153828,
        0.012661006146421036,
        0.007195674162358045,
        0.006687046028673649,
        0.004919019915784399,
        0.004495318761716286,
        0.0034829993654663365,
        0.0034078077257921296,
        0.004127577991069605,
        0.0070215640579893565,
        0.002622242698756357,
        0.003355895153557261,
        0.002437087179472049,
        0.0020599404039482274,
        0.0028855946380645036,
        0.0022160179020526507,
        0.0043303949836020665,
        0.0014606035818966725,
        0.002527019187497596,
        0.0015191458941747745,
        0.0015547553232560555,
        0.0032209891515473524,
        0.01076502373131613,
        0.01104183637847503,
        0.005983514090379079,
        0.004389341796437899,
        0.005052333845136066,
        0.005300781720628341,
        0.0032646897016093135,
        0.0032255330433448156,
        0.002496487915050238,
        0.001892665820196271,
        0.0028232041901598373,
        0.001619604229927063,
        0.002347762354960044,
        0.0013413564612468085,
        0.0011819937964901329,
        0.0016959074224966268,
        0.0014997330183784167,
        0.0010791543715943893,
        0.0011693796686207255,
        0.0010490385233424605,
        0.0012154775361220042,
        0.0011366958109041054,
        0.0008515625338380536,
        0.0008414918896354114,
        0.0009918980028790732,
        0.0006464770645834506,
        0.0009355455248927076,
        0.0006497408486514663,
        0.000623543707964321,
        0.0006766818269776802,
        0.0006251797002429764,
        0.0006260413065319881,
        0.0005195809702854603,
        0.0006600066903047263,
        0.0006116482419505094,
        0.0005319946959692364,
        0.000440490687469719,
        0.0008098610443994403,
        0.00048273083715078734,
        0.0012219590678190192,
        0.00052295830003762,
        0.0005462764238473028,
        0.0004431595991870078,
        0.00043328631970022496,
        0.0004535009475754729,
        0.00035945475877573093,
        0.0004543903225567192,
        0.0006784719201580932,
        0.0004379247761486719,
        0.0005940121581564502,
        0.0002831805189392374,
        0.0003796998595741267,
        0.00041533788389642724,
        0.00028774613747373223,
        0.0003544955640487994,
        0.0003297961346106604,
        0.00039168716187608273,
        0.00038344499480444936,
        0.00022825085834483617,
        0.000515027759441485,
        0.0003207043708243873,
        0.0002059149711082379,
        0.0003352952189743519,
        0.0003701418793449799,
        0.0003000971725365768
    ],