{
    "test_accuracy": 0.1,
    "test_f1": 0.1111111111111111,
    "train_accuracy_history": [
        0.23333333333333334,
        0.45,
        0.4666666666666667,
        0.6166666666666667,
        0.7,
        0.7333333333333333,
        0.7666666666666667,
        0.75,
        0.8333333333333334,
        0.8333333333333334,
        0.8833333333333333,
        0.9,
        0.9333333333333333,
        0.95,
        0.9833333333333333,
        0.95,
        1.0,
        1.0,
        0.9833333333333333,
        0.9833333333333333,
        1.0,
        1.0,
        1.0,
        0.9666666666666667,
        1.0,
        0.9833333333333333,
        1.0,
        1.0,
        1.0,
        0.9833333333333333,
        0.9833333333333333,
        1.0,
        1.0,
        1.0,
        0.9833333333333333,
        1.0,
        1.0,
        1.0,
        1.0,
        1.0,
        1.0,
        1.0,
        1.0,
        1.0,
        1.0,
        1.0,
        1.0,
        1.0,
        1.0,
        1.0,
        0.9833333333333333,
        1.0,
        1.0,
        1.0,
        1.0,
        1.0,
        1.0,
        1.0,
        1.0,
        1.0,
        1.0,
        0.9833333333333333,
        1.0,
        1.0,
        1.0,
        1.0,
        1.0,
        1.0,
        1.0,
        1.0,
        1.0,
        1.0,
        1.0,
        1.0,
        1.0,
        1.0,
        1.0,
        1.0,
        1.0,
        1.0,
        1.0,
        1.0,
        1.0,
        1.0,
        1.0,
        1.0,
        1.0,
        1.0,
        1.0,
        1.0,
        1.0,
        1.0,
        1.0,
        1.0,
        1.0,
        1.0,
        1.0,
        1.0,
        1.0,
        1.0
    ],
    "val_accuracy_history": [
        0.25,
        0.25,
        0.4,
        0.25,
        0.2,
        0.2,
        0.2,
        0.2,
        0.2,
        0.2,
        0.2,
        0.25,
        0.2,
        0.2,
        0.2,
        0.2,
        0.2,
        0.55,
        0.2,
        0.1,
        0.45,
        0.2,
        0.4,
        0.25,
        0.25,
        0.25,
        0.2,
        0.25,
        0.2,
        0.4,
        0.4,
        0.3,
        0.3,
        0.45,
        0.2,
        0.3,
        0.35,
        0.2,
        0.45,
        0.35,
        0.35,
        0.3,
        0.35,
        0.25,
        0.25,
        0.3,
        0.3,
        0.4,
        0.65,
        0.35,
        0.2,
        0.2,
        0.3,
        0.25,
        0.3,
        0.3,
        0.35,
        0.6,
        0.25,
        0.15,
        0.35,
        0.2,
        0.4,
        0.25,
        0.3,
        0.3,
        0.55,
        0.55,
        0.45,
        0.5,
        0.4,
        0.45,
        0.55,
        0.4,
        0.45,
        0.45,
        0.3,
        0.35,
        0.55,
        0.35,
        0.3,
        0.4,
        0.4,
        0.55,
        0.3,
        0.4,
        0.65,
        0.6,
        0.45,
        0.35,
        0.25,
        0.45,
        0.4,
        0.2,
        0.35,
        0.45,
        0.4,
        0.3,
        0.2,
        0.7
    ],
    "train_loss_history": [
        0.3750123600165049,
        0.31843135754267377,
        0.2800159215927124,
        0.2545030027627945,
        0.21001335283120473,
        0.18987049659093222,
        0.17437650958697,
        0.16946896811326345,
        0.15439023425181705,
        0.1255770057439804,
        0.11419099320967992,
        0.09767643536130587,
        0.08901802177230517,
        0.06687498986721038,
        0.052726389343539876,
        0.05545564523587624,
        0.042971645419796305,
        0.034324305256207784,
        0.035178583363691965,
        0.028652142422894638,
        0.02588810914506515,
        0.022899020370095967,
        0.018794409868617853,
        0.035794831905514,
        0.018680917533735433,
        0.022990980961670477,
        0.017237008968368172,
        0.01307835482681791,
        0.011869470169767738,
        0.016623259227102002,
        0.013245092735936244,
        0.008519868769993385,
        0.012401737358110647,
        0.006008860158423583,
        0.01323050659460326,
        0.010229278053157032,
        0.006893561990000308,
        0.006603279383853078,
        0.006834443185168008,
        0.006339015827203791,
        0.006645647789506863,
        0.009548076203403373,
        0.00595119286638995,
        0.004843042918946594,
        0.004009728692471981,
        0.006535461863192419,
        0.004939326589616637,
        0.002870913005123536,
        0.002456884210308393,
        0.002135061166093995,
        0.006648914298663536,
        0.003989468716705839,
        0.005110798151387523,
        0.004498437345804026,
        0.0026204060840730866,
        0.0032446204645869632,
        0.0035965665495799235,
        0.0024611292717357475,
        0.0031437420131017763,
        0.002829873088436822,
        0.004989388270769268,
        0.006064259303578486,
        0.0028619366387526196,
        0.003234783249596755,
        0.0029993764221823466,
        0.002239435470740621,
        0.0018249776039738208,
        0.001996471837628633,
        0.0015588174981530755,
        0.003039033218131711,
        0.0023941433619863043,
        0.0016533008291541287,
        0.002045214781537652,
        0.0032825070190786692,
        0.0014981780317611993,
        0.0014592534319187204,
        0.0020821682507327446,
        0.0031205360719468445,
        0.0015437968036470314,
        0.0011390837433282285,
        0.0015726478062182043,
        0.002425799441698473,
        0.001177779143714967,
        0.0008885379337395231,
        0.0018453977259923703,
        0.0013382021240734806,
        0.0012065321730915456,
        0.0011683074097769955,
        0.0009399853433327128,
        0.0012167430579817543,
        0.000858832163309368,
        0.0010830966474410766,
        0.0010319789454418546,
        0.0009594423405360431,
        0.0007719590134608249,
        0.0015348714999466513,
        0.0009057216433575377,
        0.0011717705754563212,
        0.0013885974447475746,
        0.001540139912200781
    ],