{
    "test_accuracy": 0.9,
    "test_f1": 0.898989898989899,
    "train_accuracy_history": [
        0.6166666666666667,
        0.85,
        0.9333333333333333,
        0.9833333333333333,
        0.9833333333333333,
        0.95,
        1.0,
        1.0,
        1.0,
        1.0,
        1.0,
        1.0,
        1.0,
        1.0,
        1.0,
        1.0,
        1.0,
        1.0,
        1.0,
        1.0,
        1.0,
        1.0,
        1.0,
        1.0,
        1.0,
        1.0,
        1.0,
        1.0,
        1.0,
        1.0,
        1.0,
        1.0,
        1.0,
        1.0,
        1.0,
        1.0,
        1.0,
        1.0,
        1.0,
        1.0,
        1.0,
        1.0,
        1.0,
        1.0,
        1.0,
        1.0,
        1.0,
        1.0,
        1.0,
        1.0,
        1.0,
        1.0,
        1.0,
        1.0,
        1.0,
        1.0,
        1.0,
        1.0,
        1.0,
        1.0,
        1.0,
        1.0,
        1.0,
        1.0,
        1.0,
        1.0,
        1.0,
        1.0,
        1.0,
        1.0,
        1.0,
        1.0,
        1.0,
        1.0,
        1.0,
        1.0,
        1.0,
        1.0,
        1.0,
        1.0,
        1.0,
        1.0,
        1.0,
        1.0,
        1.0,
        1.0,
        1.0,
        1.0,
        1.0,
        1.0,
        1.0,
        1.0,
        1.0,
        1.0,
        1.0,
        1.0,
        1.0,
        1.0,
        1.0,
        1.0
    ],
    "val_accuracy_history": [
        0.55,
        0.55,
        0.55,
        0.65,
        0.5,
        0.3,
        0.55,
        0.65,
        0.55,
        0.65,
        0.55,
        0.55,
        0.55,
        0.55,
        0.65,
        0.6,
        0.75,
        0.55,
        0.55,
        0.55,
        0.6,
        0.5,
        0.7,
        0.75,
        0.6,
        0.7,
        0.6,
        0.6,
        0.45,
        0.65,
        0.45,
        0.55,
        0.65,
        0.75,
        0.65,
        0.6,
        0.8,
        0.7,
        0.8,
        0.75,
        0.8,
        0.8,
        0.75,
        0.8,
        0.85,
        0.85,
        0.8,
        0.8,
        0.7,
        0.55,
        0.85,
        0.8,
        0.8,
        0.8,
        0.8,
        0.8,
        0.8,
        0.8,
        0.85,
        0.8,
        0.85,
        0.85,
        0.85,
        0.7,
        0.65,
        0.85,
        0.85,
        0.8,
        0.8,
        0.8,
        0.8,
        0.8,
        0.8,
        0.7,
        0.8,
        0.85,
        0.8,
        0.8,
        0.8,
        0.8,
        0.85,
        0.85,
        0.85,
        0.85,
        0.8,
        0.75,
        0.8,
        0.7,
        0.6,
        0.65,
        0.8,
        0.8,
        0.8,
        0.8,
        0.8,
        0.7,
        0.8,
        0.8,
        0.8,
        0.85
    ],
    "train_loss_history": [
        0.15993592143058777,
        0.10187789251406988,
        0.059657157336672144,
        0.027773519636442263,
        0.020660865415508548,
        0.025092502667879064,
        0.018982225470244883,
        0.008950753253884614,
        0.010673868283629418,
        0.004702976811677218,
        0.009113476254666845,
        0.004442598728928715,
        0.005696163745597005,
        0.0019778977536285916,
        0.0034528105810750277,
        0.0028559230830675613,
        0.002433053821247692,
        0.0010879030781021962,
        0.0013424476084765047,
        0.0015324175372370518,
        0.0020909827619713423,
        0.0018865656330793476,
        0.001517338955697293,
        0.0015336538509776196,
        0.0037542834004852923,
        0.0012383901281282305,
        0.001304057219143336,
        0.0009687290565731625,
        0.0008604142693608689,
        0.000560490809342203,
        0.001081614451201555,
        0.0006801036957767792,
        0.0011033503207727336,
        0.0009071002044947818,
        0.0012755965915857814,
        0.00035206665973722313,
        0.00037168648705119265,
        0.0004366786182799842,
        0.00025384048907047446,
        0.0005669420618990747,
        0.000146215924542048,
        0.0003515166390570812,
        0.0004958602375457606,
        0.00021782881643351478,
        0.00022156834881267666,
        0.00019723695465169536,
        0.00022621685542011013,
        0.0002609339135233313,
        0.0007024513938934736,
        0.0002332673961063847,
        0.00018222276545808806,
        0.00018114234941701094,
        0.00014014820135344053,
        0.0001412279105958684,
        0.00012312375583860556,
        0.00011632147510075205,
        0.0004857503143284703,
        0.00019856365949332637,
        0.00013199242324238487,
        0.00024079149225144647,
        0.00021731860573102798,
        0.0001686177934364726,
        0.00014033785579764906,
        0.0004978111640715118,
        0.00015332878486636523,
        0.0002815718385439444,
        9.031592089741025e-05,
        0.00011017206852557138,
        0.00016996361543230402,
        0.00019379787915264993,
        0.00011438062359350928,
        0.00022974145998280922,
        4.6634668948778804e-05,
        0.00013459913667854078,
        0.00023398869392015815,
        7.999455004513342e-05,
        0.00010897100313134918,
        0.00013427290993301238,
        0.00011579007733265219,
        5.1371026772055e-05,
        9.18464708471826e-05,
        4.1562878777767764e-05,
        0.00018354620588070247,
        5.476153837662423e-05,
        0.00014137517991912317,
        0.00013216349954442801,
        0.00022270443999635367,
        0.00010976561188726918,
        8.191344763114709e-05,
        0.0001452287010276147,
        4.792209213822692e-05,
        6.358314194585546e-05,
        9.197366516673355e-05,
        8.160414884817631e-05,
        9.106258551886034e-05,
        8.481847695899584e-05,
        9.088778693543039e-05,
        0.00013646379776067382,
        7.938643729706503e-05,
        4.52219191477828e-05
    ],