{
    "test_accuracy": 0.3333333333333333,
    "test_f1": 0.2916666666666667,
    "train_accuracy_history": [
        0.35555555555555557,
        0.5777777777777777,
        0.6444444444444445,
        0.8,
        0.8222222222222222,
        0.8666666666666667,
        0.9333333333333333,
        0.9777777777777777,
        1.0,
        0.9555555555555556,
        1.0,
        1.0,
        0.9777777777777777,
        1.0,
        1.0,
        1.0,
        1.0,
        1.0,
        1.0,
        1.0,
        1.0,
        1.0,
        1.0,
        1.0,
        1.0,
        1.0,
        1.0,
        1.0,
        1.0,
        1.0,
        1.0,
        1.0,
        1.0,
        1.0,
        1.0,
        1.0,
        1.0,
        1.0,
        1.0,
        1.0,
        1.0,
        1.0,
        1.0,
        1.0,
        1.0,
        1.0,
        1.0,
        1.0,
        1.0,
        1.0,
        1.0,
        1.0,
        1.0,
        1.0,
        1.0,
        1.0,
        1.0,
        1.0,
        1.0,
        1.0,
        1.0,
        1.0,
        1.0,
        1.0,
        1.0,
        1.0,
        1.0,
        1.0,
        1.0,
        1.0,
        1.0,
        1.0,
        1.0,
        1.0,
        1.0,
        1.0,
        1.0,
        1.0,
        1.0,
        1.0,
        1.0,
        1.0,
        1.0,
        1.0,
        1.0,
        1.0,
        1.0,
        1.0,
        1.0,
        1.0,
        1.0,
        1.0,
        1.0,
        1.0,
        1.0,
        1.0,
        1.0,
        1.0,
        1.0,
        1.0
    ],
    "val_accuracy_history": [
        0.3333333333333333,
        0.3333333333333333,
        0.3333333333333333,
        0.4,
        0.4666666666666667,
        0.26666666666666666,
        0.4,
        0.5333333333333333,
        0.4,
        0.4666666666666667,
        0.26666666666666666,
        0.26666666666666666,
        0.26666666666666666,
        0.26666666666666666,
        0.26666666666666666,
        0.26666666666666666,
        0.26666666666666666,
        0.26666666666666666,
        0.26666666666666666,
        0.26666666666666666,
        0.26666666666666666,
        0.26666666666666666,
        0.26666666666666666,
        0.26666666666666666,
        0.26666666666666666,
        0.26666666666666666,
        0.4,
        0.26666666666666666,
        0.26666666666666666,
        0.26666666666666666,
        0.4666666666666667,
        0.4,
        0.6,
        0.26666666666666666,
        0.3333333333333333,
        0.3333333333333333,
        0.26666666666666666,
        0.26666666666666666,
        0.26666666666666666,
        0.2,
        0.5333333333333333,
        0.3333333333333333,
        0.2,
        0.4666666666666667,
        0.2,
        0.3333333333333333,
        0.26666666666666666,
        0.3333333333333333,
        0.3333333333333333,
        0.26666666666666666,
        0.2,
        0.26666666666666666,
        0.26666666666666666,
        0.4,
        0.4,
        0.2,
        0.13333333333333333,
        0.26666666666666666,
        0.3333333333333333,
        0.3333333333333333,
        0.3333333333333333,
        0.3333333333333333,
        0.26666666666666666,
        0.3333333333333333,
        0.2,
        0.4666666666666667,
        0.2,
        0.26666666666666666,
        0.26666666666666666,
        0.2,
        0.2,
        0.2,
        0.26666666666666666,
        0.2,
        0.2,
        0.3333333333333333,
        0.26666666666666666,
        0.2,
        0.2,
        0.3333333333333333,
        0.3333333333333333,
        0.3333333333333333,
        0.3333333333333333,
        0.3333333333333333,
        0.26666666666666666,
        0.3333333333333333,
        0.13333333333333333,
        0.2,
        0.3333333333333333,
        0.4,
        0.26666666666666666,
        0.3333333333333333,
        0.4,
        0.26666666666666666,
        0.4,
        0.4,
        0.13333333333333333,
        0.4,
        0.26666666666666666,
        0.4666666666666667
    ],
    "train_loss_history": [
        0.32832081450356376,
        0.25336957110299,
        0.24464398225148518,
        0.17766055398517186,
        0.16381178432040744,
        0.13162148065037196,
        0.11115632818804846,
        0.09628921614752875,
        0.07473166783650716,
        0.058048646152019504,
        0.04652363773849275,
        0.037239405347241294,
        0.03926345076825884,
        0.030459449771377774,
        0.026281693991687564,
        0.020771617576893834,
        0.01596744176414278,
        0.025855568051338196,
        0.014693916920158598,
        0.016523615395029386,
        0.009324897701541582,
        0.008788439155452781,
        0.008709516893658373,
        0.00740329912967152,
        0.0067968428341878785,
        0.005231737924946679,
        0.004573792746911446,
        0.004217927188922961,
        0.003654397258328067,
        0.003846388713767131,
        0.004769116474522485,
        0.004241465808202823,
        0.0036705020608173477,
        0.004214309290465381,
        0.0038452040093640487,
        0.0025836571921697923,
        0.003546963789914217,
        0.0024963187467720773,
        0.0025669524303844407,
        0.0022810603595442244,
        0.001626870548352599,
        0.0022236089791274733,
        0.0016270745286924972,
        0.0014920650153524345,
        0.0015223526240636905,
        0.0014623631762030224,
        0.0013419534493651654,
        0.0017593424405074783,
        0.0013884421412108674,
        0.0023701366192350787,
        0.0013368552007401982,
        0.0013272223528474568,
        0.00097908074191461,
        0.0015588051820587781,
        0.0009972371574905184,
        0.0010056172652790944,
        0.001061180042516854,
        0.0008050612925823467,
        0.000978378268579642,
        0.0007826444369533823,
        0.0007537447330024507,
        0.000867269671936002,
        0.0009917988752325376,
        0.0006864844565926533,
        0.0011412521332709326,
        0.0008412190360508652,
        0.0007780768520509203,
        0.0005878131927198006,
        0.0007941537329720126,
        0.0005968358458226753,
        0.000621356952857847,
        0.0005438449954251862,
        0.0008252166444435716,
        0.0005997700358016623,
        0.0007768177168650759,
        0.0008424171333899722,
        0.00040406346735027103,
        0.00043929435261007814,
        0.00046287002300636633,
        0.00041774519745053516,
        0.0004912630531988624,
        0.0004789917949690587,
        0.0004662052262574434,
        0.0004528384655714035,
        0.00041064490926348503,
        0.0003150561397584776,
        0.00034346518902263293,
        0.0002967036413287537,
        0.0004124944441072229,
        0.0003305448413205644,
        0.00034305544880529245,
        0.0008501735321866969,
        0.00032963736448436974,
        0.0005533237514706949,
        0.0003805922949039895,
        0.0003366503696371284,
        0.00038148857679011093,
        0.0003265991813451466,
        0.00025417943640301626,
        0.00028354317700076434
    ],