{
    "test_accuracy": 0.25,
    "test_f1": 0.1,
    "train_accuracy_history": [
        0.25833333333333336,
        0.25833333333333336,
        0.32083333333333336,
        0.3,
        0.24583333333333332,
        0.29583333333333334,
        0.275,
        0.32083333333333336,
        0.3,
        0.2375,
        0.275,
        0.31666666666666665,
        0.275,
        0.26666666666666666,
        0.30416666666666664,
        0.22083333333333333,
        0.2625,
        0.2708333333333333,
        0.2791666666666667,
        0.25,
        0.2875,
        0.2708333333333333,
        0.25416666666666665,
        0.24583333333333332,
        0.26666666666666666,
        0.2625,
        0.24583333333333332,
        0.25,
        0.25,
        0.25,
        0.25,
        0.25,
        0.25,
        0.25,
        0.25,
        0.25,
        0.25,
        0.25,
        0.25,
        0.25,
        0.25,
        0.25,
        0.25,
        0.25,
        0.20833333333333334,
        0.25,
        0.25,
        0.25,
        0.25,
        0.25,
        0.25,
        0.22916666666666666,
        0.2125,
        0.2125,
        0.25,
        0.17083333333333334,
        0.2375,
        0.25,
        0.20416666666666666,
        0.225,
        0.225,
        0.1875,
        0.2125,
        0.2,
        0.225,
        0.25,
        0.2125,
        0.20416666666666666,
        0.20833333333333334,
        0.20833333333333334,
        0.15,
        0.20833333333333334,
        0.24583333333333332,
        0.19166666666666668,
        0.23333333333333334,
        0.25,
        0.2375,
        0.20833333333333334,
        0.225,
        0.23333333333333334,
        0.23333333333333334,
        0.20416666666666666,
        0.22916666666666666,
        0.21666666666666667,
        0.22083333333333333,
        0.225,
        0.225,
        0.20416666666666666,
        0.19166666666666668,
        0.19166666666666668,
        0.23333333333333334,
        0.22083333333333333,
        0.21666666666666667,
        0.20416666666666666,
        0.22916666666666666,
        0.25,
        0.225,
        0.25,
        0.22916666666666666,
        0.20416666666666666
    ],
    "val_accuracy_history": [
        0.25,
        0.25,
        0.25,
        0.25,
        0.25,
        0.2125,
        0.2375,
        0.25,
        0.25,
        0.25,
        0.275,
        0.2375,
        0.3,
        0.275,
        0.275,
        0.2625,
        0.25,
        0.2625,
        0.2125,
        0.2625,
        0.25,
        0.25,
        0.25,
        0.25,
        0.2375,
        0.275,
        0.25,
        0.25,
        0.25,
        0.25,
        0.25,
        0.25,
        0.25,
        0.25,
        0.25,
        0.25,
        0.25,
        0.25,
        0.25,
        0.25,
        0.25,
        0.25,
        0.25,
        0.25,
        0.25,
        0.25,
        0.25,
        0.25,
        0.25,
        0.25,
        0.25,
        0.25,
        0.25,
        0.25,
        0.25,
        0.25,
        0.25,
        0.25,
        0.25,
        0.25,
        0.25,
        0.25,
        0.25,
        0.25,
        0.25,
        0.25,
        0.25,
        0.25,
        0.25,
        0.25,
        0.25,
        0.25,
        0.25,
        0.25,
        0.25,
        0.25,
        0.25,
        0.25,
        0.25,
        0.25,
        0.25,
        0.25,
        0.25,
        0.25,
        0.25,
        0.25,
        0.25,
        0.25,
        0.25,
        0.25,
        0.25,
        0.25,
        0.25,
        0.25,
        0.25,
        0.25,
        0.25,
        0.25,
        0.25,
        0.25
    ],
    "train_loss_history": [
        26.108406061182418,
        0.7425185238321622,
        0.3931557071705659,
        0.3690731709202131,
        0.37799478669961295,
        0.35823847899834316,
        0.35902036478122074,
        0.35740486830472945,
        0.3607542082667351,
        0.3549434686700503,
        0.3606394958992799,
        0.34530993352333705,
        0.34685688962539035,
        0.35050231516361235,
        0.3438301677505175,
        0.3510235736767451,
        0.3478458791971207,
        0.34701262166102725,
        0.3466000368197759,
        0.34580202798048654,
        0.34573352386554085,
        0.3458823338150978,
        0.34650095204512277,
        0.3472675457596779,
        0.346324426929156,
        0.34574594845374423,
        0.3462582076589266,
        0.3469041665395101,
        0.3468613525231679,
        0.34685509900252026,
        0.34677416980266573,
        0.3467401107152303,
        0.34676417311032615,
        0.34675772686799367,
        0.34678299973408383,
        0.34674906482299167,
        0.34674894412358603,
        0.3466741517186165,
        0.34670159767071407,
        0.3466639240582784,
        0.3466752553979556,
        0.34671016881863276,
        0.34669502327839535,
        0.3466639791925748,
        0.346698401371638,
        0.346692423025767,
        0.346630597114563,
        0.34663948814074197,
        0.3466810554265976,
        0.34668473800023397,
        0.34668810417254764,
        0.3466918721795082,
        0.346667801340421,
        0.3467450127005577,
        0.3466808428366979,
        0.34680017133553825,
        0.34669277717669805,
        0.34665338695049286,
        0.3466623400648435,
        0.34668706357479095,
        0.34667122761408486,
        0.3466706375281016,
        0.34668756475051243,
        0.3466811994711558,
        0.3466530546545982,
        0.34665572792291643,
        0.34666389028231304,
        0.34677836795647937,
        0.3466981177528699,
        0.34666851758956907,
        0.346720264852047,
        0.3467007954915365,
        0.3466578980286916,
        0.3466639548540115,
        0.3467115630706151,
        0.34669237583875656,
        0.34665209203958514,
        0.3466866359114647,
        0.3466761350631714,
        0.3466748903195063,
        0.346710733572642,
        0.3467256719867388,
        0.3466638719042142,
        0.34666230380535124,
        0.3466723789771398,
        0.3466941441098849,
        0.3466484452287356,
        0.34667851974566777,
        0.3467228541771571,
        0.3466816147168477,
        0.34674737403790157,
        0.34664240181446077,
        0.3466579521695773,
        0.34672258893648783,
        0.34666936149199806,
        0.34670658508936564,
        0.34666434973478316,
        0.34666112114985786,
        0.34666348348061243,
        0.34666954924662907
    ],