{
    "test_accuracy": 0.2,
    "test_f1": 0.16666666666666666,
    "train_accuracy_history": [
        0.5666666666666667,
        0.5,
        0.5,
        0.5,
        0.6666666666666666,
        0.8333333333333334,
        0.8666666666666667,
        0.9666666666666667,
        0.9666666666666667,
        0.9666666666666667,
        1.0,
        1.0,
        1.0,
        1.0,
        1.0,
        1.0,
        1.0,
        1.0,
        1.0,
        1.0,
        1.0,
        1.0,
        1.0,
        1.0,
        1.0,
        1.0,
        1.0,
        1.0,
        1.0,
        1.0,
        1.0,
        1.0,
        1.0,
        1.0,
        1.0,
        1.0,
        1.0,
        1.0,
        1.0,
        1.0,
        1.0,
        1.0,
        1.0,
        1.0,
        1.0,
        1.0,
        1.0,
        1.0,
        1.0,
        1.0,
        1.0,
        1.0,
        1.0,
        1.0,
        1.0,
        1.0,
        1.0,
        1.0,
        1.0,
        1.0,
        1.0,
        1.0,
        1.0,
        1.0,
        1.0,
        1.0,
        1.0,
        1.0,
        1.0,
        1.0,
        1.0,
        1.0,
        1.0,
        1.0,
        1.0,
        1.0,
        1.0,
        1.0,
        1.0,
        1.0,
        1.0,
        1.0,
        1.0,
        1.0,
        1.0,
        1.0,
        1.0,
        1.0,
        1.0,
        1.0,
        1.0,
        1.0,
        1.0,
        1.0,
        1.0,
        1.0,
        1.0,
        1.0,
        1.0,
        1.0
    ],
    "val_accuracy_history": [
        0.5,
        0.5,
        0.5,
        0.5,
        0.5,
        0.5,
        0.5,
        0.5,
        0.5,
        0.6,
        0.6,
        0.5,
        0.4,
        0.4,
        0.4,
        0.5,
        0.5,
        0.7,
        0.5,
        0.6,
        0.5,
        0.5,
        0.6,
        0.5,
        0.6,
        0.6,
        0.7,
        0.6,
        0.6,
        0.6,
        0.6,
        0.7,
        0.6,
        0.7,
        0.5,
        0.5,
        0.5,
        0.5,
        0.5,
        0.7,
        0.6,
        0.6,
        0.4,
        0.5,
        0.5,
        0.5,
        0.7,
        0.6,
        0.5,
        0.6,
        0.6,
        0.5,
        0.6,
        0.5,
        0.6,
        0.7,
        0.7,
        0.7,
        0.7,
        0.7,
        0.7,
        0.6,
        0.6,
        0.5,
        0.5,
        0.6,
        0.6,
        0.6,
        0.5,
        0.6,
        0.6,
        0.7,
        0.5,
        0.5,
        0.5,
        0.6,
        0.7,
        0.7,
        0.6,
        0.7,
        0.7,
        0.7,
        0.7,
        0.8,
        0.9,
        0.6,
        0.6,
        0.6,
        0.5,
        0.5,
        0.7,
        0.7,
        0.8,
        0.7,
        0.7,
        0.5,
        0.5,
        0.6,
        0.6,
        0.6
    ],
    "train_loss_history": [
        0.1815679947535197,
        0.21623135407765706,
        0.21278908451398212,
        0.17436065872510273,
        0.15517731706301371,
        0.1346691995859146,
        0.10988083283106485,
        0.08451199481884639,
        0.07862612009048461,
        0.07029057939847311,
        0.06001074289282163,
        0.043866247435410816,
        0.03470509573817253,
        0.031285473207632704,
        0.026638232419888178,
        0.017939169084032376,
        0.016253117471933365,
        0.012789915750424067,
        0.011605100830396016,
        0.011721823426584402,
        0.010015064353744189,
        0.007518749932448069,
        0.008746570783356826,
        0.005519807493935029,
        0.005632262242337068,
        0.004325760466357072,
        0.004676107487951716,
        0.003538606564203898,
        0.004543114763995011,
        0.0040605380199849606,
        0.003020058665424585,
        0.004096601530909539,
        0.0032040063912669816,
        0.003323999559506774,
        0.0027342752863963446,
        0.002272555239809056,
        0.002099961042404175,
        0.0022071603452786803,
        0.0018833603399495283,
        0.001841366655814151,
        0.0018178285410006842,
        0.001834772014990449,
        0.0019524355108539264,
        0.0020617899717763066,
        0.0024745362888400754,
        0.001409638401431342,
        0.0019038009690120817,
        0.0017104463030894598,
        0.001628920529037714,
        0.0017002874364455542,
        0.001162218942772597,
        0.0016914762944603959,
        0.0016441572069500884,
        0.0013983120132858554,
        0.0009078850154764951,
        0.0008935657756713529,
        0.00087593193554009,
        0.0008700660895556211,
        0.0011520688266803822,
        0.0010720431028554836,
        0.001274046889739111,
        0.0006891562312375754,
        0.001015554027010997,
        0.000710152570779125,
        0.0006386628277444591,
        0.0006645301221093784,
        0.0006636059920613964,
        0.0005140625677692393,
        0.0007468508711705606,
        0.0005672273478315522,
        0.0004867352933312456,
        0.00044371016944448155,
        0.0006022234738338739,
        0.0005951689886084448,
        0.0005562035308685154,
        0.0006224487539536009,
        0.00048530017180989187,
        0.0004711056991557901,
        0.0005009426754744102,
        0.000387076212791726,
        0.000557043698305885,
        0.00032432543230243027,
        0.00043852000186840693,
        0.0003123626830832412,
        0.0007796909349660079,
        0.00034077695454470813,
        0.00026266140630468724,
        0.00043380970406966906,
        0.0002953058069882294,
        0.00031590768097278975,
        0.00036216048271550487,
        0.0003578521796346953,
        0.0004902771577083816,
        0.0002326912945136428,
        0.00029662422214945156,
        0.0002389203563022117,
        0.00021860313330156108,
        0.00024067680545461674,
        0.00026377246831543744,
        0.00020826216496061534
    ],