{
    "test_accuracy": 0.65,
    "test_f1": 0.645887445887446,
    "train_accuracy_history": [
        0.15,
        0.2,
        0.21666666666666667,
        0.13333333333333333,
        0.4,
        0.5666666666666667,
        0.7,
        0.75,
        0.7,
        0.7666666666666667,
        0.9,
        0.7666666666666667,
        0.85,
        0.8,
        0.9166666666666666,
        0.8833333333333333,
        0.9333333333333333,
        0.9166666666666666,
        0.9,
        0.8,
        0.7833333333333333,
        0.9,
        0.9333333333333333,
        0.9833333333333333,
        0.9833333333333333,
        1.0,
        1.0,
        0.9666666666666667,
        0.85,
        0.95,
        0.85,
        0.9166666666666666,
        0.9833333333333333,
        1.0,
        1.0,
        0.9833333333333333,
        0.9333333333333333,
        1.0,
        1.0,
        1.0,
        1.0,
        1.0,
        1.0,
        1.0,
        1.0,
        1.0,
        1.0,
        1.0,
        1.0,
        1.0,
        1.0,
        1.0,
        1.0,
        1.0,
        1.0,
        1.0,
        1.0,
        1.0,
        1.0,
        1.0,
        1.0,
        1.0,
        1.0,
        1.0,
        1.0,
        1.0,
        1.0,
        1.0,
        1.0,
        1.0,
        1.0,
        1.0,
        1.0,
        1.0,
        1.0,
        1.0,
        1.0,
        1.0,
        1.0,
        1.0,
        0.9833333333333333,
        0.8166666666666667,
        0.8833333333333333,
        0.9333333333333333,
        1.0,
        1.0,
        1.0,
        1.0,
        1.0,
        1.0,
        1.0,
        1.0,
        1.0,
        1.0,
        1.0,
        1.0,
        1.0,
        1.0,
        1.0,
        1.0
    ],
    "val_accuracy_history": [
        0.25,
        0.25,
        0.25,
        0.25,
        0.25,
        0.25,
        0.25,
        0.25,
        0.35,
        0.25,
        0.35,
        0.3,
        0.4,
        0.25,
        0.45,
        0.35,
        0.35,
        0.25,
        0.55,
        0.3,
        0.45,
        0.55,
        0.25,
        0.4,
        0.5,
        0.5,
        0.6,
        0.25,
        0.25,
        0.55,
        0.4,
        0.55,
        0.75,
        0.4,
        0.4,
        0.55,
        0.35,
        0.4,
        0.4,
        0.5,
        0.65,
        0.7,
        0.65,
        0.65,
        0.7,
        0.75,
        0.8,
        0.8,
        0.75,
        0.8,
        0.5,
        0.7,
        0.8,
        0.85,
        0.85,
        0.85,
        0.85,
        0.85,
        0.85,
        0.85,
        0.85,
        0.8,
        0.9,
        0.85,
        0.8,
        0.8,
        0.8,
        0.8,
        0.8,
        0.8,
        0.85,
        0.85,
        0.85,
        0.85,
        0.85,
        0.85,
        0.9,
        0.85,
        0.85,
        0.85,
        0.25,
        0.55,
        0.55,
        0.55,
        0.65,
        0.6,
        0.7,
        0.65,
        0.75,
        0.7,
        0.8,
        0.8,
        0.75,
        0.75,
        0.75,
        0.7,
        0.8,
        0.8,
        0.8,
        0.75
    ],
    "train_loss_history": [
        0.3680655519167582,
        0.350393811861674,
        0.3485589543978373,
        0.34895546237627667,
        0.3042253186305364,
        0.24789868394533793,
        0.17609731902678807,
        0.1508276494840781,
        0.15207889601588248,
        0.10883985000352064,
        0.09880518888433774,
        0.09564205237353841,
        0.07548294725517432,
        0.07637707442045212,
        0.07064764720077316,
        0.0695693489552165,
        0.06104797960724682,
        0.060606702727576095,
        0.060889378236606714,
        0.11572595130031307,
        0.10341208595782518,
        0.06104040890932083,
        0.044627350801602,
        0.0245851122502548,
        0.01905976429892083,
        0.012462238144750396,
        0.009536915685748682,
        0.03430826982948929,
        0.08188748095805447,
        0.05344160218567898,
        0.12786437086761,
        0.06456673964858055,
        0.028289410192519425,
        0.021433825759838026,
        0.009568517194808616,
        0.014813128717166061,
        0.03465196358350416,
        0.006712509065012758,
        0.0024541020505542597,
        0.0013255517866127774,
        0.0012278590817610773,
        0.0005998953248005516,
        0.0009868009605270346,
        0.0005153980745186952,
        0.0003014271707191559,
        0.0001415415581580722,
        0.0001542182626489345,
        8.490018327999375e-05,
        0.0003521887884441336,
        0.00016790634423197542,
        0.0002859205736020461,
        0.0001072640046155963,
        6.137490299427858e-05,
        0.000398928740893704,
        0.0003519045560598973,
        0.00015975128797739065,
        8.321852047477781e-05,
        0.0001262030315501761,
        4.3697815783616534e-05,
        9.003724455662147e-06,
        0.0001981655467877393,
        9.294396256033602e-05,
        1.665344194350382e-05,
        1.0304578496208212e-05,
        6.637200531992941e-06,
        3.409205921419319e-06,
        5.381395952390733e-05,
        1.798943914603039e-05,
        1.0837552023919746e-05,
        1.3909523441639019e-05,
        2.2699916325278717e-05,
        5.7953885731561645e-06,
        1.6446608051031338e-05,
        1.1956446288981699e-05,
        8.571738440110722e-06,
        7.265419195660409e-06,
        1.758148449872247e-05,
        7.084251551159326e-06,
        7.102391000983014e-06,
        1.9745919224571178e-05,
        0.008849555120211476,
        0.14860363531619214,
        0.062291308554510275,
        0.04235867303796113,
        0.011405171481116364,
        0.0061474636934387185,
        0.003952222835505381,
        0.002572683485535284,
        0.0026402779800264397,
        0.0010820392667483247,
        0.0009053726800630102,
        0.0007561501717039694,
        0.000336223688221556,
        0.0001827289983339142,
        0.00039271452042157764,
        0.0002552899541115039,
        0.00030210980989977545,
        8.31449063260455e-05,
        0.000166010369336315,
        0.00014397837023428413
    ],