{
    "test_accuracy": 0.65,
    "test_f1": 0.6550246584202442,
    "train_accuracy_history": [
        0.38333333333333336,
        0.49583333333333335,
        0.48333333333333334,
        0.5375,
        0.5833333333333334,
        0.6291666666666667,
        0.5541666666666667,
        0.625,
        0.7,
        0.7333333333333333,
        0.7208333333333333,
        0.8166666666666667,
        0.8208333333333333,
        0.825,
        0.7791666666666667,
        0.8125,
        0.8416666666666667,
        0.8583333333333333,
        0.8625,
        0.8458333333333333,
        0.8875,
        0.8791666666666667,
        0.8583333333333333,
        0.8291666666666667,
        0.8666666666666667,
        0.8458333333333333,
        0.9125,
        0.9041666666666667,
        0.9,
        0.9041666666666667,
        0.875,
        0.8625,
        0.9125,
        0.875,
        0.9166666666666666,
        0.9291666666666667,
        0.9125,
        0.8833333333333333,
        0.8541666666666666,
        0.8916666666666667,
        0.9208333333333333,
        0.925,
        0.9083333333333333,
        0.8833333333333333,
        0.9,
        0.8875,
        0.9125,
        0.925,
        0.9333333333333333,
        0.9458333333333333,
        0.925,
        0.95,
        0.9375,
        0.9416666666666667,
        0.9208333333333333,
        0.9083333333333333,
        0.9291666666666667,
        0.9625,
        0.9291666666666667,
        0.9125,
        0.9291666666666667,
        0.9458333333333333,
        0.9375,
        0.9333333333333333,
        0.9666666666666667,
        0.9708333333333333,
        0.9541666666666667,
        0.9208333333333333,
        0.9541666666666667,
        0.9541666666666667,
        0.9666666666666667,
        0.9666666666666667,
        0.9541666666666667,
        0.95,
        0.9291666666666667,
        0.9458333333333333,
        0.925,
        0.9541666666666667,
        0.9083333333333333,
        0.9166666666666666,
        0.9416666666666667,
        0.9541666666666667,
        0.9041666666666667,
        0.9625,
        0.9708333333333333,
        0.95,
        0.9625,
        0.9541666666666667,
        0.95,
        0.9416666666666667,
        0.9583333333333334,
        0.9833333333333333,
        0.9916666666666667,
        0.9375,
        0.9416666666666667,
        0.9333333333333333,
        0.9708333333333333,
        0.9541666666666667,
        0.9625,
        0.9666666666666667
    ],
    "val_accuracy_history": [
        0.325,
        0.3875,
        0.3875,
        0.3375,
        0.475,
        0.275,
        0.3,
        0.45,
        0.475,
        0.4875,
        0.4125,
        0.5625,
        0.475,
        0.425,
        0.3875,
        0.3125,
        0.25,
        0.4125,
        0.25,
        0.425,
        0.3125,
        0.25,
        0.55,
        0.5125,
        0.5,
        0.475,
        0.4125,
        0.4375,
        0.4875,
        0.35,
        0.425,
        0.65,
        0.6,
        0.5,
        0.575,
        0.475,
        0.6625,
        0.425,
        0.475,
        0.675,
        0.5625,
        0.6125,
        0.45,
        0.5,
        0.3875,
        0.4,
        0.575,
        0.575,
        0.525,
        0.5875,
        0.625,
        0.6125,
        0.325,
        0.55,
        0.25,
        0.575,
        0.525,
        0.5875,
        0.4375,
        0.675,
        0.6,
        0.475,
        0.6875,
        0.6125,
        0.45,
        0.5375,
        0.65,
        0.6625,
        0.6625,
        0.675,
        0.65,
        0.3875,
        0.6875,
        0.675,
        0.525,
        0.65,
        0.6375,
        0.3125,
        0.5875,
        0.5875,
        0.4875,
        0.5875,
        0.7,
        0.6875,
        0.5875,
        0.625,
        0.475,
        0.5625,
        0.6125,
        0.6125,
        0.7,
        0.6,
        0.6875,
        0.575,
        0.5625,
        0.6375,
        0.6,
        0.675,
        0.65,
        0.5875
    ],
    "train_loss_history": [
        0.325691881775856,
        0.27970148089031377,
        0.2619899917393923,
        0.25248717665672304,
        0.22800693549215795,
        0.21311394181102514,
        0.2415182650089264,
        0.20422056342164677,
        0.18329736199229957,
        0.15794736407697202,
        0.17382957129739224,
        0.14365313918484995,
        0.13253281212916287,
        0.14367171673414608,
        0.15000073428770216,
        0.12484226694796234,
        0.11588333460967988,
        0.10653100097939992,
        0.09287768593834092,
        0.12021773965097964,
        0.08878366409335285,
        0.08431791343027725,
        0.11984078872871275,
        0.12763046615291387,
        0.10257926916819997,
        0.0995393402602834,
        0.07607787785091205,
        0.06790234502404928,
        0.08032896203488539,
        0.07453731351221601,
        0.11056986644786472,
        0.10708571802824736,
        0.06876844776949535,
        0.08016051802402822,
        0.06682576770628354,
        0.059822015929815585,
        0.06794031658112848,
        0.0920631278667012,
        0.12868261153926142,
        0.0685033216260005,
        0.06874644335766789,
        0.0586732546313821,
        0.077755620914589,
        0.07839340911984133,
        0.08989702158238894,
        0.08079661427812729,
        0.0740903915449356,
        0.05782756533590146,
        0.05610371375611673,
        0.04193570252076218,
        0.04267641045216048,
        0.048049781135462884,
        0.03868947321364734,
        0.05709156970551703,
        0.05683145177735393,
        0.06282061584012505,
        0.050524919438369884,
        0.04089346413772243,
        0.04596825077921191,
        0.07227364734717412,
        0.05996023997795419,
        0.054906974525238184,
        0.055443194960632054,
        0.04141834874883159,
        0.0341458637862767,
        0.04029403178475756,
        0.0461925544220018,
        0.05716612202735026,
        0.033934010559549206,
        0.04267089164745812,
        0.03302800424748966,
        0.03884516045778431,
        0.03781870183561296,
        0.043216183691159434,
        0.05384185646005335,
        0.03965082027539211,
        0.048508579169386695,
        0.04701218657945295,
        0.0881654659989484,
        0.05848477077488497,
        0.04136471422151355,
        0.03049872006451816,
        0.05822893170379757,
        0.030998986674967456,
        0.02326271592001679,
        0.039514657132604235,
        0.026903634309201153,
        0.02941212215925274,
        0.033393432962371135,
        0.036345473487595585,
        0.027815778496091546,
        0.01830042335508703,
        0.009914063160578242,
        0.04850720339445598,
        0.03463962484898957,
        0.06487614164313224,
        0.02575854735089062,
        0.025613144015128833,
        0.020285167390740235,
        0.022634610885991908
    ],