{
    "test_accuracy": 0.5,
    "test_f1": 0.4825396825396825,
    "train_accuracy_history": [
        0.31666666666666665,
        0.6,
        0.7333333333333333,
        0.85,
        0.9666666666666667,
        0.9833333333333333,
        0.95,
        1.0,
        1.0,
        1.0,
        1.0,
        1.0,
        1.0,
        1.0,
        1.0,
        1.0,
        1.0,
        1.0,
        1.0,
        1.0,
        1.0,
        1.0,
        1.0,
        1.0,
        1.0,
        1.0,
        1.0,
        1.0,
        1.0,
        1.0,
        1.0,
        1.0,
        1.0,
        1.0,
        1.0,
        1.0,
        1.0,
        1.0,
        1.0,
        1.0,
        1.0,
        1.0,
        1.0,
        1.0,
        1.0,
        1.0,
        1.0,
        1.0,
        1.0,
        1.0,
        1.0,
        1.0,
        1.0,
        1.0,
        1.0,
        1.0,
        1.0,
        1.0,
        1.0,
        1.0,
        1.0,
        1.0,
        1.0,
        1.0,
        1.0,
        1.0,
        1.0,
        1.0,
        1.0,
        1.0,
        1.0,
        1.0,
        1.0,
        1.0,
        1.0,
        1.0,
        1.0,
        1.0,
        1.0,
        1.0,
        1.0,
        1.0,
        1.0,
        1.0,
        1.0,
        1.0,
        1.0,
        1.0,
        1.0,
        1.0,
        1.0,
        1.0,
        1.0,
        1.0,
        1.0,
        1.0,
        1.0,
        1.0,
        1.0,
        1.0
    ],
    "val_accuracy_history": [
        0.25,
        0.25,
        0.25,
        0.25,
        0.25,
        0.25,
        0.45,
        0.25,
        0.35,
        0.25,
        0.25,
        0.35,
        0.6,
        0.45,
        0.25,
        0.4,
        0.3,
        0.25,
        0.35,
        0.65,
        0.4,
        0.55,
        0.5,
        0.45,
        0.3,
        0.25,
        0.2,
        0.4,
        0.55,
        0.7,
        0.7,
        0.6,
        0.7,
        0.7,
        0.65,
        0.6,
        0.8,
        0.65,
        0.65,
        0.7,
        0.7,
        0.7,
        0.65,
        0.7,
        0.5,
        0.6,
        0.75,
        0.55,
        0.25,
        0.25,
        0.25,
        0.25,
        0.65,
        0.7,
        0.7,
        0.65,
        0.7,
        0.6,
        0.7,
        0.65,
        0.65,
        0.6,
        0.7,
        0.65,
        0.65,
        0.65,
        0.7,
        0.65,
        0.7,
        0.7,
        0.7,
        0.65,
        0.45,
        0.65,
        0.65,
        0.7,
        0.7,
        0.7,
        0.7,
        0.65,
        0.65,
        0.2,
        0.5,
        0.6,
        0.65,
        0.6,
        0.75,
        0.65,
        0.65,
        0.7,
        0.7,
        0.7,
        0.7,
        0.75,
        0.7,
        0.7,
        0.7,
        0.7,
        0.7,
        0.7
    ],
    "train_loss_history": [
        0.3567342539628347,
        0.2550905187924703,
        0.1883878692984581,
        0.11085710848371187,
        0.07474275417625904,
        0.04689254288872083,
        0.04111164299150308,
        0.02642585039138794,
        0.01506077185428391,
        0.015766053491582475,
        0.01686715551962455,
        0.011606482059384386,
        0.011200206136951845,
        0.008690485319433113,
        0.006923061919709047,
        0.005463782271059851,
        0.004084099441145858,
        0.004004481966452052,
        0.004393875156529248,
        0.003548139539392044,
        0.002777627455846717,
        0.002896270613806943,
        0.0061883577514284605,
        0.0037228315292547145,
        0.01040762224389861,
        0.008314310697217782,
        0.003107674656591068,
        0.002029836040067797,
        0.0018679456164439519,
        0.0024922551102160165,
        0.0018214955615500608,
        0.0022965772814738253,
        0.001492121719638817,
        0.0010731337727823604,
        0.0014941212953999638,
        0.0010909217312776794,
        0.0009876081402277728,
        0.0008820116830368837,
        0.0008020274244093646,
        0.0009405287351304044,
        0.0007729214878054336,
        0.0007788985637792697,
        0.0010788235153692464,
        0.0006136147868043433,
        0.0007718097668354555,
        0.0007442650513742895,
        0.0012040872844712189,
        0.0009290000481996686,
        0.0006152600210043602,
        0.0005819126779291158,
        0.0005621715807743991,
        0.0006158032281139943,
        0.000572769870632328,
        0.0004511843969036515,
        0.0005084220387895281,
        0.0004189900510633985,
        0.0006961547090516736,
        0.0006104551760169367,
        0.0005272284829212974,
        0.0003134185312471042,
        0.00032413252289795007,
        0.00041053168436822794,
        0.0004125558169713865,
        0.0006402415626022654,
        0.00033275658643106,
        0.00043690278980648147,
        0.000325246126158163,
        0.0002190581918209015,
        0.00037364284022866435,
        0.0003452767850831151,
        0.0002770762101135915,
        0.0003201069882682835,
        0.0004034395210813576,
        0.0002811120818175065,
        0.0002937577769140868,
        0.0002826487201673444,
        0.0002120541578430372,
        0.00023544288948566341,
        0.00023340868065133691,
        0.00023121592506261852,
        0.00034608121883744993,
        0.0003285244406773321,
        0.00020138218969805165,
        0.00040436742923096364,
        0.0001948634870738412,
        0.000297380719469705,
        0.00021933520583843346,
        0.00014284789916321945,
        0.0001545166696208374,
        0.00016583855613134802,
        0.000223142391617633,
        0.00017149845419529204,
        0.00012318915117551417,
        0.00015641675709048285,
        0.00024765280074158605,
        0.00016280147695700483,
        0.00015614503960629614,
        0.00016364977454941254,
        0.00015552380524847347,
        0.00012843927142967005
    ],