{
    "test_accuracy": 0.25,
    "test_f1": 0.1,
    "train_accuracy_history": [
        0.2,
        0.2,
        0.43333333333333335,
        0.23333333333333334,
        0.26666666666666666,
        0.31666666666666665,
        0.36666666666666664,
        0.31666666666666665,
        0.26666666666666666,
        0.38333333333333336,
        0.25,
        0.31666666666666665,
        0.26666666666666666,
        0.35,
        0.36666666666666664,
        0.21666666666666667,
        0.35,
        0.4,
        0.31666666666666665,
        0.3333333333333333,
        0.3,
        0.26666666666666666,
        0.26666666666666666,
        0.25,
        0.3,
        0.4166666666666667,
        0.25,
        0.4,
        0.36666666666666664,
        0.3333333333333333,
        0.35,
        0.31666666666666665,
        0.23333333333333334,
        0.26666666666666666,
        0.3,
        0.3333333333333333,
        0.3,
        0.2833333333333333,
        0.25,
        0.3,
        0.31666666666666665,
        0.35,
        0.26666666666666666,
        0.26666666666666666,
        0.38333333333333336,
        0.35,
        0.31666666666666665,
        0.2833333333333333,
        0.3333333333333333,
        0.3333333333333333,
        0.35,
        0.3,
        0.35,
        0.31666666666666665,
        0.3333333333333333,
        0.3,
        0.2833333333333333,
        0.3,
        0.3333333333333333,
        0.31666666666666665,
        0.38333333333333336,
        0.38333333333333336,
        0.3,
        0.3333333333333333,
        0.35,
        0.3333333333333333,
        0.4,
        0.4166666666666667,
        0.3333333333333333,
        0.36666666666666664,
        0.31666666666666665,
        0.48333333333333334,
        0.35,
        0.4166666666666667,
        0.3333333333333333,
        0.35,
        0.43333333333333335,
        0.3,
        0.3333333333333333,
        0.35,
        0.35,
        0.35,
        0.35,
        0.35,
        0.38333333333333336,
        0.35,
        0.3333333333333333,
        0.38333333333333336,
        0.36666666666666664,
        0.43333333333333335,
        0.3333333333333333,
        0.31666666666666665,
        0.4,
        0.25,
        0.3333333333333333,
        0.35,
        0.36666666666666664,
        0.2833333333333333,
        0.3,
        0.4
    ],
    "val_accuracy_history": [
        0.2,
        0.25,
        0.25,
        0.35,
        0.3,
        0.35,
        0.35,
        0.3,
        0.25,
        0.25,
        0.25,
        0.2,
        0.25,
        0.3,
        0.25,
        0.25,
        0.15,
        0.25,
        0.25,
        0.25,
        0.25,
        0.25,
        0.25,
        0.2,
        0.3,
        0.25,
        0.15,
        0.2,
        0.2,
        0.25,
        0.25,
        0.2,
        0.15,
        0.2,
        0.25,
        0.25,
        0.25,
        0.3,
        0.25,
        0.2,
        0.25,
        0.25,
        0.25,
        0.25,
        0.2,
        0.25,
        0.3,
        0.3,
        0.25,
        0.25,
        0.3,
        0.35,
        0.25,
        0.3,
        0.25,
        0.25,
        0.25,
        0.3,
        0.3,
        0.4,
        0.2,
        0.2,
        0.25,
        0.3,
        0.25,
        0.3,
        0.25,
        0.3,
        0.3,
        0.15,
        0.25,
        0.3,
        0.3,
        0.25,
        0.2,
        0.25,
        0.2,
        0.25,
        0.3,
        0.25,
        0.25,
        0.25,
        0.2,
        0.25,
        0.25,
        0.25,
        0.3,
        0.25,
        0.25,
        0.25,
        0.3,
        0.3,
        0.25,
        0.35,
        0.25,
        0.35,
        0.3,
        0.25,
        0.25,
        0.3
    ],
    "train_loss_history": [
        171.54731073379517,
        9.476439561446508,
        1.066340986887614,
        0.405314310391744,
        0.35088570912679035,
        0.31853633125623065,
        0.3182563543319702,
        0.3356411914030711,
        0.3420363406340281,
        0.3421906759341558,
        0.34595260421435037,
        0.35573138991991676,
        0.33803940018018086,
        0.3413455049196879,
        0.3656939605871836,
        0.35394590894381206,
        0.33351322015126544,
        0.3362793803215027,
        0.3338577727476756,
        0.3362198332945506,
        0.33476349115371706,
        0.3619682461023331,
        0.33699237207571664,
        0.3489046355088552,
        0.34408196608225505,
        0.30832742949326836,
        0.3328670382499695,
        0.3254742989937464,
        0.3272147089242935,
        0.3260467310746511,
        0.3391822914282481,
        0.33933619459470116,
        0.3426214337348938,
        0.34191163380940753,
        0.32849572896957396,
        0.33163170516490936,
        0.33809372981389363,
        0.34503418803215025,
        0.35295615792274476,
        0.33619169394175213,
        0.33858595689137777,
        0.3331407805283864,
        0.33176254828770957,
        0.3358395516872406,
        0.3305545429388682,
        0.3329365670681,
        0.3382374823093414,
        0.33945677081743875,
        0.33465496301651,
        0.3308546801408132,
        0.3305568993091583,
        0.32977996865908304,
        0.32830093502998353,
        0.3295938233534495,
        0.3249052087465922,
        0.32751434842745464,
        0.33119680285453795,
        0.34929043451944985,
        0.33340894679228467,
        0.3305198848247528,
        0.32610949873924255,
        0.3278032004833221,
        0.3271963596343994,
        0.3391916771729787,
        0.33509839574495953,
        0.3342891752719879,
        0.33101821740468346,
        0.3289396971464157,
        0.33473237554232277,
        0.3330311894416809,
        0.3243775029977163,
        0.31392504970232643,
        0.32152901689211527,
        0.3231278638044993,
        0.3415476421515147,
        0.33095539013544717,
        0.3180732866128286,
        0.35696582396825155,
        0.3366113483905792,
        0.34316672682762145,
        0.33830496668815613,
        0.336681612332662,
        0.3391824305057526,
        0.3244162340958913,
        0.3273652692635854,
        0.33273733059565225,
        0.3247458835442861,
        0.3222493588924408,
        0.3428141395250956,
        0.31843043367067975,
        0.32747157017389933,
        0.32688713471094766,
        0.3349842369556427,
        0.3360949416955312,
        0.3226117491722107,
        0.3232628067334493,
        0.3362479647000631,
        0.35740715463956196,
        0.33642325003941853,
        0.32596005201339723
    ],