{
    "test_accuracy": 0.6,
    "test_f1": 0.602154997989362,
    "train_accuracy_history": [
        0.3625,
        0.4166666666666667,
        0.6333333333333333,
        0.65,
        0.6958333333333333,
        0.5541666666666667,
        0.625,
        0.6958333333333333,
        0.725,
        0.7375,
        0.7375,
        0.7416666666666667,
        0.7458333333333333,
        0.7583333333333333,
        0.725,
        0.825,
        0.8375,
        0.8541666666666666,
        0.7625,
        0.8583333333333333,
        0.8958333333333334,
        0.8791666666666667,
        0.8791666666666667,
        0.8791666666666667,
        0.9125,
        0.8875,
        0.9125,
        0.9,
        0.9166666666666666,
        0.9166666666666666,
        0.9333333333333333,
        0.9375,
        0.9208333333333333,
        0.9291666666666667,
        0.9166666666666666,
        0.9041666666666667,
        0.875,
        0.8375,
        0.9041666666666667,
        0.9333333333333333,
        0.925,
        0.925,
        0.9291666666666667,
        0.9083333333333333,
        0.9375,
        0.9333333333333333,
        0.9375,
        0.9541666666666667,
        0.9458333333333333,
        0.9458333333333333,
        0.9625,
        0.9375,
        0.9166666666666666,
        0.9333333333333333,
        0.95,
        0.9333333333333333,
        0.8791666666666667,
        0.8875,
        0.9166666666666666,
        0.9416666666666667,
        0.925,
        0.9625,
        0.9458333333333333,
        0.95,
        0.9541666666666667,
        0.95,
        0.9666666666666667,
        0.9416666666666667,
        0.9416666666666667,
        0.9375,
        0.9666666666666667,
        0.95,
        0.9583333333333334,
        0.9625,
        0.9583333333333334,
        0.9708333333333333,
        0.9166666666666666,
        0.9416666666666667,
        0.95,
        0.9666666666666667,
        0.95,
        0.9333333333333333,
        0.875,
        0.95,
        0.9583333333333334,
        0.9541666666666667,
        0.9625,
        0.9625,
        0.9916666666666667,
        0.9875,
        0.9708333333333333,
        0.9625,
        0.9541666666666667,
        0.9625,
        0.9541666666666667,
        0.9708333333333333,
        0.9833333333333333,
        0.9708333333333333,
        0.9625,
        0.9541666666666667
    ],
    "val_accuracy_history": [
        0.25,
        0.25,
        0.275,
        0.35,
        0.3625,
        0.4875,
        0.35,
        0.4,
        0.4875,
        0.375,
        0.6125,
        0.5125,
        0.6125,
        0.5,
        0.5125,
        0.6,
        0.4,
        0.525,
        0.5125,
        0.525,
        0.65,
        0.6375,
        0.525,
        0.6,
        0.525,
        0.575,
        0.675,
        0.5625,
        0.6125,
        0.525,
        0.65,
        0.5125,
        0.4875,
        0.5375,
        0.5,
        0.675,
        0.5375,
        0.5125,
        0.6625,
        0.625,
        0.625,
        0.65,
        0.675,
        0.5,
        0.6125,
        0.6125,
        0.45,
        0.525,
        0.4375,
        0.6375,
        0.6,
        0.625,
        0.45,
        0.525,
        0.4625,
        0.375,
        0.5625,
        0.525,
        0.6,
        0.65,
        0.6,
        0.65,
        0.6375,
        0.575,
        0.625,
        0.6625,
        0.675,
        0.525,
        0.2625,
        0.725,
        0.6375,
        0.65,
        0.6625,
        0.65,
        0.6875,
        0.5,
        0.4625,
        0.525,
        0.55,
        0.625,
        0.6875,
        0.4875,
        0.7375,
        0.5875,
        0.65,
        0.6,
        0.675,
        0.6375,
        0.7,
        0.6875,
        0.625,
        0.6,
        0.6,
        0.6,
        0.65,
        0.725,
        0.675,
        0.575,
        0.6,
        0.6
    ],
    "train_loss_history": [
        0.3341693788766861,
        0.29874956322213014,
        0.23431751305858295,
        0.2219851807380716,
        0.18996637258678675,
        0.2345791483297944,
        0.2071413932989041,
        0.17605335619300605,
        0.17344605444620054,
        0.15324229296917716,
        0.1549218097080787,
        0.1551376968001326,
        0.1546104800576965,
        0.15390811775190136,
        0.1532373038198178,
        0.12755480212314677,
        0.11698562181554735,
        0.11661280313661943,
        0.15321668499770263,
        0.10510890025179834,
        0.08596013093483634,
        0.10880701256295046,
        0.08822205828328152,
        0.08221918807539623,
        0.07714751101496707,
        0.08593966554132446,
        0.07732146675116383,
        0.0741442853914729,
        0.06805950656071408,
        0.06742415630045191,
        0.05485418849627119,
        0.05396857562979373,
        0.052729913585729565,
        0.0652060640519873,
        0.05594993592983191,
        0.07153164447130014,
        0.08660345737613777,
        0.12435357198022151,
        0.07255826378712603,
        0.0472358598592109,
        0.06294018593447011,
        0.04648061448154597,
        0.06816146485592374,
        0.07091474023230451,
        0.039049986383179205,
        0.05570828560363831,
        0.051339358786329586,
        0.03968330772564741,
        0.03946202914554912,
        0.04552331792116699,
        0.03140694421129713,
        0.05321374399412283,
        0.05463682660365521,
        0.056191510620737975,
        0.037130000965718564,
        0.05037072217716438,
        0.09242653629395742,
        0.09184165647444995,
        0.05753281974078466,
        0.04202835937901454,
        0.0475924752724192,
        0.033074051546820256,
        0.03283495685886161,
        0.04231681950483713,
        0.044960532118112205,
        0.03307671910672051,
        0.029654804081565088,
        0.04545180801262631,
        0.04521779290892785,
        0.03903383240412003,
        0.024764751991491116,
        0.028742767632729028,
        0.033973745218859604,
        0.033361571939610715,
        0.037285363857241315,
        0.023972803102818338,
        0.06229585838212491,
        0.05045738021872239,
        0.03623530083762792,
        0.02376565178998741,
        0.04228757448544182,
        0.06391135392243162,
        0.09288557487683041,
        0.0400072917383414,
        0.030789958166345364,
        0.03428350327342287,
        0.0342251970992533,
        0.02219959504812626,
        0.012368399667319351,
        0.010812373784201768,
        0.018771253170601614,
        0.029504130073018924,
        0.0438098950834122,
        0.04146894619952188,
        0.03172457039322107,
        0.02319554216655888,
        0.0123751536909592,
        0.02267139149709531,
        0.023424596985819335,
        0.04747133059443615
    ],