{
    "test_accuracy": 0.45,
    "test_f1": 0.45396825396825397,
    "train_accuracy_history": [
        0.3333333333333333,
        0.48333333333333334,
        0.7333333333333333,
        0.8166666666666667,
        0.8666666666666667,
        0.9,
        0.95,
        1.0,
        0.9833333333333333,
        1.0,
        0.9833333333333333,
        1.0,
        1.0,
        1.0,
        1.0,
        1.0,
        1.0,
        1.0,
        1.0,
        1.0,
        1.0,
        1.0,
        1.0,
        1.0,
        1.0,
        1.0,
        1.0,
        1.0,
        1.0,
        1.0,
        1.0,
        1.0,
        1.0,
        1.0,
        1.0,
        1.0,
        1.0,
        1.0,
        1.0,
        1.0,
        1.0,
        1.0,
        1.0,
        1.0,
        1.0,
        1.0,
        1.0,
        1.0,
        1.0,
        1.0,
        1.0,
        1.0,
        1.0,
        1.0,
        1.0,
        1.0,
        1.0,
        1.0,
        1.0,
        1.0,
        1.0,
        1.0,
        1.0,
        1.0,
        1.0,
        1.0,
        1.0,
        1.0,
        1.0,
        1.0,
        1.0,
        1.0,
        1.0,
        1.0,
        1.0,
        1.0,
        1.0,
        1.0,
        1.0,
        1.0,
        1.0,
        1.0,
        1.0,
        1.0,
        1.0,
        1.0,
        1.0,
        1.0,
        1.0,
        1.0,
        1.0,
        1.0,
        1.0,
        1.0,
        1.0,
        1.0,
        1.0,
        1.0,
        1.0,
        1.0
    ],
    "val_accuracy_history": [
        0.25,
        0.4,
        0.25,
        0.25,
        0.35,
        0.25,
        0.25,
        0.4,
        0.25,
        0.2,
        0.25,
        0.25,
        0.2,
        0.2,
        0.35,
        0.35,
        0.25,
        0.2,
        0.2,
        0.3,
        0.3,
        0.2,
        0.3,
        0.25,
        0.3,
        0.25,
        0.3,
        0.3,
        0.25,
        0.35,
        0.35,
        0.25,
        0.35,
        0.35,
        0.3,
        0.25,
        0.2,
        0.4,
        0.25,
        0.3,
        0.2,
        0.25,
        0.25,
        0.45,
        0.3,
        0.3,
        0.25,
        0.3,
        0.4,
        0.3,
        0.5,
        0.35,
        0.25,
        0.25,
        0.2,
        0.2,
        0.3,
        0.5,
        0.25,
        0.35,
        0.35,
        0.35,
        0.25,
        0.3,
        0.35,
        0.45,
        0.4,
        0.45,
        0.35,
        0.4,
        0.3,
        0.3,
        0.35,
        0.3,
        0.4,
        0.4,
        0.25,
        0.2,
        0.45,
        0.4,
        0.4,
        0.4,
        0.45,
        0.4,
        0.3,
        0.4,
        0.5,
        0.35,
        0.25,
        0.3,
        0.2,
        0.2,
        0.2,
        0.5,
        0.4,
        0.3,
        0.5,
        0.45,
        0.35,
        0.35
    ],
    "train_loss_history": [
        0.34179629683494567,
        0.2491145928700765,
        0.1967284247279167,
        0.15776666924357413,
        0.14003723599016665,
        0.09981516574819883,
        0.06279470113416513,
        0.04037292425831159,
        0.04058542288839817,
        0.03853796822950244,
        0.032317562215030196,
        0.024666070324989655,
        0.016804932275166114,
        0.012176100009431442,
        0.014887897918621698,
        0.011024850381848713,
        0.011485195773032805,
        0.012753472027058402,
        0.007264221335450808,
        0.007304044533520937,
        0.006099958143507441,
        0.00446531124956285,
        0.006978776612474273,
        0.0043688793744271,
        0.0031963125336915256,
        0.0049906670891990265,
        0.0037133508594706655,
        0.004510116313273708,
        0.0036455726522641877,
        0.0018495890331299354,
        0.004183819738682359,
        0.0030205467948690055,
        0.002097030655325701,
        0.002354249492054805,
        0.0024029441895739487,
        0.005048519658157602,
        0.002645078086061403,
        0.004349670508721222,
        0.0026498990851299216,
        0.0018730141183671853,
        0.00208824216776217,
        0.0015413637384578275,
        0.0018186470862322798,
        0.0014789787266636268,
        0.0011041965044569224,
        0.001282925286795944,
        0.001188681805433589,
        0.0010389871041600904,
        0.0008878870081389323,
        0.001129782349259282,
        0.0012039473202700415,
        0.0009601135971024632,
        0.0015537020599974008,
        0.0016928579653419243,
        0.0008237234229454771,
        0.0007120183023895758,
        0.0005572006542934105,
        0.0006075626491413763,
        0.0005139362401678227,
        0.0006215095236257184,
        0.00046612809722622236,
        0.0006866285383390884,
        0.0004238044069400833,
        0.0005126516315309952,
        0.00046914279276582724,
        0.00035059874595996614,
        0.0004243628005497158,
        0.0003446161121246405,
        0.0002659525751369074,
        0.0003741372337875267,
        0.0003997735742207927,
        0.00021068764035589994,
        0.0003883676899325413,
        0.0004063444993031832,
        0.00027069446587120184,
        0.00027943077839154284,
        0.00019604991515128253,
        0.0002639972478694593,
        0.00023067137614513438,
        0.00016736503215118622,
        0.00026392957085287586,
        0.00013978521383251064,
        0.0002027010522094012,
        0.00013499685204199826,
        0.0001558507727168035,
        0.00017596833616456326,
        0.0007298896079494928,
        0.0006490226936875842,
        0.0003602198070439044,
        0.00027369390518288127,
        0.00023453553731087596,
        0.00027124115816453315,
        0.00011044439391601675,
        0.00013921456775278784,
        0.00015558079661180576,
        0.00020739566364985269,
        0.0001952846885615145,
        0.0001283757246710593,
        0.0002366053118748823,
        0.00012973774246347603
    ],