{
    "test_accuracy": 0.25,
    "test_f1": 0.1,
    "train_accuracy_history": [
        0.31666666666666665,
        0.21666666666666667,
        0.16666666666666666,
        0.25,
        0.26666666666666666,
        0.3,
        0.25,
        0.18333333333333332,
        0.26666666666666666,
        0.23333333333333334,
        0.26666666666666666,
        0.25,
        0.18333333333333332,
        0.23333333333333334,
        0.2,
        0.25,
        0.26666666666666666,
        0.25,
        0.25,
        0.23333333333333334,
        0.18333333333333332,
        0.2,
        0.21666666666666667,
        0.21666666666666667,
        0.2,
        0.21666666666666667,
        0.2,
        0.3,
        0.21666666666666667,
        0.18333333333333332,
        0.2,
        0.23333333333333334,
        0.2833333333333333,
        0.2,
        0.2833333333333333,
        0.21666666666666667,
        0.26666666666666666,
        0.2,
        0.26666666666666666,
        0.23333333333333334,
        0.3333333333333333,
        0.21666666666666667,
        0.2833333333333333,
        0.2,
        0.15,
        0.2,
        0.21666666666666667,
        0.25,
        0.18333333333333332,
        0.3,
        0.26666666666666666,
        0.21666666666666667,
        0.25,
        0.26666666666666666,
        0.15,
        0.25,
        0.25,
        0.25,
        0.25,
        0.25,
        0.25,
        0.25,
        0.25,
        0.25,
        0.25,
        0.25,
        0.25,
        0.25,
        0.25,
        0.25,
        0.25,
        0.25,
        0.25,
        0.25,
        0.25,
        0.25,
        0.25,
        0.25,
        0.25,
        0.25,
        0.25,
        0.25,
        0.25,
        0.25,
        0.25,
        0.25,
        0.25,
        0.25,
        0.25,
        0.25,
        0.25,
        0.25,
        0.25,
        0.25,
        0.25,
        0.25,
        0.25,
        0.25,
        0.25,
        0.25
    ],
    "val_accuracy_history": [
        0.25,
        0.15,
        0.25,
        0.25,
        0.25,
        0.2,
        0.25,
        0.25,
        0.25,
        0.25,
        0.25,
        0.2,
        0.25,
        0.25,
        0.25,
        0.3,
        0.3,
        0.25,
        0.25,
        0.25,
        0.3,
        0.3,
        0.25,
        0.25,
        0.25,
        0.25,
        0.25,
        0.25,
        0.2,
        0.25,
        0.25,
        0.25,
        0.2,
        0.25,
        0.2,
        0.25,
        0.25,
        0.25,
        0.2,
        0.25,
        0.25,
        0.25,
        0.25,
        0.25,
        0.25,
        0.25,
        0.25,
        0.25,
        0.25,
        0.25,
        0.25,
        0.25,
        0.25,
        0.25,
        0.2,
        0.25,
        0.25,
        0.25,
        0.25,
        0.25,
        0.25,
        0.25,
        0.25,
        0.25,
        0.25,
        0.25,
        0.25,
        0.25,
        0.25,
        0.25,
        0.25,
        0.25,
        0.25,
        0.25,
        0.25,
        0.25,
        0.25,
        0.25,
        0.25,
        0.25,
        0.25,
        0.25,
        0.25,
        0.25,
        0.25,
        0.25,
        0.25,
        0.25,
        0.25,
        0.25,
        0.25,
        0.25,
        0.25,
        0.25,
        0.25,
        0.25,
        0.25,
        0.25,
        0.25,
        0.25
    ],
    "train_loss_history": [
        6.361257245143254,
        0.41022549668947855,
        0.3970556696256002,
        0.36501263578732807,
        0.35367737809816996,
        0.3618076205253601,
        0.3574319859345754,
        0.36171039938926697,
        0.3539486567179362,
        0.360780926545461,
        0.3523660719394684,
        0.3614612460136414,
        0.35730480750401816,
        0.35199028650919595,
        0.35287115971247357,
        0.351328706741333,
        0.3482836902141571,
        0.35522180795669556,
        0.3567376335461934,
        0.370326433579127,
        0.3528443157672882,
        0.35120739539464313,
        0.35367446541786196,
        0.3488717555999756,
        0.35356510480244957,
        0.3485333104928335,
        0.34958107471466066,
        0.34683383504549664,
        0.3483719845612844,
        0.3514618237813314,
        0.3507756948471069,
        0.3464288830757141,
        0.3478687842686971,
        0.35129576722780864,
        0.34675727089246117,
        0.34972641269365945,
        0.3475902497768402,
        0.34869250853856404,
        0.3478049735228221,
        0.349205623070399,
        0.34304408232371014,
        0.34753641684850056,
        0.5569428781668345,
        0.4123087684313456,
        0.47772730390230816,
        0.40175239046414696,
        0.3557713568210602,
        0.34955209692319233,
        0.3487457116444906,
        0.34646793007850646,
        0.348270978530248,
        0.3525713642438253,
        0.3462014893690745,
        0.34659948348999026,
        0.3504345218340556,
        0.34663897355397544,
        0.34663471976915994,
        0.34662070671717327,
        0.34663106203079225,
        0.34663237929344176,
        0.3466464420159658,
        0.34662525057792665,
        0.3466182053089142,
        0.346643861134847,
        0.3466592172781626,
        0.34660977919896446,
        0.3466197311878204,
        0.34661616683006286,
        0.3466298202673594,
        0.346752268075943,
        0.34667735497156776,
        0.3466135859489441,
        0.34661001364390054,
        0.34661466081937153,
        0.34661548137664794,
        0.3466368019580841,
        0.34660902818044026,
        0.34663665692011514,
        0.34660699566205344,
        0.3466469625631968,
        0.3466204384962718,
        0.34661383032798765,
        0.34661039312680564,
        0.346659916639328,
        0.34661480188369753,
        0.346630589167277,
        0.34660974343617756,
        0.3466092626253764,
        0.3466331561406453,
        0.34667025605837504,
        0.3466337005297343,
        0.34663549065589905,
        0.3466184119383494,
        0.3466269075870514,
        0.3466220120588938,
        0.3466089387734731,
        0.3466142217318217,
        0.3466370801130931,
        0.3465943396091461,
        0.3466030597686768
    ],