{
    "test_accuracy": 0.35,
    "test_f1": 0.23000926211793765,
    "train_accuracy_history": [
        0.22916666666666666,
        0.21666666666666667,
        0.24166666666666667,
        0.17083333333333334,
        0.22083333333333333,
        0.25833333333333336,
        0.25416666666666665,
        0.25416666666666665,
        0.2375,
        0.2125,
        0.22083333333333333,
        0.25833333333333336,
        0.25833333333333336,
        0.225,
        0.225,
        0.2708333333333333,
        0.22916666666666666,
        0.24583333333333332,
        0.24583333333333332,
        0.2125,
        0.225,
        0.22083333333333333,
        0.1875,
        0.24166666666666667,
        0.20833333333333334,
        0.225,
        0.25,
        0.19166666666666668,
        0.22083333333333333,
        0.21666666666666667,
        0.22083333333333333,
        0.23333333333333334,
        0.25416666666666665,
        0.2,
        0.21666666666666667,
        0.22916666666666666,
        0.2,
        0.21666666666666667,
        0.22083333333333333,
        0.24583333333333332,
        0.24583333333333332,
        0.1875,
        0.21666666666666667,
        0.25416666666666665,
        0.22916666666666666,
        0.21666666666666667,
        0.2125,
        0.20416666666666666,
        0.2625,
        0.2125,
        0.24166666666666667,
        0.225,
        0.25,
        0.23333333333333334,
        0.19166666666666668,
        0.19583333333333333,
        0.24166666666666667,
        0.22083333333333333,
        0.24583333333333332,
        0.2375,
        0.2375,
        0.2125,
        0.2125,
        0.23333333333333334,
        0.2375,
        0.25416666666666665,
        0.21666666666666667,
        0.2125,
        0.22083333333333333,
        0.24166666666666667,
        0.24583333333333332,
        0.24166666666666667,
        0.25416666666666665,
        0.2375,
        0.23333333333333334,
        0.25416666666666665,
        0.24166666666666667,
        0.25833333333333336,
        0.19583333333333333,
        0.22083333333333333,
        0.20833333333333334,
        0.24166666666666667,
        0.22916666666666666,
        0.21666666666666667,
        0.21666666666666667,
        0.22083333333333333,
        0.22083333333333333,
        0.2375,
        0.225,
        0.2375,
        0.22916666666666666,
        0.2833333333333333,
        0.20416666666666666,
        0.2375,
        0.225,
        0.21666666666666667,
        0.2125,
        0.2625,
        0.22916666666666666,
        0.22083333333333333
    ],
    "val_accuracy_history": [
        0.25,
        0.2125,
        0.2125,
        0.25,
        0.25,
        0.25,
        0.25,
        0.2375,
        0.2375,
        0.2625,
        0.25,
        0.25,
        0.25,
        0.2625,
        0.2125,
        0.275,
        0.25,
        0.25,
        0.2375,
        0.25,
        0.25,
        0.2625,
        0.25,
        0.2125,
        0.25,
        0.25,
        0.2625,
        0.25,
        0.2625,
        0.2875,
        0.225,
        0.25,
        0.25,
        0.25,
        0.25,
        0.25,
        0.25,
        0.25,
        0.2625,
        0.2625,
        0.2125,
        0.2125,
        0.2125,
        0.2625,
        0.2625,
        0.25,
        0.2125,
        0.2375,
        0.25,
        0.25,
        0.2125,
        0.25,
        0.2125,
        0.2625,
        0.2625,
        0.225,
        0.25,
        0.25,
        0.2375,
        0.275,
        0.25,
        0.25,
        0.25,
        0.2125,
        0.2375,
        0.25,
        0.25,
        0.25,
        0.25,
        0.225,
        0.2375,
        0.25,
        0.25,
        0.2125,
        0.2625,
        0.225,
        0.25,
        0.25,
        0.2125,
        0.225,
        0.2375,
        0.2125,
        0.25,
        0.25,
        0.25,
        0.2,
        0.2125,
        0.25,
        0.25,
        0.25,
        0.25,
        0.25,
        0.25,
        0.25,
        0.25,
        0.2375,
        0.2375,
        0.225,
        0.25,
        0.2125
    ],
    "train_loss_history": [
        0.3545455897847811,
        0.3503414303064346,
        0.3502930069963137,
        0.3515384554862976,
        0.3501036763191223,
        0.34993651062250136,
        0.35073785384496053,
        0.35102314949035646,
        0.352535384396712,
        0.3518532653649648,
        0.3513763060172399,
        0.35126856168111165,
        0.35057622094949087,
        0.3527298107743263,
        0.35259812126557033,
        0.3488465224703153,
        0.35269356817007064,
        0.3489746784170469,
        0.3508607432246208,
        0.3510709062218666,
        0.35030837804079057,
        0.35190917998552323,
        0.35178506473700205,
        0.35085479269425074,
        0.3512268513441086,
        0.3505730753143628,
        0.3501921678582827,
        0.3520696332057317,
        0.3533831213911374,
        0.35088566144307454,
        0.3514856273929278,
        0.35014233936866124,
        0.3504197791218758,
        0.34982956051826475,
        0.3501925672094027,
        0.3505325128634771,
        0.3503983646631241,
        0.3538355578978856,
        0.3524857814113299,
        0.35085170219341916,
        0.35053724696238836,
        0.349895108739535,
        0.35012327482302985,
        0.3489326293269793,
        0.3510241359472275,
        0.35153984526793164,
        0.3515157694617907,
        0.35039223184188206,
        0.34877892037232716,
        0.35086325655380884,
        0.350544311106205,
        0.3522510220607122,
        0.3515979528427124,
        0.35161745399236677,
        0.3515300914645195,
        0.35195367435614267,
        0.3500742405653,
        0.3526159539818764,
        0.3510611598690351,
        0.350416943927606,
        0.35095252841711044,
        0.353093558549881,
        0.34915587107340496,
        0.3497339035073916,
        0.3506002888083458,
        0.353119902809461,
        0.3514222001036008,
        0.3499579091866811,
        0.350933808585008,
        0.3490665952364604,
        0.3501337856054306,
        0.3496968224644661,
        0.3537434861063957,
        0.3505566368500392,
        0.3515229384104411,
        0.35076062579949696,
        0.34908381998538973,
        0.35016460369030633,
        0.35174046804507575,
        0.35146690607070924,
        0.3506680597861608,
        0.35011897881825765,
        0.3526767998933792,
        0.35137533297141393,
        0.35239284932613374,
        0.3501126671830813,
        0.35362194081147513,
        0.3505017216006915,
        0.3529699151714643,
        0.3519948547085126,
        0.3507338826855024,
        0.35276766270399096,
        0.3525772412618001,
        0.34896912773450217,
        0.3508059968551,
        0.35062086234490075,
        0.3518862227598826,
        0.34879163801670077,
        0.35345066835482913,
        0.3506105199456215
    ],