{
    "test_accuracy": 0.55,
    "test_f1": 0.5226648351648352,
    "train_accuracy_history": [
        0.26666666666666666,
        0.26666666666666666,
        0.23333333333333334,
        0.25,
        0.55,
        0.75,
        0.7833333333333333,
        0.7666666666666667,
        0.8333333333333334,
        0.8833333333333333,
        0.95,
        0.9666666666666667,
        0.9833333333333333,
        0.9666666666666667,
        1.0,
        0.9833333333333333,
        1.0,
        1.0,
        1.0,
        1.0,
        1.0,
        1.0,
        1.0,
        1.0,
        1.0,
        1.0,
        1.0,
        1.0,
        1.0,
        1.0,
        1.0,
        1.0,
        1.0,
        1.0,
        1.0,
        1.0,
        1.0,
        1.0,
        1.0,
        1.0,
        1.0,
        1.0,
        1.0,
        1.0,
        1.0,
        1.0,
        1.0,
        1.0,
        1.0,
        1.0,
        1.0,
        1.0,
        1.0,
        1.0,
        1.0,
        1.0,
        1.0,
        1.0,
        1.0,
        1.0,
        1.0,
        1.0,
        1.0,
        1.0,
        1.0,
        1.0,
        1.0,
        1.0,
        1.0,
        1.0,
        1.0,
        1.0,
        1.0,
        1.0,
        1.0,
        1.0,
        1.0,
        1.0,
        1.0,
        1.0,
        1.0,
        1.0,
        1.0,
        1.0,
        1.0,
        1.0,
        1.0,
        1.0,
        1.0,
        1.0,
        1.0,
        1.0,
        1.0,
        1.0,
        1.0,
        1.0,
        1.0,
        1.0,
        1.0,
        1.0
    ],
    "val_accuracy_history": [
        0.05,
        0.05,
        0.05,
        0.4,
        0.25,
        0.4,
        0.4,
        0.3,
        0.3,
        0.3,
        0.25,
        0.15,
        0.4,
        0.4,
        0.4,
        0.4,
        0.4,
        0.4,
        0.4,
        0.05,
        0.05,
        0.05,
        0.4,
        0.4,
        0.4,
        0.25,
        0.5,
        0.4,
        0.4,
        0.4,
        0.4,
        0.05,
        0.4,
        0.4,
        0.45,
        0.15,
        0.05,
        0.4,
        0.15,
        0.05,
        0.15,
        0.45,
        0.05,
        0.15,
        0.4,
        0.4,
        0.4,
        0.4,
        0.4,
        0.4,
        0.45,
        0.45,
        0.45,
        0.05,
        0.1,
        0.4,
        0.6,
        0.45,
        0.5,
        0.4,
        0.4,
        0.4,
        0.4,
        0.4,
        0.35,
        0.25,
        0.15,
        0.3,
        0.5,
        0.55,
        0.45,
        0.45,
        0.55,
        0.55,
        0.4,
        0.4,
        0.45,
        0.45,
        0.5,
        0.3,
        0.3,
        0.6,
        0.5,
        0.45,
        0.4,
        0.55,
        0.6,
        0.45,
        0.55,
        0.1,
        0.35,
        0.2,
        0.5,
        0.45,
        0.55,
        0.45,
        0.45,
        0.55,
        0.5,
        0.45
    ],
    "train_loss_history": [
        0.3626129448413849,
        0.35593348145484927,
        0.3594928781191508,
        0.35092004934946697,
        0.2976071576277415,
        0.24862657686074574,
        0.19991155664126078,
        0.1883642166852951,
        0.14291751285394033,
        0.12240453958511352,
        0.09228366886576017,
        0.07688233628869057,
        0.06831534057855607,
        0.05732901232937972,
        0.04290431160479784,
        0.041758082310358685,
        0.03489056235800187,
        0.028849397289256253,
        0.024441969767212867,
        0.022481633350253105,
        0.0176249579526484,
        0.019687453657388686,
        0.01642785339305798,
        0.013763880853851636,
        0.012121938727796077,
        0.014172661940877636,
        0.012182577606290578,
        0.008839241415262222,
        0.010343300768484671,
        0.008621737236777942,
        0.00775633625065287,
        0.007248005503788591,
        0.008165464860697587,
        0.006795511534437537,
        0.0057578074823444085,
        0.005348010337911546,
        0.0054569487615178025,
        0.007564025418832898,
        0.005331524539118012,
        0.0050816750930001335,
        0.004997300667067369,
        0.004619334141413371,
        0.0049878704982499284,
        0.004342560268317659,
        0.0038177696134274203,
        0.003840230319959422,
        0.0037504253908991815,
        0.0034402511858691773,
        0.0038072732316019636,
        0.003577497942994038,
        0.002695850100523482,
        0.0031382821655521792,
        0.0030471258874361713,
        0.0031598020577803254,
        0.0024376399349421264,
        0.001953541929833591,
        0.0029641741188243032,
        0.0029847076317916312,
        0.0018473304846944908,
        0.0021665351659369966,
        0.0022026846534572543,
        0.002623764972668141,
        0.0019130145859283705,
        0.0016037664492614568,
        0.0017226467413517337,
        0.0016466257084781924,
        0.001581671667130043,
        0.0016933099793580671,
        0.001870986904638509,
        0.0016193733201362193,
        0.0014122549289216598,
        0.001807477140876775,
        0.0015575325853812198,
        0.0012464312642502288,
        0.0020388553539911905,
        0.001213860088804116,
        0.0010961845400743186,
        0.0011446834929908316,
        0.0010576385946478694,
        0.0010741111706010996,
        0.0011128550240149101,
        0.0009766207658685744,
        0.0011352087177025775,
        0.0008638022312273582,
        0.0011279986831747616,
        0.0008682770256806786,
        0.0008534957654774189,
        0.0008809666673187166,
        0.0009018278486716251,
        0.0008164795717069258,
        0.0008756356740680834,
        0.0009234452115682264,
        0.00068263956248605,
        0.000945681690548857,
        0.0007584213803056627,
        0.0006574365252163261,
        0.0007269324890027443,
        0.0006664683169219643,
        0.0005249978460293884,
        0.0005671543156495317
    ],