{
    "test_accuracy": 0.6,
    "test_f1": 0.6,
    "train_accuracy_history": [
        0.4,
        0.5666666666666667,
        0.7,
        0.9,
        0.9,
        0.9333333333333333,
        0.9,
        0.9333333333333333,
        1.0,
        1.0,
        1.0,
        1.0,
        0.9666666666666667,
        1.0,
        1.0,
        1.0,
        1.0,
        1.0,
        1.0,
        1.0,
        1.0,
        1.0,
        1.0,
        1.0,
        1.0,
        1.0,
        1.0,
        1.0,
        1.0,
        1.0,
        1.0,
        1.0,
        1.0,
        1.0,
        1.0,
        1.0,
        1.0,
        1.0,
        1.0,
        1.0,
        1.0,
        1.0,
        1.0,
        1.0,
        1.0,
        1.0,
        1.0,
        1.0,
        1.0,
        1.0,
        1.0,
        1.0,
        1.0,
        1.0,
        1.0,
        1.0,
        1.0,
        1.0,
        1.0,
        1.0,
        1.0,
        1.0,
        1.0,
        1.0,
        1.0,
        1.0,
        1.0,
        1.0,
        1.0,
        1.0,
        1.0,
        1.0,
        1.0,
        1.0,
        1.0,
        1.0,
        1.0,
        1.0,
        1.0,
        1.0,
        1.0,
        1.0,
        1.0,
        1.0,
        1.0,
        1.0,
        1.0,
        1.0,
        1.0,
        1.0,
        1.0,
        1.0,
        1.0,
        1.0,
        1.0,
        1.0,
        1.0,
        1.0,
        1.0,
        1.0
    ],
    "val_accuracy_history": [
        0.4,
        0.4,
        0.4,
        0.6,
        0.4,
        0.4,
        0.4,
        0.5,
        0.6,
        0.6,
        0.6,
        0.6,
        0.6,
        0.6,
        0.7,
        0.4,
        0.8,
        0.4,
        0.4,
        0.4,
        0.4,
        0.4,
        0.4,
        0.4,
        0.4,
        0.4,
        0.4,
        0.4,
        0.4,
        0.4,
        0.4,
        0.4,
        0.4,
        0.7,
        0.4,
        0.4,
        0.8,
        0.8,
        0.9,
        0.4,
        0.4,
        0.4,
        0.8,
        0.7,
        0.7,
        0.8,
        0.8,
        0.4,
        0.4,
        0.8,
        0.6,
        0.4,
        0.4,
        0.8,
        0.7,
        0.8,
        0.5,
        0.4,
        0.9,
        0.7,
        0.6,
        0.6,
        0.6,
        0.9,
        0.7,
        0.9,
        0.9,
        0.8,
        0.8,
        0.5,
        0.5,
        0.4,
        0.4,
        0.4,
        0.4,
        0.6,
        0.8,
        0.6,
        0.6,
        0.7,
        0.8,
        0.4,
        0.4,
        0.5,
        0.8,
        0.8,
        0.8,
        0.4,
        0.4,
        0.4,
        0.9,
        0.8,
        0.8,
        0.8,
        0.8,
        0.8,
        0.9,
        0.8,
        0.8,
        0.8
    ],
    "train_loss_history": [
        0.21486467719078065,
        0.17459048430124918,
        0.15107177396615346,
        0.12404759526252747,
        0.10760551989078522,
        0.08451414704322815,
        0.0812286173303922,
        0.06515086392561595,
        0.05359060789148013,
        0.03513553688923518,
        0.031330350289742154,
        0.0213361157104373,
        0.022749535056451956,
        0.01496698601792256,
        0.019144201589127382,
        0.012699877532819906,
        0.013450476061552762,
        0.0059368596877902744,
        0.009785337032129367,
        0.006761653038362662,
        0.004613395066310962,
        0.005722128134220838,
        0.00406253538094461,
        0.004258737014606595,
        0.0030346085162212453,
        0.0052519841197257245,
        0.003931296826340258,
        0.0032901379046961663,
        0.002873196406289935,
        0.0016639054752886294,
        0.0017339265905320644,
        0.0020713673206046225,
        0.0014370650441075364,
        0.0014590083233391245,
        0.0015997919642056029,
        0.0015583251990998785,
        0.0014789342142951984,
        0.0011198840841340522,
        0.0010955309223694106,
        0.002033514971844852,
        0.000867733231279999,
        0.001154452826206883,
        0.0006340424399240874,
        0.0013319366650345426,
        0.001019267375037695,
        0.0013712862778144578,
        0.000690885994117707,
        0.0009969556335515033,
        0.0005942992594403525,
        0.0011727067409083246,
        0.0006493451112570862,
        0.0010716156296742458,
        0.0005724945183222493,
        0.0013809741843336572,
        0.0006772535368024061,
        0.00047110505499100934,
        0.00047736944785962504,
        0.0004632942921792467,
        0.0007419977414732178,
        0.000333619750260065,
        0.00035380876700704295,
        0.0003160323763343816,
        0.00048632114776410164,
        0.00034105255035683514,
        0.00034161900208952526,
        0.000528957419252644,
        0.0003754639474209398,
        0.00043550712192275874,
        0.0003164347862669577,
        0.0007435520451205472,
        0.000510323994482557,
        0.00035405774833634495,
        0.0005438063453766517,
        0.0005445974840161701,
        0.0003646514727734029,
        0.00031478189630433916,
        0.00038599911786150185,
        0.000534735678229481,
        0.0004162296128924936,
        0.0003411045404694354,
        0.0004323944202042185,
        0.00028071975781737517,
        0.0005121452307018141,
        0.00022072281475023678,
        0.00023066278275412817,
        0.00024457239099623016,
        0.00024941714267091207,
        0.0004735161744368573,
        0.000260599145743375,
        0.0004914286158358058,
        0.00017796757868685138,
        0.00020831871176293741,
        0.00021771581086795777,
        0.0002678134488329912,
        0.00014899667003192006,
        0.0002303744059948561,
        0.0001816900587679508,
        0.0003300993509280185,
        0.00025573273790845027,
        0.000116331348544918
    ],