{
    "test_accuracy": 0.25,
    "test_f1": 0.1,
    "train_accuracy_history": [
        0.19583333333333333,
        0.2375,
        0.20416666666666666,
        0.24583333333333332,
        0.24166666666666667,
        0.20833333333333334,
        0.19166666666666668,
        0.1875,
        0.20833333333333334,
        0.2125,
        0.24166666666666667,
        0.20833333333333334,
        0.2,
        0.2,
        0.22083333333333333,
        0.17083333333333334,
        0.18333333333333332,
        0.2125,
        0.17916666666666667,
        0.20833333333333334,
        0.20833333333333334,
        0.20416666666666666,
        0.19166666666666668,
        0.19583333333333333,
        0.17083333333333334,
        0.21666666666666667,
        0.23333333333333334,
        0.25,
        0.23333333333333334,
        0.19166666666666668,
        0.19583333333333333,
        0.23333333333333334,
        0.22083333333333333,
        0.21666666666666667,
        0.22083333333333333,
        0.2125,
        0.2125,
        0.20833333333333334,
        0.22916666666666666,
        0.21666666666666667,
        0.225,
        0.18333333333333332,
        0.17083333333333334,
        0.2125,
        0.225,
        0.25416666666666665,
        0.25,
        0.1875,
        0.225,
        0.22916666666666666,
        0.18333333333333332,
        0.22083333333333333,
        0.2,
        0.20833333333333334,
        0.24166666666666667,
        0.225,
        0.19583333333333333,
        0.19166666666666668,
        0.2375,
        0.20416666666666666,
        0.25,
        0.19166666666666668,
        0.225,
        0.20833333333333334,
        0.24166666666666667,
        0.25,
        0.21666666666666667,
        0.24166666666666667,
        0.22083333333333333,
        0.22083333333333333,
        0.2125,
        0.2375,
        0.17916666666666667,
        0.19166666666666668,
        0.25,
        0.225,
        0.20833333333333334,
        0.21666666666666667,
        0.19583333333333333,
        0.22916666666666666,
        0.19583333333333333,
        0.25833333333333336,
        0.225,
        0.25,
        0.19583333333333333,
        0.22083333333333333,
        0.20833333333333334,
        0.225,
        0.2,
        0.225,
        0.24583333333333332,
        0.22083333333333333,
        0.22083333333333333,
        0.2125,
        0.24166666666666667,
        0.19166666666666668,
        0.19583333333333333,
        0.2375,
        0.18333333333333332,
        0.24583333333333332
    ],
    "val_accuracy_history": [
        0.25,
        0.25,
        0.25,
        0.25,
        0.25,
        0.25,
        0.25,
        0.25,
        0.25,
        0.2375,
        0.25,
        0.25,
        0.25,
        0.25,
        0.25,
        0.25,
        0.25,
        0.2375,
        0.25,
        0.25,
        0.25,
        0.25,
        0.25,
        0.25,
        0.25,
        0.25,
        0.25,
        0.25,
        0.25,
        0.25,
        0.25,
        0.25,
        0.25,
        0.25,
        0.25,
        0.2375,
        0.25,
        0.25,
        0.25,
        0.25,
        0.25,
        0.25,
        0.25,
        0.25,
        0.25,
        0.25,
        0.25,
        0.25,
        0.25,
        0.25,
        0.25,
        0.25,
        0.25,
        0.25,
        0.25,
        0.25,
        0.25,
        0.25,
        0.25,
        0.25,
        0.25,
        0.25,
        0.25,
        0.25,
        0.25,
        0.25,
        0.25,
        0.25,
        0.25,
        0.25,
        0.25,
        0.25,
        0.25,
        0.25,
        0.25,
        0.25,
        0.25,
        0.25,
        0.25,
        0.25,
        0.25,
        0.25,
        0.25,
        0.2375,
        0.25,
        0.25,
        0.25,
        0.2375,
        0.2375,
        0.25,
        0.25,
        0.25,
        0.25,
        0.25,
        0.25,
        0.25,
        0.25,
        0.25,
        0.25,
        0.25
    ],
    "train_loss_history": [
        0.35186335295438764,
        0.3474792291720708,
        0.34734425991773604,
        0.34762670397758483,
        0.34732935577630997,
        0.347479688624541,
        0.34800699551900227,
        0.3476976876457532,
        0.3471460809310277,
        0.3478273411591848,
        0.34749901096026103,
        0.34742835064729055,
        0.3478671709696452,
        0.3478601694107056,
        0.3476217900713285,
        0.3486142506202062,
        0.34748323261737823,
        0.34785903841257093,
        0.3474656691153844,
        0.34836161335309346,
        0.3480549787481626,
        0.34788744648297626,
        0.34834377815326056,
        0.34790941228469213,
        0.34758321394522984,
        0.34811629801988603,
        0.3474421347181002,
        0.3471432174245516,
        0.3480216503143311,
        0.3477578267455101,
        0.3477525904774666,
        0.3480057512720426,
        0.3473501021663348,
        0.3478714610139529,
        0.34759958982467654,
        0.3475752666592598,
        0.34784648219744363,
        0.34720064053932825,
        0.3474281614025434,
        0.34739926010370253,
        0.34804341693719226,
        0.34748260378837587,
        0.34751655558745065,
        0.34761227369308473,
        0.3485765472054482,
        0.3475330755114555,
        0.347641684114933,
        0.3477883150180181,
        0.3477877343694369,
        0.3478569899996122,
        0.3481442560752233,
        0.347300823032856,
        0.3484538043538729,
        0.34766916930675507,
        0.3473734110593796,
        0.34789195160071057,
        0.3477584918340047,
        0.3477170571684837,
        0.34738961706558863,
        0.34801513254642485,
        0.347980922460556,
        0.347395916779836,
        0.348142471909523,
        0.34745149115721385,
        0.3478507732351621,
        0.3476945037643115,
        0.34800543238719306,
        0.34727594057718914,
        0.34790295908848445,
        0.3476307660341263,
        0.3481478840112686,
        0.3476763591170311,
        0.3474299927552541,
        0.3478408336639404,
        0.34726155251264573,
        0.34761246740818025,
        0.3474770292639732,
        0.34744753738244377,
        0.3477011372645696,
        0.3482160553336143,
        0.3479001417756081,
        0.3481088787317276,
        0.34760515540838244,
        0.3475435902674993,
        0.34737721433242164,
        0.3476319655776024,
        0.348408051331838,
        0.3475632195671399,
        0.3478062093257904,
        0.347569066286087,
        0.34721069733301796,
        0.3475138400991758,
        0.34748942057291665,
        0.34806321064631146,
        0.3475917567809423,
        0.3487404391169548,
        0.34826734066009524,
        0.34701228390137356,
        0.3481456433733304,
        0.3476514716943105
    ],