{
    "test_accuracy": 0.55,
    "test_f1": 0.5359848484848484,
    "train_accuracy_history": [
        0.23333333333333334,
        0.6333333333333333,
        0.8,
        1.0,
        0.9833333333333333,
        1.0,
        1.0,
        1.0,
        0.9833333333333333,
        1.0,
        1.0,
        1.0,
        1.0,
        1.0,
        1.0,
        1.0,
        1.0,
        1.0,
        1.0,
        1.0,
        1.0,
        1.0,
        1.0,
        1.0,
        1.0,
        1.0,
        1.0,
        1.0,
        1.0,
        1.0,
        1.0,
        1.0,
        1.0,
        1.0,
        1.0,
        1.0,
        1.0,
        1.0,
        1.0,
        1.0,
        1.0,
        1.0,
        1.0,
        1.0,
        1.0,
        1.0,
        1.0,
        1.0,
        1.0,
        1.0,
        1.0,
        0.95,
        0.95,
        0.9666666666666667,
        1.0,
        0.9833333333333333,
        1.0,
        1.0,
        1.0,
        1.0,
        1.0,
        1.0,
        1.0,
        1.0,
        1.0,
        1.0,
        1.0,
        1.0,
        1.0,
        1.0,
        1.0,
        1.0,
        1.0,
        1.0,
        1.0,
        1.0,
        1.0,
        1.0,
        1.0,
        1.0,
        1.0,
        1.0,
        1.0,
        1.0,
        1.0,
        1.0,
        1.0,
        1.0,
        1.0,
        1.0,
        1.0,
        1.0,
        1.0,
        1.0,
        1.0,
        1.0,
        1.0,
        1.0,
        1.0,
        1.0
    ],
    "val_accuracy_history": [
        0.25,
        0.25,
        0.25,
        0.25,
        0.25,
        0.25,
        0.25,
        0.35,
        0.4,
        0.3,
        0.35,
        0.25,
        0.4,
        0.5,
        0.75,
        0.25,
        0.8,
        0.45,
        0.6,
        0.55,
        0.4,
        0.5,
        0.45,
        0.65,
        0.3,
        0.6,
        0.4,
        0.45,
        0.6,
        0.6,
        0.6,
        0.65,
        0.6,
        0.65,
        0.55,
        0.35,
        0.65,
        0.6,
        0.8,
        0.8,
        0.35,
        0.35,
        0.75,
        0.45,
        0.75,
        0.6,
        0.65,
        0.65,
        0.75,
        0.6,
        0.25,
        0.25,
        0.25,
        0.25,
        0.25,
        0.25,
        0.25,
        0.25,
        0.25,
        0.25,
        0.25,
        0.25,
        0.25,
        0.25,
        0.25,
        0.25,
        0.25,
        0.25,
        0.25,
        0.25,
        0.3,
        0.25,
        0.25,
        0.25,
        0.25,
        0.25,
        0.25,
        0.25,
        0.25,
        0.35,
        0.35,
        0.35,
        0.35,
        0.65,
        0.4,
        0.35,
        0.25,
        0.25,
        0.35,
        0.45,
        0.25,
        0.25,
        0.25,
        0.25,
        0.4,
        0.25,
        0.35,
        0.35,
        0.25,
        0.25
    ],
    "train_loss_history": [
        0.35604119300842285,
        0.2679111808538437,
        0.18259243468443553,
        0.122963947057724,
        0.07861359814802805,
        0.061255478362242384,
        0.03409326877444983,
        0.026600213907659053,
        0.02656124873707692,
        0.014488858077675104,
        0.01019522207789123,
        0.007602226998036106,
        0.0077322576195001606,
        0.005550405095952253,
        0.0045429454495509464,
        0.004702636417156706,
        0.004188206256367266,
        0.0026321342913433908,
        0.002190048118548778,
        0.002043600653996691,
        0.002316707923697929,
        0.0029116014988782505,
        0.002691542461980134,
        0.0012565422279294581,
        0.0017146214871900157,
        0.0010676147261013587,
        0.0017609142271491388,
        0.0010849643013595292,
        0.0012679778640934576,
        0.0007247502178264161,
        0.0008547281894910459,
        0.0008422372280620039,
        0.0012521469946174572,
        0.0009586608832857261,
        0.0007464316135155968,
        0.0005969187170194346,
        0.0006276916363276541,
        0.0006426517909858375,
        0.0005717802884949682,
        0.0004750757546086485,
        0.0009371378347471667,
        0.00043971561875271923,
        0.0006379010640860846,
        0.0005626552114942267,
        0.00037083433926454745,
        0.0005914091734060396,
        0.00037721731860074215,
        0.00045112732477718963,
        0.00041217114060903746,
        0.00027212660546259334,
        0.0006369429116602987,
        0.03894265922450965,
        0.04316062157352765,
        0.02689401653284828,
        0.013193223268414538,
        0.012429832438162218,
        0.004698925694295516,
        0.002582059323322028,
        0.002292846453686555,
        0.001471605165473496,
        0.001650722068734467,
        0.001119047465423743,
        0.0012457429489586501,
        0.0009553596086334437,
        0.00118109568914709,
        0.0015478704212000594,
        0.0016157940573369464,
        0.0012873535578061515,
        0.0008436624668926621,
        0.0009582332354815056,
        0.0007669139731054504,
        0.0006124385166913271,
        0.0007624368338535229,
        0.0005717502577075114,
        0.0010163775703404098,
        0.0008487912069540471,
        0.0005482558917719871,
        0.0005565832461191651,
        0.0004938166607947399,
        0.00047880375301853444,
        0.0009239743434591219,
        0.00033872402079092957,
        0.00035053517106765263,
        0.0007410006165931312,
        0.00045262742011497416,
        0.00045696806628257034,
        0.0004829139240124884,
        0.00042860044341068714,
        0.00035607943524761744,
        0.000305637559601261,
        0.0005899853281637964,
        0.0004356337776698638,
        0.00044236826797714455,
        0.0005352571999537759,
        0.00041655544579649964,
        0.00036164283568117147,
        0.00029013661260250955,
        0.00043927226797677574,
        0.00035692165790048117,
        0.00032638340926496314
    ],