{
    "test_accuracy": 0.6,
    "test_f1": 0.5833333333333333,
    "train_accuracy_history": [
        0.6666666666666666,
        0.9333333333333333,
        0.9666666666666667,
        0.9666666666666667,
        0.9666666666666667,
        0.9666666666666667,
        1.0,
        1.0,
        1.0,
        1.0,
        1.0,
        0.9666666666666667,
        1.0,
        1.0,
        1.0,
        1.0,
        1.0,
        1.0,
        1.0,
        1.0,
        1.0,
        1.0,
        1.0,
        1.0,
        1.0,
        1.0,
        1.0,
        1.0,
        1.0,
        1.0,
        1.0,
        1.0,
        1.0,
        1.0,
        1.0,
        1.0,
        1.0,
        1.0,
        1.0,
        1.0,
        1.0,
        1.0,
        1.0,
        1.0,
        1.0,
        1.0,
        1.0,
        1.0,
        1.0,
        1.0,
        1.0,
        1.0,
        1.0,
        1.0,
        1.0,
        1.0,
        1.0,
        1.0,
        1.0,
        1.0,
        1.0,
        1.0,
        1.0,
        1.0,
        1.0,
        1.0,
        1.0,
        1.0,
        1.0,
        1.0,
        1.0,
        1.0,
        1.0,
        1.0,
        1.0,
        1.0,
        1.0,
        1.0,
        1.0,
        1.0,
        1.0,
        1.0,
        1.0,
        1.0,
        1.0,
        1.0,
        1.0,
        1.0,
        1.0,
        1.0,
        1.0,
        1.0,
        1.0,
        1.0,
        1.0,
        1.0,
        1.0,
        1.0,
        1.0,
        1.0
    ],
    "val_accuracy_history": [
        0.5,
        0.5,
        0.5,
        0.5,
        0.5,
        0.5,
        0.6,
        0.6,
        0.6,
        0.6,
        0.6,
        0.6,
        0.6,
        0.5,
        0.6,
        0.6,
        0.5,
        0.7,
        0.6,
        0.6,
        0.6,
        0.6,
        0.6,
        0.5,
        0.5,
        0.5,
        0.5,
        0.5,
        0.5,
        0.6,
        0.6,
        0.6,
        0.6,
        0.5,
        0.6,
        0.4,
        0.4,
        0.5,
        0.5,
        0.6,
        0.6,
        0.5,
        0.6,
        0.5,
        0.5,
        0.5,
        0.4,
        0.4,
        0.5,
        0.6,
        0.6,
        0.6,
        0.6,
        0.6,
        0.5,
        0.6,
        0.7,
        0.6,
        0.5,
        0.5,
        0.5,
        0.6,
        0.6,
        0.7,
        0.7,
        0.7,
        0.6,
        0.6,
        0.6,
        0.7,
        0.5,
        0.5,
        0.5,
        0.6,
        0.6,
        0.6,
        0.6,
        0.7,
        0.6,
        0.6,
        0.6,
        0.6,
        0.6,
        0.5,
        0.5,
        0.6,
        0.6,
        0.6,
        0.5,
        0.6,
        0.6,
        0.6,
        0.6,
        0.6,
        0.6,
        0.6,
        0.6,
        0.7,
        0.5,
        0.5
    ],
    "train_loss_history": [
        0.1397554874420166,
        0.07783253689606985,
        0.05049297958612442,
        0.03779588229954243,
        0.04106775938222806,
        0.048571102786809206,
        0.017268896196037532,
        0.012309887229154508,
        0.014365288723881046,
        0.009078365036596854,
        0.004844401280085246,
        0.014110678725410252,
        0.005045475729275495,
        0.003396266714359323,
        0.0023287058807909488,
        0.0015124433945553999,
        0.003289773012511432,
        0.002725531040535619,
        0.002256292706200232,
        0.0009974232219974511,
        0.0017392864654539153,
        0.0009686035026485721,
        0.0012437545950281976,
        0.0005450241065166968,
        0.0006481035129885034,
        0.0016719495833967812,
        0.0007718762402267506,
        0.0008626999847668533,
        0.0023468363904006156,
        0.0010713345759237806,
        0.0029938872927838625,
        0.000707743134504805,
        0.000793885348442321,
        0.00033665887312963607,
        0.0005122615528913836,
        0.000338876338598008,
        0.0003142200012613709,
        0.00033021966325274356,
        0.0004513464237485702,
        0.0003026190315722488,
        0.0002287929251906462,
        0.0003212744724199486,
        0.000651787468814291,
        0.00021632985614511807,
        0.00024394344048535763,
        0.0001061728224158287,
        0.00021342711600785453,
        8.027220295237688e-05,
        0.00011181048115152711,
        0.00020889895902958717,
        0.00011613817502317639,
        0.00010271429018757772,
        0.00010598038619870446,
        0.000462825212161988,
        0.00011527118343413652,
        0.00011659167697265123,
        0.0001007493488335361,
        8.08063260592462e-05,
        0.00033242658852638364,
        0.000262788227701094,
        0.0001403996813072202,
        9.533736222995988e-05,
        9.641924116294831e-05,
        8.427209965399622e-05,
        7.42527590773534e-05,
        7.126284811723357e-05,
        0.0008394564657161634,
        8.812793757897452e-05,
        0.00020267615303358374,
        0.00010930327916488143,
        0.0001902008486164656,
        0.00021296510555354569,
        0.00014582155757428457,
        6.543737132839549e-05,
        9.246745236547819e-05,
        9.08564909574731e-05,
        9.54041127746071e-05,
        6.669969576857208e-05,
        4.15221902585472e-05,
        8.345535255405896e-05,
        5.387909659475554e-05,
        5.577000816288091e-05,
        5.254922749979111e-05,
        0.0001547543680620341,
        4.632291341598223e-05,
        4.1844578542319745e-05,
        6.465263347005627e-05,
        4.9444473885766155e-05,
        8.719207065344866e-05,
        5.784837029902216e-05,
        3.483095897536259e-05,
        2.9375176078853354e-05,
        8.060061718424549e-05,
        4.9590123247374625e-05,
        2.10879372995502e-05,
        5.294249082605044e-05,
        0.0002021835128592405,
        0.0004998056904696568,
        7.227127365088866e-05,
        6.972741080062406e-05
    ],