{
    "test_accuracy": 0.25,
    "test_f1": 0.1,
    "train_accuracy_history": [
        0.25,
        0.25,
        0.25,
        0.25,
        0.25,
        0.25,
        0.25,
        0.25,
        0.25,
        0.25,
        0.25,
        0.25,
        0.25,
        0.25,
        0.25,
        0.2,
        0.16666666666666666,
        0.23333333333333334,
        0.2,
        0.2,
        0.25,
        0.21666666666666667,
        0.15,
        0.23333333333333334,
        0.21666666666666667,
        0.15,
        0.15,
        0.15,
        0.25,
        0.21666666666666667,
        0.2,
        0.18333333333333332,
        0.25,
        0.23333333333333334,
        0.18333333333333332,
        0.15,
        0.16666666666666666,
        0.23333333333333334,
        0.15,
        0.21666666666666667,
        0.25,
        0.2,
        0.16666666666666666,
        0.18333333333333332,
        0.18333333333333332,
        0.18333333333333332,
        0.21666666666666667,
        0.21666666666666667,
        0.16666666666666666,
        0.13333333333333333,
        0.16666666666666666,
        0.2,
        0.18333333333333332,
        0.16666666666666666,
        0.2,
        0.25,
        0.25,
        0.18333333333333332,
        0.2,
        0.25,
        0.25,
        0.21666666666666667,
        0.13333333333333333,
        0.21666666666666667,
        0.2,
        0.25,
        0.23333333333333334,
        0.25,
        0.18333333333333332,
        0.18333333333333332,
        0.23333333333333334,
        0.16666666666666666,
        0.21666666666666667,
        0.18333333333333332,
        0.16666666666666666,
        0.23333333333333334,
        0.2,
        0.25,
        0.2,
        0.16666666666666666,
        0.13333333333333333,
        0.21666666666666667,
        0.25,
        0.25,
        0.25,
        0.25,
        0.25,
        0.25,
        0.2,
        0.25,
        0.25,
        0.25,
        0.16666666666666666,
        0.21666666666666667,
        0.21666666666666667,
        0.13333333333333333,
        0.16666666666666666,
        0.16666666666666666,
        0.11666666666666667,
        0.25
    ],
    "val_accuracy_history": [
        0.25,
        0.25,
        0.25,
        0.25,
        0.25,
        0.25,
        0.25,
        0.25,
        0.25,
        0.25,
        0.25,
        0.25,
        0.25,
        0.25,
        0.25,
        0.25,
        0.25,
        0.25,
        0.25,
        0.25,
        0.25,
        0.25,
        0.25,
        0.25,
        0.25,
        0.25,
        0.25,
        0.25,
        0.25,
        0.25,
        0.25,
        0.25,
        0.25,
        0.25,
        0.25,
        0.25,
        0.25,
        0.25,
        0.25,
        0.25,
        0.25,
        0.25,
        0.25,
        0.25,
        0.25,
        0.25,
        0.25,
        0.25,
        0.25,
        0.25,
        0.25,
        0.25,
        0.25,
        0.25,
        0.25,
        0.25,
        0.25,
        0.25,
        0.25,
        0.25,
        0.25,
        0.25,
        0.25,
        0.25,
        0.25,
        0.25,
        0.25,
        0.25,
        0.25,
        0.25,
        0.25,
        0.25,
        0.25,
        0.25,
        0.25,
        0.25,
        0.25,
        0.25,
        0.25,
        0.25,
        0.25,
        0.25,
        0.25,
        0.25,
        0.25,
        0.25,
        0.25,
        0.25,
        0.25,
        0.25,
        0.25,
        0.25,
        0.25,
        0.25,
        0.25,
        0.25,
        0.25,
        0.25,
        0.25,
        0.25
    ],
    "train_loss_history": [
        0.35350652734438576,
        0.3514240940411886,
        0.34939005772272747,
        0.34896658460299174,
        0.34814921021461487,
        0.34760730266571044,
        0.34746872186660765,
        0.34718673626581825,
        0.347093657652537,
        0.34687361915906273,
        0.3471047560373942,
        0.34694133599599203,
        0.34790151119232177,
        0.3467390616734823,
        0.34681217273076376,
        0.3472058455149333,
        0.3471670130888621,
        0.3468405266602834,
        0.3468266765276591,
        0.3469706654548645,
        0.34724889397621156,
        0.347067658106486,
        0.34733889301617943,
        0.34709178606669105,
        0.3469600697358449,
        0.3472068428993225,
        0.34699816107749937,
        0.3469527721405029,
        0.34742300113042196,
        0.3468462566534678,
        0.34724000891049706,
        0.34691261251767475,
        0.34672759771347045,
        0.34712127447128294,
        0.3472161332766215,
        0.3468463102976481,
        0.3470335841178894,
        0.3469595750172933,
        0.3468377729256948,
        0.34681421717007954,
        0.3469346880912781,
        0.34714383284250894,
        0.3473423600196838,
        0.3473515311876933,
        0.3472989797592163,
        0.34723216891288755,
        0.34675783713658653,
        0.3469181756178538,
        0.3472273151079814,
        0.34732240041097007,
        0.3470792869726817,
        0.34702144265174867,
        0.3470032711823781,
        0.3471104145050049,
        0.34681738217671715,
        0.3469051539897919,
        0.34714993834495544,
        0.3474679986635844,
        0.3468659480412801,
        0.3468211392561595,
        0.3468322535355886,
        0.3470174252986908,
        0.3467320283253988,
        0.34674330751101173,
        0.34720760583877563,
        0.3468471050262451,
        0.3468899925549825,
        0.34688386917114256,
        0.3469306131203969,
        0.347179106871287,
        0.3472829103469849,
        0.34700088103612264,
        0.3472043534119924,
        0.34687362710634867,
        0.34696539839108786,
        0.34700549840927125,
        0.3468606948852539,
        0.3468186676502228,
        0.3469888607660929,
        0.34684398770332336,
        0.3471228977044423,
        0.3468748907248179,
        0.34723326365152996,
        0.34691038727760315,
        0.34707911014556886,
        0.34710464676221214,
        0.3471318225065867,
        0.34697315096855164,
        0.34697860678037007,
        0.3468084712823232,
        0.34709986845652263,
        0.34672940174738565,
        0.3470824698607127,
        0.347073620557785,
        0.34685877958933514,
        0.3470008373260498,
        0.34691405097643535,
        0.3469019929567973,
        0.3471013426780701,
        0.3469180365403493
    ],