{
    "test_accuracy": 0.525,
    "test_f1": 0.5182581786030062,
    "train_accuracy_history": [
        0.3458333333333333,
        0.44166666666666665,
        0.4583333333333333,
        0.575,
        0.575,
        0.6916666666666667,
        0.7166666666666667,
        0.725,
        0.8,
        0.7916666666666666,
        0.8208333333333333,
        0.8916666666666667,
        0.9166666666666666,
        0.9083333333333333,
        0.9083333333333333,
        0.8958333333333334,
        0.8958333333333334,
        0.9666666666666667,
        0.9791666666666666,
        0.9708333333333333,
        0.9583333333333334,
        0.9375,
        0.9416666666666667,
        0.9375,
        0.95,
        0.95,
        0.95,
        0.9791666666666666,
        0.9916666666666667,
        0.9625,
        0.9875,
        0.9791666666666666,
        0.9916666666666667,
        0.9791666666666666,
        0.9833333333333333,
        0.9875,
        0.9958333333333333,
        0.9958333333333333,
        0.9708333333333333,
        0.9416666666666667,
        0.9666666666666667,
        0.9833333333333333,
        0.9791666666666666,
        0.9875,
        0.9875,
        0.9958333333333333,
        1.0,
        1.0,
        0.9625,
        0.8541666666666666,
        0.8958333333333334,
        0.9708333333333333,
        0.9625,
        0.9916666666666667,
        0.9916666666666667,
        0.9958333333333333,
        1.0,
        1.0,
        1.0,
        0.9875,
        0.9916666666666667,
        0.9958333333333333,
        1.0,
        1.0,
        1.0,
        1.0,
        1.0,
        1.0,
        1.0,
        1.0,
        0.9958333333333333,
        0.9916666666666667,
        1.0,
        1.0,
        1.0,
        1.0,
        1.0,
        1.0,
        1.0,
        1.0,
        1.0,
        0.9875,
        0.9375,
        0.8041666666666667,
        0.8666666666666667,
        0.9625,
        0.9916666666666667,
        0.975,
        0.9833333333333333,
        0.9875,
        0.9916666666666667,
        0.9916666666666667,
        0.9958333333333333,
        1.0,
        1.0,
        1.0,
        0.9958333333333333,
        0.9958333333333333,
        1.0,
        0.9958333333333333
    ],
    "val_accuracy_history": [
        0.2625,
        0.2625,
        0.25,
        0.3,
        0.2875,
        0.25,
        0.2875,
        0.3125,
        0.425,
        0.25,
        0.2875,
        0.2875,
        0.375,
        0.2625,
        0.375,
        0.3125,
        0.3375,
        0.3875,
        0.4875,
        0.5,
        0.275,
        0.525,
        0.5,
        0.3875,
        0.375,
        0.2625,
        0.45,
        0.3625,
        0.5,
        0.3625,
        0.55,
        0.55,
        0.575,
        0.4375,
        0.5625,
        0.5625,
        0.475,
        0.5625,
        0.5625,
        0.2875,
        0.45,
        0.3875,
        0.5625,
        0.425,
        0.55,
        0.575,
        0.6,
        0.5625,
        0.3125,
        0.3625,
        0.4,
        0.5,
        0.3875,
        0.525,
        0.55,
        0.6125,
        0.55,
        0.65,
        0.5875,
        0.5875,
        0.5625,
        0.55,
        0.6,
        0.5875,
        0.6,
        0.6125,
        0.575,
        0.6,
        0.6125,
        0.6,
        0.55,
        0.525,
        0.5875,
        0.6125,
        0.575,
        0.55,
        0.5625,
        0.6,
        0.5375,
        0.5875,
        0.6125,
        0.575,
        0.375,
        0.4375,
        0.475,
        0.575,
        0.525,
        0.3875,
        0.475,
        0.5375,
        0.575,
        0.45,
        0.55,
        0.575,
        0.5625,
        0.55,
        0.575,
        0.575,
        0.575,
        0.45
    ],
    "train_loss_history": [
        0.34664956852793694,
        0.31856892046829066,
        0.2949648961424828,
        0.2580740774671237,
        0.24578570052981377,
        0.184238429988424,
        0.17969385925680398,
        0.1538046034052968,
        0.14230646633853514,
        0.12297274330630899,
        0.11236855105962604,
        0.08177166297876587,
        0.0740720554953441,
        0.08287501897818099,
        0.0759157356650879,
        0.07694292007557427,
        0.0735955016706915,
        0.03577845693410685,
        0.019200021497090346,
        0.025050138611307678,
        0.033080056973267345,
        0.04244868811316944,
        0.042802776728543296,
        0.04746093065526414,
        0.03775302689755335,
        0.03261665713216644,
        0.03350781080953311,
        0.01887507776142835,
        0.011556578559490542,
        0.02898214301870515,
        0.007372144654073054,
        0.012350661268040615,
        0.008103969449681852,
        0.017010466563200075,
        0.017746433846332364,
        0.007671221024853973,
        0.004386278566259231,
        0.004392408093129537,
        0.018450735742832573,
        0.040873727478901854,
        0.03217029580288606,
        0.013485791749978186,
        0.01621248692830098,
        0.011162737806201525,
        0.00847273512990796,
        0.004063106321882515,
        0.0015662151655305933,
        0.0012644762115390526,
        0.03718325203984326,
        0.10685553787986161,
        0.0760789284327378,
        0.02685615660060042,
        0.02432515807110273,
        0.006127414946483138,
        0.008298687801288906,
        0.004526954266051083,
        0.0037115648278510586,
        0.001281566802845191,
        0.0014216528546209398,
        0.008026164201085824,
        0.005023429768031443,
        0.003139105943546383,
        0.001406413197734461,
        0.0005102542254159441,
        0.0006837821105364128,
        0.0006418649189830224,
        0.000535483482174944,
        0.0006623304414612601,
        0.0008365302553708413,
        0.00044850776332623355,
        0.0022043901257878438,
        0.005921441766531643,
        0.0024970497886746064,
        0.0008939279329752026,
        0.0008903148278629184,
        0.0004773109080967212,
        0.0003434308813439202,
        0.0020962350858837906,
        0.0007468748901070891,
        0.0007206300300595103,
        0.000310971633208131,
        0.004600468941858556,
        0.057461545571610866,
        0.1673678877101338,
        0.09166586870754448,
        0.03225703078399723,
        0.010492986945973826,
        0.0194848536936964,
        0.01403194447433028,
        0.008709251673947923,
        0.008895882941124,
        0.0032270319567032856,
        0.005568155125971922,
        0.0022249668745416783,
        0.0020067679505776444,
        0.001311013896603678,
        0.0020188379552413,
        0.002247881741944487,
        0.0010719199067201165,
        0.0018884244053272898
    ],