{
    "test_accuracy": 0.325,
    "test_f1": 0.22176759410801966,
    "train_accuracy_history": [
        0.24166666666666667,
        0.23333333333333334,
        0.2375,
        0.20416666666666666,
        0.225,
        0.2,
        0.20416666666666666,
        0.225,
        0.24166666666666667,
        0.23333333333333334,
        0.24583333333333332,
        0.25,
        0.22083333333333333,
        0.2,
        0.23333333333333334,
        0.24583333333333332,
        0.23333333333333334,
        0.275,
        0.24166666666666667,
        0.20416666666666666,
        0.225,
        0.2125,
        0.225,
        0.24166666666666667,
        0.22916666666666666,
        0.225,
        0.2,
        0.25416666666666665,
        0.2125,
        0.22083333333333333,
        0.22916666666666666,
        0.25,
        0.21666666666666667,
        0.23333333333333334,
        0.25,
        0.19166666666666668,
        0.25833333333333336,
        0.2375,
        0.19166666666666668,
        0.2,
        0.22083333333333333,
        0.20416666666666666,
        0.25416666666666665,
        0.225,
        0.2125,
        0.2375,
        0.2375,
        0.25,
        0.22083333333333333,
        0.2125,
        0.24166666666666667,
        0.225,
        0.22083333333333333,
        0.22083333333333333,
        0.2375,
        0.17083333333333334,
        0.21666666666666667,
        0.17916666666666667,
        0.25,
        0.275,
        0.24166666666666667,
        0.225,
        0.225,
        0.23333333333333334,
        0.25,
        0.32083333333333336,
        0.2375,
        0.32916666666666666,
        0.19166666666666668,
        0.2125,
        0.25416666666666665,
        0.25416666666666665,
        0.24166666666666667,
        0.2625,
        0.20833333333333334,
        0.23333333333333334,
        0.19166666666666668,
        0.2625,
        0.22083333333333333,
        0.25,
        0.24166666666666667,
        0.2,
        0.22083333333333333,
        0.20416666666666666,
        0.2125,
        0.24583333333333332,
        0.15833333333333333,
        0.19583333333333333,
        0.22916666666666666,
        0.2,
        0.24583333333333332,
        0.22083333333333333,
        0.225,
        0.2375,
        0.2,
        0.2375,
        0.21666666666666667,
        0.2708333333333333,
        0.20833333333333334,
        0.2
    ],
    "val_accuracy_history": [
        0.25,
        0.25,
        0.25,
        0.25,
        0.25,
        0.25,
        0.25,
        0.25,
        0.25,
        0.25,
        0.25,
        0.25,
        0.25,
        0.25,
        0.25,
        0.25,
        0.25,
        0.35,
        0.25,
        0.25,
        0.25,
        0.25,
        0.25,
        0.25,
        0.25,
        0.25,
        0.25,
        0.25,
        0.25,
        0.25,
        0.25,
        0.25,
        0.25,
        0.25,
        0.25,
        0.25,
        0.25,
        0.25,
        0.25,
        0.25,
        0.25,
        0.25,
        0.25,
        0.25,
        0.25,
        0.25,
        0.25,
        0.25,
        0.25,
        0.25,
        0.25,
        0.25,
        0.25,
        0.25,
        0.25,
        0.25,
        0.25,
        0.25,
        0.25,
        0.25,
        0.25,
        0.25,
        0.25,
        0.25,
        0.25,
        0.25,
        0.25,
        0.25,
        0.25,
        0.25,
        0.25,
        0.25,
        0.25,
        0.25,
        0.25,
        0.25,
        0.25,
        0.175,
        0.25,
        0.25,
        0.2375,
        0.25,
        0.25,
        0.25,
        0.25,
        0.25,
        0.25,
        0.25,
        0.25,
        0.25,
        0.25,
        0.25,
        0.25,
        0.25,
        0.25,
        0.25,
        0.25,
        0.25,
        0.25,
        0.25
    ],
    "train_loss_history": [
        0.38278901726007464,
        0.35578861882289253,
        0.3517455925544103,
        0.3528196300069491,
        0.35239381591478985,
        0.3527323350310326,
        0.352537768582503,
        0.353560841580232,
        0.34972122112909954,
        0.3512500171860059,
        0.3503489762544632,
        0.34909562170505526,
        0.3533141642808914,
        0.35018955121437706,
        0.35091078678766885,
        0.35184774647156397,
        0.3501421531041463,
        0.35119499315818153,
        0.3495448410511017,
        0.34951977878808976,
        0.34866607139507927,
        0.3500843067963918,
        0.3493589217464129,
        0.35110415319601695,
        0.3484816700220108,
        0.3485102201501528,
        0.34765044699112574,
        0.34792162825663886,
        0.34802779704332354,
        0.3494496911764145,
        0.3487863490978877,
        0.34496262619892754,
        0.3511789048711459,
        0.3480585739016533,
        0.3507063686847687,
        0.3498174766699473,
        0.3494608223438263,
        0.3505435029665629,
        0.3486729289094607,
        0.34853688180446624,
        0.3486250619093577,
        0.3486612429221471,
        0.347833854953448,
        0.3483039846022924,
        0.34775305887063346,
        0.3481037860115369,
        0.34703932305177054,
        0.3473420465985934,
        0.3483833094437917,
        0.34878014773130417,
        0.34736921936273574,
        0.3471837038795153,
        0.3481407180428505,
        0.3478293403983116,
        0.3481246381998062,
        0.34822945594787597,
        0.3476975644628207,
        0.3478707770506541,
        0.347368049621582,
        0.3435757969816526,
        0.34918952186902363,
        0.34772121210893,
        0.34768633445103964,
        0.3474782715241114,
        0.34727746099233625,
        0.34585143675406776,
        0.34776768982410433,
        0.3458487053712209,
        0.3482886830965678,
        0.3478935162226359,
        0.3475337107976278,
        0.3474963496128718,
        0.34726106425126396,
        0.3455333163340886,
        0.34726871103048323,
        0.34839421659708025,
        0.3472284197807312,
        0.3468004907170931,
        0.34756272037823993,
        0.3481466660896937,
        0.34764077166716256,
        0.34642722805341086,
        0.34834764897823334,
        0.3479289814829826,
        0.34763826976219814,
        0.34719418237606686,
        0.3479175140460332,
        0.34729505827029544,
        0.3478618284066518,
        0.3473144367337227,
        0.34723367989063264,
        0.34725024153788886,
        0.3478630671898524,
        0.34720420440038047,
        0.3475579837958018,
        0.3473657508691152,
        0.3473826453089714,
        0.34709351857503257,
        0.3471926932533582,
        0.3474156508843104
    ],