{
    "test_accuracy": 0.6,
    "test_f1": 0.5451388888888888,
    "train_accuracy_history": [
        0.36666666666666664,
        0.4666666666666667,
        0.6666666666666666,
        0.8833333333333333,
        0.8,
        0.85,
        0.9166666666666666,
        0.8666666666666667,
        0.95,
        0.95,
        0.9666666666666667,
        0.9666666666666667,
        0.95,
        0.95,
        0.9833333333333333,
        0.9666666666666667,
        0.8833333333333333,
        0.9166666666666666,
        0.9833333333333333,
        0.9333333333333333,
        0.9666666666666667,
        0.9666666666666667,
        1.0,
        0.9833333333333333,
        1.0,
        0.9833333333333333,
        1.0,
        1.0,
        1.0,
        0.9833333333333333,
        0.9833333333333333,
        0.9833333333333333,
        0.9833333333333333,
        0.9833333333333333,
        0.9833333333333333,
        0.9333333333333333,
        0.9666666666666667,
        0.9833333333333333,
        0.9166666666666666,
        0.9,
        0.95,
        0.95,
        0.9833333333333333,
        1.0,
        0.9833333333333333,
        1.0,
        0.9833333333333333,
        1.0,
        1.0,
        1.0,
        1.0,
        1.0,
        1.0,
        1.0,
        1.0,
        1.0,
        1.0,
        1.0,
        1.0,
        1.0,
        1.0,
        1.0,
        1.0,
        1.0,
        1.0,
        1.0,
        1.0,
        1.0,
        1.0,
        1.0,
        1.0,
        1.0,
        1.0,
        1.0,
        1.0,
        1.0,
        1.0,
        1.0,
        1.0,
        1.0,
        1.0,
        1.0,
        1.0,
        1.0,
        1.0,
        1.0,
        1.0,
        1.0,
        1.0,
        1.0,
        1.0,
        1.0,
        1.0,
        1.0,
        1.0,
        1.0,
        1.0,
        1.0,
        1.0,
        1.0
    ],
    "val_accuracy_history": [
        0.25,
        0.25,
        0.4,
        0.35,
        0.35,
        0.25,
        0.25,
        0.25,
        0.3,
        0.35,
        0.25,
        0.3,
        0.5,
        0.25,
        0.15,
        0.3,
        0.4,
        0.25,
        0.35,
        0.25,
        0.25,
        0.25,
        0.25,
        0.4,
        0.35,
        0.3,
        0.3,
        0.3,
        0.3,
        0.25,
        0.25,
        0.25,
        0.25,
        0.25,
        0.25,
        0.25,
        0.25,
        0.6,
        0.25,
        0.4,
        0.25,
        0.35,
        0.45,
        0.45,
        0.5,
        0.55,
        0.55,
        0.3,
        0.55,
        0.65,
        0.6,
        0.65,
        0.6,
        0.55,
        0.5,
        0.5,
        0.5,
        0.45,
        0.45,
        0.45,
        0.45,
        0.45,
        0.5,
        0.55,
        0.5,
        0.55,
        0.55,
        0.55,
        0.5,
        0.45,
        0.5,
        0.45,
        0.45,
        0.55,
        0.55,
        0.45,
        0.45,
        0.5,
        0.45,
        0.5,
        0.5,
        0.5,
        0.55,
        0.55,
        0.55,
        0.5,
        0.55,
        0.6,
        0.55,
        0.5,
        0.45,
        0.5,
        0.55,
        0.55,
        0.55,
        0.55,
        0.6,
        0.6,
        0.6,
        0.6
    ],
    "train_loss_history": [
        0.4316170573234558,
        0.29587992280721664,
        0.17376549448817968,
        0.10746480068191885,
        0.20038507192706068,
        0.12364600322325714,
        0.08228194825351239,
        0.08060978055000305,
        0.07079541720449925,
        0.04264264421265883,
        0.03276459643384442,
        0.013442686842366432,
        0.02111167481634766,
        0.022863724657023948,
        0.016058541569509543,
        0.02715831910027191,
        0.07880660306338996,
        0.16267025546261113,
        0.01744289303921202,
        0.05784654366822603,
        0.0186453011156118,
        0.029757910666861183,
        0.0028434284739584353,
        0.013910460361936808,
        0.003947199564936455,
        0.008274498313918835,
        0.0006913641271239612,
        0.002440428496519568,
        0.009755530666188861,
        0.01650463772675721,
        0.011366399788552901,
        0.010209390013187658,
        0.008814776422453482,
        0.020033172819724616,
        0.016671503534053046,
        0.03828934305843935,
        0.008972411118641806,
        0.017132144663628425,
        0.07984396405348283,
        0.16654399250886248,
        0.024116131469296913,
        0.043595616387513775,
        0.011595176402715878,
        0.004964180623695332,
        0.01072346291730355,
        0.0005950402388710548,
        0.007404966618923936,
        0.002858387378606153,
        0.00034533651082711,
        0.00044836956136956965,
        0.0004973718725523213,
        0.0017950526829281443,
        0.0002921717621954182,
        0.002545168172108466,
        0.000896932206596072,
        0.0003898354677706569,
        0.0009619986930071415,
        0.0014040461470358422,
        0.000577788208840957,
        0.00010557811600241015,
        0.00012810346274060673,
        0.0002294908992666933,
        0.00011560677626410628,
        6.675275099041756e-05,
        0.00033475291581908095,
        6.84738275140262e-05,
        0.0001017404733990664,
        3.942893052529447e-05,
        4.210129938542195e-05,
        0.00017804869946000206,
        3.901410840020011e-05,
        0.00010567200889302816,
        2.357533295101651e-05,
        2.2045696581092974e-05,
        2.645657173161453e-05,
        6.714345569965492e-05,
        2.9448676294426453e-05,
        2.8254189169274467e-05,
        3.2112636131387265e-05,
        7.469983543539153e-05,
        1.8847732762120964e-05,
        2.5068170593082566e-05,
        1.8296097429508033e-05,
        2.946117150865272e-05,
        5.161203950668399e-05,
        4.490635622289574e-05,
        1.7060357883262138e-05,
        1.0374113029835523e-05,
        7.948880206640752e-05,
        0.00021853465508077838,
        4.7133377290720094e-05,
        5.0752734076316604e-05,
        5.7954196237612146e-05,
        1.8660636578715638e-05,
        0.00017504557052916425,
        5.999064009453529e-05,
        1.668000660780914e-05,
        9.087830339164308e-06,
        3.513516741122657e-05,
        1.431995322415484e-05
    ],