{
    "test_accuracy": 0.25,
    "test_f1": 0.1,
    "train_accuracy_history": [
        0.25,
        0.25,
        0.22083333333333333,
        0.22083333333333333,
        0.20416666666666666,
        0.25416666666666665,
        0.21666666666666667,
        0.18333333333333332,
        0.20416666666666666,
        0.22083333333333333,
        0.22083333333333333,
        0.19583333333333333,
        0.22083333333333333,
        0.1875,
        0.22916666666666666,
        0.23333333333333334,
        0.19583333333333333,
        0.2375,
        0.24583333333333332,
        0.20833333333333334,
        0.2375,
        0.20833333333333334,
        0.20833333333333334,
        0.2375,
        0.23333333333333334,
        0.23333333333333334,
        0.2,
        0.19583333333333333,
        0.20416666666666666,
        0.2,
        0.2125,
        0.17916666666666667,
        0.24166666666666667,
        0.19583333333333333,
        0.22083333333333333,
        0.21666666666666667,
        0.225,
        0.2375,
        0.19583333333333333,
        0.24166666666666667,
        0.25833333333333336,
        0.225,
        0.20833333333333334,
        0.21666666666666667,
        0.17916666666666667,
        0.22916666666666666,
        0.22916666666666666,
        0.20416666666666666,
        0.175,
        0.17083333333333334,
        0.22916666666666666,
        0.22916666666666666,
        0.225,
        0.21666666666666667,
        0.22083333333333333,
        0.21666666666666667,
        0.22083333333333333,
        0.20833333333333334,
        0.24166666666666667,
        0.20833333333333334,
        0.225,
        0.23333333333333334,
        0.2125,
        0.22916666666666666,
        0.21666666666666667,
        0.18333333333333332,
        0.24583333333333332,
        0.225,
        0.23333333333333334,
        0.24166666666666667,
        0.24166666666666667,
        0.22083333333333333,
        0.21666666666666667,
        0.20833333333333334,
        0.23333333333333334,
        0.2,
        0.175,
        0.16666666666666666,
        0.25,
        0.21666666666666667,
        0.2375,
        0.20416666666666666,
        0.21666666666666667,
        0.23333333333333334,
        0.20416666666666666,
        0.23333333333333334,
        0.20416666666666666,
        0.20416666666666666,
        0.25,
        0.20416666666666666,
        0.22083333333333333,
        0.22916666666666666,
        0.2375,
        0.1875,
        0.22916666666666666,
        0.20416666666666666,
        0.21666666666666667,
        0.22916666666666666,
        0.20833333333333334,
        0.2
    ],
    "val_accuracy_history": [
        0.25,
        0.25,
        0.25,
        0.25,
        0.25,
        0.25,
        0.25,
        0.25,
        0.25,
        0.25,
        0.25,
        0.25,
        0.25,
        0.25,
        0.25,
        0.25,
        0.25,
        0.25,
        0.25,
        0.25,
        0.25,
        0.25,
        0.25,
        0.25,
        0.25,
        0.25,
        0.25,
        0.25,
        0.25,
        0.25,
        0.25,
        0.25,
        0.25,
        0.25,
        0.25,
        0.25,
        0.25,
        0.25,
        0.25,
        0.25,
        0.25,
        0.25,
        0.25,
        0.25,
        0.25,
        0.25,
        0.25,
        0.25,
        0.25,
        0.25,
        0.25,
        0.25,
        0.25,
        0.25,
        0.25,
        0.25,
        0.25,
        0.25,
        0.25,
        0.25,
        0.25,
        0.25,
        0.25,
        0.25,
        0.25,
        0.25,
        0.25,
        0.25,
        0.25,
        0.25,
        0.25,
        0.25,
        0.25,
        0.25,
        0.25,
        0.25,
        0.25,
        0.25,
        0.25,
        0.25,
        0.25,
        0.25,
        0.25,
        0.25,
        0.25,
        0.25,
        0.25,
        0.25,
        0.25,
        0.25,
        0.25,
        0.25,
        0.25,
        0.25,
        0.25,
        0.25,
        0.25,
        0.25,
        0.25,
        0.25
    ],
    "train_loss_history": [
        0.3542354002594948,
        0.3481099744637807,
        0.34724486619234085,
        0.3471563408772151,
        0.3479111005862554,
        0.3480657080809275,
        0.34758306443691256,
        0.3475400239229202,
        0.3483352119723956,
        0.34768321812152864,
        0.3477525368332863,
        0.34748633752266567,
        0.347330275674661,
        0.3484279602766037,
        0.34715504497289656,
        0.34766170581181843,
        0.34750129679838815,
        0.34711023370424904,
        0.3476219008366267,
        0.3470634877681732,
        0.34748217364152273,
        0.3482721065481504,
        0.34877789119879404,
        0.34747539709011716,
        0.3472864553332329,
        0.34736732840538026,
        0.34740187525749205,
        0.34793911029895147,
        0.348014905055364,
        0.34735743602116903,
        0.34727619191010795,
        0.34825645039478936,
        0.3475923866033554,
        0.3475570340951284,
        0.3478750268618266,
        0.3479900360107422,
        0.34722984532515205,
        0.3473142092426618,
        0.3478327473004659,
        0.34747393081585565,
        0.3477528418103854,
        0.3480054979523023,
        0.34752502739429475,
        0.34750256687402725,
        0.34734311898549397,
        0.3472885891795158,
        0.3483839437365532,
        0.3474527671933174,
        0.34765586505333584,
        0.3483948677778244,
        0.3477172503868739,
        0.34718960026899975,
        0.34741528232892355,
        0.3479906847079595,
        0.34828345775604247,
        0.34876989970604577,
        0.34775830507278443,
        0.3478226885199547,
        0.3472944885492325,
        0.34755933036406833,
        0.34757662812868756,
        0.34787962088982266,
        0.3478136628866196,
        0.3479747449358304,
        0.347720542550087,
        0.34786770641803744,
        0.3476515854398409,
        0.3478678579131762,
        0.34788288275400797,
        0.34784954438606897,
        0.34742689977089564,
        0.3480664655566216,
        0.3477028196056684,
        0.3483394528428713,
        0.34724532316128415,
        0.34773780554533007,
        0.3474408209323883,
        0.3481098532676697,
        0.34729787906010945,
        0.3476665576299032,
        0.34717561552921933,
        0.3472119758526484,
        0.3480497509241104,
        0.34741254200538,
        0.34839736521244047,
        0.34728481570879616,
        0.3471713289618492,
        0.3479697515567144,
        0.3477123980720838,
        0.3474517504374186,
        0.34805937508742013,
        0.34816294262806574,
        0.3476018190383911,
        0.34776102552811305,
        0.34738111396630605,
        0.34721558292706806,
        0.3476034447550774,
        0.34744641234477364,
        0.3484631016850471,
        0.3475678940614065
    ],