{
    "test_accuracy": 0.25,
    "test_f1": 0.1,
    "train_accuracy_history": [
        0.25,
        0.25,
        0.25,
        0.25,
        0.25,
        0.25,
        0.25,
        0.25,
        0.2,
        0.25,
        0.16666666666666666,
        0.18333333333333332,
        0.18333333333333332,
        0.25,
        0.25,
        0.25,
        0.2,
        0.25,
        0.2,
        0.15,
        0.11666666666666667,
        0.25,
        0.21666666666666667,
        0.16666666666666666,
        0.25,
        0.2,
        0.25,
        0.21666666666666667,
        0.18333333333333332,
        0.15,
        0.23333333333333334,
        0.21666666666666667,
        0.21666666666666667,
        0.16666666666666666,
        0.21666666666666667,
        0.2,
        0.2,
        0.21666666666666667,
        0.2,
        0.25,
        0.2,
        0.21666666666666667,
        0.25,
        0.18333333333333332,
        0.25,
        0.16666666666666666,
        0.25,
        0.18333333333333332,
        0.23333333333333334,
        0.25,
        0.25,
        0.25,
        0.2,
        0.15,
        0.25,
        0.18333333333333332,
        0.25,
        0.25,
        0.23333333333333334,
        0.2,
        0.21666666666666667,
        0.15,
        0.16666666666666666,
        0.2,
        0.21666666666666667,
        0.23333333333333334,
        0.16666666666666666,
        0.15,
        0.18333333333333332,
        0.2,
        0.2,
        0.2,
        0.13333333333333333,
        0.25,
        0.15,
        0.25,
        0.23333333333333334,
        0.21666666666666667,
        0.2,
        0.18333333333333332,
        0.21666666666666667,
        0.21666666666666667,
        0.2,
        0.18333333333333332,
        0.2,
        0.23333333333333334,
        0.16666666666666666,
        0.21666666666666667,
        0.25,
        0.18333333333333332,
        0.2,
        0.21666666666666667,
        0.21666666666666667,
        0.25,
        0.21666666666666667,
        0.25,
        0.16666666666666666,
        0.25,
        0.2,
        0.16666666666666666
    ],
    "val_accuracy_history": [
        0.25,
        0.25,
        0.25,
        0.25,
        0.25,
        0.25,
        0.25,
        0.25,
        0.25,
        0.25,
        0.25,
        0.25,
        0.25,
        0.25,
        0.25,
        0.25,
        0.25,
        0.25,
        0.25,
        0.25,
        0.25,
        0.25,
        0.25,
        0.25,
        0.25,
        0.25,
        0.25,
        0.25,
        0.25,
        0.25,
        0.25,
        0.25,
        0.25,
        0.25,
        0.25,
        0.25,
        0.25,
        0.25,
        0.25,
        0.25,
        0.25,
        0.25,
        0.25,
        0.25,
        0.25,
        0.25,
        0.25,
        0.25,
        0.25,
        0.25,
        0.25,
        0.25,
        0.25,
        0.25,
        0.25,
        0.25,
        0.25,
        0.25,
        0.25,
        0.25,
        0.25,
        0.25,
        0.25,
        0.25,
        0.25,
        0.25,
        0.25,
        0.25,
        0.25,
        0.25,
        0.25,
        0.25,
        0.25,
        0.25,
        0.25,
        0.25,
        0.25,
        0.25,
        0.25,
        0.25,
        0.25,
        0.25,
        0.25,
        0.25,
        0.25,
        0.25,
        0.25,
        0.25,
        0.25,
        0.25,
        0.25,
        0.25,
        0.25,
        0.25,
        0.25,
        0.25,
        0.25,
        0.25,
        0.25,
        0.25
    ],
    "train_loss_history": [
        0.35558984279632566,
        0.35076927741368613,
        0.3498240292072296,
        0.34808390935262046,
        0.3477783958117167,
        0.34776551922162374,
        0.34763549963633217,
        0.34740436474482217,
        0.34689374764760333,
        0.347229939699173,
        0.34732462962468463,
        0.34696634610493976,
        0.3473715623219808,
        0.3471992095311483,
        0.34691892862319945,
        0.34724544088045756,
        0.34751330415407816,
        0.3469412883122762,
        0.34699026743570965,
        0.3470075805981954,
        0.3473532299200694,
        0.3470728754997253,
        0.3467922925949097,
        0.3473056693871816,
        0.3469044784704844,
        0.3471922357877096,
        0.3468116521835327,
        0.3471005777517954,
        0.3475398083527883,
        0.34730159441630043,
        0.3469097375869751,
        0.3470420817534129,
        0.3468671480814616,
        0.346887069940567,
        0.34694326122601826,
        0.34709044893582663,
        0.3467912137508392,
        0.34723012646039325,
        0.34716708660125734,
        0.34719398816426594,
        0.34697849353154503,
        0.3473655641078949,
        0.3473033587137858,
        0.34810604254404703,
        0.34690395593643186,
        0.3470926662286123,
        0.34692548314730326,
        0.3471263567606608,
        0.34685216546058656,
        0.34683699210484825,
        0.3471093773841858,
        0.3471778353055318,
        0.3474618971347809,
        0.34759466846783954,
        0.34676809509595236,
        0.3470734397570292,
        0.34697289069493614,
        0.3474016904830933,
        0.34741613070170085,
        0.34703325033187865,
        0.34700114130973814,
        0.3474628190199534,
        0.34689056674639385,
        0.34722467660903933,
        0.34731801350911456,
        0.34701120257377627,
        0.34720722238222756,
        0.3472491721312205,
        0.34779298106829326,
        0.3472375273704529,
        0.34698885877927144,
        0.34725473523139955,
        0.3469756523768107,
        0.34720937808354696,
        0.347329447666804,
        0.3469548483689626,
        0.34682099223136903,
        0.3468399286270142,
        0.3468363583087921,
        0.3471344451109568,
        0.3472942849000295,
        0.3470412909984589,
        0.3469681898752848,
        0.34688854614893594,
        0.3468165477116903,
        0.34676155050595603,
        0.34698150157928465,
        0.3472135921319326,
        0.34698537389437356,
        0.3474582970142365,
        0.34694013992945355,
        0.34701730608940123,
        0.3474125762780507,
        0.34693557222684224,
        0.34700175921122234,
        0.3469608902931213,
        0.3473923742771149,
        0.347216405471166,
        0.3470602134863536,
        0.3475789487361908
    ],