{
    "test_accuracy": 0.6,
    "test_f1": 0.5833333333333333,
    "train_accuracy_history": [
        0.5666666666666667,
        0.5333333333333333,
        0.5333333333333333,
        0.6,
        0.7,
        0.8333333333333334,
        0.9,
        0.9666666666666667,
        1.0,
        0.9666666666666667,
        1.0,
        1.0,
        1.0,
        1.0,
        1.0,
        1.0,
        1.0,
        1.0,
        1.0,
        1.0,
        1.0,
        1.0,
        1.0,
        1.0,
        1.0,
        1.0,
        1.0,
        1.0,
        1.0,
        1.0,
        1.0,
        1.0,
        1.0,
        1.0,
        1.0,
        1.0,
        1.0,
        1.0,
        1.0,
        1.0,
        1.0,
        1.0,
        1.0,
        1.0,
        1.0,
        1.0,
        1.0,
        1.0,
        1.0,
        1.0,
        1.0,
        1.0,
        1.0,
        1.0,
        1.0,
        1.0,
        1.0,
        1.0,
        1.0,
        1.0,
        1.0,
        1.0,
        1.0,
        1.0,
        1.0,
        1.0,
        1.0,
        1.0,
        1.0,
        1.0,
        1.0,
        1.0,
        1.0,
        1.0,
        1.0,
        1.0,
        1.0,
        1.0,
        1.0,
        1.0,
        1.0,
        1.0,
        1.0,
        1.0,
        1.0,
        1.0,
        1.0,
        1.0,
        1.0,
        1.0,
        1.0,
        1.0,
        1.0,
        1.0,
        1.0,
        1.0,
        1.0,
        1.0,
        1.0,
        1.0
    ],
    "val_accuracy_history": [
        0.5,
        0.5,
        0.5,
        0.5,
        0.5,
        0.5,
        0.5,
        0.5,
        0.5,
        0.5,
        0.5,
        0.5,
        0.5,
        0.5,
        0.5,
        0.5,
        0.5,
        0.5,
        0.5,
        0.5,
        0.5,
        0.5,
        0.5,
        0.5,
        0.5,
        0.6,
        0.5,
        0.5,
        0.7,
        0.4,
        0.6,
        0.4,
        0.6,
        0.5,
        0.5,
        0.5,
        0.5,
        0.5,
        0.5,
        0.5,
        0.4,
        0.5,
        0.5,
        0.5,
        0.5,
        0.7,
        0.5,
        0.5,
        0.4,
        0.5,
        0.6,
        0.5,
        0.5,
        0.5,
        0.5,
        0.5,
        0.5,
        0.4,
        0.7,
        0.6,
        0.6,
        0.6,
        0.5,
        0.5,
        0.5,
        0.5,
        0.5,
        0.7,
        0.7,
        0.6,
        0.5,
        0.6,
        0.6,
        0.6,
        0.5,
        0.7,
        0.7,
        0.7,
        0.4,
        0.6,
        0.6,
        0.6,
        0.5,
        0.5,
        0.6,
        0.7,
        0.5,
        0.5,
        0.5,
        0.4,
        0.4,
        0.5,
        0.5,
        0.4,
        0.6,
        0.6,
        0.7,
        0.6,
        0.5,
        0.5
    ],
    "train_loss_history": [
        0.17645087043444316,
        0.18797810276349386,
        0.1979668080806732,
        0.15416911542415618,
        0.1417276531457901,
        0.1164340744415919,
        0.10120910406112671,
        0.08498269965251287,
        0.06646627535422643,
        0.05623909880717595,
        0.04459005768100421,
        0.03137263767421246,
        0.026135758062203727,
        0.018668346107006073,
        0.014140532879779736,
        0.012096793452898661,
        0.00908394306898117,
        0.009506489026049773,
        0.010446783900260926,
        0.007990198178837697,
        0.0046684482755760355,
        0.005412031337618828,
        0.007455652114003897,
        0.005383904371410608,
        0.0041446656920015815,
        0.004268825985491276,
        0.0034032238026460012,
        0.0031087902064124745,
        0.0022956609493121503,
        0.0022979761473834515,
        0.002401449888323744,
        0.001724347953374187,
        0.0024410429100195567,
        0.0018793266111363967,
        0.00132900463261952,
        0.0014382225034448007,
        0.0019623848997677366,
        0.0021438460486630597,
        0.0013825082181332011,
        0.001679414052826663,
        0.0009914988729481896,
        0.001616320099371175,
        0.0008733519624608258,
        0.0010858353731843333,
        0.0007159023700902859,
        0.0017966234319222471,
        0.0010719186703984937,
        0.002290724505049487,
        0.00093376524746418,
        0.0008915318176150322,
        0.0009778778126928954,
        0.0010220368431570629,
        0.0008849903203857442,
        0.0008060723019298166,
        0.0007015072042122483,
        0.0006310806978338709,
        0.0005837542509349684,
        0.0005426378241584947,
        0.0007343768277981629,
        0.0004925064470929404,
        0.0006604157727754986,
        0.0006188712102205803,
        0.0010882135946303606,
        0.0007884823232113073,
        0.000540652023240303,
        0.00043918533871571225,
        0.00043450360438631225,
        0.0004023530016032358,
        0.0007065643750441571,
        0.0004626522189937532,
        0.0004073128288534159,
        0.0004692672305585196,
        0.00036167272191960363,
        0.0004294930443090076,
        0.0004497979020622248,
        0.00034627620965087166,
        0.0002829554723575711,
        0.0002931793618093555,
        0.00036335254189907574,
        0.00044304724748750837,
        0.0006014179457755138,
        0.0002817304649700721,
        0.00037496417838459213,
        0.00023312670139906307,
        0.0002016057546522158,
        0.00042908423153373103,
        0.0005363251363936191,
        0.0003297574153596846,
        0.0003146369209086212,
        0.00021024972423523043,
        0.00022280838699468102,
        0.0004370816449712341,
        0.0003147818288804653,
        0.0002322533619008027,
        0.00022082660386028388,
        0.0003034934673147897,
        0.0002987278494401835,
        0.00030554053931458234,
        0.0004921082002207792,
        0.00016573392204008997
    ],