{
    "test_accuracy": 0.7,
    "test_f1": 0.696969696969697,
    "train_accuracy_history": [
        0.36666666666666664,
        0.6666666666666666,
        0.8666666666666667,
        0.9,
        0.9333333333333333,
        0.9333333333333333,
        0.9666666666666667,
        0.9666666666666667,
        0.9666666666666667,
        1.0,
        1.0,
        1.0,
        1.0,
        1.0,
        1.0,
        1.0,
        1.0,
        1.0,
        1.0,
        1.0,
        1.0,
        1.0,
        1.0,
        1.0,
        1.0,
        1.0,
        1.0,
        1.0,
        1.0,
        1.0,
        1.0,
        1.0,
        1.0,
        1.0,
        1.0,
        1.0,
        1.0,
        1.0,
        1.0,
        1.0,
        1.0,
        1.0,
        1.0,
        1.0,
        1.0,
        1.0,
        1.0,
        1.0,
        1.0,
        1.0,
        1.0,
        1.0,
        1.0,
        1.0,
        1.0,
        1.0,
        1.0,
        1.0,
        1.0,
        1.0,
        1.0,
        1.0,
        1.0,
        1.0,
        1.0,
        1.0,
        1.0,
        1.0,
        1.0,
        1.0,
        1.0,
        1.0,
        1.0,
        1.0,
        1.0,
        1.0,
        1.0,
        1.0,
        1.0,
        1.0,
        1.0,
        1.0,
        1.0,
        1.0,
        1.0,
        1.0,
        1.0,
        1.0,
        1.0,
        1.0,
        1.0,
        1.0,
        1.0,
        1.0,
        1.0,
        1.0,
        1.0,
        1.0,
        1.0,
        1.0
    ],
    "val_accuracy_history": [
        0.5,
        0.5,
        0.5,
        0.5,
        0.5,
        0.5,
        0.5,
        0.5,
        0.5,
        0.5,
        0.5,
        0.5,
        0.5,
        0.5,
        0.5,
        0.5,
        0.5,
        0.5,
        0.9,
        0.8,
        0.5,
        0.5,
        0.6,
        0.7,
        0.5,
        0.4,
        0.5,
        0.5,
        0.5,
        0.5,
        0.5,
        0.5,
        0.6,
        0.5,
        0.5,
        0.6,
        0.7,
        0.7,
        0.6,
        0.6,
        0.6,
        0.7,
        0.7,
        0.5,
        0.5,
        0.6,
        0.6,
        0.5,
        0.5,
        0.5,
        0.5,
        0.5,
        0.6,
        0.6,
        0.5,
        0.6,
        0.6,
        0.6,
        0.5,
        0.5,
        0.5,
        0.6,
        0.6,
        0.5,
        0.6,
        0.6,
        0.6,
        0.6,
        0.6,
        0.5,
        0.6,
        0.6,
        0.6,
        0.6,
        0.5,
        0.6,
        0.6,
        0.6,
        0.6,
        0.5,
        0.6,
        0.6,
        0.6,
        0.6,
        0.6,
        0.7,
        0.6,
        0.6,
        0.7,
        0.6,
        0.7,
        0.6,
        0.5,
        0.6,
        0.6,
        0.6,
        0.5,
        0.6,
        0.6,
        0.6
    ],
    "train_loss_history": [
        0.19550980925559996,
        0.14877264499664306,
        0.10895343124866486,
        0.09497011055548986,
        0.07248600473006567,
        0.08255593602856,
        0.054642389466365175,
        0.03457896150648594,
        0.040763175363341966,
        0.023432233184576035,
        0.020933989683787027,
        0.018039184063673018,
        0.011675345525145531,
        0.007837981979052226,
        0.008333089295774698,
        0.004866973962634802,
        0.0044469539852192005,
        0.005004913204660019,
        0.003872799190382163,
        0.004014349821954965,
        0.004230860279252132,
        0.0021949349630934496,
        0.002455539692891762,
        0.004966186677726607,
        0.0029025401066367826,
        0.002937847717354695,
        0.0013865767745301128,
        0.0017115775728598237,
        0.0009813736076466739,
        0.0018582272808998824,
        0.002139320011095454,
        0.0012712566317835202,
        0.0011554355209227652,
        0.001357001526048407,
        0.0009430597827304154,
        0.0016247516536774735,
        0.0009215500632611414,
        0.0006573055172339082,
        0.0008182192332848597,
        0.0007057510995461295,
        0.0007759015231082836,
        0.0008399959905849148,
        0.0006454544791874166,
        0.0016813736796999971,
        0.0006897930540920546,
        0.0007537432111954938,
        0.0005257657738790537,
        0.0006266516943772634,
        0.00043715783394873144,
        0.000537701944510142,
        0.0004951687452072899,
        0.00040014942836326856,
        0.0005232797857994835,
        0.00047693254600744694,
        0.00042080194301282364,
        0.0004353783927702655,
        0.0003946342520066537,
        0.00042546818343301614,
        0.0003072999587554174,
        0.00026207872142549606,
        0.00025932869466487317,
        0.0005091027618618682,
        0.00041283193277195094,
        0.00031124158873960066,
        0.0005340027516164506,
        0.000331879253644729,
        0.0002983543371859317,
        0.00020757340680575,
        0.0002691748406505212,
        0.00029202776907671555,
        0.0003110029123490676,
        0.00017226244769214343,
        0.00022474644792964683,
        0.0001785951559819902,
        0.00017127181830195088,
        0.0002624546177685261,
        0.00025549861614611774,
        0.00022232564515434206,
        0.0002886362349575696,
        0.00015276430688876037,
        0.00012424199473268043,
        0.0001873747656645719,
        0.00020322792406659573,
        0.00018072759897525733,
        0.000220553362062977,
        0.0002601351906681278,
        0.0001410918113833759,
        0.00021549886544865635,
        0.00029517775886536886,
        0.00016867572946163516,
        0.00017309709401160944,
        0.00014939851941259502,
        0.00010513473971514031,
        0.0002071928671891025,
        0.00019546001494745723,
        0.0001987367969074209,
        0.0001742622785968706,
        0.0001880135407797449,
        0.0001163759023863046,
        0.00010920158141137411
    ],