{
    "test_accuracy": 0.3875,
    "test_f1": 0.4020992023585072,
    "train_accuracy_history": [
        0.2875,
        0.39166666666666666,
        0.4083333333333333,
        0.4583333333333333,
        0.5041666666666667,
        0.5666666666666667,
        0.6083333333333333,
        0.6,
        0.6333333333333333,
        0.6458333333333334,
        0.6333333333333333,
        0.6625,
        0.7208333333333333,
        0.725,
        0.7375,
        0.7541666666666667,
        0.8416666666666667,
        0.7875,
        0.825,
        0.7583333333333333,
        0.8041666666666667,
        0.8208333333333333,
        0.8916666666666667,
        0.9083333333333333,
        0.8541666666666666,
        0.8583333333333333,
        0.875,
        0.8833333333333333,
        0.9083333333333333,
        0.9333333333333333,
        0.9291666666666667,
        0.9291666666666667,
        0.9291666666666667,
        0.9541666666666667,
        0.9166666666666666,
        0.9166666666666666,
        0.9333333333333333,
        0.9291666666666667,
        0.9666666666666667,
        0.9416666666666667,
        0.9541666666666667,
        0.9333333333333333,
        0.925,
        0.925,
        0.9625,
        0.975,
        0.975,
        0.9666666666666667,
        0.9708333333333333,
        0.95,
        0.95,
        0.975,
        0.9666666666666667,
        0.975,
        0.9416666666666667,
        0.9583333333333334,
        0.9791666666666666,
        0.9875,
        0.9666666666666667,
        0.9625,
        0.9708333333333333,
        0.9625,
        0.9708333333333333,
        0.9708333333333333,
        0.9958333333333333,
        0.9833333333333333,
        0.9541666666666667,
        0.9666666666666667,
        0.9791666666666666,
        0.9916666666666667,
        0.9708333333333333,
        1.0,
        0.9875,
        0.9916666666666667,
        0.9875,
        0.9708333333333333,
        0.9708333333333333,
        1.0,
        0.9875,
        0.9916666666666667,
        0.9875,
        1.0,
        0.9875,
        0.9958333333333333,
        0.9916666666666667,
        0.9833333333333333,
        0.9916666666666667,
        0.9958333333333333,
        1.0,
        0.9916666666666667,
        0.9958333333333333,
        0.9875,
        0.9833333333333333,
        1.0,
        0.9916666666666667,
        0.9916666666666667,
        0.9833333333333333,
        0.9916666666666667,
        1.0,
        1.0
    ],
    "val_accuracy_history": [
        0.25,
        0.2375,
        0.2625,
        0.25,
        0.25,
        0.25,
        0.25,
        0.2625,
        0.2375,
        0.25,
        0.25,
        0.25,
        0.25,
        0.25,
        0.275,
        0.25,
        0.25,
        0.25,
        0.2,
        0.2875,
        0.3125,
        0.2625,
        0.25,
        0.25,
        0.25,
        0.3625,
        0.3375,
        0.25,
        0.25,
        0.375,
        0.4625,
        0.25,
        0.2375,
        0.425,
        0.3375,
        0.375,
        0.375,
        0.3375,
        0.35,
        0.25,
        0.4,
        0.3625,
        0.4875,
        0.325,
        0.2875,
        0.25,
        0.375,
        0.2125,
        0.25,
        0.4,
        0.2875,
        0.3875,
        0.3375,
        0.25,
        0.4,
        0.25,
        0.25,
        0.4625,
        0.25,
        0.2625,
        0.25,
        0.45,
        0.5125,
        0.4,
        0.375,
        0.2375,
        0.325,
        0.45,
        0.4125,
        0.3,
        0.4125,
        0.575,
        0.375,
        0.475,
        0.5,
        0.2875,
        0.2625,
        0.475,
        0.4375,
        0.475,
        0.4625,
        0.575,
        0.35,
        0.25,
        0.25,
        0.3875,
        0.45,
        0.525,
        0.4375,
        0.5,
        0.3625,
        0.275,
        0.3125,
        0.525,
        0.5,
        0.3125,
        0.3,
        0.4625,
        0.5875,
        0.5875
    ],
    "train_loss_history": [
        0.3561324452360471,
        0.33242158715923625,
        0.3208330924312274,
        0.2933324466149012,
        0.2694113718966643,
        0.254598510513703,
        0.2336816633741061,
        0.23151717707514763,
        0.21278816722333432,
        0.2158107044796149,
        0.2064122784882784,
        0.1944235622882843,
        0.18724819459021091,
        0.17250843805571398,
        0.16756172813475131,
        0.1653695072978735,
        0.14443892364700636,
        0.15020546497156223,
        0.1369142004599174,
        0.15209813502927622,
        0.13822010280564428,
        0.1293146082510551,
        0.11024869531393051,
        0.10195136324812969,
        0.11390486303716899,
        0.10072890453351041,
        0.08948546048874656,
        0.09576997521022955,
        0.0786667737023284,
        0.06862207399681211,
        0.0621621653282394,
        0.05693020370478431,
        0.06801214003159355,
        0.054915710856827595,
        0.05252383041661233,
        0.07056657881475985,
        0.06170565787858019,
        0.05510292999291171,
        0.04744661374716088,
        0.050232517909413826,
        0.04551110915684452,
        0.055660031312921396,
        0.0605092384852469,
        0.04976228471690168,
        0.04803277611887703,
        0.03458851762504007,
        0.0331453565779763,
        0.03424720099234643,
        0.034063647190729775,
        0.04169182908566048,
        0.04202756746478068,
        0.02822975933086127,
        0.027311963475464534,
        0.026874059658924428,
        0.03808468361773218,
        0.03184702237097857,
        0.02073990714852698,
        0.020989323085329185,
        0.03524731645981471,
        0.03107605262969931,
        0.025346429228860264,
        0.025607492137351074,
        0.020829198301847405,
        0.02553013493986024,
        0.015035099464391048,
        0.023593268749148896,
        0.03167564354031735,
        0.024712145335312623,
        0.01859832166422469,
        0.013206776710770403,
        0.019311712492102135,
        0.012315953609261972,
        0.01434679204345836,
        0.01328954807734893,
        0.013802005798788741,
        0.02898010058803872,
        0.025340650855893425,
        0.011737000038798821,
        0.012266186228953303,
        0.012256846824190386,
        0.01264193235959586,
        0.008526133562190808,
        0.00959710580840086,
        0.00993037094885949,
        0.014644104117178359,
        0.011802329719891229,
        0.010892571075237356,
        0.009008787877003972,
        0.00669440292501046,
        0.009733460435139325,
        0.008103839551161703,
        0.010164311147430756,
        0.014223445994624247,
        0.007256248466243657,
        0.007307809881361512,
        0.007185726830963783,
        0.010587327264996322,
        0.009217243112652795,
        0.004408525338900896,
        0.004131811644037952
    ],