{
    "test_accuracy": 0.8,
    "test_f1": 0.7916666666666667,
    "train_accuracy_history": [
        0.6,
        0.9333333333333333,
        0.9666666666666667,
        0.9666666666666667,
        0.9666666666666667,
        1.0,
        1.0,
        1.0,
        1.0,
        1.0,
        0.9666666666666667,
        1.0,
        1.0,
        1.0,
        1.0,
        1.0,
        1.0,
        1.0,
        1.0,
        1.0,
        1.0,
        1.0,
        1.0,
        1.0,
        1.0,
        1.0,
        1.0,
        1.0,
        1.0,
        1.0,
        1.0,
        1.0,
        1.0,
        1.0,
        1.0,
        1.0,
        1.0,
        1.0,
        1.0,
        1.0,
        1.0,
        1.0,
        1.0,
        1.0,
        1.0,
        1.0,
        1.0,
        1.0,
        1.0,
        1.0,
        1.0,
        1.0,
        1.0,
        1.0,
        1.0,
        1.0,
        1.0,
        1.0,
        1.0,
        1.0,
        1.0,
        1.0,
        1.0,
        1.0,
        1.0,
        1.0,
        1.0,
        1.0,
        1.0,
        1.0,
        1.0,
        1.0,
        1.0,
        1.0,
        1.0,
        1.0,
        1.0,
        1.0,
        1.0,
        1.0,
        1.0,
        1.0,
        1.0,
        1.0,
        1.0,
        1.0,
        1.0,
        1.0,
        1.0,
        1.0,
        1.0,
        1.0,
        1.0,
        1.0,
        1.0,
        1.0,
        1.0,
        1.0,
        1.0,
        1.0
    ],
    "val_accuracy_history": [
        0.5,
        0.5,
        0.5,
        0.5,
        0.6,
        0.5,
        0.5,
        0.9,
        0.6,
        0.5,
        0.7,
        0.9,
        0.7,
        0.8,
        0.8,
        0.8,
        0.9,
        0.9,
        0.9,
        0.9,
        0.9,
        0.9,
        0.9,
        0.9,
        0.9,
        0.9,
        0.9,
        0.9,
        0.9,
        0.9,
        0.9,
        0.9,
        0.9,
        0.9,
        0.9,
        0.9,
        0.9,
        0.9,
        0.9,
        0.9,
        0.9,
        0.9,
        0.9,
        0.9,
        0.9,
        0.9,
        0.8,
        0.8,
        0.9,
        0.9,
        0.9,
        0.8,
        0.8,
        0.8,
        0.8,
        0.8,
        0.9,
        0.8,
        0.8,
        0.9,
        0.8,
        0.9,
        0.9,
        0.9,
        0.7,
        0.8,
        0.9,
        0.9,
        0.9,
        0.9,
        0.9,
        0.9,
        0.9,
        0.9,
        0.9,
        0.9,
        0.9,
        0.9,
        0.9,
        0.9,
        0.9,
        0.9,
        0.9,
        0.9,
        0.9,
        0.9,
        0.9,
        0.9,
        0.9,
        0.9,
        0.9,
        0.9,
        0.9,
        0.9,
        0.9,
        0.9,
        0.9,
        0.9,
        0.9,
        0.9
    ],
    "train_loss_history": [
        0.18303171892960865,
        0.07972891877094905,
        0.055101988340417546,
        0.049225604720413686,
        0.026551543176174162,
        0.02305700971434514,
        0.011155227245762945,
        0.007792853626112143,
        0.006024891355385383,
        0.009175313465918104,
        0.014088496550296743,
        0.005165832963151236,
        0.003907519955343257,
        0.0068086984722564615,
        0.00271772718988359,
        0.003300989877122144,
        0.0035724878621598084,
        0.0022261604278658825,
        0.0020362560326854387,
        0.0014629745661901932,
        0.0010203795119499168,
        0.0011733481233629087,
        0.0009431773505639285,
        0.001710976942558773,
        0.0011005905728476743,
        0.0013260874004724125,
        0.0008984945845440962,
        0.0007695724819010744,
        0.0008468383137369528,
        0.0006749384357438733,
        0.00077123495672519,
        0.0007399509699704747,
        0.0009120898049635192,
        0.0007010109043524911,
        0.000635289375592644,
        0.0005062447530993571,
        0.000559054594001888,
        0.0006721412374948462,
        0.0004290684669589003,
        0.00047731891342361145,
        0.00048333211646725733,
        0.00030202509369701145,
        0.001898521509914038,
        0.0004234536880782495,
        0.00041733976007283976,
        0.0005107283660133059,
        0.0003860275241701553,
        0.00041722318273968996,
        0.0003554545226506889,
        0.0002573269923838476,
        0.0002671362735175838,
        0.0002849735455432286,
        0.0003452347892258937,
        0.00034215767567123597,
        0.0002526906551793218,
        0.00028781724152698493,
        0.0002010911984446769,
        0.00022012099701290328,
        0.0007549361286995312,
        0.0015809561222946892,
        0.0006387316699450215,
        0.00070495792121316,
        0.0007450004731557176,
        0.002287680890973813,
        0.00045891789874682825,
        0.0006688229409822573,
        0.0006339618645142764,
        0.000494487631173494,
        0.0005137384422899534,
        0.0003757214775153746,
        0.0003491320729760143,
        0.0002553415591440474,
        0.0003625766063729922,
        0.00029167304455768317,
        0.00036894430522806945,
        0.0002982546245524039,
        0.0003050644860195462,
        0.0006126020668792383,
        0.00027294813092642776,
        0.00023051748457874054,
        0.0002410586018716761,
        0.00021486553505383198,
        0.00026101128751179206,
        0.00048276629653022006,
        0.00021806942057385945,
        0.00017445622070226817,
        0.0001478170407002229,
        0.000227021035910487,
        0.00013278401578039242,
        0.00017394890116217236,
        0.0001687624467498002,
        0.0005501659499714151,
        0.00019555722780448075,
        0.0001707385197732947,
        0.000260053748691765,
        0.00018369937024544924,
        0.00014651973785172838,
        0.00013014369954665502,
        0.0001444397971984775,
        0.00016713191701758963
    ],