{
    "test_accuracy": 0.8,
    "test_f1": 0.7619047619047619,
    "train_accuracy_history": [
        0.4666666666666667,
        0.7333333333333333,
        0.7333333333333333,
        0.9333333333333333,
        0.9333333333333333,
        0.9333333333333333,
        0.9666666666666667,
        0.9333333333333333,
        0.9666666666666667,
        1.0,
        1.0,
        0.9666666666666667,
        1.0,
        1.0,
        1.0,
        1.0,
        1.0,
        1.0,
        1.0,
        1.0,
        1.0,
        1.0,
        1.0,
        1.0,
        1.0,
        1.0,
        1.0,
        1.0,
        1.0,
        1.0,
        1.0,
        1.0,
        1.0,
        1.0,
        1.0,
        1.0,
        1.0,
        1.0,
        1.0,
        1.0,
        1.0,
        1.0,
        1.0,
        1.0,
        1.0,
        1.0,
        1.0,
        1.0,
        1.0,
        1.0,
        1.0,
        1.0,
        1.0,
        1.0,
        1.0,
        1.0,
        1.0,
        1.0,
        1.0,
        1.0,
        1.0,
        1.0,
        1.0,
        1.0,
        1.0,
        1.0,
        1.0,
        1.0,
        1.0,
        1.0,
        1.0,
        1.0,
        1.0,
        1.0,
        1.0,
        1.0,
        1.0,
        1.0,
        1.0,
        1.0,
        1.0,
        1.0,
        1.0,
        1.0,
        1.0,
        1.0,
        1.0,
        1.0,
        1.0,
        1.0,
        1.0,
        1.0,
        1.0,
        1.0,
        1.0,
        1.0,
        1.0,
        1.0,
        1.0,
        1.0
    ],
    "val_accuracy_history": [
        0.4,
        0.4,
        0.6,
        0.6,
        0.6,
        0.6,
        0.6,
        0.6,
        0.6,
        0.7,
        0.6,
        0.6,
        0.7,
        0.4,
        0.4,
        0.4,
        0.4,
        0.6,
        0.6,
        0.6,
        0.9,
        0.6,
        0.6,
        0.7,
        0.8,
        0.6,
        0.6,
        0.6,
        0.6,
        0.7,
        0.7,
        0.7,
        0.4,
        0.4,
        0.4,
        0.4,
        0.4,
        0.6,
        0.4,
        0.4,
        0.4,
        0.4,
        0.6,
        0.6,
        0.6,
        0.9,
        1.0,
        0.7,
        0.8,
        0.6,
        0.6,
        0.6,
        0.6,
        0.6,
        0.8,
        0.6,
        0.6,
        0.6,
        0.6,
        0.8,
        1.0,
        1.0,
        0.7,
        0.6,
        0.9,
        0.9,
        1.0,
        1.0,
        0.9,
        0.9,
        0.6,
        0.6,
        0.6,
        0.6,
        0.6,
        0.6,
        0.7,
        0.6,
        0.6,
        0.6,
        0.6,
        0.6,
        0.7,
        0.9,
        1.0,
        1.0,
        1.0,
        0.9,
        0.9,
        0.8,
        0.9,
        1.0,
        0.9,
        0.9,
        1.0,
        0.7,
        0.6,
        0.7,
        0.9,
        1.0
    ],
    "train_loss_history": [
        0.2114428679148356,
        0.14882840514183043,
        0.11799385497967402,
        0.09080408960580826,
        0.07608135864138603,
        0.0885657342771689,
        0.05167128170530001,
        0.0507671881467104,
        0.0528409581631422,
        0.03064347729086876,
        0.021615377782533567,
        0.0264871991549929,
        0.018673740793019533,
        0.01525362255051732,
        0.008070960718517503,
        0.009345492751648029,
        0.008184845590343078,
        0.005632194069524606,
        0.00463756756313766,
        0.0031794553933044275,
        0.004095291253179312,
        0.003054144660321375,
        0.0031212932042156655,
        0.0030051789673355717,
        0.0024703403158734243,
        0.00568887897922347,
        0.002711602063694348,
        0.002412478771293536,
        0.002188313748532285,
        0.0019850096160856385,
        0.001927289607313772,
        0.0022145754541270436,
        0.002125697654749577,
        0.001928542760045578,
        0.0014773897283400098,
        0.000723260462594529,
        0.0011173504501736412,
        0.001036923041101545,
        0.0013499208143912256,
        0.0008464474425030252,
        0.0008165069913957268,
        0.0005236481180569778,
        0.0013575816371788581,
        0.0008256676063562433,
        0.0005590076635902127,
        0.0005417453668390711,
        0.0016233121103141456,
        0.001145773996055747,
        0.0003614042807991306,
        0.0005946596153080464,
        0.0006307906146200064,
        0.0003446827007185978,
        0.0005911128071602433,
        0.00034175480492801096,
        0.00034741875812566527,
        0.0003992547707942625,
        0.0004494989416950072,
        0.00036274710534295687,
        0.0009244013223603057,
        0.00027269523319167397,
        0.0004555953210607792,
        0.0003000537447708969,
        0.00038455647494023046,
        0.00041162484509792797,
        0.0003843268748217573,
        0.0003064255169495785,
        0.0003065047785639763,
        0.000409145873466817,
        0.0004578154640815531,
        0.00019292644234762216,
        0.001687705902683471,
        0.0004378124955110252,
        0.00045991869604525466,
        0.000448808746538513,
        0.0008945721482935671,
        0.00024195165315177292,
        0.00020155138857565666,
        0.0011591264701564796,
        0.0003837578706831361,
        0.00025704187137307597,
        0.0002780071161396336,
        0.0003955606516683474,
        0.00023170204052197125,
        0.00017334931035293267,
        0.0002266802912345156,
        0.00016190014636473886,
        0.00017993277336548393,
        0.0001527723833229781,
        0.00021362901044691778,
        0.00015959707331300403,
        8.034236602725287e-05,
        0.00015804103798776244,
        0.00018119555800997963,
        0.00020388354144718808,
        0.00017350145305196444,
        0.00015885289394645952,
        0.00010091680763556118,
        0.00010317809404417252,
        0.00015954847331158816,
        9.05926190171158e-05
    ],