{
    "test_accuracy": 0.45,
    "test_f1": 0.3664772727272727,
    "train_accuracy_history": [
        0.2833333333333333,
        0.5833333333333334,
        0.7,
        0.8166666666666667,
        0.7833333333333333,
        0.9,
        0.9333333333333333,
        0.9666666666666667,
        1.0,
        1.0,
        1.0,
        0.9833333333333333,
        1.0,
        1.0,
        1.0,
        1.0,
        1.0,
        1.0,
        1.0,
        1.0,
        1.0,
        1.0,
        1.0,
        1.0,
        1.0,
        1.0,
        1.0,
        1.0,
        1.0,
        1.0,
        1.0,
        1.0,
        1.0,
        1.0,
        1.0,
        1.0,
        1.0,
        1.0,
        1.0,
        1.0,
        1.0,
        1.0,
        1.0,
        1.0,
        1.0,
        1.0,
        1.0,
        1.0,
        1.0,
        1.0,
        1.0,
        1.0,
        1.0,
        1.0,
        1.0,
        1.0,
        1.0,
        1.0,
        1.0,
        1.0,
        1.0,
        1.0,
        1.0,
        1.0,
        1.0,
        1.0,
        1.0,
        1.0,
        1.0,
        1.0,
        1.0,
        1.0,
        1.0,
        1.0,
        1.0,
        1.0,
        1.0,
        1.0,
        1.0,
        1.0,
        1.0,
        1.0,
        1.0,
        1.0,
        1.0,
        1.0,
        1.0,
        1.0,
        1.0,
        1.0,
        1.0,
        1.0,
        1.0,
        1.0,
        1.0,
        1.0,
        1.0,
        1.0,
        1.0,
        1.0
    ],
    "val_accuracy_history": [
        0.2,
        0.2,
        0.25,
        0.25,
        0.2,
        0.35,
        0.35,
        0.4,
        0.25,
        0.25,
        0.5,
        0.2,
        0.4,
        0.4,
        0.35,
        0.45,
        0.25,
        0.25,
        0.45,
        0.2,
        0.2,
        0.25,
        0.25,
        0.25,
        0.2,
        0.2,
        0.25,
        0.45,
        0.55,
        0.25,
        0.25,
        0.35,
        0.2,
        0.2,
        0.5,
        0.5,
        0.5,
        0.35,
        0.55,
        0.4,
        0.2,
        0.5,
        0.3,
        0.3,
        0.25,
        0.6,
        0.5,
        0.4,
        0.55,
        0.4,
        0.2,
        0.2,
        0.6,
        0.3,
        0.55,
        0.5,
        0.45,
        0.2,
        0.5,
        0.5,
        0.7,
        0.5,
        0.6,
        0.55,
        0.5,
        0.4,
        0.45,
        0.4,
        0.4,
        0.65,
        0.6,
        0.25,
        0.2,
        0.6,
        0.65,
        0.4,
        0.55,
        0.8,
        0.5,
        0.4,
        0.45,
        0.45,
        0.3,
        0.7,
        0.2,
        0.7,
        0.7,
        0.7,
        0.5,
        0.45,
        0.5,
        0.5,
        0.5,
        0.5,
        0.6,
        0.55,
        0.55,
        0.4,
        0.55,
        0.55
    ],
    "train_loss_history": [
        0.34937427639961244,
        0.259980778892835,
        0.201064769923687,
        0.15488431826233864,
        0.13817693094412486,
        0.10416790023446083,
        0.07861761810878913,
        0.047520200908184054,
        0.040930484607815745,
        0.028680807786683242,
        0.017754728098710378,
        0.020365524260948103,
        0.013586004264652729,
        0.012243688758462667,
        0.010828346324463686,
        0.007580677062893907,
        0.00620928715604047,
        0.007448391042028864,
        0.007388937807021042,
        0.007645948572705189,
        0.003445476790269216,
        0.00361263930099085,
        0.007964725454803557,
        0.0031127531197853386,
        0.0035703955761467415,
        0.0026472478173673155,
        0.0025331106308537224,
        0.0026914160892677805,
        0.0026589658382969597,
        0.0022641929778425642,
        0.0018903568736277521,
        0.0028780550385514897,
        0.0016990659021151563,
        0.0016911054340501626,
        0.001638743772249048,
        0.0013747926296976706,
        0.0014145663105106603,
        0.0014121530577540398,
        0.0011831288158039874,
        0.0013572193429960558,
        0.0010662120999768375,
        0.0010650342679582535,
        0.0011804073001258075,
        0.0017240698556027685,
        0.0010666205896995961,
        0.001091543249397849,
        0.0006666911533102394,
        0.0007725677035826569,
        0.0013681223819730804,
        0.000771711205986018,
        0.0012397718577024837,
        0.0005884804801704983,
        0.0008513053064234555,
        0.0006814527529058978,
        0.0007704125833697617,
        0.001069774628073598,
        0.0009534339740639552,
        0.0006417888983075196,
        0.0007706787805849065,
        0.00047351389851731557,
        0.00043166837567696346,
        0.00045592088281409815,
        0.0007718885598781829,
        0.00066961432263876,
        0.0005000837389767791,
        0.0004698933305917308,
        0.00043266773185071845,
        0.000538055660823981,
        0.00032325890788342804,
        0.0003180620881418387,
        0.00040908217488322407,
        0.00042644545901566745,
        0.00033587370950651044,
        0.0003033573375432752,
        0.00034512592052730423,
        0.00029424378202141574,
        0.00031974447580675284,
        0.0003050218079200325,
        0.000506712557883778,
        0.0004461796539544594,
        0.0003617389670883616,
        0.00039609022496733814,
        0.00029817876153780766,
        0.0003048249869607389,
        0.00029166136470545705,
        0.00022603553710117316,
        0.00039111601314895474,
        0.00027244754067699736,
        0.00018796806155781573,
        0.0002449313576410835,
        0.00025151602846259873,
        0.0003944455723588665,
        0.0002653181327332277,
        0.00018528293827936674,
        0.00019365785919944756,
        0.00021346019154104093,
        0.0001985671500733588,
        0.00030449990881606934,
        0.00022232324214807402,
        0.0001652618443282942
    ],