{
    "test_accuracy": 0.25,
    "test_f1": 0.1,
    "train_accuracy_history": [
        0.2625,
        0.22916666666666666,
        0.15,
        0.21666666666666667,
        0.24166666666666667,
        0.22916666666666666,
        0.20833333333333334,
        0.18333333333333332,
        0.19166666666666668,
        0.20416666666666666,
        0.18333333333333332,
        0.23333333333333334,
        0.19583333333333333,
        0.225,
        0.20833333333333334,
        0.24583333333333332,
        0.25,
        0.24166666666666667,
        0.20416666666666666,
        0.23333333333333334,
        0.21666666666666667,
        0.2375,
        0.20833333333333334,
        0.225,
        0.20833333333333334,
        0.20833333333333334,
        0.25,
        0.2125,
        0.20833333333333334,
        0.225,
        0.19166666666666668,
        0.24166666666666667,
        0.2375,
        0.20416666666666666,
        0.23333333333333334,
        0.225,
        0.23333333333333334,
        0.22083333333333333,
        0.23333333333333334,
        0.20833333333333334,
        0.23333333333333334,
        0.25,
        0.22916666666666666,
        0.1875,
        0.22916666666666666,
        0.24166666666666667,
        0.20833333333333334,
        0.22916666666666666,
        0.19583333333333333,
        0.25,
        0.25,
        0.2125,
        0.2125,
        0.17916666666666667,
        0.2,
        0.175,
        0.20833333333333334,
        0.2125,
        0.2125,
        0.20416666666666666,
        0.19166666666666668,
        0.2125,
        0.225,
        0.22083333333333333,
        0.20416666666666666,
        0.17083333333333334,
        0.23333333333333334,
        0.25,
        0.21666666666666667,
        0.225,
        0.2125,
        0.2,
        0.20416666666666666,
        0.2375,
        0.22916666666666666,
        0.22083333333333333,
        0.225,
        0.23333333333333334,
        0.24583333333333332,
        0.1875,
        0.2,
        0.25,
        0.22083333333333333,
        0.18333333333333332,
        0.225,
        0.22083333333333333,
        0.225,
        0.2125,
        0.22916666666666666,
        0.22916666666666666,
        0.25,
        0.24166666666666667,
        0.225,
        0.2125,
        0.25,
        0.2375,
        0.2125,
        0.22916666666666666,
        0.2375,
        0.1875
    ],
    "val_accuracy_history": [
        0.25,
        0.25,
        0.25,
        0.25,
        0.25,
        0.25,
        0.25,
        0.25,
        0.25,
        0.25,
        0.25,
        0.25,
        0.25,
        0.25,
        0.25,
        0.25,
        0.25,
        0.25,
        0.25,
        0.25,
        0.25,
        0.25,
        0.25,
        0.25,
        0.25,
        0.25,
        0.25,
        0.25,
        0.25,
        0.25,
        0.25,
        0.25,
        0.25,
        0.25,
        0.25,
        0.25,
        0.25,
        0.25,
        0.25,
        0.25,
        0.25,
        0.25,
        0.25,
        0.25,
        0.25,
        0.25,
        0.25,
        0.25,
        0.25,
        0.25,
        0.25,
        0.25,
        0.25,
        0.25,
        0.25,
        0.25,
        0.25,
        0.25,
        0.25,
        0.25,
        0.25,
        0.25,
        0.25,
        0.25,
        0.25,
        0.25,
        0.25,
        0.25,
        0.25,
        0.25,
        0.25,
        0.25,
        0.25,
        0.25,
        0.25,
        0.25,
        0.25,
        0.25,
        0.25,
        0.25,
        0.25,
        0.25,
        0.25,
        0.25,
        0.25,
        0.25,
        0.25,
        0.25,
        0.25,
        0.25,
        0.25,
        0.25,
        0.25,
        0.25,
        0.25,
        0.25,
        0.25,
        0.25,
        0.25,
        0.25
    ],
    "train_loss_history": [
        0.974231184522311,
        0.34784899999698005,
        0.3480364705125491,
        0.34747874885797503,
        0.34728440443674724,
        0.3476179992159208,
        0.34713632563749947,
        0.3473808591564496,
        0.34733709345261254,
        0.3471520404020945,
        0.3474111109972,
        0.3474971453348796,
        0.34719517032305397,
        0.34768965194622675,
        0.3469520151615143,
        0.3469942326347033,
        0.3469430491328239,
        0.34706330945094427,
        0.34694953660170236,
        0.3468675206104914,
        0.34688744048277537,
        0.3470052634676298,
        0.3468708654244741,
        0.3468799630800883,
        0.34681441883246106,
        0.34686605433622997,
        0.3468853130936623,
        0.34685807426770526,
        0.34684051970640817,
        0.34679773499568306,
        0.34686349431673685,
        0.3468380426367124,
        0.34691442251205445,
        0.3468112121025721,
        0.3468085353573163,
        0.34690463691949847,
        0.3468347390492757,
        0.3467260385553042,
        0.3468404879172643,
        0.34679458340009056,
        0.34679080148537955,
        0.34674912244081496,
        0.3467334548632304,
        0.34685631692409513,
        0.3470471431811651,
        0.3468125209212303,
        0.3467997377117475,
        0.34672012080748876,
        0.3467730551958084,
        0.3468018134435018,
        0.3467477868000666,
        0.3468022455771764,
        0.34675043473641076,
        0.3467403888702393,
        0.3468784054120382,
        0.3466817125678062,
        0.34679928769667945,
        0.3467222318053246,
        0.3468482052286466,
        0.3467884416381518,
        0.3467389608422915,
        0.3466799154877663,
        0.34676198959350585,
        0.3468071326613426,
        0.3467932636539141,
        0.34669881910085676,
        0.34681658347447714,
        0.34667408267656963,
        0.3467255746324857,
        0.34673349956671395,
        0.34672547976175944,
        0.3468593582510948,
        0.34669161041577656,
        0.34675118178129194,
        0.346718630194664,
        0.34689127405484516,
        0.34678405374288557,
        0.346695468823115,
        0.346954249838988,
        0.34689398407936095,
        0.34668101121981937,
        0.34673422425985334,
        0.34669381628433865,
        0.3466820185383161,
        0.34667482574780784,
        0.34672264953454335,
        0.34672296593586605,
        0.3467285007238388,
        0.3467214067776998,
        0.3467369765043259,
        0.3467357724905014,
        0.3467022771636645,
        0.34669124285380043,
        0.346686086555322,
        0.34667650163173674,
        0.34670043488343555,
        0.34677759259939195,
        0.3467859720190366,
        0.3466689666112264,
        0.3466903567314148
    ],