{
    "test_accuracy": 0.4,
    "test_f1": 0.3861693861693862,
    "train_accuracy_history": [
        0.3333333333333333,
        0.7333333333333333,
        0.7555555555555555,
        0.7777777777777778,
        0.9111111111111111,
        0.9111111111111111,
        0.9111111111111111,
        0.9555555555555556,
        0.9555555555555556,
        0.9555555555555556,
        0.9777777777777777,
        0.9777777777777777,
        1.0,
        1.0,
        1.0,
        1.0,
        1.0,
        1.0,
        0.9777777777777777,
        1.0,
        1.0,
        1.0,
        1.0,
        1.0,
        1.0,
        0.9777777777777777,
        1.0,
        1.0,
        1.0,
        1.0,
        1.0,
        1.0,
        1.0,
        1.0,
        1.0,
        1.0,
        1.0,
        1.0,
        1.0,
        1.0,
        1.0,
        1.0,
        1.0,
        1.0,
        1.0,
        1.0,
        1.0,
        1.0,
        1.0,
        1.0,
        1.0,
        1.0,
        1.0,
        1.0,
        1.0,
        1.0,
        1.0,
        1.0,
        1.0,
        1.0,
        1.0,
        1.0,
        1.0,
        1.0,
        1.0,
        1.0,
        1.0,
        1.0,
        1.0,
        1.0,
        1.0,
        1.0,
        1.0,
        1.0,
        1.0,
        1.0,
        1.0,
        1.0,
        1.0,
        1.0,
        1.0,
        1.0,
        1.0,
        1.0,
        1.0,
        1.0,
        1.0,
        1.0,
        1.0,
        1.0,
        1.0,
        1.0,
        1.0,
        1.0,
        1.0,
        1.0,
        1.0,
        1.0,
        1.0,
        1.0
    ],
    "val_accuracy_history": [
        0.3333333333333333,
        0.26666666666666666,
        0.4,
        0.4,
        0.4,
        0.4,
        0.4,
        0.4,
        0.4,
        0.4,
        0.4,
        0.4,
        0.4,
        0.4,
        0.3333333333333333,
        0.3333333333333333,
        0.3333333333333333,
        0.4,
        0.4,
        0.26666666666666666,
        0.4,
        0.6,
        0.5333333333333333,
        0.26666666666666666,
        0.5333333333333333,
        0.26666666666666666,
        0.3333333333333333,
        0.26666666666666666,
        0.4666666666666667,
        0.3333333333333333,
        0.4,
        0.4666666666666667,
        0.3333333333333333,
        0.26666666666666666,
        0.4666666666666667,
        0.6,
        0.4666666666666667,
        0.4,
        0.3333333333333333,
        0.3333333333333333,
        0.26666666666666666,
        0.26666666666666666,
        0.26666666666666666,
        0.4666666666666667,
        0.7333333333333333,
        0.4,
        0.5333333333333333,
        0.4,
        0.2,
        0.3333333333333333,
        0.3333333333333333,
        0.4,
        0.4,
        0.4666666666666667,
        0.4666666666666667,
        0.4,
        0.4666666666666667,
        0.4666666666666667,
        0.5333333333333333,
        0.26666666666666666,
        0.4,
        0.4,
        0.5333333333333333,
        0.4,
        0.5333333333333333,
        0.6,
        0.5333333333333333,
        0.5333333333333333,
        0.4666666666666667,
        0.6,
        0.26666666666666666,
        0.3333333333333333,
        0.5333333333333333,
        0.3333333333333333,
        0.4,
        0.4666666666666667,
        0.5333333333333333,
        0.4666666666666667,
        0.6666666666666666,
        0.6,
        0.4,
        0.3333333333333333,
        0.4,
        0.4,
        0.4,
        0.3333333333333333,
        0.4,
        0.4666666666666667,
        0.5333333333333333,
        0.6,
        0.6666666666666666,
        0.4,
        0.4,
        0.5333333333333333,
        0.3333333333333333,
        0.4,
        0.5333333333333333,
        0.5333333333333333,
        0.4666666666666667,
        0.4
    ],
    "train_loss_history": [
        0.3000418967670865,
        0.20166304972436694,
        0.1620520571867625,
        0.13937422492437893,
        0.10706571439901988,
        0.09457986801862717,
        0.08770373422238562,
        0.06511297118332651,
        0.054854618633786836,
        0.05912300441414118,
        0.03573439754545689,
        0.029154646857124236,
        0.030872081799639597,
        0.02500469299654166,
        0.016943983692261907,
        0.019081767917507226,
        0.015706216140339773,
        0.01611629584804177,
        0.015788254925670722,
        0.010070729069411755,
        0.008390674450331264,
        0.009491737197256751,
        0.006788221891555521,
        0.007651724718097184,
        0.005486169902400838,
        0.017993174312222335,
        0.008130043527732294,
        0.011199811649405294,
        0.010865362950911124,
        0.006863714270811114,
        0.006084884620375103,
        0.005763200911072393,
        0.0031580759884996547,
        0.003918087451408306,
        0.0032259721709932718,
        0.0024594971884248987,
        0.0025207713453306094,
        0.0019104065153644316,
        0.002027444976071517,
        0.002432737427039279,
        0.002003481681458652,
        0.0016232873353550935,
        0.002582741751232081,
        0.0020539229076045255,
        0.0022803058485603993,
        0.0014033882387189402,
        0.0018620900357038611,
        0.0013621416486178835,
        0.0039041871101491983,
        0.001900178552386933,
        0.001897332955720938,
        0.0009395811939612031,
        0.0012570435504636003,
        0.0012945141410455109,
        0.0026070221016804376,
        0.0008863380793223364,
        0.0010081274680689804,
        0.0006482460755958325,
        0.0007727062665960854,
        0.0012663426548695294,
        0.0010040758167936777,
        0.0009170804327974717,
        0.0007818177704595858,
        0.0005621864887264868,
        0.0008700143662281334,
        0.0015696595235365545,
        0.0008116810776603718,
        0.0008788189171658208,
        0.0005607210720578829,
        0.001079796559901701,
        0.0006455985958584481,
        0.0006364243693598029,
        0.0004495549339076711,
        0.001062369539350685,
        0.0005222662710972751,
        0.0005030620118810071,
        0.0006331798086951797,
        0.00047524653523901687,
        0.0005180812531357838,
        0.00035043639622421726,
        0.0005377019723204688,
        0.0004217302413760788,
        0.00047480954316496437,
        0.00034616887925140974,
        0.0003056328730761177,
        0.0006036325519542313,
        0.0005326259046948205,
        0.0002791368816461828,
        0.0004083363517161666,
        0.0003946565815971957,
        0.0004341401770135336,
        0.0004205748600523091,
        0.0003957666974100802,
        0.0005571669976537426,
        0.00029109835862376106,
        0.00024387029859806515,
        0.00037179985989092124,
        0.00021003406274960272,
        0.00034694175119511785,
        0.00025495459734277876
    ],