{
    "test_accuracy": 0.6666666666666666,
    "test_f1": 0.47863247863247865,
    "train_accuracy_history": [
        0.3333333333333333,
        0.6444444444444445,
        0.6666666666666666,
        0.7333333333333333,
        0.7777777777777778,
        0.8666666666666667,
        0.9555555555555556,
        0.8888888888888888,
        0.9333333333333333,
        0.9555555555555556,
        1.0,
        0.9777777777777777,
        1.0,
        1.0,
        1.0,
        1.0,
        1.0,
        0.9777777777777777,
        1.0,
        1.0,
        1.0,
        1.0,
        1.0,
        1.0,
        1.0,
        1.0,
        1.0,
        1.0,
        1.0,
        1.0,
        1.0,
        1.0,
        1.0,
        1.0,
        1.0,
        1.0,
        1.0,
        1.0,
        1.0,
        1.0,
        1.0,
        1.0,
        1.0,
        1.0,
        1.0,
        1.0,
        1.0,
        1.0,
        1.0,
        1.0,
        1.0,
        1.0,
        1.0,
        1.0,
        1.0,
        1.0,
        1.0,
        1.0,
        1.0,
        1.0,
        1.0,
        1.0,
        1.0,
        1.0,
        1.0,
        1.0,
        1.0,
        1.0,
        1.0,
        1.0,
        1.0,
        1.0,
        1.0,
        1.0,
        1.0,
        1.0,
        1.0,
        1.0,
        1.0,
        1.0,
        1.0,
        1.0,
        1.0,
        1.0,
        1.0,
        1.0,
        1.0,
        1.0,
        1.0,
        1.0,
        1.0,
        1.0,
        1.0,
        1.0,
        1.0,
        1.0,
        1.0,
        1.0,
        1.0,
        1.0
    ],
    "val_accuracy_history": [
        0.4,
        0.3333333333333333,
        0.3333333333333333,
        0.4,
        0.4,
        0.3333333333333333,
        0.4,
        0.4,
        0.4,
        0.4,
        0.4,
        0.3333333333333333,
        0.3333333333333333,
        0.3333333333333333,
        0.3333333333333333,
        0.2,
        0.4,
        0.4,
        0.3333333333333333,
        0.3333333333333333,
        0.3333333333333333,
        0.3333333333333333,
        0.2,
        0.3333333333333333,
        0.3333333333333333,
        0.3333333333333333,
        0.3333333333333333,
        0.26666666666666666,
        0.3333333333333333,
        0.3333333333333333,
        0.3333333333333333,
        0.3333333333333333,
        0.4,
        0.4,
        0.4,
        0.4,
        0.3333333333333333,
        0.4,
        0.26666666666666666,
        0.4666666666666667,
        0.5333333333333333,
        0.4666666666666667,
        0.3333333333333333,
        0.4,
        0.26666666666666666,
        0.3333333333333333,
        0.3333333333333333,
        0.4,
        0.3333333333333333,
        0.4,
        0.3333333333333333,
        0.4,
        0.4,
        0.2,
        0.4,
        0.4666666666666667,
        0.3333333333333333,
        0.3333333333333333,
        0.4666666666666667,
        0.4,
        0.4666666666666667,
        0.5333333333333333,
        0.26666666666666666,
        0.3333333333333333,
        0.26666666666666666,
        0.3333333333333333,
        0.3333333333333333,
        0.3333333333333333,
        0.4,
        0.3333333333333333,
        0.4666666666666667,
        0.4,
        0.4,
        0.26666666666666666,
        0.26666666666666666,
        0.26666666666666666,
        0.3333333333333333,
        0.2,
        0.26666666666666666,
        0.2,
        0.4666666666666667,
        0.4,
        0.3333333333333333,
        0.4,
        0.3333333333333333,
        0.4,
        0.3333333333333333,
        0.3333333333333333,
        0.4,
        0.3333333333333333,
        0.3333333333333333,
        0.4,
        0.3333333333333333,
        0.4666666666666667,
        0.4,
        0.4666666666666667,
        0.3333333333333333,
        0.4,
        0.3333333333333333,
        0.3333333333333333
    ],
    "train_loss_history": [
        0.3157098624441359,
        0.24279215998119777,
        0.23755569060643514,
        0.19445647795995077,
        0.15694384508662754,
        0.14654914604292976,
        0.1197234570980072,
        0.10345992214149899,
        0.08629114859633975,
        0.07438587182097965,
        0.05952653835217158,
        0.05177559488349491,
        0.04158721665541331,
        0.0378139761586984,
        0.031834882580571704,
        0.028953690081834793,
        0.02399861158596145,
        0.04626043902503119,
        0.03487590957019064,
        0.02793268354402648,
        0.02602710210614734,
        0.014416036796238688,
        0.010495684047540029,
        0.008629974474509557,
        0.006916248860458533,
        0.005332879463417662,
        0.006356836234529813,
        0.006372782370696465,
        0.008191871011836662,
        0.006173261596510808,
        0.008773532509803773,
        0.004325302090081903,
        0.006131390295922756,
        0.004400792500625054,
        0.004094671882275078,
        0.0034410713447464835,
        0.0034859230922948984,
        0.002895016424978773,
        0.004092027578088972,
        0.0030513528424004712,
        0.0024502015620883966,
        0.002202472028632959,
        0.002227016284854876,
        0.002757967806731661,
        0.002746404231422477,
        0.0018425033013853762,
        0.0017033857552127705,
        0.0018856789192391765,
        0.0014337491839089328,
        0.0017027479027294451,
        0.0017941567736367385,
        0.0018283081085731586,
        0.0012016413086611364,
        0.0014890255639329552,
        0.0014368468222932683,
        0.0010395272298612528,
        0.001200296331403984,
        0.001484268960646457,
        0.0011871553672891525,
        0.0011545787837045887,
        0.0007518613465233809,
        0.0011361829082792005,
        0.000713678872367988,
        0.0006691564961026112,
        0.0008554512376172675,
        0.0006957309242958824,
        0.0004619512512969474,
        0.0009353379589608974,
        0.0009261491320406397,
        0.0005852889554161164,
        0.0008705027375577225,
        0.0006186219591957828,
        0.0005628042556862865,
        0.0004797885181485779,
        0.0004833793687996351,
        0.0004988508719381773,
        0.0005453240695512957,
        0.00039050867069616085,
        0.0005339546478353441,
        0.0004015236808401015,
        0.0005368991457443271,
        0.0004698253948137992,
        0.00046864144840381213,
        0.00035938373896189863,
        0.00039873934519063265,
        0.0004416984965145174,
        0.0004045989454930855,
        0.000348956775592847,
        0.00033281734471933707,
        0.000664340857636287,
        0.0007855663606379595,
        0.0005469283153716889,
        0.0003949209349229932,
        0.00044500641783492434,
        0.0003767671319009322,
        0.0003929515330431362,
        0.00038214816272051796,
        0.0002879770825125484,
        0.00030438631009827884,
        0.00026274046136273276
    ],