{
    "test_accuracy": 0.5,
    "test_f1": 0.5,
    "train_accuracy_history": [
        0.38333333333333336,
        0.6833333333333333,
        0.8666666666666667,
        0.9333333333333333,
        1.0,
        0.9833333333333333,
        0.95,
        0.9833333333333333,
        1.0,
        1.0,
        1.0,
        0.9833333333333333,
        1.0,
        1.0,
        1.0,
        1.0,
        1.0,
        1.0,
        1.0,
        1.0,
        1.0,
        0.9833333333333333,
        1.0,
        1.0,
        1.0,
        1.0,
        1.0,
        1.0,
        1.0,
        1.0,
        1.0,
        1.0,
        1.0,
        1.0,
        1.0,
        1.0,
        1.0,
        1.0,
        1.0,
        1.0,
        1.0,
        1.0,
        1.0,
        1.0,
        1.0,
        1.0,
        1.0,
        1.0,
        1.0,
        1.0,
        1.0,
        1.0,
        1.0,
        1.0,
        1.0,
        1.0,
        1.0,
        1.0,
        1.0,
        1.0,
        1.0,
        1.0,
        1.0,
        1.0,
        1.0,
        1.0,
        1.0,
        1.0,
        1.0,
        1.0,
        1.0,
        1.0,
        1.0,
        1.0,
        1.0,
        1.0,
        1.0,
        1.0,
        1.0,
        1.0,
        1.0,
        1.0,
        1.0,
        1.0,
        1.0,
        1.0,
        1.0,
        1.0,
        1.0,
        1.0,
        1.0,
        1.0,
        1.0,
        1.0,
        1.0,
        1.0,
        1.0,
        1.0,
        1.0,
        1.0
    ],
    "val_accuracy_history": [
        0.25,
        0.25,
        0.2,
        0.25,
        0.25,
        0.3,
        0.25,
        0.25,
        0.25,
        0.25,
        0.4,
        0.35,
        0.35,
        0.6,
        0.45,
        0.5,
        0.45,
        0.5,
        0.6,
        0.6,
        0.55,
        0.3,
        0.25,
        0.55,
        0.55,
        0.3,
        0.35,
        0.35,
        0.45,
        0.3,
        0.5,
        0.4,
        0.4,
        0.55,
        0.55,
        0.45,
        0.45,
        0.5,
        0.5,
        0.55,
        0.55,
        0.55,
        0.5,
        0.55,
        0.6,
        0.6,
        0.6,
        0.5,
        0.5,
        0.6,
        0.6,
        0.6,
        0.55,
        0.55,
        0.55,
        0.5,
        0.5,
        0.5,
        0.6,
        0.55,
        0.6,
        0.6,
        0.55,
        0.55,
        0.6,
        0.6,
        0.55,
        0.6,
        0.5,
        0.6,
        0.55,
        0.55,
        0.6,
        0.55,
        0.55,
        0.5,
        0.55,
        0.5,
        0.5,
        0.5,
        0.55,
        0.55,
        0.55,
        0.55,
        0.55,
        0.55,
        0.55,
        0.6,
        0.6,
        0.6,
        0.6,
        0.6,
        0.6,
        0.55,
        0.55,
        0.55,
        0.55,
        0.6,
        0.55,
        0.65
    ],
    "train_loss_history": [
        0.36433103680610657,
        0.17227676411469778,
        0.11896158282955488,
        0.046612320964535076,
        0.0227213346088926,
        0.01869580845038096,
        0.03405673959447692,
        0.014718793115268152,
        0.01417514030666401,
        0.010557101911399514,
        0.0033335899837159864,
        0.009752947917634931,
        0.005205585875470812,
        0.0011988673087519905,
        0.0014532403836104398,
        0.0007910095727614437,
        0.001073566750953129,
        0.0005553953286532002,
        0.0011283381939089546,
        0.0004813273936936942,
        0.0005452837203241263,
        0.012202078549307771,
        0.0022752729787801703,
        0.001385178547934629,
        0.0008275881225320821,
        0.002661321428604424,
        0.0018143245106330141,
        0.0006316589016932995,
        0.0006475921953096985,
        0.0010389691006518357,
        0.0008275660863243198,
        0.0006255513146849504,
        0.00030000968399690464,
        0.00029245074838399885,
        0.00019265202621075636,
        0.00016438543558858025,
        0.00015472548099448128,
        0.00014765633144027865,
        0.00040201399848835233,
        0.00019519713556898449,
        0.00010677692407625727,
        9.221490084504088e-05,
        0.0001315993516376087,
        0.00012446260764894154,
        7.485588939744048e-05,
        7.898032290540869e-05,
        6.024588413614159e-05,
        6.022570447991408e-05,
        0.00012710528772004183,
        7.217837458786866e-05,
        0.00011098068728945995,
        4.7954746635999374e-05,
        5.0990038653253576e-05,
        4.6146938742216056e-05,
        5.7896050323809806e-05,
        5.544031058282902e-05,
        8.838699820140997e-05,
        9.726155749376631e-05,
        5.601868371437983e-05,
        8.311291664237312e-05,
        5.356165863001176e-05,
        3.312949089983401e-05,
        3.439544373880684e-05,
        3.7419723958009855e-05,
        4.911719436980396e-05,
        5.0900525578375286e-05,
        3.632286516221939e-05,
        6.888491255570746e-05,
        0.00011558361372105234,
        4.12917472810174e-05,
        5.472556234356792e-05,
        6.372813371247806e-05,
        3.651706653423995e-05,
        5.205763257739212e-05,
        3.3307394429963705e-05,
        3.0140737514254094e-05,
        5.128142896258699e-05,
        5.679424287639752e-05,
        2.884685157672114e-05,
        6.152314096349679e-05,
        2.0256562705374867e-05,
        2.5820478458626895e-05,
        4.551459351205267e-05,
        3.613343572700008e-05,
        1.9854039298176455e-05,
        2.966280932620672e-05,
        3.0443606859383485e-05,
        2.323680128029082e-05,
        2.852489330204359e-05,
        1.9045911509844398e-05,
        2.2121737917283705e-05,
        2.024584894873745e-05,
        2.4422493849366824e-05,
        1.777424264825337e-05,
        1.9977681980284008e-05,
        6.228738111531129e-05,
        1.6217710041625347e-05,
        2.1616981697055357e-05,
        3.037559769533497e-05,
        1.788310391930281e-05
    ],