{
    "test_accuracy": 0.3,
    "test_f1": 0.27564102564102566,
    "train_accuracy_history": [
        0.26666666666666666,
        0.23333333333333334,
        0.3,
        0.25,
        0.36666666666666664,
        0.36666666666666664,
        0.4,
        0.5166666666666667,
        0.4166666666666667,
        0.5666666666666667,
        0.6,
        0.65,
        0.65,
        0.6,
        0.6,
        0.7166666666666667,
        0.7,
        0.8666666666666667,
        0.7833333333333333,
        0.75,
        0.8,
        0.85,
        0.8666666666666667,
        0.95,
        0.8666666666666667,
        0.9333333333333333,
        0.9333333333333333,
        1.0,
        0.95,
        0.9833333333333333,
        0.9833333333333333,
        1.0,
        0.9833333333333333,
        0.95,
        0.9333333333333333,
        0.9833333333333333,
        1.0,
        1.0,
        1.0,
        1.0,
        1.0,
        1.0,
        1.0,
        1.0,
        1.0,
        1.0,
        1.0,
        1.0,
        1.0,
        1.0,
        1.0,
        1.0,
        1.0,
        1.0,
        1.0,
        1.0,
        1.0,
        1.0,
        1.0,
        1.0,
        1.0,
        1.0,
        1.0,
        1.0,
        1.0,
        1.0,
        1.0,
        1.0,
        1.0,
        1.0,
        1.0,
        1.0,
        1.0,
        1.0,
        1.0,
        1.0,
        1.0,
        1.0,
        1.0,
        1.0,
        1.0,
        1.0,
        1.0,
        1.0,
        1.0,
        1.0,
        1.0,
        1.0,
        1.0,
        1.0,
        1.0,
        1.0,
        1.0,
        1.0,
        1.0,
        1.0,
        1.0,
        1.0,
        1.0,
        1.0
    ],
    "val_accuracy_history": [
        0.25,
        0.25,
        0.2,
        0.25,
        0.2,
        0.35,
        0.25,
        0.2,
        0.35,
        0.25,
        0.3,
        0.3,
        0.25,
        0.2,
        0.25,
        0.25,
        0.3,
        0.25,
        0.3,
        0.35,
        0.25,
        0.35,
        0.35,
        0.25,
        0.35,
        0.3,
        0.35,
        0.35,
        0.3,
        0.25,
        0.35,
        0.35,
        0.35,
        0.35,
        0.25,
        0.35,
        0.4,
        0.35,
        0.35,
        0.3,
        0.35,
        0.35,
        0.35,
        0.3,
        0.3,
        0.3,
        0.3,
        0.3,
        0.35,
        0.3,
        0.3,
        0.3,
        0.3,
        0.35,
        0.3,
        0.35,
        0.35,
        0.3,
        0.3,
        0.3,
        0.3,
        0.3,
        0.3,
        0.3,
        0.3,
        0.3,
        0.3,
        0.3,
        0.3,
        0.3,
        0.3,
        0.3,
        0.35,
        0.35,
        0.3,
        0.25,
        0.3,
        0.3,
        0.3,
        0.35,
        0.25,
        0.35,
        0.3,
        0.3,
        0.35,
        0.25,
        0.3,
        0.3,
        0.3,
        0.3,
        0.35,
        0.3,
        0.35,
        0.3,
        0.3,
        0.3,
        0.3,
        0.3,
        0.35,
        0.3
    ],
    "train_loss_history": [
        117.48902438481649,
        22.658212248484293,
        7.430426820119222,
        6.427784639596939,
        1.9188727140426636,
        2.280100050320228,
        1.9915512699633837,
        1.499726003035903,
        1.3667495787143706,
        0.9321416895467943,
        0.8012301308723787,
        0.6477326036740881,
        0.44736452847719194,
        0.7182576974232991,
        0.45066513096292815,
        0.3114236709972223,
        0.5364420663720618,
        0.14351461264304816,
        0.18013092006246248,
        0.19798998249073824,
        0.206365962450703,
        0.08492356872496505,
        0.1191935146227479,
        0.06434127531344226,
        0.07846544668039618,
        0.040903456361653906,
        0.037711947519953055,
        0.02125559713264617,
        0.03134555246603365,
        0.01531447454666098,
        0.015508110029622912,
        0.012175175280329615,
        0.015479374304413795,
        0.024730326763043802,
        0.03333938333089463,
        0.014880330447825448,
        0.006076930254009009,
        0.0059228724140363434,
        0.004664589232803943,
        0.0048835580896896625,
        0.003955953886422018,
        0.002579821653974553,
        0.0030712316383566455,
        0.0022108649573056027,
        0.0024373044492676855,
        0.0022751461758161893,
        0.002010512028937228,
        0.0020758039550855755,
        0.0017622006746629874,
        0.0024183776190814872,
        0.0019703140686033295,
        0.0018218266496357197,
        0.0017911502366284064,
        0.002079359605947199,
        0.0017165049929947903,
        0.0017586868702589224,
        0.0017236663600973163,
        0.001520373074648281,
        0.0016504078802730268,
        0.0013924614094624607,
        0.0014132835390531302,
        0.0015176665959491704,
        0.0012793472211342304,
        0.0012845581106375903,
        0.0010502208994391065,
        0.0012776616212552957,
        0.0012288597642812723,
        0.0010705507806657503,
        0.0012307978247311742,
        0.0010876521739798287,
        0.001392703478632029,
        0.0011531372957203226,
        0.0011675466785770064,
        0.0010448937682667747,
        0.0007442855750317297,
        0.0007552322019667675,
        0.0009144847640224422,
        0.0011426786261533076,
        0.0009493160464141208,
        0.0009589340194149069,
        0.0009485085378400981,
        0.0009784843617429335,
        0.0009016452757350634,
        0.0006288454135453018,
        0.0010854339370174179,
        0.0006894140875374433,
        0.0009545773624267895,
        0.0008197940545263312,
        0.0006012401285261148,
        0.0006895887257996946,
        0.0006401712375615413,
        0.0006368399728671648,
        0.000568954438494984,
        0.0005392760487059907,
        0.0005983834232514103,
        0.0005303046840708703,
        0.0005488575394944443,
        0.0005419498430759025,
        0.0005715321104313868,
        0.0005646894884800228
    ],