{
    "test_accuracy": 0.8,
    "test_f1": 0.7916666666666667,
    "train_accuracy_history": [
        0.5333333333333333,
        0.9333333333333333,
        0.9333333333333333,
        0.9,
        0.9,
        0.9666666666666667,
        0.9666666666666667,
        0.9666666666666667,
        1.0,
        1.0,
        1.0,
        1.0,
        1.0,
        1.0,
        1.0,
        1.0,
        1.0,
        1.0,
        1.0,
        1.0,
        1.0,
        1.0,
        1.0,
        1.0,
        1.0,
        1.0,
        1.0,
        1.0,
        1.0,
        1.0,
        1.0,
        1.0,
        1.0,
        1.0,
        1.0,
        1.0,
        1.0,
        1.0,
        1.0,
        1.0,
        1.0,
        1.0,
        1.0,
        1.0,
        1.0,
        1.0,
        1.0,
        1.0,
        1.0,
        1.0,
        1.0,
        1.0,
        1.0,
        1.0,
        1.0,
        1.0,
        1.0,
        1.0,
        1.0,
        1.0,
        1.0,
        1.0,
        1.0,
        1.0,
        1.0,
        1.0,
        1.0,
        1.0,
        1.0,
        1.0,
        1.0,
        1.0,
        1.0,
        1.0,
        1.0,
        1.0,
        1.0,
        1.0,
        1.0,
        1.0,
        1.0,
        1.0,
        1.0,
        1.0,
        1.0,
        1.0,
        1.0,
        1.0,
        1.0,
        1.0,
        1.0,
        1.0,
        1.0,
        1.0,
        1.0,
        1.0,
        1.0,
        1.0,
        1.0,
        1.0
    ],
    "val_accuracy_history": [
        0.4,
        0.4,
        0.4,
        0.4,
        0.4,
        0.4,
        0.4,
        0.6,
        0.6,
        0.9,
        0.5,
        0.7,
        0.4,
        0.4,
        0.9,
        1.0,
        0.8,
        0.9,
        0.9,
        0.9,
        1.0,
        0.9,
        0.6,
        0.6,
        0.7,
        0.6,
        0.9,
        0.6,
        0.4,
        0.5,
        0.5,
        0.5,
        0.5,
        0.5,
        0.8,
        0.8,
        0.5,
        0.4,
        0.4,
        0.4,
        0.5,
        0.7,
        0.8,
        0.9,
        1.0,
        0.9,
        0.8,
        0.9,
        1.0,
        1.0,
        1.0,
        0.9,
        0.9,
        0.9,
        1.0,
        1.0,
        1.0,
        1.0,
        1.0,
        1.0,
        1.0,
        0.9,
        0.9,
        0.9,
        1.0,
        1.0,
        1.0,
        1.0,
        1.0,
        1.0,
        1.0,
        1.0,
        1.0,
        1.0,
        1.0,
        1.0,
        1.0,
        1.0,
        1.0,
        0.9,
        0.9,
        0.9,
        0.9,
        0.9,
        0.9,
        1.0,
        0.9,
        0.9,
        1.0,
        1.0,
        1.0,
        1.0,
        0.9,
        0.9,
        1.0,
        1.0,
        1.0,
        0.9,
        0.9,
        1.0
    ],
    "train_loss_history": [
        0.1829339583714803,
        0.08946091483036676,
        0.05452535475293795,
        0.04424499714126189,
        0.045474010954300564,
        0.021767834053995707,
        0.025551276685049137,
        0.02433197422263523,
        0.013812947521607081,
        0.011079678560296695,
        0.008632502898884316,
        0.005277727156256636,
        0.007138093529889981,
        0.007550219935365021,
        0.006543054499585802,
        0.005219582231560101,
        0.002322788117453456,
        0.004220745175067956,
        0.0027027260589723785,
        0.00264604877641735,
        0.002922430665542682,
        0.0030787653212125104,
        0.0027928315626922994,
        0.0023500472530334567,
        0.0036893865753275653,
        0.0021006326753801358,
        0.0022981260660647723,
        0.001386122778058052,
        0.0033066924312151968,
        0.0014092089443389947,
        0.0009726514089076469,
        0.0007048928751222168,
        0.0008601489632079998,
        0.0008668294448095063,
        0.0016275046218652278,
        0.001582276100331607,
        0.0006285991071005507,
        0.002069374915784768,
        0.0012547082509020886,
        0.0009725014220748563,
        0.00038468468313415845,
        0.0008943266293499619,
        0.0003501572767466617,
        0.0007721386374517654,
        0.0011228828846166531,
        0.000254924511682475,
        0.00029160859661108893,
        0.000619823879605974,
        0.00021145364225958475,
        0.00026249531777769637,
        0.000344378269801382,
        0.0005931222874399585,
        0.0001714293951711928,
        0.000511993796620421,
        0.00017088519816752524,
        0.0002739605446549831,
        0.0002649760984544021,
        0.00028324934877067186,
        0.00020265258087116914,
        0.0003128871103399433,
        0.0006374505144776776,
        0.00027673660467068356,
        0.00013573101508275917,
        0.00021881382660164186,
        0.000292309130357656,
        0.00027693015132778477,
        0.00011829496870632283,
        0.0002900682942708954,
        0.00019099374500607761,
        0.00026102751483752704,
        9.879178323899396e-05,
        0.0002948703003009238,
        0.0001216323829794419,
        6.666433158291814e-05,
        4.3286302388878536e-05,
        0.0002503890510221633,
        0.00032982956812096137,
        0.00021270496408760665,
        0.00030907065083738414,
        6.924813669684227e-05,
        0.0001720935416718324,
        0.0002787845180137083,
        0.0001730189389490988,
        0.0002474709011342687,
        0.00011340797354932874,
        0.00018437983350546954,
        0.00016192067008281204,
        0.00010294186243603084,
        9.002466261639104e-05,
        7.625770861826216e-05,
        0.00011124762093762304,
        0.00012917028458711381,
        9.58050528424792e-05,
        0.00014248848019633443,
        4.989474291505758e-05,
        9.235625560298407e-05,
        0.00013565137226881536,
        5.7947124272080446e-05,
        0.00013015204649491352,
        7.588325091395139e-05
    ],