{
    "test_accuracy": 0.2375,
    "test_f1": 0.09595959595959595,
    "train_accuracy_history": [
        0.20833333333333334,
        0.25,
        0.24166666666666667,
        0.21666666666666667,
        0.22083333333333333,
        0.225,
        0.24166666666666667,
        0.24166666666666667,
        0.25416666666666665,
        0.20416666666666666,
        0.23333333333333334,
        0.225,
        0.2125,
        0.20416666666666666,
        0.2375,
        0.2375,
        0.20416666666666666,
        0.20416666666666666,
        0.22916666666666666,
        0.2375,
        0.24166666666666667,
        0.23333333333333334,
        0.20416666666666666,
        0.225,
        0.21666666666666667,
        0.25,
        0.21666666666666667,
        0.18333333333333332,
        0.2,
        0.24583333333333332,
        0.225,
        0.25,
        0.24166666666666667,
        0.25,
        0.22083333333333333,
        0.22916666666666666,
        0.20416666666666666,
        0.23333333333333334,
        0.17083333333333334,
        0.21666666666666667,
        0.2375,
        0.22083333333333333,
        0.25,
        0.23333333333333334,
        0.19583333333333333,
        0.2125,
        0.17083333333333334,
        0.225,
        0.225,
        0.2375,
        0.20833333333333334,
        0.25,
        0.19166666666666668,
        0.22916666666666666,
        0.19583333333333333,
        0.22083333333333333,
        0.2375,
        0.175,
        0.22916666666666666,
        0.24583333333333332,
        0.17916666666666667,
        0.2375,
        0.24166666666666667,
        0.23333333333333334,
        0.21666666666666667,
        0.225,
        0.23333333333333334,
        0.19166666666666668,
        0.2125,
        0.225,
        0.25,
        0.225,
        0.225,
        0.23333333333333334,
        0.18333333333333332,
        0.22083333333333333,
        0.2375,
        0.19583333333333333,
        0.21666666666666667,
        0.21666666666666667,
        0.17083333333333334,
        0.24166666666666667,
        0.21666666666666667,
        0.25833333333333336,
        0.22916666666666666,
        0.2125,
        0.22916666666666666,
        0.22916666666666666,
        0.20416666666666666,
        0.20416666666666666,
        0.23333333333333334,
        0.225,
        0.20833333333333334,
        0.24583333333333332,
        0.21666666666666667,
        0.20833333333333334,
        0.20833333333333334,
        0.22083333333333333,
        0.24166666666666667,
        0.1875
    ],
    "val_accuracy_history": [
        0.25,
        0.25,
        0.25,
        0.25,
        0.25,
        0.25,
        0.25,
        0.25,
        0.25,
        0.25,
        0.25,
        0.25,
        0.25,
        0.25,
        0.25,
        0.25,
        0.25,
        0.25,
        0.25,
        0.25,
        0.25,
        0.25,
        0.25,
        0.25,
        0.25,
        0.25,
        0.25,
        0.25,
        0.25,
        0.25,
        0.25,
        0.25,
        0.25,
        0.25,
        0.25,
        0.25,
        0.25,
        0.25,
        0.25,
        0.25,
        0.25,
        0.25,
        0.25,
        0.25,
        0.25,
        0.25,
        0.25,
        0.25,
        0.25,
        0.25,
        0.25,
        0.25,
        0.25,
        0.25,
        0.25,
        0.25,
        0.25,
        0.25,
        0.25,
        0.25,
        0.25,
        0.25,
        0.25,
        0.25,
        0.25,
        0.25,
        0.25,
        0.25,
        0.25,
        0.25,
        0.25,
        0.25,
        0.25,
        0.25,
        0.25,
        0.25,
        0.25,
        0.25,
        0.25,
        0.25,
        0.25,
        0.25,
        0.25,
        0.25,
        0.25,
        0.25,
        0.25,
        0.25,
        0.25,
        0.25,
        0.25,
        0.25,
        0.25,
        0.25,
        0.25,
        0.25,
        0.25,
        0.25,
        0.25,
        0.25
    ],
    "train_loss_history": [
        0.3519205555319786,
        0.3482594728469849,
        0.3474657292167346,
        0.3479014292359352,
        0.34798189053932826,
        0.3481299782792727,
        0.3486457034945488,
        0.348221850891908,
        0.34812173147996267,
        0.34780231267213824,
        0.34818098743756615,
        0.34782167921463647,
        0.3483008697628975,
        0.34787587573130924,
        0.3483002632856369,
        0.34802616784969964,
        0.3484089523553848,
        0.34793245494365693,
        0.3481467589735985,
        0.3481733128428459,
        0.34821787575880686,
        0.3482181986172994,
        0.3482246086001396,
        0.34828956524531046,
        0.34856120546658836,
        0.34787759482860564,
        0.34849517891804377,
        0.34810571521520617,
        0.34784325063228605,
        0.34788217196861904,
        0.3483148594697317,
        0.3480402360359828,
        0.34736476639906566,
        0.34757758329312005,
        0.3480452408393224,
        0.34793260047833124,
        0.34785911490519844,
        0.3481172755360603,
        0.3490259309609731,
        0.34781879285971323,
        0.3480934371550878,
        0.34842299421628314,
        0.34802157481511437,
        0.3475206822156906,
        0.34793174068133037,
        0.34775922298431394,
        0.34772710303465526,
        0.3478591988484065,
        0.34797594845294955,
        0.3481292689839999,
        0.347528616587321,
        0.34822802593310676,
        0.34764282604058583,
        0.3476378391186396,
        0.3477053085962931,
        0.3482033530871073,
        0.34750761340061825,
        0.34862207571665443,
        0.3476679061849912,
        0.3476737211147944,
        0.347461473941803,
        0.3476445600390434,
        0.3476533194382985,
        0.3484790230790774,
        0.34755118091901144,
        0.3486325263977051,
        0.3472603643933932,
        0.34779641379912696,
        0.34878409405549365,
        0.3477636406819026,
        0.3476346582174301,
        0.34778663714726765,
        0.3482303207119306,
        0.34807488371928536,
        0.3478997692465782,
        0.3485490456223488,
        0.3473135208090146,
        0.34771020462115604,
        0.3479210838675499,
        0.3478940695524216,
        0.34737278868754706,
        0.3482286622126897,
        0.3491110146045685,
        0.3486007442077001,
        0.34773740619421006,
        0.3478035589059194,
        0.3475250333547592,
        0.34846680363019306,
        0.34827781021595,
        0.3479461739460627,
        0.3485732247432073,
        0.34789112557967505,
        0.34797956198453905,
        0.3482310056686401,
        0.3479707568883896,
        0.34900875290234884,
        0.34849804391463596,
        0.3479370887080828,
        0.34799519926309586,
        0.3481782302260399
    ],