{
    "test_accuracy": 0.25,
    "test_f1": 0.1,
    "train_accuracy_history": [
        0.25,
        0.25,
        0.23333333333333334,
        0.16666666666666666,
        0.22083333333333333,
        0.2125,
        0.20833333333333334,
        0.18333333333333332,
        0.20833333333333334,
        0.23333333333333334,
        0.24166666666666667,
        0.22083333333333333,
        0.25,
        0.15833333333333333,
        0.22916666666666666,
        0.21666666666666667,
        0.19583333333333333,
        0.25833333333333336,
        0.22916666666666666,
        0.17083333333333334,
        0.22916666666666666,
        0.2,
        0.17916666666666667,
        0.19166666666666668,
        0.24166666666666667,
        0.2375,
        0.23333333333333334,
        0.225,
        0.25416666666666665,
        0.23333333333333334,
        0.19583333333333333,
        0.21666666666666667,
        0.22083333333333333,
        0.2375,
        0.22083333333333333,
        0.225,
        0.225,
        0.20833333333333334,
        0.2375,
        0.2375,
        0.24166666666666667,
        0.22083333333333333,
        0.23333333333333334,
        0.21666666666666667,
        0.19583333333333333,
        0.22916666666666666,
        0.23333333333333334,
        0.24583333333333332,
        0.21666666666666667,
        0.25416666666666665,
        0.19583333333333333,
        0.24166666666666667,
        0.25416666666666665,
        0.23333333333333334,
        0.20833333333333334,
        0.20416666666666666,
        0.20416666666666666,
        0.2125,
        0.21666666666666667,
        0.20833333333333334,
        0.19583333333333333,
        0.2,
        0.225,
        0.20833333333333334,
        0.22916666666666666,
        0.20416666666666666,
        0.24166666666666667,
        0.20833333333333334,
        0.19166666666666668,
        0.24166666666666667,
        0.1875,
        0.24166666666666667,
        0.20833333333333334,
        0.24583333333333332,
        0.2375,
        0.19583333333333333,
        0.225,
        0.22916666666666666,
        0.22916666666666666,
        0.2,
        0.2125,
        0.20416666666666666,
        0.1875,
        0.2,
        0.25,
        0.1875,
        0.21666666666666667,
        0.23333333333333334,
        0.225,
        0.21666666666666667,
        0.21666666666666667,
        0.20833333333333334,
        0.225,
        0.18333333333333332,
        0.225,
        0.20833333333333334,
        0.225,
        0.2,
        0.24166666666666667,
        0.2
    ],
    "val_accuracy_history": [
        0.25,
        0.25,
        0.25,
        0.25,
        0.25,
        0.25,
        0.25,
        0.25,
        0.25,
        0.25,
        0.25,
        0.25,
        0.25,
        0.25,
        0.25,
        0.25,
        0.25,
        0.25,
        0.25,
        0.25,
        0.25,
        0.25,
        0.25,
        0.25,
        0.25,
        0.25,
        0.25,
        0.25,
        0.25,
        0.25,
        0.25,
        0.25,
        0.25,
        0.25,
        0.25,
        0.25,
        0.25,
        0.25,
        0.25,
        0.25,
        0.25,
        0.25,
        0.25,
        0.25,
        0.25,
        0.25,
        0.25,
        0.25,
        0.25,
        0.25,
        0.25,
        0.25,
        0.25,
        0.25,
        0.25,
        0.25,
        0.25,
        0.25,
        0.25,
        0.25,
        0.25,
        0.25,
        0.25,
        0.25,
        0.25,
        0.25,
        0.25,
        0.25,
        0.25,
        0.25,
        0.25,
        0.25,
        0.25,
        0.25,
        0.25,
        0.25,
        0.25,
        0.25,
        0.25,
        0.25,
        0.25,
        0.25,
        0.25,
        0.25,
        0.25,
        0.25,
        0.25,
        0.25,
        0.25,
        0.25,
        0.25,
        0.25,
        0.25,
        0.25,
        0.25,
        0.25,
        0.25,
        0.25,
        0.25,
        0.25
    ],
    "train_loss_history": [
        0.35201121668020885,
        0.34822068363428116,
        0.3479961812496185,
        0.34804195215304695,
        0.3476020673910777,
        0.347293679912885,
        0.34748032639424004,
        0.34725609173377353,
        0.3475599527359009,
        0.3476302136977514,
        0.3475554699699084,
        0.34737687309583026,
        0.3479109972715378,
        0.34791450401147206,
        0.34757010092337925,
        0.34752849290768306,
        0.34749484360218047,
        0.3473474954565366,
        0.3474984178940455,
        0.34725244442621866,
        0.34739072571198143,
        0.3476182555158933,
        0.347246175010999,
        0.34733589440584184,
        0.3472926234205564,
        0.3477242444952329,
        0.34822207540273664,
        0.3477479800581932,
        0.3471470013260841,
        0.34797427207231524,
        0.34796705494324365,
        0.3477204476793607,
        0.3477101614077886,
        0.34771826714277265,
        0.3479531407356262,
        0.3479212259252866,
        0.34738979836304984,
        0.34723524848620096,
        0.3472071667512258,
        0.3483396862943967,
        0.34744608799616494,
        0.34793495734532676,
        0.3474400445818901,
        0.34734463890393574,
        0.3475936993956566,
        0.3472963099678357,
        0.3479272186756134,
        0.3478746697306633,
        0.3477315897742907,
        0.3474518289168676,
        0.3474709242582321,
        0.34774034867684045,
        0.34776194840669633,
        0.3483288953701655,
        0.3476786330342293,
        0.34755821923414865,
        0.34745797713597615,
        0.34758214056491854,
        0.34744520833094916,
        0.3474599316716194,
        0.3475122114022573,
        0.3483307758967082,
        0.34731827278931937,
        0.34763114601373674,
        0.3479688197374344,
        0.3473884622255961,
        0.347626668214798,
        0.34742055982351305,
        0.3476733456055323,
        0.3474898114800453,
        0.3474491352836291,
        0.3475804626941681,
        0.34735934287309644,
        0.3480061968167623,
        0.3476422439018885,
        0.34789579759041467,
        0.3484044591585795,
        0.34824504305919013,
        0.34758647829294204,
        0.3481873239080111,
        0.3476750358939171,
        0.3473136191566785,
        0.3474803666273753,
        0.3471099550525347,
        0.34801442523797355,
        0.3478181302547455,
        0.34749487092097603,
        0.34807548771301905,
        0.34809757173061373,
        0.34792530089616774,
        0.3472293674945831,
        0.34738601644833883,
        0.34728283832470574,
        0.3477315053343773,
        0.3474899416168531,
        0.3475357378522555,
        0.3472646787762642,
        0.3477167059977849,
        0.34790408064921696,
        0.3480298270781835
    ],