{
    "test_accuracy": 0.25,
    "test_f1": 0.1,
    "train_accuracy_history": [
        0.22083333333333333,
        0.2625,
        0.23333333333333334,
        0.24583333333333332,
        0.3375,
        0.25416666666666665,
        0.23333333333333334,
        0.22083333333333333,
        0.22916666666666666,
        0.22083333333333333,
        0.25,
        0.25,
        0.25,
        0.25,
        0.25,
        0.25,
        0.25,
        0.25,
        0.25,
        0.25,
        0.25,
        0.25,
        0.25,
        0.25,
        0.22916666666666666,
        0.25,
        0.2125,
        0.25,
        0.25,
        0.25,
        0.22916666666666666,
        0.25,
        0.2,
        0.21666666666666667,
        0.25,
        0.2,
        0.21666666666666667,
        0.20416666666666666,
        0.20416666666666666,
        0.225,
        0.21666666666666667,
        0.225,
        0.20833333333333334,
        0.1625,
        0.225,
        0.225,
        0.2375,
        0.24583333333333332,
        0.20416666666666666,
        0.25,
        0.22083333333333333,
        0.19583333333333333,
        0.18333333333333332,
        0.25,
        0.25,
        0.20833333333333334,
        0.25,
        0.22083333333333333,
        0.22083333333333333,
        0.20416666666666666,
        0.20416666666666666,
        0.2125,
        0.24583333333333332,
        0.19166666666666668,
        0.2375,
        0.23333333333333334,
        0.25,
        0.23333333333333334,
        0.20416666666666666,
        0.22083333333333333,
        0.22083333333333333,
        0.2375,
        0.22916666666666666,
        0.22083333333333333,
        0.22916666666666666,
        0.24166666666666667,
        0.25,
        0.20833333333333334,
        0.23333333333333334,
        0.23333333333333334,
        0.21666666666666667,
        0.23333333333333334,
        0.19166666666666668,
        0.20833333333333334,
        0.2375,
        0.22083333333333333,
        0.21666666666666667,
        0.22083333333333333,
        0.2,
        0.2125,
        0.2,
        0.22083333333333333,
        0.25,
        0.19583333333333333,
        0.19583333333333333,
        0.19583333333333333,
        0.25,
        0.225,
        0.2125,
        0.17083333333333334
    ],
    "val_accuracy_history": [
        0.25,
        0.225,
        0.225,
        0.25,
        0.225,
        0.25,
        0.2375,
        0.25,
        0.25,
        0.25,
        0.25,
        0.25,
        0.25,
        0.25,
        0.25,
        0.25,
        0.25,
        0.25,
        0.25,
        0.25,
        0.25,
        0.25,
        0.25,
        0.25,
        0.25,
        0.25,
        0.25,
        0.25,
        0.25,
        0.25,
        0.25,
        0.25,
        0.25,
        0.25,
        0.25,
        0.25,
        0.25,
        0.25,
        0.25,
        0.25,
        0.25,
        0.25,
        0.25,
        0.25,
        0.25,
        0.25,
        0.25,
        0.25,
        0.25,
        0.25,
        0.25,
        0.25,
        0.25,
        0.25,
        0.25,
        0.25,
        0.25,
        0.25,
        0.25,
        0.25,
        0.25,
        0.25,
        0.25,
        0.25,
        0.25,
        0.25,
        0.25,
        0.25,
        0.25,
        0.25,
        0.25,
        0.25,
        0.25,
        0.25,
        0.25,
        0.25,
        0.25,
        0.25,
        0.25,
        0.25,
        0.25,
        0.25,
        0.25,
        0.25,
        0.25,
        0.25,
        0.25,
        0.25,
        0.25,
        0.25,
        0.25,
        0.25,
        0.25,
        0.25,
        0.25,
        0.25,
        0.25,
        0.25,
        0.25,
        0.25
    ],
    "train_loss_history": [
        20.458428487181664,
        0.3788001865148544,
        0.3586452474196752,
        0.3582296977440516,
        0.35139421820640565,
        0.351915446917216,
        0.35534953127304714,
        0.36214998612801236,
        0.349857505162557,
        0.34831808457771934,
        0.3486978620290756,
        0.3468311841289202,
        0.3467946966489156,
        0.34680995444456736,
        0.3467705329259237,
        0.3467757339278857,
        0.34670787354310356,
        0.34672898848851524,
        0.3467785040537516,
        0.3467724194129308,
        0.34678019434213636,
        0.3467054342230161,
        0.34668438931306206,
        0.3466914435227712,
        0.34667582164208094,
        0.3466832002003988,
        0.34671514381965,
        0.3466918592651685,
        0.3466741492350896,
        0.34685030281543733,
        0.34674672534068424,
        0.34666302651166914,
        0.34667628854513166,
        0.34668976018826164,
        0.3467144683003426,
        0.34668171803156533,
        0.34669900486866634,
        0.3466905583937963,
        0.346684360007445,
        0.3466945211092631,
        0.3466843977570534,
        0.3467065508166949,
        0.3466905504465103,
        0.34671496897935866,
        0.3466493864854177,
        0.346748423576355,
        0.3467261721690496,
        0.3467346429824829,
        0.34677539219458897,
        0.3467533792058627,
        0.34672211507956185,
        0.34671155164639156,
        0.346696030596892,
        0.3466426740090052,
        0.3466747338573138,
        0.34666785101095837,
        0.34674084931612015,
        0.34666187514861424,
        0.3467233786980311,
        0.34667221705118817,
        0.34666778445243834,
        0.34671608954668043,
        0.3466737578312556,
        0.3467532421151797,
        0.3467513347665469,
        0.346745532254378,
        0.34675613343715667,
        0.34665548503398896,
        0.3466867739955584,
        0.34681845804055533,
        0.3467185467481613,
        0.3467165430386861,
        0.3467104896903038,
        0.3466946800549825,
        0.3467889497677485,
        0.34675992727279664,
        0.3466578185558319,
        0.3467309812704722,
        0.3467732603351275,
        0.34671982328097023,
        0.3466416796048482,
        0.34667809704939523,
        0.3467270568013191,
        0.3467639461159706,
        0.346731461584568,
        0.3467354228099187,
        0.3466590737303098,
        0.3467509095867475,
        0.34671852687994636,
        0.34678846001625063,
        0.3467024917403857,
        0.346779757241408,
        0.346671923995018,
        0.34668593207995096,
        0.34671008090178174,
        0.3467316543062528,
        0.34678695251544317,
        0.3466713319222132,
        0.3466622759898504,
        0.3466604838768641
    ],