{
    "test_accuracy": 0.45,
    "test_f1": 0.41351794340924775,
    "train_accuracy_history": [
        0.225,
        0.275,
        0.325,
        0.3416666666666667,
        0.2833333333333333,
        0.35833333333333334,
        0.37916666666666665,
        0.4125,
        0.36666666666666664,
        0.4375,
        0.35,
        0.4708333333333333,
        0.5166666666666667,
        0.5291666666666667,
        0.4708333333333333,
        0.6041666666666666,
        0.5791666666666667,
        0.6458333333333334,
        0.6291666666666667,
        0.5833333333333334,
        0.5583333333333333,
        0.6291666666666667,
        0.6333333333333333,
        0.6708333333333333,
        0.6958333333333333,
        0.7,
        0.5458333333333333,
        0.49166666666666664,
        0.6291666666666667,
        0.6291666666666667,
        0.6666666666666666,
        0.7291666666666666,
        0.7916666666666666,
        0.7791666666666667,
        0.7625,
        0.7958333333333333,
        0.7458333333333333,
        0.7333333333333333,
        0.7625,
        0.8083333333333333,
        0.7833333333333333,
        0.7666666666666667,
        0.8125,
        0.7958333333333333,
        0.7916666666666666,
        0.8041666666666667,
        0.7708333333333334,
        0.7916666666666666,
        0.8208333333333333,
        0.825,
        0.7125,
        0.7875,
        0.875,
        0.8833333333333333,
        0.8791666666666667,
        0.8208333333333333,
        0.8916666666666667,
        0.8166666666666667,
        0.8541666666666666,
        0.7666666666666667,
        0.8458333333333333,
        0.7958333333333333,
        0.8625,
        0.875,
        0.9166666666666666,
        0.8541666666666666,
        0.8625,
        0.9041666666666667,
        0.9166666666666666,
        0.8958333333333334,
        0.8541666666666666,
        0.8291666666666667,
        0.825,
        0.8166666666666667,
        0.8583333333333333,
        0.8583333333333333,
        0.7958333333333333,
        0.5666666666666667,
        0.5,
        0.7541666666666667,
        0.7958333333333333,
        0.8208333333333333,
        0.8458333333333333,
        0.9041666666666667,
        0.9125,
        0.9416666666666667,
        0.925,
        0.9541666666666667,
        0.9416666666666667,
        0.9208333333333333,
        0.925,
        0.9458333333333333,
        0.9583333333333334,
        0.95,
        0.9666666666666667,
        0.9666666666666667,
        0.95,
        0.9416666666666667,
        0.9333333333333333,
        0.975
    ],
    "val_accuracy_history": [
        0.2875,
        0.3375,
        0.225,
        0.25,
        0.3625,
        0.325,
        0.3375,
        0.2,
        0.325,
        0.3375,
        0.3,
        0.3125,
        0.325,
        0.3,
        0.275,
        0.425,
        0.25,
        0.3375,
        0.25,
        0.2875,
        0.25,
        0.3625,
        0.25,
        0.2875,
        0.4375,
        0.25,
        0.25,
        0.25,
        0.25,
        0.25,
        0.375,
        0.275,
        0.3625,
        0.45,
        0.3625,
        0.3,
        0.3625,
        0.375,
        0.2375,
        0.3,
        0.25,
        0.3125,
        0.275,
        0.375,
        0.25,
        0.275,
        0.25,
        0.4125,
        0.2875,
        0.275,
        0.2625,
        0.2375,
        0.375,
        0.2625,
        0.2625,
        0.3625,
        0.2875,
        0.375,
        0.25,
        0.2125,
        0.25,
        0.35,
        0.25,
        0.25,
        0.3,
        0.25,
        0.2375,
        0.4125,
        0.325,
        0.25,
        0.25,
        0.25,
        0.4,
        0.325,
        0.275,
        0.2375,
        0.25,
        0.2625,
        0.25,
        0.325,
        0.25,
        0.3625,
        0.325,
        0.325,
        0.4125,
        0.4375,
        0.25,
        0.475,
        0.4,
        0.4875,
        0.4125,
        0.325,
        0.4125,
        0.4375,
        0.425,
        0.2625,
        0.2875,
        0.3,
        0.35,
        0.425
    ],
    "train_loss_history": [
        5.358347750703493,
        0.9513723147722583,
        0.8711786640187105,
        0.7543601698552569,
        1.2213895065089067,
        0.7918847906092803,
        0.6126257969687382,
        0.40925101352234683,
        0.38758230085174245,
        0.3984833871324857,
        0.5294648638616005,
        0.35254461218913397,
        0.3391212063531081,
        0.32861710954457524,
        0.43341929533829293,
        0.24961858329673609,
        0.2709528799789647,
        0.23656328956906994,
        0.26177668375894425,
        0.2786411720172813,
        0.2957965718349442,
        0.24640316412163277,
        0.23021186663148305,
        0.21376356774320204,
        0.19552346477285026,
        0.1941019478874902,
        0.7476828031707555,
        1.273354686773382,
        0.2668398149156322,
        0.2965033738873899,
        0.26316055640345437,
        0.17227650868395963,
        0.14081324281481405,
        0.1380233640782535,
        0.14286291151462743,
        0.14681875441068162,
        0.1600615267486622,
        0.1614833518785114,
        0.15706494182813913,
        0.11467302142021557,
        0.1457606702053454,
        0.16029346619422238,
        0.13601970452582463,
        0.14615594169590623,
        0.16492328874301165,
        0.13915538680836714,
        0.1593497417634353,
        0.1708565169187447,
        0.13479593394440598,
        0.14345982622665662,
        0.2112521573881774,
        0.1753814281662926,
        0.11735391846256486,
        0.0917689021929012,
        0.08193549764109775,
        0.11389298628782854,
        0.07036955070216208,
        0.13736386717064306,
        0.12857137719262635,
        0.18315686354108038,
        0.12696204218785473,
        0.16945499822322746,
        0.11071510634792503,
        0.09598135420189162,
        0.06756272513691025,
        0.10763086709909354,
        0.0931061190693678,
        0.07577955495216884,
        0.06423078576399348,
        0.08343130084346437,
        0.1249447004442724,
        0.1162736156838946,
        0.16494950838920583,
        0.15827487006960533,
        0.101292092429685,
        0.12313471598390606,
        0.2240281508748012,
        1.3375044488173444,
        2.0046115176735233,
        0.6824827244897631,
        0.40189627941083805,
        0.34206334214510814,
        0.22991188228480344,
        0.14450689076639567,
        0.07184450141002495,
        0.06324577609728219,
        0.04890011127035336,
        0.03872843797182668,
        0.05886699936566705,
        0.055395469767750664,
        0.04035679145396595,
        0.04326373178607052,
        0.031263015525860284,
        0.039666816963229226,
        0.027467943956776254,
        0.027916791635198022,
        0.03219138243700096,
        0.03249969320889032,
        0.052990778594297204,
        0.01836788379390176
    ],