{
    "test_accuracy": 0.5,
    "test_f1": 0.4949494949494949,
    "train_accuracy_history": [
        0.4,
        0.6,
        0.7666666666666667,
        0.8666666666666667,
        0.9,
        0.9333333333333333,
        0.9,
        0.9333333333333333,
        0.9666666666666667,
        1.0,
        0.9333333333333333,
        1.0,
        0.9666666666666667,
        1.0,
        1.0,
        1.0,
        1.0,
        1.0,
        1.0,
        1.0,
        1.0,
        1.0,
        1.0,
        1.0,
        1.0,
        1.0,
        1.0,
        1.0,
        1.0,
        1.0,
        1.0,
        1.0,
        1.0,
        1.0,
        1.0,
        1.0,
        1.0,
        1.0,
        1.0,
        1.0,
        1.0,
        1.0,
        1.0,
        1.0,
        1.0,
        1.0,
        1.0,
        1.0,
        1.0,
        1.0,
        1.0,
        1.0,
        1.0,
        1.0,
        1.0,
        1.0,
        1.0,
        1.0,
        1.0,
        1.0,
        1.0,
        1.0,
        1.0,
        1.0,
        1.0,
        1.0,
        1.0,
        1.0,
        1.0,
        1.0,
        1.0,
        1.0,
        1.0,
        1.0,
        1.0,
        1.0,
        1.0,
        1.0,
        1.0,
        1.0,
        1.0,
        1.0,
        1.0,
        1.0,
        1.0,
        1.0,
        1.0,
        1.0,
        1.0,
        1.0,
        1.0,
        1.0,
        1.0,
        1.0,
        1.0,
        1.0,
        1.0,
        1.0,
        1.0,
        1.0
    ],
    "val_accuracy_history": [
        0.4,
        0.4,
        0.4,
        0.4,
        0.4,
        0.6,
        0.4,
        0.4,
        0.4,
        0.4,
        0.4,
        0.6,
        0.4,
        0.6,
        0.6,
        0.7,
        0.4,
        0.4,
        0.4,
        0.4,
        0.4,
        0.4,
        0.4,
        0.4,
        0.4,
        0.5,
        0.5,
        0.5,
        0.4,
        0.7,
        0.7,
        0.7,
        0.4,
        0.4,
        0.4,
        0.4,
        0.4,
        0.4,
        0.4,
        0.4,
        0.4,
        0.6,
        0.7,
        0.6,
        0.6,
        0.7,
        0.6,
        0.7,
        0.7,
        0.7,
        0.8,
        0.9,
        0.7,
        0.7,
        0.6,
        0.6,
        0.6,
        0.6,
        0.6,
        0.6,
        0.6,
        0.7,
        0.7,
        0.7,
        0.7,
        0.7,
        0.8,
        0.7,
        0.7,
        0.4,
        0.4,
        0.4,
        0.4,
        0.4,
        0.4,
        0.4,
        0.4,
        0.4,
        0.4,
        0.4,
        0.5,
        0.4,
        0.4,
        0.8,
        0.5,
        0.5,
        0.4,
        0.4,
        0.4,
        0.4,
        0.4,
        0.7,
        0.6,
        0.7,
        0.7,
        0.7,
        0.5,
        0.4,
        0.7,
        0.8
    ],
    "train_loss_history": [
        0.21393820842107136,
        0.1744671106338501,
        0.14880498945713044,
        0.13106792469819387,
        0.1100944792230924,
        0.09100218961636225,
        0.08118706817428271,
        0.0707110419869423,
        0.05921663691600164,
        0.04181331396102905,
        0.06576323707898458,
        0.02828392597536246,
        0.026542639980713528,
        0.02473869373401006,
        0.023341789469122888,
        0.016748351355393726,
        0.017397995789845785,
        0.009466184116899968,
        0.013398656497399013,
        0.010459378206481537,
        0.009659015387296677,
        0.007291379167387883,
        0.00609034796555837,
        0.005686006586377819,
        0.005722765314082305,
        0.008135486735651891,
        0.0063630207752188046,
        0.006275985389947891,
        0.0033931563763568797,
        0.0029469470338275034,
        0.002625507457802693,
        0.0028773526661098003,
        0.003559757846718033,
        0.0023106266123553115,
        0.0016941336216405034,
        0.0017889339942485094,
        0.0024678671111663182,
        0.002275440221031507,
        0.0030059824542452893,
        0.002428624142582218,
        0.001120104369086524,
        0.0016102613958840569,
        0.001057443496150275,
        0.0012942851521074773,
        0.0017104779602959753,
        0.0010872933780774474,
        0.0009706677054055035,
        0.0007369887704650561,
        0.0007567541169313093,
        0.0008415051270276308,
        0.0011094556539319456,
        0.0006861193881680568,
        0.0008763520037367319,
        0.0007912227495883902,
        0.00057127977682588,
        0.0007454247990002235,
        0.0006933769521613916,
        0.0004082009215683987,
        0.0006435154316325983,
        0.0005020845293377836,
        0.0006534818521079917,
        0.000406527992648383,
        0.0009135739644989371,
        0.000452758928683276,
        0.0004738870911144962,
        0.0005281484569422901,
        0.0005318203358910978,
        0.0005310480463473747,
        0.0005597692118802419,
        0.0005591614288277924,
        0.0004966167694268127,
        0.0002913653258777534,
        0.0011234301433432846,
        0.0014556062960764393,
        0.0008740249322727323,
        0.0015049893331403534,
        0.0006582736231697102,
        0.000604793547730272,
        0.00033434239060928423,
        0.0003949465705469872,
        0.0004481332813156769,
        0.0003767075676781436,
        0.0003852964146062732,
        0.00031740844715386627,
        0.00032313326955772935,
        0.0002483129698399959,
        0.0002520873696388056,
        0.00027328288609472414,
        0.00033787433640100064,
        0.0003334087727125734,
        0.00021841056101645033,
        0.0003007347574263501,
        0.00037039860520356643,
        0.00026469338142002624,
        0.0003305471094790846,
        0.00026514164831799764,
        0.00022861762893929458,
        0.0002600565853451068,
        0.000471739363274537,
        0.00018767149983129155
    ],