{
    "test_accuracy": 0.8,
    "test_f1": 0.7916666666666667,
    "train_accuracy_history": [
        0.5666666666666667,
        0.9666666666666667,
        0.9333333333333333,
        1.0,
        1.0,
        1.0,
        1.0,
        1.0,
        1.0,
        1.0,
        1.0,
        1.0,
        1.0,
        1.0,
        1.0,
        1.0,
        1.0,
        1.0,
        1.0,
        1.0,
        1.0,
        1.0,
        1.0,
        1.0,
        1.0,
        1.0,
        1.0,
        1.0,
        1.0,
        1.0,
        1.0,
        1.0,
        1.0,
        1.0,
        1.0,
        1.0,
        1.0,
        1.0,
        1.0,
        1.0,
        1.0,
        1.0,
        1.0,
        1.0,
        1.0,
        1.0,
        1.0,
        1.0,
        1.0,
        1.0,
        1.0,
        1.0,
        1.0,
        1.0,
        1.0,
        1.0,
        1.0,
        1.0,
        1.0,
        1.0,
        1.0,
        1.0,
        1.0,
        1.0,
        1.0,
        1.0,
        1.0,
        1.0,
        1.0,
        1.0,
        1.0,
        1.0,
        1.0,
        1.0,
        1.0,
        1.0,
        1.0,
        1.0,
        1.0,
        1.0,
        1.0,
        1.0,
        1.0,
        1.0,
        1.0,
        1.0,
        1.0,
        1.0,
        1.0,
        1.0,
        1.0,
        1.0,
        1.0,
        1.0,
        1.0,
        1.0,
        1.0,
        1.0,
        1.0,
        1.0
    ],
    "val_accuracy_history": [
        0.6,
        0.6,
        0.4,
        0.4,
        0.4,
        0.4,
        0.4,
        0.4,
        0.5,
        0.5,
        0.6,
        0.6,
        0.6,
        0.5,
        0.6,
        0.7,
        0.7,
        0.5,
        0.6,
        0.5,
        0.7,
        0.7,
        0.8,
        0.8,
        0.8,
        0.7,
        0.7,
        0.7,
        0.7,
        0.8,
        0.8,
        0.7,
        0.8,
        0.7,
        0.6,
        0.8,
        0.8,
        0.8,
        0.8,
        0.8,
        0.8,
        0.8,
        0.8,
        0.8,
        0.7,
        0.7,
        0.9,
        0.8,
        0.8,
        0.8,
        0.8,
        0.8,
        0.8,
        0.8,
        0.8,
        0.8,
        0.8,
        0.8,
        0.8,
        0.7,
        0.7,
        0.7,
        0.8,
        0.9,
        0.8,
        0.7,
        0.8,
        0.9,
        0.8,
        0.8,
        0.8,
        0.8,
        0.8,
        0.7,
        0.8,
        0.8,
        0.8,
        0.8,
        0.7,
        0.8,
        0.8,
        0.7,
        0.7,
        0.7,
        0.8,
        0.8,
        0.8,
        0.8,
        0.8,
        0.8,
        0.7,
        0.8,
        0.7,
        0.7,
        0.7,
        0.7,
        0.8,
        0.8,
        0.8,
        0.9
    ],
    "train_loss_history": [
        0.19279967546463012,
        0.08754593481620153,
        0.04395378281672795,
        0.02831177655607462,
        0.012414039516200622,
        0.006287381798028946,
        0.006125767699753245,
        0.0031540498525525133,
        0.0026059565522397556,
        0.00208169585869958,
        0.001488504574323694,
        0.0013936074062560996,
        0.0010599566992217054,
        0.0015491230102876823,
        0.0009482462502395113,
        0.0018188752971279125,
        0.0007986806042026729,
        0.000864848211252441,
        0.000936099545409282,
        0.0006295639759628102,
        0.00033963206030117966,
        0.0004707388046275203,
        0.0003427672083489597,
        0.0002839618049620185,
        0.00022621008974965662,
        0.0004520411283010617,
        0.0003133278990086789,
        0.00026819863851414996,
        0.00024422281227695446,
        0.0001983662446339925,
        0.0003206360668021565,
        0.00019376862910576166,
        0.00028673915476247204,
        0.00022706302164200072,
        0.00037422284124962363,
        0.0001591482000852314,
        0.00019367245064737896,
        0.00019273332436569034,
        0.00018995847009743252,
        0.00016445984268405786,
        0.00019752723552907508,
        0.00023041440290398895,
        0.00013825979416045206,
        0.00020443041163768308,
        0.00020788116356319127,
        0.0001314966303956074,
        0.00018267195749407014,
        0.00015674107295732636,
        8.18151221513593e-05,
        8.742739203929281e-05,
        0.00012164541197610864,
        0.00014195207234782476,
        0.00012039236498821993,
        7.635086112713906e-05,
        0.0001006782231949425,
        7.775150297675281e-05,
        9.654492071907347e-05,
        7.647331076441333e-05,
        7.476686153798559e-05,
        0.00010391008618171327,
        5.1659324041490134e-05,
        5.8891511677453916e-05,
        9.029411739902571e-05,
        7.703188045222002e-05,
        4.536720831917289e-05,
        7.497346329425152e-05,
        0.00010482373072591144,
        7.813352021912578e-05,
        0.00010246410796147151,
        6.360781432401079e-05,
        0.00012503886233995823,
        6.171117662840212e-05,
        7.090740400599316e-05,
        7.336175161375044e-05,
        4.8215084340578566e-05,
        5.3427955511627566e-05,
        5.911683329031803e-05,
        3.81998396430087e-05,
        6.96831902738874e-05,
        4.1867996424116426e-05,
        4.19631868377716e-05,
        5.1679117314051835e-05,
        4.231854363752063e-05,
        4.090092431094187e-05,
        5.9592348528288615e-05,
        4.0435228705367383e-05,
        6.955102659655192e-05,
        3.811066884130317e-05,
        3.8315456671019395e-05,
        4.416918721593295e-05,
        5.506814474453374e-05,
        4.741663894189211e-05,
        5.419080838085695e-05,
        4.8706640761035185e-05,
        4.2634699275367895e-05,
        3.5667512929649095e-05,
        3.2226600827319395e-05,
        3.993925408091551e-05,
        5.1741553428049276e-05,
        5.097532824341518e-05
    ],