{
    "test_accuracy": 0.5875,
    "test_f1": 0.59836731678487,
    "train_accuracy_history": [
        0.21666666666666667,
        0.2375,
        0.2125,
        0.2125,
        0.225,
        0.30416666666666664,
        0.4041666666666667,
        0.4625,
        0.5625,
        0.5541666666666667,
        0.6833333333333333,
        0.65,
        0.7208333333333333,
        0.7208333333333333,
        0.7625,
        0.7958333333333333,
        0.7625,
        0.7666666666666667,
        0.8166666666666667,
        0.85,
        0.825,
        0.8541666666666666,
        0.8625,
        0.8666666666666667,
        0.8458333333333333,
        0.8833333333333333,
        0.8791666666666667,
        0.8666666666666667,
        0.8791666666666667,
        0.8916666666666667,
        0.8958333333333334,
        0.8875,
        0.8958333333333334,
        0.9041666666666667,
        0.8916666666666667,
        0.9041666666666667,
        0.8625,
        0.9125,
        0.9291666666666667,
        0.8916666666666667,
        0.9166666666666666,
        0.9375,
        0.9041666666666667,
        0.9291666666666667,
        0.9,
        0.9083333333333333,
        0.9125,
        0.9208333333333333,
        0.9291666666666667,
        0.9166666666666666,
        0.9125,
        0.925,
        0.9416666666666667,
        0.9375,
        0.9333333333333333,
        0.9458333333333333,
        0.9583333333333334,
        0.9583333333333334,
        0.9208333333333333,
        0.8541666666666666,
        0.9083333333333333,
        0.9125,
        0.9333333333333333,
        0.8916666666666667,
        0.95,
        0.9541666666666667,
        0.9458333333333333,
        0.9541666666666667,
        0.9583333333333334,
        0.9,
        0.8833333333333333,
        0.9166666666666666,
        0.9666666666666667,
        0.9625,
        0.9666666666666667,
        0.9458333333333333,
        0.9583333333333334,
        0.9458333333333333,
        0.9291666666666667,
        0.9375,
        0.9583333333333334,
        0.9416666666666667,
        0.9166666666666666,
        0.9416666666666667,
        0.95,
        0.9708333333333333,
        0.9583333333333334,
        0.9625,
        0.9458333333333333,
        0.9583333333333334,
        0.9583333333333334,
        0.9625,
        0.9375,
        0.9041666666666667,
        0.9541666666666667,
        0.9666666666666667,
        0.9708333333333333,
        0.975,
        0.9583333333333334,
        0.9625
    ],
    "val_accuracy_history": [
        0.25,
        0.25,
        0.25,
        0.2125,
        0.25,
        0.25,
        0.45,
        0.25,
        0.25,
        0.3,
        0.25,
        0.5,
        0.325,
        0.2875,
        0.5125,
        0.4,
        0.2875,
        0.2625,
        0.6125,
        0.5125,
        0.475,
        0.5125,
        0.5875,
        0.275,
        0.5125,
        0.475,
        0.5125,
        0.5,
        0.5125,
        0.5375,
        0.475,
        0.35,
        0.4375,
        0.575,
        0.525,
        0.4,
        0.6125,
        0.5625,
        0.65,
        0.525,
        0.5125,
        0.575,
        0.6,
        0.5,
        0.5625,
        0.5875,
        0.525,
        0.475,
        0.475,
        0.5,
        0.525,
        0.5,
        0.5625,
        0.5125,
        0.5625,
        0.6,
        0.525,
        0.4875,
        0.375,
        0.4375,
        0.65,
        0.325,
        0.25,
        0.5375,
        0.5875,
        0.55,
        0.5625,
        0.6,
        0.55,
        0.5625,
        0.25,
        0.45,
        0.5,
        0.6125,
        0.6375,
        0.45,
        0.5625,
        0.575,
        0.4875,
        0.6125,
        0.5375,
        0.35,
        0.625,
        0.575,
        0.625,
        0.5875,
        0.525,
        0.625,
        0.575,
        0.5125,
        0.6125,
        0.25,
        0.65,
        0.4875,
        0.375,
        0.65,
        0.5375,
        0.6,
        0.55,
        0.5125
    ],
    "train_loss_history": [
        0.347988224029541,
        0.34859121292829515,
        0.34790848692258197,
        0.3480837166309357,
        0.34722608427206675,
        0.3415088042616844,
        0.32307744522889453,
        0.2831893692413966,
        0.2563327752053738,
        0.23288762122392653,
        0.21346023883670567,
        0.20394457938770452,
        0.17507349782002468,
        0.18536748367672165,
        0.16622660762319963,
        0.1374381129319469,
        0.15346758601566154,
        0.15433209241988757,
        0.13721759122175475,
        0.11936035562927524,
        0.12158441801245014,
        0.11934176615128915,
        0.12248417950856189,
        0.09903522490058095,
        0.10486787598347291,
        0.09438913245685399,
        0.08888904684378456,
        0.10610454255559792,
        0.10219145885979136,
        0.08459590014535934,
        0.07867557699792087,
        0.0914837643969804,
        0.07797189305226009,
        0.07381789933812494,
        0.07329849905703062,
        0.0747258698742371,
        0.10570466204856833,
        0.07105792987858876,
        0.05959439582681322,
        0.08204854328359942,
        0.07227190632062654,
        0.05579946570530107,
        0.06647280439889679,
        0.0669488267920921,
        0.07913069249058632,
        0.07013166554970666,
        0.06702480460077519,
        0.06022126451862277,
        0.05846768065384822,
        0.06195617192521847,
        0.0704216451131894,
        0.0688272281535319,
        0.04990274544155303,
        0.05472203875518365,
        0.04729729680463303,
        0.04761572651914321,
        0.04243696509729489,
        0.040731123612325365,
        0.06514661759562539,
        0.11337054780257555,
        0.06975514097139239,
        0.05641693813765111,
        0.05436570152226826,
        0.0804694984670879,
        0.044561242571217005,
        0.04172810401845103,
        0.0428096833328406,
        0.03833132427741172,
        0.04550125722841282,
        0.07305157095652248,
        0.07595570918714051,
        0.058399212408160865,
        0.0356325778701527,
        0.040967491515584695,
        0.034626637949255704,
        0.04729414704968349,
        0.03649209882175152,
        0.04415866927670701,
        0.04923279698996339,
        0.05039938219779287,
        0.03786031090033551,
        0.04749505601242466,
        0.06145463329597381,
        0.0485127879078694,
        0.04212078439613833,
        0.03074224542197044,
        0.03876946007693126,
        0.033986434495485204,
        0.05278747393702569,
        0.03415472892937335,
        0.03323513351559768,
        0.03092736668428794,
        0.04869400020068042,
        0.08368276066856276,
        0.04133669168390952,
        0.03565348772717698,
        0.03081178038598106,
        0.02568613439624414,
        0.02980692382727786,
        0.02823649784088692
    ],