{
    "test_accuracy": 0.6,
    "test_f1": 0.6126784466407108,
    "train_accuracy_history": [
        0.3416666666666667,
        0.475,
        0.4875,
        0.4666666666666667,
        0.5041666666666667,
        0.5541666666666667,
        0.5791666666666667,
        0.5416666666666666,
        0.55,
        0.5458333333333333,
        0.625,
        0.6166666666666667,
        0.6791666666666667,
        0.725,
        0.8,
        0.7958333333333333,
        0.8041666666666667,
        0.7833333333333333,
        0.8583333333333333,
        0.8666666666666667,
        0.8208333333333333,
        0.85,
        0.9125,
        0.9041666666666667,
        0.8666666666666667,
        0.9083333333333333,
        0.8916666666666667,
        0.9083333333333333,
        0.9416666666666667,
        0.8916666666666667,
        0.8875,
        0.9041666666666667,
        0.9208333333333333,
        0.8791666666666667,
        0.9,
        0.8958333333333334,
        0.8916666666666667,
        0.9333333333333333,
        0.9291666666666667,
        0.9375,
        0.9458333333333333,
        0.9333333333333333,
        0.9416666666666667,
        0.9541666666666667,
        0.8875,
        0.925,
        0.9375,
        0.9333333333333333,
        0.9208333333333333,
        0.9166666666666666,
        0.9333333333333333,
        0.9375,
        0.9583333333333334,
        0.9625,
        0.9583333333333334,
        0.9208333333333333,
        0.9083333333333333,
        0.9125,
        0.9666666666666667,
        0.9416666666666667,
        0.9833333333333333,
        0.9583333333333334,
        0.9541666666666667,
        0.9458333333333333,
        0.9625,
        0.975,
        0.9708333333333333,
        0.925,
        0.9541666666666667,
        0.9541666666666667,
        0.9541666666666667,
        0.9291666666666667,
        0.9333333333333333,
        0.9666666666666667,
        0.9541666666666667,
        0.9583333333333334,
        0.9541666666666667,
        0.9666666666666667,
        0.9416666666666667,
        0.9583333333333334,
        0.9333333333333333,
        0.925,
        0.9708333333333333,
        0.9625,
        0.9791666666666666,
        0.9666666666666667,
        0.9583333333333334,
        0.9416666666666667,
        0.9125,
        0.9708333333333333,
        0.9791666666666666,
        0.9833333333333333,
        0.9458333333333333,
        0.9833333333333333,
        0.9791666666666666,
        0.9791666666666666,
        0.9583333333333334,
        0.9541666666666667,
        0.9583333333333334,
        0.9833333333333333
    ],
    "val_accuracy_history": [
        0.325,
        0.4125,
        0.3875,
        0.425,
        0.425,
        0.4125,
        0.25,
        0.4,
        0.4375,
        0.3125,
        0.25,
        0.4375,
        0.325,
        0.575,
        0.425,
        0.5375,
        0.55,
        0.425,
        0.45,
        0.6375,
        0.5625,
        0.4625,
        0.5375,
        0.5,
        0.6,
        0.6,
        0.675,
        0.65,
        0.55,
        0.5625,
        0.4125,
        0.5625,
        0.4125,
        0.4875,
        0.475,
        0.525,
        0.65,
        0.6,
        0.675,
        0.725,
        0.6125,
        0.6125,
        0.425,
        0.25,
        0.5625,
        0.5125,
        0.625,
        0.5375,
        0.25,
        0.575,
        0.4125,
        0.6,
        0.7125,
        0.675,
        0.525,
        0.4375,
        0.5875,
        0.6875,
        0.65,
        0.675,
        0.6625,
        0.7,
        0.4125,
        0.675,
        0.4625,
        0.6875,
        0.7,
        0.55,
        0.6375,
        0.65,
        0.4375,
        0.5875,
        0.4625,
        0.3,
        0.45,
        0.6875,
        0.55,
        0.7,
        0.6375,
        0.7125,
        0.25,
        0.65,
        0.6,
        0.675,
        0.6875,
        0.6375,
        0.2875,
        0.5,
        0.625,
        0.6875,
        0.675,
        0.5625,
        0.6625,
        0.725,
        0.725,
        0.65,
        0.5125,
        0.5375,
        0.5375,
        0.6875
    ],
    "train_loss_history": [
        0.3393249332904816,
        0.2769967795660098,
        0.2548918675631285,
        0.256955174729228,
        0.2514861658836404,
        0.24560482874512674,
        0.23882238877316317,
        0.24150792124370735,
        0.2388137989367048,
        0.2429350523898999,
        0.22859822635849317,
        0.2284531785796086,
        0.19140652914841969,
        0.17927742395550011,
        0.14580614465133598,
        0.14269826693149903,
        0.13236361776168148,
        0.1360720011793698,
        0.11463415313046425,
        0.0898412693447123,
        0.12887455710345724,
        0.1218850573602443,
        0.07440717588954916,
        0.08558545828176041,
        0.09120970351735498,
        0.07721410989761353,
        0.08967481462362532,
        0.07849779851094354,
        0.051452807273017244,
        0.10063916951651966,
        0.07515151273516191,
        0.0799649780873248,
        0.06487506053138835,
        0.07731579352451566,
        0.06972640468544948,
        0.0720013407888473,
        0.0865397147043647,
        0.05357411700291171,
        0.044646784168192725,
        0.04981993557503302,
        0.039091557515894236,
        0.05120812171762736,
        0.047655821846759254,
        0.0571216901346664,
        0.09489624845518847,
        0.054256750717953155,
        0.05102797216723047,
        0.053630934865577726,
        0.06580475734923917,
        0.052482527213336044,
        0.05514071974685066,
        0.05245172804755687,
        0.037362235149824605,
        0.030593946159160623,
        0.031032979005249216,
        0.07680100705086564,
        0.052375091420375004,
        0.05864061583373162,
        0.0280923484448067,
        0.04403618508637616,
        0.024492121953699098,
        0.030681623382876447,
        0.037377901900860405,
        0.03817231363472047,
        0.028229565566334713,
        0.024358876898810423,
        0.029823575807586166,
        0.061350552417779154,
        0.03291093326315604,
        0.028283410785904076,
        0.0394668952782889,
        0.05009568565710273,
        0.047786216841132045,
        0.027802213823451893,
        0.04119672809165422,
        0.03570469356175939,
        0.032071983366353154,
        0.023430848028086378,
        0.041816870187717355,
        0.030264551384703964,
        0.055186906867668445,
        0.06369967271469552,
        0.03184653123207681,
        0.02584918642945316,
        0.017955808659235583,
        0.026799345008782834,
        0.03534447649918396,
        0.0669966070353136,
        0.05471218910912133,
        0.025405754407128712,
        0.023424736005451526,
        0.014625436981727564,
        0.05816109223136815,
        0.015899956656748534,
        0.014401573152900938,
        0.015128593347872865,
        0.03208971410179705,
        0.03410587107567551,
        0.03857829273022541,
        0.021148330195452068
    ],