{
    "test_accuracy": 0.25,
    "test_f1": 0.1,
    "train_accuracy_history": [
        0.25,
        0.2,
        0.21666666666666667,
        0.18333333333333332,
        0.25,
        0.23333333333333334,
        0.21666666666666667,
        0.08333333333333333,
        0.2,
        0.2,
        0.21666666666666667,
        0.25,
        0.2,
        0.18333333333333332,
        0.2,
        0.25,
        0.21666666666666667,
        0.23333333333333334,
        0.25,
        0.21666666666666667,
        0.15,
        0.13333333333333333,
        0.25,
        0.18333333333333332,
        0.18333333333333332,
        0.23333333333333334,
        0.25,
        0.21666666666666667,
        0.15,
        0.11666666666666667,
        0.2,
        0.2,
        0.25,
        0.21666666666666667,
        0.18333333333333332,
        0.15,
        0.21666666666666667,
        0.18333333333333332,
        0.25,
        0.2,
        0.21666666666666667,
        0.2,
        0.23333333333333334,
        0.15,
        0.21666666666666667,
        0.2,
        0.18333333333333332,
        0.21666666666666667,
        0.16666666666666666,
        0.16666666666666666,
        0.25,
        0.21666666666666667,
        0.2,
        0.2,
        0.18333333333333332,
        0.16666666666666666,
        0.25,
        0.2,
        0.13333333333333333,
        0.2,
        0.18333333333333332,
        0.21666666666666667,
        0.21666666666666667,
        0.16666666666666666,
        0.25,
        0.2,
        0.2,
        0.18333333333333332,
        0.18333333333333332,
        0.2,
        0.2,
        0.25,
        0.25,
        0.16666666666666666,
        0.25,
        0.23333333333333334,
        0.21666666666666667,
        0.23333333333333334,
        0.2,
        0.2,
        0.26666666666666666,
        0.21666666666666667,
        0.21666666666666667,
        0.2,
        0.21666666666666667,
        0.25,
        0.18333333333333332,
        0.16666666666666666,
        0.13333333333333333,
        0.23333333333333334,
        0.21666666666666667,
        0.15,
        0.21666666666666667,
        0.25,
        0.26666666666666666,
        0.2,
        0.25,
        0.21666666666666667,
        0.23333333333333334,
        0.25
    ],
    "val_accuracy_history": [
        0.25,
        0.25,
        0.25,
        0.25,
        0.25,
        0.25,
        0.25,
        0.25,
        0.25,
        0.25,
        0.25,
        0.25,
        0.25,
        0.25,
        0.25,
        0.25,
        0.25,
        0.25,
        0.25,
        0.25,
        0.25,
        0.25,
        0.25,
        0.25,
        0.25,
        0.25,
        0.25,
        0.25,
        0.25,
        0.25,
        0.25,
        0.25,
        0.25,
        0.25,
        0.25,
        0.25,
        0.25,
        0.25,
        0.25,
        0.25,
        0.25,
        0.25,
        0.25,
        0.25,
        0.25,
        0.25,
        0.25,
        0.25,
        0.25,
        0.25,
        0.25,
        0.25,
        0.25,
        0.25,
        0.25,
        0.25,
        0.25,
        0.25,
        0.25,
        0.25,
        0.25,
        0.25,
        0.25,
        0.25,
        0.25,
        0.25,
        0.25,
        0.25,
        0.25,
        0.25,
        0.25,
        0.25,
        0.25,
        0.25,
        0.25,
        0.25,
        0.25,
        0.25,
        0.25,
        0.25,
        0.25,
        0.25,
        0.25,
        0.25,
        0.25,
        0.25,
        0.25,
        0.25,
        0.25,
        0.25,
        0.25,
        0.25,
        0.25,
        0.25,
        0.25,
        0.25,
        0.25,
        0.25,
        0.25,
        0.25
    ],
    "train_loss_history": [
        5.073430107037226,
        0.35739128589630126,
        0.3499148488044739,
        0.3486478348573049,
        0.35015231370925903,
        0.3497035046418508,
        0.35508320728937787,
        0.35003313422203064,
        0.3503150224685669,
        0.3510727107524872,
        0.3526018520196279,
        0.35108554164568584,
        0.3508977750937144,
        0.3497889200846354,
        0.35220804015795387,
        0.3502184271812439,
        0.35383458534876505,
        0.34995817542076113,
        0.3493840436140696,
        0.3487526118755341,
        0.3497870882352193,
        0.35176830490430194,
        0.3496311823527018,
        0.35004220604896547,
        0.34863709410031635,
        0.34952876369158425,
        0.3503696878751119,
        0.35065743525822957,
        0.34952396154403687,
        0.349580850203832,
        0.34975765546162924,
        0.3530757248401642,
        0.34863736828168235,
        0.3524561862150828,
        0.35075987577438356,
        0.3489664912223816,
        0.35193608204523724,
        0.34925492803255714,
        0.34839220643043517,
        0.34905452529589337,
        0.34849063158035276,
        0.34989500244458516,
        0.3493318219979604,
        0.350278385480245,
        0.35061129728953044,
        0.3487498044967651,
        0.3501523772875468,
        0.35238503813743594,
        0.3521491666634878,
        0.34744992852211,
        0.3499674141407013,
        0.35179633895556134,
        0.3488504747549693,
        0.35042433738708495,
        0.34983310103416443,
        0.3479463299115499,
        0.34824002583821617,
        0.3496690591176351,
        0.3518807331720988,
        0.3478096564610799,
        0.3493885338306427,
        0.34917930960655214,
        0.3494455059369405,
        0.34893808762232464,
        0.34869202971458435,
        0.34865474700927734,
        0.347588582833608,
        0.3525120178858439,
        0.3487907528877258,
        0.3491939604282379,
        0.3515326241652171,
        0.3485130548477173,
        0.34989453554153443,
        0.35119660099347433,
        0.3488102873166402,
        0.3507113556067149,
        0.3510209580262502,
        0.3501395563284556,
        0.34862173199653623,
        0.34862380027770995,
        0.3482485254605611,
        0.3483722428480784,
        0.3478011667728424,
        0.3475024143854777,
        0.34808139006296795,
        0.3497168064117432,
        0.34848915338516234,
        0.34951578776041664,
        0.3486297865708669,
        0.34769157965977987,
        0.349317463239034,
        0.35015084544817604,
        0.3491389393806458,
        0.3482644458611806,
        0.34712729255358377,
        0.3482818086942037,
        0.3473285694917043,
        0.3499446948369344,
        0.3486588935057322,
        0.3498027741909027
    ],