{
    "test_accuracy": 0.625,
    "test_f1": 0.6277888930734707,
    "train_accuracy_history": [
        0.3958333333333333,
        0.4875,
        0.45416666666666666,
        0.48333333333333334,
        0.5458333333333333,
        0.6208333333333333,
        0.6625,
        0.6666666666666666,
        0.725,
        0.7125,
        0.775,
        0.8041666666666667,
        0.7708333333333334,
        0.8083333333333333,
        0.85,
        0.8125,
        0.875,
        0.8666666666666667,
        0.825,
        0.8833333333333333,
        0.9,
        0.8291666666666667,
        0.8375,
        0.9083333333333333,
        0.875,
        0.9125,
        0.9,
        0.8875,
        0.8541666666666666,
        0.9333333333333333,
        0.9458333333333333,
        0.9416666666666667,
        0.9375,
        0.9375,
        0.9375,
        0.9583333333333334,
        0.9291666666666667,
        0.925,
        0.9458333333333333,
        0.9458333333333333,
        0.975,
        0.9541666666666667,
        0.9416666666666667,
        0.925,
        0.9583333333333334,
        0.9416666666666667,
        0.9208333333333333,
        0.9583333333333334,
        0.9708333333333333,
        0.9916666666666667,
        0.9875,
        0.9791666666666666,
        0.9666666666666667,
        0.9583333333333334,
        0.9666666666666667,
        0.9625,
        0.9541666666666667,
        0.95,
        0.9666666666666667,
        0.9833333333333333,
        0.975,
        0.9541666666666667,
        0.9625,
        0.95,
        0.9833333333333333,
        0.9833333333333333,
        0.9833333333333333,
        0.925,
        0.9583333333333334,
        0.9541666666666667,
        0.9958333333333333,
        0.9791666666666666,
        0.9958333333333333,
        0.9875,
        0.9958333333333333,
        0.9958333333333333,
        0.9958333333333333,
        0.9916666666666667,
        0.9875,
        1.0,
        0.9916666666666667,
        0.9833333333333333,
        0.975,
        0.9333333333333333,
        0.9875,
        1.0,
        0.9875,
        1.0,
        0.9916666666666667,
        0.9875,
        0.9625,
        0.9458333333333333,
        0.9291666666666667,
        0.9541666666666667,
        0.9916666666666667,
        0.9875,
        0.9833333333333333,
        0.9708333333333333,
        0.9708333333333333,
        0.9208333333333333
    ],
    "val_accuracy_history": [
        0.35,
        0.3125,
        0.2625,
        0.4625,
        0.2875,
        0.2625,
        0.4375,
        0.325,
        0.5375,
        0.35,
        0.5125,
        0.5125,
        0.3375,
        0.4375,
        0.525,
        0.525,
        0.4875,
        0.4375,
        0.2875,
        0.4125,
        0.4375,
        0.4125,
        0.5125,
        0.45,
        0.4625,
        0.5125,
        0.5375,
        0.575,
        0.425,
        0.6,
        0.45,
        0.6125,
        0.55,
        0.5375,
        0.325,
        0.55,
        0.425,
        0.4875,
        0.6125,
        0.5125,
        0.4375,
        0.5125,
        0.475,
        0.55,
        0.2875,
        0.5375,
        0.5,
        0.6375,
        0.55,
        0.6375,
        0.4125,
        0.55,
        0.475,
        0.6,
        0.5125,
        0.5125,
        0.5625,
        0.5125,
        0.675,
        0.525,
        0.65,
        0.375,
        0.325,
        0.5375,
        0.65,
        0.625,
        0.6625,
        0.5625,
        0.4625,
        0.5875,
        0.5875,
        0.575,
        0.6125,
        0.5625,
        0.55,
        0.6125,
        0.6125,
        0.6,
        0.4625,
        0.575,
        0.4375,
        0.5625,
        0.4875,
        0.4875,
        0.475,
        0.6625,
        0.55,
        0.65,
        0.55,
        0.4375,
        0.425,
        0.5875,
        0.4875,
        0.5125,
        0.65,
        0.4625,
        0.65,
        0.5375,
        0.6625,
        0.325
    ],
    "train_loss_history": [
        0.37132157733043036,
        0.30000567237536113,
        0.2955025784671307,
        0.28669197907050453,
        0.26546865881731113,
        0.22959020957350731,
        0.21144907542814811,
        0.19634494731823604,
        0.1827300754065315,
        0.20680805550267298,
        0.15857774798447888,
        0.14887193801502388,
        0.16563023179769515,
        0.13633792794619998,
        0.11031084430093567,
        0.15042666364461182,
        0.0930255652870983,
        0.09705636253735671,
        0.12897280637795727,
        0.08041269921620066,
        0.07927583342728516,
        0.11784290152912338,
        0.12619179834922153,
        0.07336130727392932,
        0.08204555444729825,
        0.0697537057994244,
        0.06856112107537532,
        0.07461473837611265,
        0.08996082124455522,
        0.05455669407189513,
        0.049700211858726105,
        0.048281682771630585,
        0.044913708307043027,
        0.045396874154297016,
        0.05568622828432126,
        0.03544050446653273,
        0.04634209278131796,
        0.05337390754042038,
        0.050346568331102994,
        0.03751071740795548,
        0.028998387531949752,
        0.04101554906301317,
        0.0417811376566533,
        0.0635696825479196,
        0.03152012649079552,
        0.05643780029931804,
        0.05070127964330216,
        0.033048534673677445,
        0.03068268352750844,
        0.01238516855640531,
        0.010973758013521243,
        0.017758264851606025,
        0.030789891160384286,
        0.02820954952670339,
        0.01780908030147354,
        0.0342866889391189,
        0.03427855292914804,
        0.04025012610679066,
        0.034242478515807306,
        0.012819801982914214,
        0.016837416950268864,
        0.022706254424216848,
        0.02546586108583142,
        0.03947013103097561,
        0.015316953655565157,
        0.023390226350844992,
        0.019459881477450834,
        0.04642688327451954,
        0.031151277035921035,
        0.042234226477133534,
        0.006548858497990295,
        0.015715562842827543,
        0.00520841488626805,
        0.014958432547306682,
        0.004516511623114639,
        0.007051649795448612,
        0.0021344808981818156,
        0.0026890386126221227,
        0.005505011434055026,
        0.0019011742174370738,
        0.015160528687677774,
        0.013933881625780487,
        0.02720067398346752,
        0.0675377396735712,
        0.012463414159598566,
        0.0023832063873972706,
        0.008151438374443386,
        0.001010242223719615,
        0.003396806438437731,
        0.009833426318891725,
        0.03333683967647024,
        0.04341953982869503,
        0.050461826073296835,
        0.05035125267471206,
        0.007548531451902818,
        0.012958961740635763,
        0.010263609131531364,
        0.019095121826012473,
        0.026233489149581145,
        0.07849532410697672
    ],