{
    "test_accuracy": 0.7,
    "test_f1": 0.6000000000000001,
    "train_accuracy_history": [
        0.5333333333333333,
        0.6333333333333333,
        0.7,
        0.7333333333333333,
        0.8333333333333334,
        0.7,
        0.8333333333333334,
        0.8333333333333334,
        0.9,
        0.9,
        0.9333333333333333,
        0.9666666666666667,
        0.9333333333333333,
        1.0,
        0.9666666666666667,
        0.9666666666666667,
        1.0,
        0.9666666666666667,
        1.0,
        1.0,
        1.0,
        1.0,
        1.0,
        1.0,
        1.0,
        1.0,
        1.0,
        1.0,
        1.0,
        1.0,
        1.0,
        1.0,
        1.0,
        1.0,
        1.0,
        1.0,
        1.0,
        1.0,
        1.0,
        1.0,
        1.0,
        1.0,
        1.0,
        1.0,
        1.0,
        1.0,
        1.0,
        1.0,
        1.0,
        1.0,
        1.0,
        1.0,
        1.0,
        1.0,
        1.0,
        1.0,
        1.0,
        1.0,
        1.0,
        1.0,
        1.0,
        1.0,
        1.0,
        1.0,
        1.0,
        1.0,
        1.0,
        1.0,
        1.0,
        1.0,
        1.0,
        1.0,
        1.0,
        1.0,
        1.0,
        1.0,
        1.0,
        1.0,
        1.0,
        1.0,
        1.0,
        1.0,
        1.0,
        1.0,
        1.0,
        1.0,
        1.0,
        1.0,
        1.0,
        1.0,
        1.0,
        1.0,
        1.0,
        1.0,
        1.0,
        1.0,
        1.0,
        1.0,
        1.0,
        1.0
    ],
    "val_accuracy_history": [
        0.4,
        0.4,
        0.2,
        0.6,
        0.6,
        0.6,
        0.6,
        0.6,
        0.6,
        0.6,
        0.6,
        0.6,
        0.6,
        0.6,
        0.6,
        0.6,
        0.6,
        0.6,
        0.6,
        0.6,
        0.6,
        0.6,
        0.6,
        0.6,
        0.5,
        0.5,
        0.6,
        0.6,
        0.6,
        0.4,
        0.4,
        0.4,
        0.4,
        0.6,
        0.6,
        0.7,
        0.6,
        0.6,
        0.4,
        0.4,
        0.8,
        0.4,
        0.9,
        0.6,
        0.7,
        0.4,
        0.4,
        0.4,
        0.4,
        0.6,
        0.7,
        0.6,
        0.4,
        0.4,
        0.5,
        0.6,
        0.9,
        0.8,
        0.7,
        0.7,
        0.7,
        0.6,
        0.8,
        0.7,
        0.7,
        0.4,
        0.4,
        0.9,
        0.5,
        0.4,
        0.4,
        0.7,
        0.9,
        0.5,
        0.9,
        0.7,
        0.7,
        0.7,
        0.5,
        0.4,
        0.5,
        0.5,
        0.4,
        0.4,
        0.4,
        0.5,
        0.8,
        0.8,
        0.7,
        0.6,
        0.7,
        0.5,
        0.8,
        0.5,
        0.5,
        0.5,
        0.5,
        0.7,
        0.6,
        0.8
    ],
    "train_loss_history": [
        0.19503775040308635,
        0.16070954402287801,
        0.15793972611427307,
        0.13813114563624065,
        0.12200664480527242,
        0.11946440935134887,
        0.10210726658503215,
        0.09550051043430964,
        0.09099439730246862,
        0.08272807002067566,
        0.06675503154595692,
        0.054147368172804515,
        0.051388227939605714,
        0.044912161926428475,
        0.03348060150941213,
        0.03449667170643807,
        0.027869825561841328,
        0.045038395437101524,
        0.03012961782515049,
        0.021920872728029887,
        0.018346395840247474,
        0.015845505023996034,
        0.016799736271301904,
        0.015258405109246571,
        0.014541762384275595,
        0.011726229699949424,
        0.008978028285006682,
        0.008782114274799824,
        0.010344956287493308,
        0.007360237402220567,
        0.00842363629490137,
        0.006115132927273711,
        0.006274301884695887,
        0.007224540753910939,
        0.005405370386627814,
        0.004125337488949299,
        0.005888650100678206,
        0.005668246024288237,
        0.005605081398971379,
        0.003537263550485174,
        0.007004233046124379,
        0.003762112984744211,
        0.004623838017384211,
        0.004167980747297406,
        0.004352195506605009,
        0.0050655230414122345,
        0.0020257827903454504,
        0.003560989551867048,
        0.004271738700723896,
        0.0025841925370817384,
        0.002229903956564764,
        0.0028901282387475175,
        0.0023979007033631205,
        0.002241776945690314,
        0.003724095640548815,
        0.0019013712415471673,
        0.002832689415663481,
        0.0019521166764510174,
        0.0032292307393314936,
        0.001856464915908873,
        0.00100328434103479,
        0.0017878808624421556,
        0.0014973590693747004,
        0.002825169338999937,
        0.0011003249557688833,
        0.0014429772680159658,
        0.0010954797151498496,
        0.0015981263985546926,
        0.0015877330986162027,
        0.0013721662728736798,
        0.0020346980619554717,
        0.0011658929851061353,
        0.00115945677292378,
        0.0007315683100993435,
        0.0010003309308861694,
        0.0013940125393370787,
        0.0011390811686093608,
        0.0016589269488273808,
        0.0013092848588712514,
        0.0008798799526023988,
        0.0012234247949284812,
        0.001534499458891029,
        0.0008277291917086889,
        0.0005089665142198403,
        0.0008725658796417216,
        0.001174270474196722,
        0.000479315846071889,
        0.0007699169276747852,
        0.0012732185830827802,
        0.0008231238132187476,
        0.0007361294080813726,
        0.0006371990020852536,
        0.0006769619106004635,
        0.0007768855197355151,
        0.0005777348977668832,
        0.0007262827052424352,
        0.000884861865779385,
        0.0007815724044727782,
        0.000380803452571854,
        0.0008472229567511628
    ],