{
    "test_accuracy": 0.55,
    "test_f1": 0.4684873949579832,
    "train_accuracy_history": [
        0.3333333333333333,
        0.8166666666666667,
        0.8833333333333333,
        0.9833333333333333,
        0.9666666666666667,
        1.0,
        0.9833333333333333,
        1.0,
        1.0,
        1.0,
        1.0,
        1.0,
        1.0,
        1.0,
        1.0,
        1.0,
        1.0,
        1.0,
        1.0,
        1.0,
        1.0,
        1.0,
        1.0,
        1.0,
        1.0,
        1.0,
        1.0,
        1.0,
        1.0,
        1.0,
        1.0,
        1.0,
        1.0,
        1.0,
        0.9833333333333333,
        0.9833333333333333,
        0.9833333333333333,
        0.9333333333333333,
        0.8333333333333334,
        0.85,
        0.9333333333333333,
        0.8833333333333333,
        0.9333333333333333,
        1.0,
        0.9,
        0.9833333333333333,
        0.9833333333333333,
        0.9833333333333333,
        1.0,
        1.0,
        1.0,
        1.0,
        1.0,
        1.0,
        1.0,
        1.0,
        1.0,
        1.0,
        1.0,
        1.0,
        1.0,
        1.0,
        1.0,
        1.0,
        1.0,
        1.0,
        1.0,
        1.0,
        1.0,
        1.0,
        1.0,
        1.0,
        1.0,
        1.0,
        1.0,
        1.0,
        1.0,
        1.0,
        1.0,
        1.0,
        1.0,
        1.0,
        1.0,
        1.0,
        1.0,
        1.0,
        1.0,
        1.0,
        1.0,
        1.0,
        1.0,
        1.0,
        1.0,
        1.0,
        1.0,
        1.0,
        1.0,
        1.0,
        1.0,
        1.0
    ],
    "val_accuracy_history": [
        0.25,
        0.25,
        0.3,
        0.25,
        0.4,
        0.35,
        0.4,
        0.3,
        0.4,
        0.45,
        0.35,
        0.4,
        0.5,
        0.45,
        0.55,
        0.55,
        0.35,
        0.25,
        0.35,
        0.4,
        0.5,
        0.5,
        0.45,
        0.4,
        0.4,
        0.6,
        0.6,
        0.25,
        0.3,
        0.6,
        0.45,
        0.5,
        0.55,
        0.55,
        0.45,
        0.25,
        0.35,
        0.25,
        0.2,
        0.25,
        0.35,
        0.3,
        0.25,
        0.3,
        0.35,
        0.15,
        0.25,
        0.35,
        0.4,
        0.4,
        0.35,
        0.4,
        0.45,
        0.4,
        0.35,
        0.4,
        0.35,
        0.4,
        0.35,
        0.35,
        0.35,
        0.35,
        0.35,
        0.35,
        0.35,
        0.35,
        0.4,
        0.4,
        0.4,
        0.35,
        0.35,
        0.35,
        0.35,
        0.35,
        0.35,
        0.35,
        0.35,
        0.35,
        0.35,
        0.35,
        0.35,
        0.35,
        0.35,
        0.35,
        0.35,
        0.35,
        0.35,
        0.35,
        0.35,
        0.4,
        0.4,
        0.45,
        0.35,
        0.45,
        0.4,
        0.45,
        0.45,
        0.4,
        0.4,
        0.4
    ],
    "train_loss_history": [
        0.36205615401268004,
        0.15914851228396099,
        0.1214069314301014,
        0.03650240913654367,
        0.02915578627338012,
        0.007643750092635552,
        0.021146349709791443,
        0.017784627449388305,
        0.012654396697568397,
        0.004672031531420847,
        0.0024292770520939182,
        0.001482943994536375,
        0.0027049315394833684,
        0.0023906803127223004,
        0.0007681074688055863,
        0.000561530213841858,
        0.002653861357733452,
        0.0013458584299466262,
        0.0005487853622374435,
        0.0005818308010930196,
        0.0006664747682710489,
        0.000530424918300317,
        0.0006991674776751704,
        0.00043784340111111913,
        0.0003348109797419359,
        0.002474234972517782,
        0.000718656629032921,
        0.0028161462219334983,
        0.0009606639500513363,
        0.0006781327678860786,
        0.0009808109384418155,
        0.00023875905705305437,
        0.00029158181811605267,
        0.0002310528598172823,
        0.004909840285593722,
        0.006025341341834671,
        0.013815238152164965,
        0.04288632447520892,
        0.10242743628720442,
        0.08943287161722159,
        0.03469573102581004,
        0.13816620659566373,
        0.06366347392322495,
        0.009989723861023474,
        0.07563591111199154,
        0.014660968189612806,
        0.01806876897268618,
        0.005885043463786132,
        0.0035172447621334866,
        0.0006766623251375374,
        0.0020876604635607994,
        0.0016440174299835538,
        0.0002510402532910424,
        0.0004412192589067369,
        0.00034184306914539773,
        7.83897466135386e-05,
        9.362427105467457e-05,
        0.00021305239164348677,
        0.000292806638572074,
        0.0002132669025134722,
        7.26446337997307e-05,
        4.521895419505502e-05,
        8.647115428933224e-05,
        0.0002994787743167156,
        0.00012415687177356934,
        0.0002479587173259764,
        7.613105322311261e-05,
        5.114587596229588e-05,
        0.00014039640795810254,
        8.17134808433669e-05,
        5.808843883035782e-05,
        2.9932776212149292e-05,
        5.975955286127525e-05,
        0.0008504020061214609,
        2.3787986708612153e-05,
        5.3845713136979614e-05,
        0.000141606465285804,
        3.850370124306816e-05,
        0.00010038840553837266,
        4.188548751831907e-05,
        7.809268893197441e-05,
        3.1088432732910104e-05,
        2.5788764439009053e-05,
        4.9344596300215925e-05,
        2.8346815611257625e-05,
        0.0003378485544052031,
        4.6315318437943155e-05,
        2.1419774361675083e-05,
        6.102610157843931e-05,
        4.243552967485205e-05,
        1.6878604825857715e-05,
        0.0002402158077832913,
        7.254525312418991e-05,
        2.6037496005907694e-05,
        6.701416032607691e-05,
        4.546657294213219e-05,
        2.1361355392931122e-05,
        2.03683211035847e-05,
        4.0523309720204756e-05,
        3.606631673089093e-05
    ],