{
    "test_accuracy": 0.8,
    "test_f1": 0.7619047619047619,
    "train_accuracy_history": [
        0.4666666666666667,
        0.8333333333333334,
        0.8666666666666667,
        0.9,
        0.9,
        0.9333333333333333,
        0.9333333333333333,
        0.9333333333333333,
        0.9666666666666667,
        1.0,
        1.0,
        1.0,
        0.9666666666666667,
        1.0,
        1.0,
        1.0,
        1.0,
        1.0,
        1.0,
        1.0,
        1.0,
        1.0,
        1.0,
        1.0,
        1.0,
        1.0,
        1.0,
        1.0,
        1.0,
        1.0,
        1.0,
        1.0,
        1.0,
        1.0,
        1.0,
        1.0,
        1.0,
        1.0,
        1.0,
        1.0,
        1.0,
        1.0,
        1.0,
        1.0,
        1.0,
        1.0,
        1.0,
        1.0,
        1.0,
        1.0,
        1.0,
        1.0,
        1.0,
        1.0,
        1.0,
        1.0,
        1.0,
        1.0,
        1.0,
        1.0,
        1.0,
        1.0,
        1.0,
        1.0,
        1.0,
        1.0,
        1.0,
        1.0,
        1.0,
        1.0,
        1.0,
        1.0,
        1.0,
        1.0,
        1.0,
        1.0,
        1.0,
        1.0,
        1.0,
        1.0,
        1.0,
        1.0,
        1.0,
        1.0,
        1.0,
        1.0,
        1.0,
        1.0,
        1.0,
        1.0,
        1.0,
        1.0,
        1.0,
        1.0,
        1.0,
        1.0,
        1.0,
        1.0,
        1.0,
        1.0
    ],
    "val_accuracy_history": [
        0.4,
        0.7,
        0.8,
        0.5,
        1.0,
        0.5,
        0.7,
        0.6,
        0.6,
        0.6,
        0.6,
        0.7,
        0.4,
        0.8,
        0.6,
        0.6,
        0.6,
        0.8,
        0.4,
        0.4,
        0.4,
        0.4,
        0.8,
        0.8,
        0.8,
        0.8,
        0.8,
        0.8,
        0.4,
        0.4,
        0.6,
        0.7,
        0.8,
        0.8,
        0.6,
        0.8,
        0.8,
        0.8,
        0.8,
        0.7,
        0.8,
        0.8,
        0.8,
        0.8,
        0.8,
        0.8,
        0.8,
        0.8,
        0.8,
        0.8,
        0.8,
        0.8,
        0.8,
        0.8,
        0.9,
        0.8,
        0.8,
        0.8,
        0.7,
        0.8,
        0.8,
        0.8,
        0.8,
        0.8,
        0.7,
        0.8,
        0.7,
        0.8,
        0.8,
        0.8,
        0.8,
        0.8,
        0.7,
        0.8,
        0.8,
        0.8,
        0.8,
        0.7,
        0.7,
        0.8,
        0.8,
        0.7,
        0.8,
        0.8,
        0.8,
        0.8,
        0.7,
        0.8,
        0.7,
        0.8,
        0.9,
        0.8,
        0.9,
        0.8,
        0.8,
        0.8,
        0.8,
        0.8,
        0.8,
        0.8
    ],
    "train_loss_history": [
        0.19561153650283813,
        0.11197369496027629,
        0.08737130090594292,
        0.06733993490537007,
        0.06498215546210608,
        0.043414221704006196,
        0.04660642196734746,
        0.050550813476244606,
        0.03647051714360714,
        0.02655379126469294,
        0.022945407405495645,
        0.01728847548365593,
        0.02724913532535235,
        0.019468317770709596,
        0.01741599626839161,
        0.012443115251759689,
        0.008723111481716235,
        0.012585542413095634,
        0.005981358738305668,
        0.007260623232771953,
        0.005778299823092917,
        0.0040398532757535575,
        0.00489763383132716,
        0.00428608573662738,
        0.0031866177062814436,
        0.004965068539604545,
        0.002512124906449268,
        0.003300138741421203,
        0.009269142306099336,
        0.0023010080214589832,
        0.002380453849521776,
        0.002677225034373502,
        0.002948406641371548,
        0.0020797610438118377,
        0.0025131716354129213,
        0.0021632557502016423,
        0.001219564932398498,
        0.0014157539427590868,
        0.001996798743493855,
        0.0011736159290497501,
        0.0008386379457078874,
        0.0011003131357332071,
        0.0012985273730009793,
        0.0010482802676657836,
        0.0008155260235071182,
        0.0010128391169322035,
        0.0008519046881701797,
        0.0019268460397142916,
        0.0009491006164656331,
        0.0010253114111643906,
        0.0008023277584773799,
        0.0009929786358649532,
        0.000624074493922914,
        0.0005260819297594328,
        0.0005216245927537481,
        0.0007282505102921277,
        0.0009095786178174118,
        0.0009629260127743085,
        0.0006171002479580541,
        0.000556331081315875,
        0.0009421597778176267,
        0.0007268386446715643,
        0.00050120489904657,
        0.0005196206601491819,
        0.0004406959031863759,
        0.0005068884609499946,
        0.00038604444125667214,
        0.000580181482170398,
        0.0004990238094857584,
        0.00046519972383975985,
        0.0004099255175484965,
        0.000508610780040423,
        0.0003967512971333539,
        0.00026604044639195004,
        0.00029385322025821857,
        0.0003270141799778988,
        0.00043060860868232944,
        0.00038482669721512743,
        0.0003884388269701352,
        0.0002814506539531673,
        0.0002825602966671189,
        0.000303569104289636,
        0.00027485471218824387,
        0.000509629004712527,
        0.00024355550607045492,
        0.0006751780592215557,
        0.000278035790931123,
        0.0004017713535480046,
        0.00025007703564673044,
        0.00021867713803658262,
        0.00021113813078651826,
        0.00020197575892476986,
        0.00018497817266810063,
        0.0003730856415738041,
        0.0001692161924438551,
        0.00028935813170392064,
        0.00013900145422667264,
        0.00019898133274788657,
        0.00013622553427315628,
        0.00021305343955949259
    ],