{
    "test_accuracy": 0.6666666666666666,
    "test_f1": 0.611965811965812,
    "train_accuracy_history": [
        0.28888888888888886,
        0.5777777777777777,
        0.8222222222222222,
        0.8444444444444444,
        0.9555555555555556,
        1.0,
        1.0,
        1.0,
        1.0,
        1.0,
        0.9777777777777777,
        0.9777777777777777,
        1.0,
        1.0,
        1.0,
        1.0,
        1.0,
        1.0,
        1.0,
        1.0,
        0.9777777777777777,
        1.0,
        1.0,
        1.0,
        1.0,
        1.0,
        1.0,
        1.0,
        1.0,
        1.0,
        1.0,
        1.0,
        1.0,
        1.0,
        1.0,
        1.0,
        1.0,
        1.0,
        1.0,
        1.0,
        1.0,
        1.0,
        1.0,
        1.0,
        1.0,
        1.0,
        1.0,
        1.0,
        1.0,
        1.0,
        1.0,
        1.0,
        1.0,
        1.0,
        1.0,
        1.0,
        1.0,
        1.0,
        1.0,
        1.0,
        1.0,
        1.0,
        1.0,
        1.0,
        1.0,
        1.0,
        1.0,
        1.0,
        1.0,
        1.0,
        1.0,
        1.0,
        1.0,
        1.0,
        1.0,
        1.0,
        1.0,
        1.0,
        1.0,
        1.0,
        1.0,
        1.0,
        1.0,
        1.0,
        1.0,
        1.0,
        1.0,
        1.0,
        1.0,
        1.0,
        1.0,
        1.0,
        1.0,
        1.0,
        1.0,
        1.0,
        1.0,
        1.0,
        1.0,
        1.0
    ],
    "val_accuracy_history": [
        0.4,
        0.3333333333333333,
        0.4,
        0.4666666666666667,
        0.4,
        0.4,
        0.26666666666666666,
        0.4,
        0.4,
        0.4,
        0.4,
        0.4,
        0.4,
        0.4,
        0.4666666666666667,
        0.4,
        0.4,
        0.3333333333333333,
        0.4,
        0.4,
        0.4,
        0.4,
        0.3333333333333333,
        0.4,
        0.4666666666666667,
        0.3333333333333333,
        0.4,
        0.5333333333333333,
        0.4,
        0.3333333333333333,
        0.4,
        0.2,
        0.3333333333333333,
        0.4,
        0.4,
        0.3333333333333333,
        0.4666666666666667,
        0.4666666666666667,
        0.3333333333333333,
        0.3333333333333333,
        0.5333333333333333,
        0.4666666666666667,
        0.3333333333333333,
        0.4666666666666667,
        0.26666666666666666,
        0.3333333333333333,
        0.3333333333333333,
        0.4,
        0.5333333333333333,
        0.4666666666666667,
        0.5333333333333333,
        0.4,
        0.26666666666666666,
        0.4666666666666667,
        0.4666666666666667,
        0.4666666666666667,
        0.6,
        0.4666666666666667,
        0.3333333333333333,
        0.26666666666666666,
        0.3333333333333333,
        0.4,
        0.4666666666666667,
        0.26666666666666666,
        0.4666666666666667,
        0.5333333333333333,
        0.3333333333333333,
        0.4,
        0.4,
        0.4666666666666667,
        0.4666666666666667,
        0.4666666666666667,
        0.4666666666666667,
        0.4,
        0.3333333333333333,
        0.4666666666666667,
        0.4,
        0.4666666666666667,
        0.4,
        0.4,
        0.4666666666666667,
        0.3333333333333333,
        0.3333333333333333,
        0.4,
        0.4,
        0.5333333333333333,
        0.3333333333333333,
        0.4,
        0.3333333333333333,
        0.4666666666666667,
        0.4666666666666667,
        0.4666666666666667,
        0.4666666666666667,
        0.4666666666666667,
        0.4666666666666667,
        0.4666666666666667,
        0.4,
        0.5333333333333333,
        0.4,
        0.4
    ],
    "train_loss_history": [
        0.32596769862704805,
        0.2395596040619744,
        0.1579440732796987,
        0.13890892532136706,
        0.08700408736864726,
        0.055377171602514055,
        0.041371352308326295,
        0.04198356055551105,
        0.049274219489759866,
        0.04396468549966812,
        0.041995360205570854,
        0.040449306203259365,
        0.025780576239857408,
        0.02037894316017628,
        0.014311400821639432,
        0.014497348831759559,
        0.010204330852462185,
        0.012145715827743212,
        0.009284639182604021,
        0.0079104985938304,
        0.013141527730557654,
        0.005493677428199185,
        0.006021594623517659,
        0.004929721314046118,
        0.004163521440285776,
        0.006022801477875974,
        0.0034378804059492216,
        0.0033074298304402168,
        0.004726659123682314,
        0.003318950311384267,
        0.002628211614986261,
        0.0026794351275182433,
        0.002279323704230289,
        0.0052244571580862004,
        0.002255628270924919,
        0.004825439803405768,
        0.0015207879309956397,
        0.002366589443085508,
        0.0016116526611666712,
        0.0015561683517363336,
        0.0012446346201209558,
        0.0009911813986642906,
        0.0016255577638124427,
        0.001373106330477943,
        0.0009493537764582369,
        0.0011529930505073732,
        0.000938025123387989,
        0.0017108972093814777,
        0.0012107245300689506,
        0.0010644336787259414,
        0.0007933936262917188,
        0.0009297526486787117,
        0.0009166639233525428,
        0.0010318501580817005,
        0.0010087843971430428,
        0.0010732290386739705,
        0.0008474732606878711,
        0.0004933201604419284,
        0.0008708121534760317,
        0.000562756544806891,
        0.00045972271667172514,
        0.000568613878891079,
        0.0004930544644594192,
        0.0007449578868949578,
        0.000555711528674389,
        0.00043783692591306235,
        0.0005348737418292633,
        0.000530932829133235,
        0.00037159776159872613,
        0.0005616070537750299,
        0.00044574938882659706,
        0.0005325849303820481,
        0.0010576266252125303,
        0.00043509765786843167,
        0.0004958183685731557,
        0.0004849967149008686,
        0.0006625287697210701,
        0.00035391638844480943,
        0.0003838721659526022,
        0.00037807634281408455,
        0.00026408706811101486,
        0.0007277501378363619,
        0.00034176337422751305,
        0.0004356698255934235,
        0.00039751865099080735,
        0.0003137425286695361,
        0.00030513157059128086,
        0.00041413155082005285,
        0.0003911603463671377,
        0.0003004224020211647,
        0.00039288939806283454,
        0.000269110560313695,
        0.00029739111293262493,
        0.00036867801908455376,
        0.0002854899836367824,
        0.0002203010252237113,
        0.00029197042685053827,
        0.00017980509566970998,
        0.0003231892675911594,
        0.000295510749048036
    ],