{
    "test_accuracy": 1.0,
    "test_f1": 1.0,
    "train_accuracy_history": [
        0.7333333333333333,
        0.9333333333333333,
        0.9333333333333333,
        0.9333333333333333,
        0.9333333333333333,
        0.9333333333333333,
        0.9666666666666667,
        0.9666666666666667,
        1.0,
        1.0,
        1.0,
        1.0,
        1.0,
        1.0,
        1.0,
        1.0,
        1.0,
        1.0,
        1.0,
        1.0,
        1.0,
        1.0,
        1.0,
        1.0,
        1.0,
        1.0,
        1.0,
        1.0,
        1.0,
        1.0,
        1.0,
        1.0,
        1.0,
        1.0,
        1.0,
        1.0,
        1.0,
        1.0,
        1.0,
        1.0,
        1.0,
        1.0,
        1.0,
        1.0,
        1.0,
        1.0,
        1.0,
        1.0,
        1.0,
        1.0,
        1.0,
        1.0,
        1.0,
        1.0,
        1.0,
        1.0,
        1.0,
        1.0,
        1.0,
        1.0,
        1.0,
        1.0,
        1.0,
        1.0,
        1.0,
        1.0,
        1.0,
        1.0,
        1.0,
        1.0,
        1.0,
        1.0,
        1.0,
        1.0,
        1.0,
        1.0,
        1.0,
        1.0,
        1.0,
        1.0,
        1.0,
        1.0,
        1.0,
        1.0,
        1.0,
        1.0,
        1.0,
        1.0,
        1.0,
        1.0,
        1.0,
        1.0,
        1.0,
        1.0,
        1.0,
        1.0,
        1.0,
        1.0,
        1.0,
        1.0
    ],
    "val_accuracy_history": [
        0.5,
        0.5,
        0.5,
        0.5,
        0.5,
        0.5,
        0.5,
        0.5,
        0.6,
        0.5,
        0.5,
        0.5,
        0.5,
        0.5,
        0.5,
        0.5,
        0.5,
        0.5,
        0.5,
        0.5,
        0.6,
        0.9,
        0.7,
        0.7,
        0.9,
        0.7,
        0.7,
        0.7,
        0.6,
        0.6,
        0.6,
        0.6,
        0.7,
        0.7,
        0.7,
        0.8,
        0.9,
        0.8,
        0.7,
        0.8,
        0.8,
        0.7,
        0.8,
        0.8,
        0.7,
        0.8,
        0.7,
        0.7,
        0.8,
        0.7,
        0.6,
        0.6,
        0.7,
        0.7,
        0.6,
        0.6,
        0.8,
        0.6,
        0.7,
        0.8,
        0.7,
        0.7,
        0.7,
        0.8,
        0.8,
        0.8,
        0.8,
        0.7,
        0.7,
        0.8,
        0.8,
        0.8,
        0.7,
        0.7,
        0.7,
        0.7,
        0.7,
        0.6,
        0.6,
        0.7,
        0.7,
        0.7,
        0.8,
        0.8,
        0.7,
        0.8,
        0.7,
        0.8,
        0.8,
        0.8,
        0.7,
        0.7,
        0.8,
        0.7,
        0.7,
        0.7,
        0.6,
        0.6,
        0.6,
        0.6
    ],
    "train_loss_history": [
        0.1517734299103419,
        0.07708936880032222,
        0.05963360710690419,
        0.06480915293407936,
        0.04592624759922425,
        0.04310705189903577,
        0.035240091911206646,
        0.022383412687728803,
        0.013182184503724178,
        0.011725479682597021,
        0.009161108639091253,
        0.01765130866939823,
        0.006963667902164161,
        0.003888325944232444,
        0.0059689123959590995,
        0.0055120935847905155,
        0.005395524312431613,
        0.0019214223837479949,
        0.003589002330166598,
        0.0011711477748273561,
        0.0027149567070106667,
        0.0013131330100198586,
        0.0007839347769428665,
        0.000676709674007725,
        0.0019401685480261222,
        0.0006778114674186024,
        0.0009077598074024233,
        0.0013266246882267297,
        0.0004982978498446755,
        0.0007397962292695107,
        0.0014363792938335489,
        0.0002519086704220778,
        0.00047450997905495264,
        0.0005135997940669768,
        0.00023209777136798949,
        0.00029589508534021055,
        0.00017227391654159874,
        0.0002322958292400775,
        0.0002479922744290282,
        0.00012020564414948846,
        0.0002734754205448553,
        0.00038340673624285654,
        0.0004892932474225138,
        0.000155327975032075,
        0.0006216389045221149,
        0.000132183801906649,
        0.0002712468442041427,
        0.00015750775273772887,
        0.0001728983668726869,
        0.00027821493470886103,
        0.0001734715328590634,
        0.00010011718841269612,
        0.00015428671440531616,
        0.0001975632825633511,
        0.0004539568217296619,
        0.0001385981083634154,
        0.00030891189174629593,
        0.0005829141922731651,
        0.0005588026181158057,
        0.00010085928491510761,
        0.0002968551291511782,
        0.0001434351370941537,
        0.00016664097092871087,
        0.0001311023911209001,
        0.00011869493027916178,
        0.00012874560488853603,
        0.0001249122620417135,
        0.00020749039995280328,
        6.991023351474724e-05,
        0.00012787408043853551,
        0.0001167962209971544,
        0.00011813563299559368,
        0.00033796274322715666,
        0.00010347395570230826,
        7.217098985468813e-05,
        8.774791300917666e-05,
        0.00011335740637150594,
        7.824625748374577e-05,
        7.681277984374901e-05,
        9.622136955537523e-05,
        4.135351097526533e-05,
        3.9631270252963685e-05,
        9.02062039434289e-05,
        8.59014103601415e-05,
        0.0001703623094120606,
        3.616236863308586e-05,
        2.6250411610817537e-05,
        2.248193632112816e-05,
        0.00012388202561245028,
        4.035922161165218e-05,
        3.598985276767053e-05,
        8.025715812133664e-05,
        3.2610405196464856e-05,
        3.364612927422665e-05,
        0.0001633371351393483,
        0.000150144913116416,
        7.28593075715859e-05,
        3.658928768951834e-05,
        3.9154719282426716e-05,
        5.436466872197343e-05
    ],