{
    "test_accuracy": 0.8,
    "test_f1": 0.7916666666666667,
    "train_accuracy_history": [
        0.4666666666666667,
        0.6666666666666666,
        0.8333333333333334,
        0.8666666666666667,
        0.9,
        1.0,
        1.0,
        1.0,
        1.0,
        1.0,
        1.0,
        1.0,
        1.0,
        1.0,
        1.0,
        1.0,
        1.0,
        1.0,
        1.0,
        1.0,
        1.0,
        1.0,
        1.0,
        1.0,
        1.0,
        1.0,
        1.0,
        1.0,
        1.0,
        1.0,
        1.0,
        1.0,
        1.0,
        1.0,
        1.0,
        1.0,
        1.0,
        1.0,
        1.0,
        1.0,
        1.0,
        1.0,
        1.0,
        1.0,
        1.0,
        1.0,
        1.0,
        1.0,
        1.0,
        1.0,
        1.0,
        1.0,
        1.0,
        1.0,
        1.0,
        1.0,
        1.0,
        1.0,
        1.0,
        1.0,
        1.0,
        1.0,
        1.0,
        1.0,
        1.0,
        1.0,
        1.0,
        1.0,
        1.0,
        1.0,
        1.0,
        1.0,
        1.0,
        1.0,
        1.0,
        1.0,
        1.0,
        1.0,
        1.0,
        1.0,
        1.0,
        1.0,
        1.0,
        1.0,
        1.0,
        1.0,
        1.0,
        1.0,
        1.0,
        1.0,
        1.0,
        1.0,
        1.0,
        1.0,
        1.0,
        1.0,
        1.0,
        1.0,
        1.0,
        1.0
    ],
    "val_accuracy_history": [
        0.4,
        0.6,
        0.6,
        0.6,
        0.9,
        0.4,
        0.4,
        0.4,
        0.4,
        0.4,
        0.4,
        0.4,
        0.4,
        0.4,
        0.4,
        0.4,
        0.4,
        0.4,
        0.4,
        0.4,
        0.6,
        0.4,
        0.9,
        0.9,
        1.0,
        0.9,
        0.9,
        0.6,
        0.6,
        0.6,
        0.6,
        0.8,
        0.8,
        1.0,
        1.0,
        0.9,
        0.8,
        0.6,
        0.6,
        0.6,
        0.6,
        0.6,
        0.8,
        0.9,
        0.7,
        0.7,
        0.8,
        0.9,
        0.8,
        1.0,
        0.9,
        0.9,
        0.7,
        0.6,
        0.6,
        0.6,
        0.7,
        0.8,
        0.8,
        0.9,
        0.9,
        0.9,
        0.8,
        0.8,
        0.8,
        0.6,
        0.7,
        0.9,
        0.9,
        0.9,
        0.9,
        0.9,
        0.8,
        0.8,
        0.9,
        1.0,
        0.9,
        0.7,
        0.9,
        0.9,
        0.9,
        0.9,
        0.9,
        0.9,
        0.9,
        0.8,
        0.8,
        0.9,
        0.9,
        1.0,
        0.9,
        0.9,
        0.9,
        0.9,
        0.9,
        0.9,
        0.9,
        1.0,
        1.0,
        1.0
    ],
    "train_loss_history": [
        0.194757213195165,
        0.13861285348733265,
        0.12441489199797312,
        0.10229307164748509,
        0.08925220171610514,
        0.049027809003988905,
        0.03282784161468347,
        0.021570765847961106,
        0.014561186823993922,
        0.014710233158742389,
        0.007920590361269813,
        0.007214375693971912,
        0.005725230618069569,
        0.006338016642257571,
        0.005451607122085989,
        0.005108429390626649,
        0.0037114666153987247,
        0.0038236462705147764,
        0.002365630337347587,
        0.0028693802421912553,
        0.003951552603393793,
        0.0024868903992076715,
        0.0023116675904020665,
        0.001494357321644202,
        0.0014050261427958806,
        0.0011457086269122858,
        0.00143547128730764,
        0.0016355453563543657,
        0.0016327277922149126,
        0.0011249077719791482,
        0.0013262555740463236,
        0.0008590015049170081,
        0.0014590902642036478,
        0.0011026923273069163,
        0.0008010444270136456,
        0.0012980916925395527,
        0.0008474029251374305,
        0.0007421840835983555,
        0.0007686167062881092,
        0.0009917894213382775,
        0.0004507965059019625,
        0.0007250769917542736,
        0.0005676712763185303,
        0.0016693278157617897,
        0.0005301346847166618,
        0.0006739527607957523,
        0.000734276413762321,
        0.0006261226890880305,
        0.0007323334556228171,
        0.000599334144014089,
        0.0008741392569694048,
        0.0006135384202934802,
        0.0005947206072354068,
        0.0005447207833640278,
        0.00035175039956811813,
        0.00030116773802243795,
        0.00041848848341032865,
        0.00039496252817722657,
        0.00047772350953891876,
        0.00047339230950456114,
        0.0003913641279117049,
        0.00040649638200799626,
        0.00038544256361395434,
        0.0003685625648358837,
        0.00033342375924500325,
        0.00023639859524943557,
        0.00030909530663241944,
        0.00021212778398573088,
        0.0003252054943004623,
        0.00027983031905023383,
        0.00027754646725952625,
        0.00018557636455322304,
        0.00026752456906251607,
        0.0004034896463660213,
        0.00024387013375720318,
        0.0002186670244554989,
        0.00021175749231285105,
        0.00022319625810875247,
        0.0002136615104973316,
        0.00031275531994954994,
        0.0002991315612841087,
        0.0001834242856906106,
        0.00019580457556003238,
        0.00017875830114159422,
        0.00017416515959970031,
        0.0002703220889088698,
        0.00022296771882489945,
        0.00030732071196932034,
        0.00026640324970988636,
        0.0002606198996848737,
        0.0002711195610269594,
        0.00015105564622596527,
        0.00020847278222693906,
        0.00015975359395573225,
        0.00016906284508877434,
        0.00021787903339524442,
        0.00018449853790419485,
        0.0001308247813237055,
        0.00015310966991819442,
        0.0001629951677386998
    ],