{
    "test_accuracy": 0.3,
    "test_f1": 0.29292929292929293,
    "train_accuracy_history": [
        0.5,
        0.7666666666666667,
        0.8666666666666667,
        0.7333333333333333,
        0.9,
        0.9,
        0.9333333333333333,
        0.9666666666666667,
        1.0,
        0.9666666666666667,
        0.9666666666666667,
        1.0,
        1.0,
        1.0,
        1.0,
        1.0,
        1.0,
        1.0,
        1.0,
        1.0,
        1.0,
        1.0,
        1.0,
        1.0,
        1.0,
        1.0,
        1.0,
        1.0,
        1.0,
        1.0,
        1.0,
        1.0,
        1.0,
        1.0,
        1.0,
        1.0,
        1.0,
        1.0,
        1.0,
        1.0,
        1.0,
        1.0,
        1.0,
        1.0,
        1.0,
        1.0,
        1.0,
        1.0,
        1.0,
        1.0,
        1.0,
        1.0,
        1.0,
        1.0,
        1.0,
        1.0,
        1.0,
        1.0,
        1.0,
        1.0,
        1.0,
        1.0,
        1.0,
        1.0,
        1.0,
        1.0,
        1.0,
        1.0,
        1.0,
        1.0,
        1.0,
        1.0,
        1.0,
        1.0,
        1.0,
        1.0,
        1.0,
        1.0,
        1.0,
        1.0,
        1.0,
        1.0,
        1.0,
        1.0,
        1.0,
        1.0,
        1.0,
        1.0,
        1.0,
        1.0,
        1.0,
        1.0,
        1.0,
        1.0,
        1.0,
        1.0,
        1.0,
        1.0,
        1.0,
        1.0
    ],
    "val_accuracy_history": [
        0.4,
        0.4,
        0.4,
        0.4,
        0.4,
        0.4,
        0.4,
        0.4,
        0.4,
        0.4,
        0.4,
        0.4,
        0.6,
        0.4,
        0.4,
        0.4,
        0.4,
        0.4,
        0.4,
        0.4,
        0.5,
        0.4,
        0.4,
        0.4,
        0.4,
        0.8,
        0.4,
        0.6,
        0.6,
        0.6,
        0.5,
        0.5,
        0.4,
        0.4,
        0.5,
        0.4,
        0.4,
        0.4,
        0.8,
        0.6,
        0.5,
        0.7,
        0.6,
        0.8,
        0.5,
        0.4,
        0.6,
        0.6,
        0.6,
        0.5,
        0.5,
        0.5,
        0.9,
        0.7,
        0.8,
        0.5,
        0.7,
        0.8,
        0.5,
        0.4,
        0.4,
        0.4,
        0.4,
        0.4,
        0.5,
        0.7,
        0.7,
        0.9,
        0.7,
        0.9,
        0.8,
        0.8,
        0.6,
        0.5,
        0.6,
        0.7,
        0.6,
        0.7,
        0.9,
        0.8,
        0.8,
        0.8,
        0.4,
        0.4,
        0.4,
        0.6,
        0.4,
        0.6,
        0.7,
        0.6,
        0.6,
        0.5,
        0.7,
        0.8,
        0.8,
        0.7,
        0.8,
        0.5,
        0.6,
        0.8
    ],
    "train_loss_history": [
        0.2239037295182546,
        0.14246721764405568,
        0.10383359417319298,
        0.13051846077044804,
        0.08619736284017562,
        0.08707062105337779,
        0.06180342907706896,
        0.05957343851526578,
        0.042923102031151454,
        0.0378259789198637,
        0.03940482201675574,
        0.027037104095021882,
        0.020498914395769438,
        0.027134674539168676,
        0.013102348148822784,
        0.01575249278297027,
        0.00734195060407122,
        0.007723863640179237,
        0.007602813878717521,
        0.008985972451046109,
        0.004373827126498023,
        0.0055513993060837185,
        0.004015721178924044,
        0.0035627671672652165,
        0.003072927054017782,
        0.002419973762395481,
        0.002563453085410098,
        0.002446255212028821,
        0.0031852960819378495,
        0.0023246625865188737,
        0.0020256325835362075,
        0.002972811122890562,
        0.0019270339049398898,
        0.0020161062362603842,
        0.0020068494913478693,
        0.0015208283982550105,
        0.0012915474323866268,
        0.0017862034340699513,
        0.0010045919072581456,
        0.000997212352619196,
        0.0022800086492983005,
        0.002037165896035731,
        0.0009040503801467519,
        0.001871349736272047,
        0.0009153670243298013,
        0.0006348072822826604,
        0.0007626216470574339,
        0.0009947497126025458,
        0.0006512617187884946,
        0.0004986522893887013,
        0.0005870155175216496,
        0.0007986857711027066,
        0.0005011279485188424,
        0.000812540246018519,
        0.0005863927188329398,
        0.0006559598230523988,
        0.0005023224424803629,
        0.0004629087207528452,
        0.0013714296995506932,
        0.000568079121876508,
        0.0006928583490662277,
        0.0005595985101535916,
        0.0005308956994364659,
        0.0004600572807248682,
        0.00031994466262403877,
        0.00043902407633140684,
        0.00034397162865692127,
        0.0005610711115878076,
        0.0002512595499865711,
        0.00030790411692578347,
        0.00024153955309884622,
        0.0002863937819104952,
        0.0003066165120496104,
        0.00031167483418054567,
        0.00033034548978321253,
        0.00038714215916115793,
        0.00033033236298554887,
        0.00045472716835017005,
        0.0002267734016641043,
        0.0002707853234217813,
        0.00024165831079396108,
        0.0003103542422953372,
        0.0004977107591306169,
        0.0002670814666392592,
        0.00027523602087361115,
        0.0003247551309565703,
        0.0008689712199460094,
        0.0002677288452105131,
        0.0004614590356747309,
        0.00045143852087979516,
        0.0003669441260475044,
        0.00039582084597592865,
        0.0002107004887269189,
        0.0003382584696131138,
        0.00037398508575279263,
        0.00019487021927488968,
        0.0001827549752003203,
        0.000229516600666102,
        0.00017167615878861399,
        0.00026389480578169845
    ],