{
    "test_accuracy": 0.625,
    "test_f1": 0.6423519009725907,
    "train_accuracy_history": [
        0.22083333333333333,
        0.22916666666666666,
        0.37083333333333335,
        0.4083333333333333,
        0.49583333333333335,
        0.5125,
        0.5458333333333333,
        0.6375,
        0.6333333333333333,
        0.6708333333333333,
        0.6583333333333333,
        0.625,
        0.6583333333333333,
        0.6916666666666667,
        0.6541666666666667,
        0.7,
        0.7,
        0.675,
        0.7583333333333333,
        0.7416666666666667,
        0.7166666666666667,
        0.7833333333333333,
        0.7375,
        0.7291666666666666,
        0.7,
        0.7083333333333334,
        0.7416666666666667,
        0.7125,
        0.7083333333333334,
        0.7333333333333333,
        0.7791666666666667,
        0.75,
        0.7708333333333334,
        0.7458333333333333,
        0.7541666666666667,
        0.7958333333333333,
        0.7875,
        0.7875,
        0.7666666666666667,
        0.725,
        0.8083333333333333,
        0.6875,
        0.7666666666666667,
        0.8041666666666667,
        0.8208333333333333,
        0.8208333333333333,
        0.8166666666666667,
        0.8375,
        0.8291666666666667,
        0.8666666666666667,
        0.8125,
        0.8375,
        0.8708333333333333,
        0.8583333333333333,
        0.8833333333333333,
        0.9166666666666666,
        0.8833333333333333,
        0.925,
        0.9208333333333333,
        0.9375,
        0.9541666666666667,
        0.9375,
        0.8875,
        0.9375,
        0.9625,
        0.9583333333333334,
        0.9791666666666666,
        0.9541666666666667,
        0.9208333333333333,
        0.9666666666666667,
        0.9208333333333333,
        0.9625,
        0.9625,
        0.9333333333333333,
        0.9583333333333334,
        0.9166666666666666,
        0.9208333333333333,
        0.9625,
        0.9541666666666667,
        0.9541666666666667,
        0.9666666666666667,
        0.95,
        0.9125,
        0.9291666666666667,
        0.9625,
        0.9625,
        0.9666666666666667,
        0.9541666666666667,
        0.95,
        0.9666666666666667,
        0.9875,
        0.975,
        0.9875,
        0.9416666666666667,
        0.9083333333333333,
        0.8791666666666667,
        0.9583333333333334,
        0.9625,
        0.975,
        0.9791666666666666
    ],
    "val_accuracy_history": [
        0.25,
        0.25,
        0.25,
        0.35,
        0.475,
        0.4125,
        0.275,
        0.3375,
        0.4375,
        0.5125,
        0.4875,
        0.575,
        0.4375,
        0.5375,
        0.425,
        0.25,
        0.45,
        0.5875,
        0.525,
        0.5375,
        0.4375,
        0.4375,
        0.475,
        0.5625,
        0.575,
        0.575,
        0.425,
        0.5125,
        0.5375,
        0.5125,
        0.5875,
        0.6125,
        0.5875,
        0.45,
        0.575,
        0.525,
        0.45,
        0.5625,
        0.575,
        0.5375,
        0.5125,
        0.55,
        0.6,
        0.5625,
        0.375,
        0.5625,
        0.55,
        0.5625,
        0.4625,
        0.525,
        0.45,
        0.5375,
        0.575,
        0.3875,
        0.5375,
        0.5625,
        0.45,
        0.5875,
        0.5875,
        0.6125,
        0.6625,
        0.4125,
        0.425,
        0.575,
        0.5625,
        0.6,
        0.575,
        0.6375,
        0.5,
        0.5625,
        0.4875,
        0.475,
        0.525,
        0.6125,
        0.45,
        0.6375,
        0.35,
        0.475,
        0.425,
        0.6625,
        0.4875,
        0.45,
        0.5,
        0.4625,
        0.625,
        0.5,
        0.5125,
        0.65,
        0.2875,
        0.5125,
        0.4625,
        0.425,
        0.5,
        0.3375,
        0.45,
        0.525,
        0.55,
        0.475,
        0.5,
        0.6
    ],
    "train_loss_history": [
        0.3488689919312795,
        0.34859301149845123,
        0.29469753466546533,
        0.28714795572062335,
        0.25733605672915777,
        0.2473658384134372,
        0.2337681227674087,
        0.20617651157081127,
        0.19584912795107812,
        0.17702458446534972,
        0.17214812136565646,
        0.16090324378261964,
        0.16806874722242354,
        0.1516402075222383,
        0.1555266757699428,
        0.14096882216011483,
        0.15150394896045327,
        0.13685289404044548,
        0.12480089349361757,
        0.12868752852082252,
        0.1366230834896366,
        0.12216850556433201,
        0.11876751248491928,
        0.12846694976324216,
        0.13839130798975627,
        0.12955207178213943,
        0.11932490269343059,
        0.12163733882845994,
        0.15096055373299652,
        0.12346595752363404,
        0.11223674213979393,
        0.11835634543385823,
        0.11103513917478267,
        0.1278440121149894,
        0.11577496000840787,
        0.10874695642996812,
        0.10239940417789815,
        0.1049853748918423,
        0.10406713989314084,
        0.12383973878701605,
        0.11311249070859049,
        0.18903574802534423,
        0.12197864164239339,
        0.10666812011622824,
        0.09781700516250566,
        0.09225176062900572,
        0.09800899638018261,
        0.08980150185183883,
        0.09393494433218924,
        0.08552623522288437,
        0.10624612884372861,
        0.0981585552412677,
        0.08673069910861765,
        0.08694462947423745,
        0.0822136262790688,
        0.05444562303655402,
        0.07296650925596472,
        0.06298228665299348,
        0.0483721440101211,
        0.05316868108442918,
        0.042267052426480704,
        0.0368533919904839,
        0.08129906838405532,
        0.05568933830994259,
        0.03692581114761803,
        0.031145357743237886,
        0.0332101036379683,
        0.03428208377269281,
        0.05535720057044576,
        0.02551719389274561,
        0.04652876429550664,
        0.038704102872542674,
        0.031980450357392866,
        0.038618855332798026,
        0.02829105155963892,
        0.05214261870229109,
        0.048768398340568155,
        0.029126408678464107,
        0.03350235944873624,
        0.03616921292972013,
        0.02974403842559816,
        0.03305317581842549,
        0.07677156442134674,
        0.053541838028725884,
        0.025331768011588807,
        0.028435717915406635,
        0.023368834921446553,
        0.035813733413124285,
        0.03156299178733472,
        0.02620293086680855,
        0.014741898941727883,
        0.016518786865225364,
        0.01539601112120484,
        0.06140161307616646,
        0.07844873419599026,
        0.10525246617229035,
        0.031946228769326505,
        0.026885756328556453,
        0.024663064679248236,
        0.019276024461578344
    ],