{
    "test_accuracy": 0.6,
    "test_f1": 0.5940183210281651,
    "train_accuracy_history": [
        0.3333333333333333,
        0.5166666666666667,
        0.5458333333333333,
        0.6083333333333333,
        0.5958333333333333,
        0.5958333333333333,
        0.6708333333333333,
        0.6416666666666667,
        0.6541666666666667,
        0.725,
        0.7708333333333334,
        0.75,
        0.7791666666666667,
        0.8291666666666667,
        0.8291666666666667,
        0.8583333333333333,
        0.8125,
        0.8625,
        0.9,
        0.8916666666666667,
        0.8958333333333334,
        0.8458333333333333,
        0.8875,
        0.9125,
        0.9,
        0.8958333333333334,
        0.9125,
        0.9,
        0.9208333333333333,
        0.9166666666666666,
        0.9,
        0.9291666666666667,
        0.9416666666666667,
        0.9458333333333333,
        0.9166666666666666,
        0.9625,
        0.9208333333333333,
        0.8958333333333334,
        0.9375,
        0.8875,
        0.9333333333333333,
        0.9458333333333333,
        0.9375,
        0.925,
        0.9083333333333333,
        0.9333333333333333,
        0.9541666666666667,
        0.9291666666666667,
        0.9166666666666666,
        0.9416666666666667,
        0.9541666666666667,
        0.9541666666666667,
        0.9666666666666667,
        0.975,
        0.9625,
        0.9458333333333333,
        0.9625,
        0.95,
        0.9625,
        0.9666666666666667,
        0.9333333333333333,
        0.925,
        0.9625,
        0.9625,
        0.9541666666666667,
        0.9583333333333334,
        0.95,
        0.9708333333333333,
        0.9708333333333333,
        0.9708333333333333,
        0.9708333333333333,
        0.95,
        0.95,
        0.95,
        0.9791666666666666,
        0.9791666666666666,
        0.9625,
        0.9458333333333333,
        0.9166666666666666,
        0.9416666666666667,
        0.9666666666666667,
        0.9666666666666667,
        0.9625,
        0.9666666666666667,
        0.9708333333333333,
        0.9916666666666667,
        0.975,
        0.9541666666666667,
        0.9458333333333333,
        0.9458333333333333,
        0.9625,
        0.9583333333333334,
        0.9833333333333333,
        0.9666666666666667,
        0.9833333333333333,
        0.9875,
        0.9916666666666667,
        0.9958333333333333,
        0.9708333333333333,
        0.9625
    ],
    "val_accuracy_history": [
        0.3,
        0.3625,
        0.4125,
        0.3875,
        0.25,
        0.4625,
        0.4125,
        0.6,
        0.5125,
        0.4625,
        0.5,
        0.5625,
        0.5,
        0.4375,
        0.5625,
        0.45,
        0.4375,
        0.6375,
        0.5,
        0.4375,
        0.5,
        0.4375,
        0.6625,
        0.6625,
        0.525,
        0.5125,
        0.3375,
        0.3875,
        0.6375,
        0.55,
        0.675,
        0.6375,
        0.6875,
        0.6,
        0.525,
        0.6625,
        0.4125,
        0.5375,
        0.5875,
        0.6,
        0.675,
        0.6625,
        0.475,
        0.5125,
        0.475,
        0.6625,
        0.675,
        0.35,
        0.3625,
        0.6875,
        0.6625,
        0.65,
        0.65,
        0.6625,
        0.6,
        0.6625,
        0.6375,
        0.475,
        0.5,
        0.3875,
        0.45,
        0.675,
        0.65,
        0.6625,
        0.5125,
        0.6375,
        0.5125,
        0.6625,
        0.6375,
        0.7,
        0.4875,
        0.475,
        0.525,
        0.6,
        0.6625,
        0.6625,
        0.4125,
        0.4375,
        0.625,
        0.625,
        0.6125,
        0.6125,
        0.4375,
        0.6375,
        0.675,
        0.6625,
        0.5625,
        0.5,
        0.5375,
        0.6125,
        0.5125,
        0.475,
        0.6875,
        0.6375,
        0.6875,
        0.6875,
        0.625,
        0.675,
        0.5375,
        0.475
    ],
    "train_loss_history": [
        0.3352809009452661,
        0.2639036419490973,
        0.2466474374756217,
        0.22672200637559095,
        0.21124984044581652,
        0.23425926032165686,
        0.18053991695245106,
        0.20724668484181166,
        0.19627870029459396,
        0.1801422946775953,
        0.15413014995089422,
        0.16274618686487277,
        0.13895898337165516,
        0.13961659511939312,
        0.11661044286253551,
        0.1159559684805572,
        0.1259271170478314,
        0.0995379467960447,
        0.08694475590212582,
        0.09324301216402091,
        0.07452724394485509,
        0.11392502261490639,
        0.0868446444044821,
        0.07278914662116828,
        0.07835811488572896,
        0.07962805100542028,
        0.07157513066097938,
        0.07300663535917616,
        0.06122227623418439,
        0.0705356879926209,
        0.06753065589109611,
        0.053269951278343795,
        0.04749169455062656,
        0.04315277173615565,
        0.06063622918591136,
        0.029942508201869108,
        0.05901546926688752,
        0.07312698054253512,
        0.04519995422397187,
        0.07631520950558297,
        0.05272179806852364,
        0.05258453922724584,
        0.045346294023052756,
        0.05765740492400558,
        0.07660257065411619,
        0.04708241306507262,
        0.0347438984770027,
        0.045824457396732514,
        0.062062719656811774,
        0.05493325341185482,
        0.04030187808239134,
        0.03360793700371687,
        0.02936721247472936,
        0.027483270485239093,
        0.02402132748425044,
        0.03414951871910053,
        0.030787074776327472,
        0.035199068208362404,
        0.032815869709679646,
        0.03222760232482263,
        0.044545760636795724,
        0.04118992898571984,
        0.025178576319406905,
        0.034907000576019226,
        0.03524686093117756,
        0.03383875500379266,
        0.04317039848107527,
        0.02165790353180152,
        0.019774116653547936,
        0.019843869798235877,
        0.018287897932852105,
        0.033061487603696565,
        0.0388492235417857,
        0.0495451544264597,
        0.026739808714895237,
        0.01764411638246012,
        0.019666408385026438,
        0.04161616332436419,
        0.06545689061325295,
        0.029412915723999806,
        0.03030686756351315,
        0.02095779023235688,
        0.02705741977581321,
        0.026183880927540315,
        0.024883480362288424,
        0.010997381712229526,
        0.01379190648699821,
        0.052737585049317186,
        0.03538879203461344,
        0.043261109672615324,
        0.03861569722436495,
        0.027575018997201065,
        0.016838499712594057,
        0.02268007184763216,
        0.018109256326577613,
        0.012884588492695552,
        0.007883099254843273,
        0.0059341831992165694,
        0.026991287117392914,
        0.02786490466529757
    ],