{
    "test_accuracy": 0.15,
    "test_f1": 0.07142857142857142,
    "train_accuracy_history": [
        0.2833333333333333,
        0.15,
        0.2833333333333333,
        0.2833333333333333,
        0.21666666666666667,
        0.2833333333333333,
        0.2833333333333333,
        0.2833333333333333,
        0.2833333333333333,
        0.2833333333333333,
        0.25,
        0.25,
        0.16666666666666666,
        0.11666666666666667,
        0.2833333333333333,
        0.2833333333333333,
        0.23333333333333334,
        0.2,
        0.2833333333333333,
        0.2833333333333333,
        0.16666666666666666,
        0.2833333333333333,
        0.21666666666666667,
        0.25,
        0.2833333333333333,
        0.2833333333333333,
        0.2833333333333333,
        0.23333333333333334,
        0.2,
        0.2833333333333333,
        0.2833333333333333,
        0.2833333333333333,
        0.21666666666666667,
        0.2,
        0.2,
        0.2833333333333333,
        0.2833333333333333,
        0.23333333333333334,
        0.2833333333333333,
        0.2833333333333333,
        0.2833333333333333,
        0.2833333333333333,
        0.25,
        0.18333333333333332,
        0.2833333333333333,
        0.25,
        0.25,
        0.2833333333333333,
        0.26666666666666666,
        0.3,
        0.35,
        0.55,
        0.5833333333333334,
        0.7,
        0.75,
        0.7166666666666667,
        0.7833333333333333,
        0.8166666666666667,
        0.8333333333333334,
        0.8833333333333333,
        0.9,
        0.8833333333333333,
        0.8333333333333334,
        0.8833333333333333,
        0.9,
        0.95,
        0.9333333333333333,
        0.9166666666666666,
        0.95,
        0.9333333333333333,
        0.95,
        0.95,
        0.95,
        0.9833333333333333,
        0.9666666666666667,
        0.9666666666666667,
        0.9833333333333333,
        1.0,
        0.9666666666666667,
        0.9833333333333333,
        0.9666666666666667,
        0.9666666666666667,
        0.9833333333333333,
        0.9833333333333333,
        1.0,
        1.0,
        1.0,
        1.0,
        1.0,
        0.9833333333333333,
        1.0,
        0.9833333333333333,
        1.0,
        1.0,
        1.0,
        1.0,
        1.0,
        1.0,
        1.0,
        1.0
    ],
    "val_accuracy_history": [
        0.25,
        0.25,
        0.25,
        0.2,
        0.25,
        0.2,
        0.25,
        0.25,
        0.25,
        0.25,
        0.2,
        0.25,
        0.25,
        0.25,
        0.25,
        0.2,
        0.3,
        0.25,
        0.25,
        0.25,
        0.25,
        0.3,
        0.25,
        0.3,
        0.3,
        0.3,
        0.25,
        0.25,
        0.25,
        0.25,
        0.25,
        0.3,
        0.3,
        0.3,
        0.3,
        0.3,
        0.25,
        0.25,
        0.25,
        0.25,
        0.25,
        0.25,
        0.25,
        0.25,
        0.25,
        0.25,
        0.25,
        0.25,
        0.25,
        0.2,
        0.25,
        0.25,
        0.25,
        0.25,
        0.25,
        0.25,
        0.25,
        0.25,
        0.25,
        0.35,
        0.2,
        0.2,
        0.25,
        0.2,
        0.25,
        0.25,
        0.25,
        0.25,
        0.3,
        0.3,
        0.25,
        0.2,
        0.25,
        0.25,
        0.25,
        0.25,
        0.35,
        0.25,
        0.25,
        0.2,
        0.25,
        0.25,
        0.25,
        0.2,
        0.2,
        0.25,
        0.25,
        0.25,
        0.25,
        0.25,
        0.25,
        0.2,
        0.25,
        0.35,
        0.2,
        0.35,
        0.25,
        0.2,
        0.25,
        0.25
    ],
    "train_loss_history": [
        0.35357302029927573,
        0.3511716425418854,
        0.35435088674227394,
        0.3504614631334941,
        0.349304743607839,
        0.3505911370118459,
        0.3480471213658651,
        0.3513371388117472,
        0.3470576087633769,
        0.34690618713696797,
        0.35089304645856223,
        0.3513124525547028,
        0.35116703311602276,
        0.36074590086936953,
        0.35139907598495485,
        0.35424612363179525,
        0.35047173301378887,
        0.3527641952037811,
        0.34914692044258117,
        0.34889800945917765,
        0.35013808210690817,
        0.351808762550354,
        0.3475417455037435,
        0.34865697820981345,
        0.34773131012916564,
        0.3473109225432078,
        0.34754634102185566,
        0.3469769020875295,
        0.3476989348729452,
        0.34788670142491657,
        0.34795871178309123,
        0.34755691289901736,
        0.347998716433843,
        0.3469024976094564,
        0.34723425706227623,
        0.34704045454661053,
        0.3471995492776235,
        0.3476380745569865,
        0.3514751474062602,
        0.3472943067550659,
        0.3473567505677541,
        0.34784788290659585,
        0.34748833974202475,
        0.34981865286827085,
        0.35381301641464236,
        0.3469085435072581,
        0.3506578505039215,
        0.34747971494992574,
        0.34511704246203107,
        0.3395095765590668,
        0.31747795045375826,
        0.29040023187796277,
        0.2349360336860021,
        0.2056397577126821,
        0.1802311380704244,
        0.1716376746694247,
        0.16396395762761434,
        0.14335753619670868,
        0.13689500292142232,
        0.11436332240700722,
        0.11775627533594767,
        0.12077339837948481,
        0.1244225636124611,
        0.09390151196469863,
        0.09728733325997989,
        0.08758223988115788,
        0.0812588594853878,
        0.07619182119766871,
        0.07984498639901479,
        0.07173682780315478,
        0.06773781230052313,
        0.0696297158797582,
        0.06524543277919292,
        0.058708718667427696,
        0.06103240835169951,
        0.05767722837626934,
        0.04873706748088201,
        0.05013123961786429,
        0.050542088535924755,
        0.05252893082797527,
        0.050898450426757336,
        0.04982563232382139,
        0.04786344928046068,
        0.03758543723573287,
        0.03899260032922029,
        0.035844360229869685,
        0.030177260003983974,
        0.02755517972012361,
        0.031747140424946946,
        0.03446239766975244,
        0.024336744969089826,
        0.03403969680269559,
        0.028583802034457526,
        0.027817431092262267,
        0.027884799505894384,
        0.022139887263377508,
        0.02478478125606974,
        0.02185721186300119,
        0.023371490091085433,
        0.021380310940245787
    ],