{
    "test_accuracy": 0.25,
    "test_f1": 0.1,
    "train_accuracy_history": [
        0.25,
        0.25,
        0.25,
        0.25,
        0.25,
        0.25,
        0.23333333333333334,
        0.18333333333333332,
        0.21666666666666667,
        0.25,
        0.15,
        0.2,
        0.2,
        0.25,
        0.18333333333333332,
        0.25,
        0.25,
        0.16666666666666666,
        0.16666666666666666,
        0.23333333333333334,
        0.21666666666666667,
        0.21666666666666667,
        0.18333333333333332,
        0.08333333333333333,
        0.23333333333333334,
        0.2,
        0.23333333333333334,
        0.25,
        0.21666666666666667,
        0.18333333333333332,
        0.11666666666666667,
        0.18333333333333332,
        0.16666666666666666,
        0.21666666666666667,
        0.15,
        0.2,
        0.25,
        0.16666666666666666,
        0.2,
        0.15,
        0.13333333333333333,
        0.16666666666666666,
        0.25,
        0.2,
        0.16666666666666666,
        0.1,
        0.13333333333333333,
        0.15,
        0.2,
        0.18333333333333332,
        0.18333333333333332,
        0.15,
        0.18333333333333332,
        0.23333333333333334,
        0.18333333333333332,
        0.21666666666666667,
        0.16666666666666666,
        0.11666666666666667,
        0.18333333333333332,
        0.25,
        0.18333333333333332,
        0.25,
        0.2,
        0.2,
        0.25,
        0.18333333333333332,
        0.25,
        0.18333333333333332,
        0.25,
        0.08333333333333333,
        0.25,
        0.11666666666666667,
        0.21666666666666667,
        0.15,
        0.25,
        0.18333333333333332,
        0.2,
        0.16666666666666666,
        0.25,
        0.18333333333333332,
        0.2,
        0.21666666666666667,
        0.16666666666666666,
        0.25,
        0.15,
        0.18333333333333332,
        0.16666666666666666,
        0.23333333333333334,
        0.25,
        0.25,
        0.16666666666666666,
        0.23333333333333334,
        0.25,
        0.21666666666666667,
        0.2,
        0.2,
        0.2,
        0.25,
        0.21666666666666667,
        0.21666666666666667
    ],
    "val_accuracy_history": [
        0.25,
        0.25,
        0.25,
        0.25,
        0.25,
        0.25,
        0.25,
        0.25,
        0.25,
        0.25,
        0.25,
        0.25,
        0.2,
        0.25,
        0.25,
        0.25,
        0.25,
        0.25,
        0.25,
        0.25,
        0.25,
        0.25,
        0.25,
        0.25,
        0.25,
        0.25,
        0.25,
        0.25,
        0.25,
        0.25,
        0.25,
        0.25,
        0.25,
        0.25,
        0.25,
        0.25,
        0.25,
        0.25,
        0.25,
        0.25,
        0.2,
        0.25,
        0.25,
        0.25,
        0.25,
        0.25,
        0.25,
        0.25,
        0.25,
        0.25,
        0.25,
        0.25,
        0.25,
        0.25,
        0.25,
        0.25,
        0.25,
        0.25,
        0.25,
        0.25,
        0.25,
        0.25,
        0.2,
        0.25,
        0.25,
        0.25,
        0.25,
        0.25,
        0.25,
        0.25,
        0.25,
        0.25,
        0.25,
        0.25,
        0.25,
        0.25,
        0.25,
        0.25,
        0.25,
        0.25,
        0.25,
        0.25,
        0.2,
        0.25,
        0.25,
        0.25,
        0.25,
        0.25,
        0.25,
        0.25,
        0.25,
        0.25,
        0.25,
        0.25,
        0.25,
        0.25,
        0.25,
        0.25,
        0.25,
        0.25
    ],
    "train_loss_history": [
        0.3484528084595998,
        0.3480602045853933,
        0.3474781652291616,
        0.3475473980108897,
        0.3470391531785329,
        0.3471561173597972,
        0.3473517119884491,
        0.34695195555686953,
        0.3469805677731832,
        0.34681028525034585,
        0.3471125562985738,
        0.3469692587852478,
        0.34689030249913533,
        0.34753212134043376,
        0.34713836113611857,
        0.34691896438598635,
        0.34684097369511924,
        0.34709291259447733,
        0.34723411599795023,
        0.3471489489078522,
        0.34708890517552693,
        0.3467770417531331,
        0.34706600109736124,
        0.3470627208550771,
        0.3468494216601054,
        0.3471541504065196,
        0.34711729884147646,
        0.34719666043917335,
        0.347370175520579,
        0.3473246117432912,
        0.34726378122965496,
        0.34781155983606976,
        0.34707953135172526,
        0.34712371826171873,
        0.3473380704720815,
        0.34703862071037295,
        0.34718149503072104,
        0.3470612525939941,
        0.34694671630859375,
        0.34694645007451375,
        0.34725871682167053,
        0.34689631263415016,
        0.34708662033081056,
        0.34689950148264564,
        0.3470617949962616,
        0.3473944365978241,
        0.3470457951227824,
        0.3475150843461355,
        0.3472770055135091,
        0.3469228625297546,
        0.34708777666091917,
        0.3470730205376943,
        0.3469270050525665,
        0.34743977983792623,
        0.34699931542078655,
        0.34700783689816794,
        0.3470577498277028,
        0.34710065921147665,
        0.3469962497552236,
        0.34702877203623456,
        0.34682313998540243,
        0.3470025102297465,
        0.3468644897143046,
        0.34719084898630775,
        0.34667596022288005,
        0.3472191949685415,
        0.3468614916006724,
        0.34715256293614705,
        0.3470977624257406,
        0.3478635549545288,
        0.34686184326807656,
        0.3472228387991587,
        0.34714957475662234,
        0.34716751575469973,
        0.34744991064071656,
        0.3468621035416921,
        0.3470930258433024,
        0.34716360171635946,
        0.34728448987007143,
        0.34727429151535033,
        0.3472602943579356,
        0.34720911184946696,
        0.3470969994862874,
        0.3473868707815806,
        0.3472332715988159,
        0.3471711814403534,
        0.3469853123029073,
        0.3471599260965983,
        0.3473026434580485,
        0.34709633390108746,
        0.347507898012797,
        0.3470842142899831,
        0.34706663290659584,
        0.34699013431866965,
        0.3473081906636556,
        0.3472873270511627,
        0.34692251483599346,
        0.34721786379814146,
        0.34689566294352214,
        0.34748961925506594
    ],