{
    "test_accuracy": 0.625,
    "test_f1": 0.6401542324246772,
    "train_accuracy_history": [
        0.35,
        0.4583333333333333,
        0.5041666666666667,
        0.49583333333333335,
        0.6083333333333333,
        0.6583333333333333,
        0.6333333333333333,
        0.7041666666666667,
        0.7291666666666666,
        0.7708333333333334,
        0.7416666666666667,
        0.775,
        0.7833333333333333,
        0.8375,
        0.8458333333333333,
        0.875,
        0.875,
        0.85,
        0.8875,
        0.8666666666666667,
        0.8666666666666667,
        0.8708333333333333,
        0.8916666666666667,
        0.9083333333333333,
        0.9041666666666667,
        0.9041666666666667,
        0.9125,
        0.8791666666666667,
        0.8875,
        0.9041666666666667,
        0.9,
        0.9208333333333333,
        0.9083333333333333,
        0.8791666666666667,
        0.9125,
        0.9208333333333333,
        0.9083333333333333,
        0.9458333333333333,
        0.9458333333333333,
        0.925,
        0.9333333333333333,
        0.9416666666666667,
        0.9375,
        0.9416666666666667,
        0.9291666666666667,
        0.9208333333333333,
        0.9,
        0.9166666666666666,
        0.95,
        0.9458333333333333,
        0.9458333333333333,
        0.9416666666666667,
        0.9375,
        0.9208333333333333,
        0.9375,
        0.9458333333333333,
        0.9375,
        0.9458333333333333,
        0.9458333333333333,
        0.9708333333333333,
        0.95,
        0.95,
        0.9541666666666667,
        0.9541666666666667,
        0.9458333333333333,
        0.9541666666666667,
        0.9625,
        0.9125,
        0.9166666666666666,
        0.9291666666666667,
        0.9666666666666667,
        0.9125,
        0.9458333333333333,
        0.95,
        0.9625,
        0.95,
        0.9375,
        0.9625,
        0.9333333333333333,
        0.9541666666666667,
        0.9583333333333334,
        0.975,
        0.95,
        0.9666666666666667,
        0.9708333333333333,
        0.975,
        0.9625,
        0.9541666666666667,
        0.975,
        0.9791666666666666,
        0.925,
        0.925,
        0.9416666666666667,
        0.9583333333333334,
        0.9708333333333333,
        0.9666666666666667,
        0.9625,
        0.975,
        0.9708333333333333,
        0.9791666666666666
    ],
    "val_accuracy_history": [
        0.3,
        0.3875,
        0.4375,
        0.45,
        0.25,
        0.275,
        0.5,
        0.425,
        0.425,
        0.25,
        0.4875,
        0.575,
        0.5,
        0.4875,
        0.55,
        0.4625,
        0.5,
        0.2875,
        0.65,
        0.25,
        0.575,
        0.525,
        0.4875,
        0.4375,
        0.3625,
        0.525,
        0.275,
        0.3375,
        0.4875,
        0.55,
        0.5625,
        0.5625,
        0.55,
        0.6,
        0.5125,
        0.4875,
        0.6375,
        0.6,
        0.65,
        0.45,
        0.625,
        0.575,
        0.65,
        0.6625,
        0.6125,
        0.6625,
        0.5125,
        0.6125,
        0.675,
        0.625,
        0.3875,
        0.625,
        0.55,
        0.425,
        0.4625,
        0.5125,
        0.5625,
        0.5875,
        0.4625,
        0.575,
        0.6375,
        0.5625,
        0.65,
        0.6125,
        0.6125,
        0.65,
        0.675,
        0.375,
        0.6125,
        0.6875,
        0.65,
        0.525,
        0.425,
        0.625,
        0.6125,
        0.65,
        0.6375,
        0.65,
        0.6625,
        0.65,
        0.6,
        0.6375,
        0.5375,
        0.45,
        0.6,
        0.425,
        0.6,
        0.6375,
        0.6,
        0.625,
        0.425,
        0.55,
        0.55,
        0.5625,
        0.5875,
        0.6,
        0.65,
        0.6,
        0.45,
        0.625
    ],
    "train_loss_history": [
        0.3290297105908394,
        0.27538785462578136,
        0.25150014149645966,
        0.25299544508258504,
        0.2354235245535771,
        0.21038801160951456,
        0.2143477102741599,
        0.17426794456938902,
        0.18732367573926847,
        0.1720536991332968,
        0.17042708044561247,
        0.15071808540572723,
        0.15194671909945706,
        0.14950912374964295,
        0.11597194180358202,
        0.10576173596394559,
        0.1018100738079132,
        0.13478785051071707,
        0.10395788953561956,
        0.13246018531402418,
        0.10453883589167769,
        0.08335156934529854,
        0.09271494277054444,
        0.07747796670300885,
        0.08026928543064665,
        0.08493598415710342,
        0.07900393714711147,
        0.10219362482506161,
        0.07186560461996123,
        0.06627554076355106,
        0.06873264891425303,
        0.05904387678723045,
        0.062492218085875115,
        0.10306156723672757,
        0.0738220877110507,
        0.06921959532082837,
        0.059185256425795765,
        0.0537006813168072,
        0.04235067292368815,
        0.05839239189073548,
        0.056727899759425784,
        0.056886626523191805,
        0.06425120088730789,
        0.04680077052437355,
        0.07138270322896763,
        0.06289775705517968,
        0.07157705156663118,
        0.055032056861819,
        0.04001733444504983,
        0.04193311643634843,
        0.043095293158027265,
        0.046108478854330316,
        0.05307248521407928,
        0.05842453894738355,
        0.057926205646557115,
        0.041541171730932545,
        0.07270435501644291,
        0.039848692508151845,
        0.04317607672128361,
        0.028278275146465148,
        0.03846214070379498,
        0.04404303052215776,
        0.03497167341538822,
        0.03927293673695355,
        0.02950118856542474,
        0.03239601523369326,
        0.030258125347533374,
        0.08008695439028486,
        0.05408791563859268,
        0.05386947834000845,
        0.021951099250372863,
        0.0652801009573371,
        0.036817786034953316,
        0.03374206871703791,
        0.025553293312805182,
        0.034661603395528574,
        0.06801455064305628,
        0.034939709955961004,
        0.04844237937906352,
        0.029449668391741093,
        0.02928328784135677,
        0.026761865098592588,
        0.04177530739007077,
        0.03210622172103588,
        0.027063560962968344,
        0.021410480867247846,
        0.02641188691325924,
        0.0399278441837699,
        0.02264301066478911,
        0.023306526679059657,
        0.06171553335079096,
        0.06500415822823886,
        0.03876471168073579,
        0.032584388917666726,
        0.022377459457675285,
        0.03763848406605348,
        0.02655136175296159,
        0.024917998479880528,
        0.018614718705297642,
        0.014325123404197863
    ],