{
    "test_accuracy": 0.5,
    "test_f1": 0.45054945054945056,
    "train_accuracy_history": [
        0.5666666666666667,
        0.7333333333333333,
        0.7333333333333333,
        0.8,
        0.8333333333333334,
        0.8333333333333334,
        0.9666666666666667,
        0.8666666666666667,
        0.9666666666666667,
        0.9333333333333333,
        1.0,
        1.0,
        1.0,
        1.0,
        0.9666666666666667,
        1.0,
        1.0,
        1.0,
        1.0,
        1.0,
        1.0,
        0.9666666666666667,
        0.9666666666666667,
        1.0,
        1.0,
        1.0,
        1.0,
        1.0,
        1.0,
        1.0,
        1.0,
        1.0,
        1.0,
        1.0,
        1.0,
        1.0,
        1.0,
        1.0,
        1.0,
        1.0,
        1.0,
        1.0,
        1.0,
        1.0,
        1.0,
        1.0,
        1.0,
        1.0,
        1.0,
        1.0,
        1.0,
        1.0,
        1.0,
        1.0,
        1.0,
        1.0,
        1.0,
        1.0,
        1.0,
        1.0,
        1.0,
        1.0,
        1.0,
        1.0,
        1.0,
        1.0,
        1.0,
        1.0,
        1.0,
        1.0,
        1.0,
        1.0,
        1.0,
        1.0,
        1.0,
        1.0,
        1.0,
        1.0,
        1.0,
        1.0,
        1.0,
        1.0,
        1.0,
        1.0,
        1.0,
        1.0,
        1.0,
        1.0,
        1.0,
        1.0,
        1.0,
        1.0,
        1.0,
        1.0,
        1.0,
        1.0,
        1.0,
        1.0,
        1.0,
        1.0
    ],
    "val_accuracy_history": [
        0.4,
        0.4,
        0.6,
        0.4,
        0.4,
        0.4,
        0.4,
        0.4,
        0.6,
        0.6,
        0.4,
        0.4,
        0.4,
        0.4,
        0.4,
        0.4,
        0.4,
        0.4,
        0.4,
        0.3,
        0.6,
        0.6,
        0.6,
        0.6,
        0.6,
        0.4,
        0.4,
        0.4,
        0.5,
        0.4,
        0.4,
        0.4,
        0.4,
        0.4,
        0.3,
        0.4,
        0.4,
        0.4,
        0.4,
        0.4,
        0.4,
        0.4,
        0.4,
        0.4,
        0.4,
        0.4,
        0.4,
        0.5,
        0.4,
        0.4,
        0.5,
        0.3,
        0.5,
        0.5,
        0.3,
        0.4,
        0.7,
        0.6,
        0.6,
        0.7,
        0.5,
        0.4,
        0.6,
        0.4,
        0.5,
        0.3,
        0.4,
        0.4,
        0.4,
        0.5,
        0.4,
        0.4,
        0.5,
        0.3,
        0.3,
        0.6,
        0.3,
        0.4,
        0.2,
        0.4,
        0.4,
        0.4,
        0.4,
        0.4,
        0.4,
        0.4,
        0.4,
        0.4,
        0.4,
        0.4,
        0.4,
        0.4,
        0.4,
        0.4,
        0.4,
        0.6,
        0.7,
        0.7,
        0.4,
        0.4
    ],
    "train_loss_history": [
        0.2087901473045349,
        0.1578333556652069,
        0.13903445800145467,
        0.13476026356220244,
        0.10695207963387171,
        0.10785211424032846,
        0.08077387362718583,
        0.09023843208948772,
        0.062478398780028026,
        0.05645641088485718,
        0.0384547750155131,
        0.03083594540754954,
        0.0300744558374087,
        0.027507439504067102,
        0.032210564613342284,
        0.019042403375109037,
        0.015387975548704465,
        0.021848614638050396,
        0.010470580433805783,
        0.013568332449843486,
        0.013859016013642152,
        0.019866839982569218,
        0.03505617498109738,
        0.03263962604105473,
        0.024702266417443754,
        0.024609956579903763,
        0.021640914926926293,
        0.021328182891011238,
        0.014171403522292772,
        0.01009891542295615,
        0.01343741212040186,
        0.007874590158462525,
        0.009264576683441798,
        0.009842632152140141,
        0.008186449576169253,
        0.006602926303942999,
        0.005781677830964327,
        0.006752475506315628,
        0.011454105377197266,
        0.0064169892265150946,
        0.0053426933164397875,
        0.004303722595795989,
        0.006678512630363305,
        0.004850957232216994,
        0.003965596140672763,
        0.004097777403270205,
        0.004151293883721033,
        0.004250452248379588,
        0.006533284694887698,
        0.0026740287275364002,
        0.0026154053397476674,
        0.0036430744997536144,
        0.002873921697027981,
        0.002884411563475927,
        0.00229895762167871,
        0.0024146667371193566,
        0.0022543885977938773,
        0.0020477379963267594,
        0.0027759519716103872,
        0.0020629202481359243,
        0.002174389688298106,
        0.0021322397437567512,
        0.002064051122094194,
        0.0016409656459776063,
        0.0023231074718448024,
        0.0016100372420623898,
        0.001393055209579567,
        0.001544671319425106,
        0.0016679680751015742,
        0.0015536490672578415,
        0.001583568526742359,
        0.0012834362297629318,
        0.000868337139642487,
        0.0009972480591386556,
        0.0014184054142485061,
        0.0008769384604723503,
        0.0009600163359815876,
        0.0009824456569428246,
        0.0018327335516611736,
        0.0015298841443533698,
        0.0008241779714201887,
        0.0010760076188792785,
        0.0013282991751718024,
        0.0014435286614267776,
        0.0012303558139440914,
        0.0012359637611856064,
        0.0012658736784942448,
        0.000922948448472501,
        0.0017442081744472185,
        0.0013312578472929697,
        0.0013057043659500777,
        0.0008912504379016658,
        0.0011179795643935602,
        0.0007709005828170726,
        0.0007437379565089941,
        0.0017588778185502936,
        0.0007102674416576822,
        0.0010743414401076733,
        0.001931214986446624,
        0.0009071840128550926
    ],