{
    "test_accuracy": 0.45,
    "test_f1": 0.33253588516746413,
    "train_accuracy_history": [
        0.21666666666666667,
        0.2,
        0.25,
        0.21666666666666667,
        0.25,
        0.26666666666666666,
        0.21666666666666667,
        0.18333333333333332,
        0.16666666666666666,
        0.23333333333333334,
        0.1,
        0.26666666666666666,
        0.2,
        0.16666666666666666,
        0.23333333333333334,
        0.25,
        0.21666666666666667,
        0.2,
        0.18333333333333332,
        0.2,
        0.21666666666666667,
        0.18333333333333332,
        0.25,
        0.18333333333333332,
        0.2,
        0.25,
        0.18333333333333332,
        0.18333333333333332,
        0.18333333333333332,
        0.23333333333333334,
        0.25,
        0.21666666666666667,
        0.23333333333333334,
        0.16666666666666666,
        0.18333333333333332,
        0.2,
        0.21666666666666667,
        0.25,
        0.25,
        0.2,
        0.2,
        0.23333333333333334,
        0.16666666666666666,
        0.25,
        0.25,
        0.25,
        0.2,
        0.2,
        0.2,
        0.26666666666666666,
        0.23333333333333334,
        0.25,
        0.18333333333333332,
        0.25,
        0.26666666666666666,
        0.2,
        0.21666666666666667,
        0.25,
        0.18333333333333332,
        0.26666666666666666,
        0.23333333333333334,
        0.21666666666666667,
        0.25,
        0.18333333333333332,
        0.21666666666666667,
        0.25,
        0.23333333333333334,
        0.31666666666666665,
        0.36666666666666664,
        0.36666666666666664,
        0.21666666666666667,
        0.21666666666666667,
        0.26666666666666666,
        0.25,
        0.18333333333333332,
        0.25,
        0.23333333333333334,
        0.18333333333333332,
        0.2,
        0.2,
        0.18333333333333332,
        0.26666666666666666,
        0.2833333333333333,
        0.2,
        0.25,
        0.25,
        0.21666666666666667,
        0.26666666666666666,
        0.25,
        0.21666666666666667,
        0.16666666666666666,
        0.2,
        0.2,
        0.11666666666666667,
        0.25,
        0.25,
        0.23333333333333334,
        0.23333333333333334,
        0.21666666666666667,
        0.26666666666666666
    ],
    "val_accuracy_history": [
        0.25,
        0.25,
        0.25,
        0.25,
        0.25,
        0.25,
        0.25,
        0.25,
        0.25,
        0.25,
        0.25,
        0.25,
        0.25,
        0.25,
        0.25,
        0.25,
        0.25,
        0.25,
        0.25,
        0.25,
        0.25,
        0.25,
        0.25,
        0.25,
        0.25,
        0.25,
        0.25,
        0.25,
        0.25,
        0.25,
        0.25,
        0.25,
        0.25,
        0.25,
        0.25,
        0.3,
        0.25,
        0.25,
        0.25,
        0.25,
        0.25,
        0.25,
        0.25,
        0.25,
        0.25,
        0.25,
        0.25,
        0.35,
        0.25,
        0.4,
        0.25,
        0.25,
        0.3,
        0.25,
        0.25,
        0.25,
        0.25,
        0.25,
        0.4,
        0.25,
        0.25,
        0.25,
        0.25,
        0.25,
        0.25,
        0.35,
        0.35,
        0.35,
        0.4,
        0.25,
        0.25,
        0.4,
        0.25,
        0.25,
        0.25,
        0.25,
        0.25,
        0.25,
        0.25,
        0.25,
        0.25,
        0.25,
        0.25,
        0.25,
        0.25,
        0.25,
        0.25,
        0.25,
        0.25,
        0.25,
        0.25,
        0.25,
        0.25,
        0.25,
        0.25,
        0.25,
        0.25,
        0.25,
        0.25,
        0.25
    ],
    "train_loss_history": [
        0.4205297946929932,
        0.36457453966140746,
        0.3659506698449453,
        0.3589793006579081,
        0.3539486030737559,
        0.35293494860331215,
        0.35139092604319255,
        0.35371267000834145,
        0.3526783267656962,
        0.3503510574499766,
        0.3566750168800354,
        0.35048409501711525,
        0.3550013760725657,
        0.3519081652164459,
        0.35308828751246135,
        0.35177255074183145,
        0.3509555677572886,
        0.3516283134619395,
        0.3531356453895569,
        0.3507700721422831,
        0.3550672153631846,
        0.3490043878555298,
        0.34899783531824746,
        0.35086697737375894,
        0.3518366555372874,
        0.35095682938893635,
        0.3511328021685282,
        0.35387725830078126,
        0.34997429649035133,
        0.3513544003168742,
        0.3492072343826294,
        0.35374483863512673,
        0.3516339739163717,
        0.3513849298159281,
        0.3493412454922994,
        0.3494036595026652,
        0.3514354765415192,
        0.3482943137486776,
        0.3493742247422536,
        0.35386313597361246,
        0.35360220273335774,
        0.34957440892855324,
        0.3484858175118764,
        0.35004268288612367,
        0.35001607139905294,
        0.3491514563560486,
        0.35191976428031924,
        0.34972195625305175,
        0.34909533262252807,
        0.3498456875483195,
        0.3485445042451223,
        0.34751247564951576,
        0.34933480620384216,
        0.3472123682498932,
        0.34605763951937357,
        0.35167256395022073,
        0.34317216475804646,
        0.3492046415805817,
        0.349462217092514,
        0.34951706528663634,
        0.3495820462703705,
        0.34823480049769084,
        0.34880502422650655,
        0.3497642636299133,
        0.34784628947575885,
        0.3489571789900462,
        0.3481567839781443,
        0.34580397605895996,
        0.33602904677391054,
        0.331897700826327,
        0.36643675764401756,
        0.34515758156776427,
        0.3254951039950053,
        0.33894189993540447,
        0.3558129866917928,
        0.3504943370819092,
        0.35054631233215333,
        0.34902347524960836,
        0.3492996275424957,
        0.35012476046880087,
        0.34744008580843605,
        0.34665453831354776,
        0.34662340879440307,
        0.3484701931476593,
        0.34778745770454406,
        0.35044923226038616,
        0.3506161590417226,
        0.3483357826868693,
        0.3472696761290232,
        0.3495538651943207,
        0.34844064513842266,
        0.34787471493085226,
        0.34841466347376504,
        0.34941609303156534,
        0.3470904250939687,
        0.34758026599884034,
        0.34843422571818033,
        0.34863271514574684,
        0.3476187785466512,
        0.34842386841773987
    ],