{
    "test_accuracy": 0.25,
    "test_f1": 0.1,
    "train_accuracy_history": [
        0.2125,
        0.225,
        0.21666666666666667,
        0.2625,
        0.24583333333333332,
        0.29583333333333334,
        0.29583333333333334,
        0.225,
        0.2791666666666667,
        0.30416666666666664,
        0.25,
        0.2625,
        0.24166666666666667,
        0.24583333333333332,
        0.25,
        0.25,
        0.25,
        0.25,
        0.24166666666666667,
        0.25,
        0.25,
        0.25,
        0.2,
        0.25,
        0.25,
        0.19166666666666668,
        0.25,
        0.22083333333333333,
        0.25,
        0.19583333333333333,
        0.2375,
        0.225,
        0.23333333333333334,
        0.22916666666666666,
        0.24583333333333332,
        0.24583333333333332,
        0.24583333333333332,
        0.20833333333333334,
        0.24583333333333332,
        0.16666666666666666,
        0.24583333333333332,
        0.19583333333333333,
        0.225,
        0.2,
        0.2375,
        0.25,
        0.25,
        0.25,
        0.2375,
        0.25,
        0.21666666666666667,
        0.19583333333333333,
        0.20416666666666666,
        0.22916666666666666,
        0.22916666666666666,
        0.2,
        0.22916666666666666,
        0.20833333333333334,
        0.21666666666666667,
        0.2125,
        0.21666666666666667,
        0.20833333333333334,
        0.25,
        0.25,
        0.1875,
        0.24583333333333332,
        0.22083333333333333,
        0.20416666666666666,
        0.20416666666666666,
        0.22916666666666666,
        0.20416666666666666,
        0.21666666666666667,
        0.1875,
        0.19166666666666668,
        0.25,
        0.20416666666666666,
        0.22916666666666666,
        0.225,
        0.2125,
        0.2,
        0.20833333333333334,
        0.25,
        0.17083333333333334,
        0.21666666666666667,
        0.20416666666666666,
        0.20416666666666666,
        0.25,
        0.2125,
        0.2125,
        0.22083333333333333,
        0.18333333333333332,
        0.24166666666666667,
        0.225,
        0.25,
        0.18333333333333332,
        0.225,
        0.2125,
        0.20833333333333334,
        0.22083333333333333,
        0.25
    ],
    "val_accuracy_history": [
        0.25,
        0.2625,
        0.25,
        0.2375,
        0.2375,
        0.225,
        0.25,
        0.2125,
        0.2625,
        0.25,
        0.3,
        0.25,
        0.25,
        0.25,
        0.25,
        0.25,
        0.25,
        0.25,
        0.25,
        0.25,
        0.25,
        0.25,
        0.25,
        0.25,
        0.25,
        0.25,
        0.25,
        0.25,
        0.25,
        0.25,
        0.25,
        0.25,
        0.25,
        0.25,
        0.25,
        0.25,
        0.25,
        0.25,
        0.25,
        0.25,
        0.25,
        0.25,
        0.25,
        0.25,
        0.25,
        0.25,
        0.25,
        0.25,
        0.25,
        0.25,
        0.25,
        0.25,
        0.25,
        0.25,
        0.25,
        0.25,
        0.25,
        0.25,
        0.25,
        0.25,
        0.25,
        0.25,
        0.25,
        0.25,
        0.25,
        0.25,
        0.25,
        0.25,
        0.25,
        0.25,
        0.25,
        0.25,
        0.25,
        0.25,
        0.25,
        0.25,
        0.25,
        0.25,
        0.25,
        0.25,
        0.25,
        0.25,
        0.25,
        0.25,
        0.25,
        0.25,
        0.25,
        0.25,
        0.25,
        0.25,
        0.25,
        0.25,
        0.25,
        0.25,
        0.25,
        0.25,
        0.25,
        0.25,
        0.25,
        0.25
    ],
    "train_loss_history": [
        6.954615898927053,
        0.39017983078956603,
        0.3715324471394221,
        0.3623042285442352,
        0.3599317088723183,
        0.3490993231534958,
        0.3491624231139819,
        0.3521932120124499,
        0.34679969598849614,
        0.3441198686758677,
        0.3535774196187655,
        0.34993156989415486,
        0.3504997804760933,
        0.3464157129327456,
        0.3466972847779592,
        0.3467029909292857,
        0.3467625473936399,
        0.3467079867919286,
        0.34671236177285514,
        0.3467035914460818,
        0.34673884361982343,
        0.3466748853524526,
        0.3466792811950048,
        0.3467252199848493,
        0.3466952169934909,
        0.3466788892944654,
        0.3466739133000374,
        0.34667729834715527,
        0.346718955039978,
        0.34669227302074435,
        0.34671379725138346,
        0.34672636836767196,
        0.3466959536075592,
        0.3466917728384336,
        0.3467117413878441,
        0.34666377256313957,
        0.34669384857018787,
        0.3467206463217735,
        0.3466806188225746,
        0.3466916357477506,
        0.34671303182840346,
        0.34668466647466023,
        0.3466916287938754,
        0.34673493504524233,
        0.3466970697045326,
        0.34662463317314784,
        0.34669433534145355,
        0.34668388217687607,
        0.346687405804793,
        0.3466712494691213,
        0.34666500190893806,
        0.3466498752435048,
        0.34668616503477095,
        0.3466821084419886,
        0.34671275864044826,
        0.34675461451212564,
        0.34669514298439025,
        0.3466954956452052,
        0.34670164038737616,
        0.346675643324852,
        0.3466750850280126,
        0.3466901625196139,
        0.3466653237740199,
        0.3466585392753283,
        0.34666740397612256,
        0.3466647371649742,
        0.3466669753193855,
        0.3466992124915123,
        0.34669470141331354,
        0.34663550903399787,
        0.3466906835635503,
        0.3466592734058698,
        0.346651795009772,
        0.34666733890771867,
        0.34665141850709913,
        0.34668684552113216,
        0.3466762065887451,
        0.3467108647028605,
        0.34671294937531155,
        0.34664220611254376,
        0.34674857755502064,
        0.3466664249698321,
        0.34674756477276486,
        0.3467040091753006,
        0.34670029232899346,
        0.34664094150066377,
        0.3467407832543055,
        0.3466651792327563,
        0.3466819256544113,
        0.3467287212610245,
        0.34667382935682933,
        0.3466447855035464,
        0.3466428990165393,
        0.3467055713136991,
        0.34667696605126064,
        0.34662939806779225,
        0.3466983253757159,
        0.34667903880278267,
        0.34671964844067893,
        0.3466967801253001
    ],