{
    "test_accuracy": 0.5,
    "test_f1": 0.41875,
    "train_accuracy_history": [
        0.25,
        0.4666666666666667,
        0.6166666666666667,
        0.6666666666666666,
        0.8,
        0.75,
        0.8833333333333333,
        0.9166666666666666,
        0.95,
        0.9166666666666666,
        0.9833333333333333,
        0.95,
        0.95,
        0.9833333333333333,
        0.9666666666666667,
        0.9333333333333333,
        0.9166666666666666,
        1.0,
        0.9666666666666667,
        1.0,
        0.9666666666666667,
        0.95,
        0.9333333333333333,
        0.9666666666666667,
        0.9333333333333333,
        0.9,
        0.9,
        0.8833333333333333,
        0.9333333333333333,
        0.9,
        0.7833333333333333,
        0.8833333333333333,
        0.9166666666666666,
        0.9,
        0.95,
        0.9833333333333333,
        0.9833333333333333,
        1.0,
        1.0,
        0.9333333333333333,
        0.9333333333333333,
        0.9666666666666667,
        0.95,
        0.9833333333333333,
        1.0,
        1.0,
        1.0,
        0.9833333333333333,
        0.9666666666666667,
        0.9,
        1.0,
        0.9666666666666667,
        0.9833333333333333,
        0.95,
        0.9833333333333333,
        0.9666666666666667,
        0.9833333333333333,
        1.0,
        1.0,
        1.0,
        1.0,
        1.0,
        1.0,
        1.0,
        1.0,
        1.0,
        1.0,
        1.0,
        1.0,
        0.9666666666666667,
        1.0,
        0.9833333333333333,
        1.0,
        1.0,
        1.0,
        1.0,
        1.0,
        1.0,
        0.9833333333333333,
        1.0,
        1.0,
        1.0,
        0.9833333333333333,
        0.9833333333333333,
        1.0,
        1.0,
        1.0,
        0.9833333333333333,
        0.9666666666666667,
        0.9833333333333333,
        0.9833333333333333,
        1.0,
        0.9666666666666667,
        0.95,
        0.9166666666666666,
        0.9333333333333333,
        0.9,
        0.95,
        0.95,
        0.9833333333333333
    ],
    "val_accuracy_history": [
        0.25,
        0.25,
        0.3,
        0.2,
        0.35,
        0.1,
        0.3,
        0.35,
        0.35,
        0.5,
        0.5,
        0.4,
        0.4,
        0.35,
        0.4,
        0.45,
        0.4,
        0.35,
        0.5,
        0.35,
        0.4,
        0.4,
        0.45,
        0.3,
        0.25,
        0.15,
        0.25,
        0.25,
        0.35,
        0.4,
        0.25,
        0.25,
        0.2,
        0.3,
        0.25,
        0.25,
        0.3,
        0.15,
        0.45,
        0.25,
        0.3,
        0.2,
        0.2,
        0.3,
        0.4,
        0.45,
        0.45,
        0.45,
        0.3,
        0.45,
        0.4,
        0.5,
        0.35,
        0.35,
        0.5,
        0.4,
        0.25,
        0.25,
        0.35,
        0.25,
        0.3,
        0.3,
        0.4,
        0.35,
        0.35,
        0.4,
        0.4,
        0.4,
        0.4,
        0.4,
        0.45,
        0.25,
        0.4,
        0.4,
        0.5,
        0.4,
        0.5,
        0.4,
        0.35,
        0.4,
        0.5,
        0.45,
        0.2,
        0.25,
        0.2,
        0.25,
        0.25,
        0.2,
        0.35,
        0.2,
        0.6,
        0.55,
        0.4,
        0.35,
        0.35,
        0.3,
        0.35,
        0.2,
        0.25,
        0.45
    ],
    "train_loss_history": [
        0.48862165212631226,
        0.3007244780659676,
        0.21737656593322754,
        0.2640666810174783,
        0.12684708436330158,
        0.12775723102192085,
        0.0853715130360797,
        0.060445922426879406,
        0.05093118939548731,
        0.04143600605117778,
        0.02897972386951248,
        0.03437871722902249,
        0.031748458417132495,
        0.02003115548674638,
        0.016814864055413638,
        0.029985555571814378,
        0.04564878706393453,
        0.005132461859223743,
        0.04640164108326038,
        0.005332294544981172,
        0.019224755610048307,
        0.032835671849413,
        0.044772738454533584,
        0.023194229367072695,
        0.07913598920640652,
        0.11613414639917513,
        0.060488221771083775,
        0.0713161092736603,
        0.04238918654324759,
        0.11606357046390864,
        0.13771337794217592,
        0.12611087775585475,
        0.04238680292146455,
        0.10385578520338944,
        0.05635950836076518,
        0.02158636609583482,
        0.0338452841662729,
        0.005105393510893919,
        0.0034075630549826505,
        0.040605477786180205,
        0.03547471433297081,
        0.03961546181408267,
        0.020721378103144162,
        0.014999450787157306,
        0.006334681203821901,
        0.0026835159477343494,
        0.0005854734317836119,
        0.0037482283097763987,
        0.038135233313763214,
        0.06368256818765682,
        0.0015351455279111784,
        0.015715977456541925,
        0.010210390197971719,
        0.038012920965275046,
        0.017967356991600052,
        0.020014256056795906,
        0.0058402215040700865,
        0.0023276154903214773,
        0.0011858992504736913,
        0.0011048590001488871,
        0.0003510084585286677,
        0.0005921440884208096,
        0.004176455224755197,
        0.0006497449351703229,
        0.0015113835862412847,
        0.00010241041893929529,
        0.00018490324632836064,
        0.0007400500635052746,
        0.0003576892085751145,
        0.007672897650305307,
        0.0003681066164593479,
        0.006643190040669348,
        0.0018133900783197988,
        0.0008985983019101695,
        0.000506179866245778,
        0.003007872282440379,
        0.0006388944398471115,
        0.0014624799590213418,
        0.01724262747851526,
        0.00027063838710195874,
        0.0006489739378594094,
        0.001516632142799305,
        0.008868302776404373,
        0.010204017544339195,
        0.0026062090994552517,
        0.0010441773983491962,
        0.0019578186802088264,
        0.008361644495880446,
        0.06878271305320899,
        0.007218028174853923,
        0.02251357362747418,
        0.004845288154501759,
        0.017935319866868818,
        0.06056544831595924,
        0.08081922310775554,
        0.06397871067067247,
        0.08840471305011306,
        0.08272671875432328,
        0.06681107313112686,
        0.012327484221411092
    ],