{
    "test_accuracy": 0.9166666666666666,
    "test_f1": 0.916083916083916,
    "train_accuracy_history": [
        0.5,
        0.6805555555555556,
        0.75,
        0.7638888888888888,
        0.875,
        0.8888888888888888,
        0.9305555555555556,
        0.9305555555555556,
        0.9444444444444444,
        0.9444444444444444,
        0.9583333333333334,
        0.9444444444444444,
        0.9722222222222222,
        0.9861111111111112,
        0.9722222222222222,
        0.9861111111111112,
        0.9861111111111112,
        1.0,
        1.0,
        1.0,
        1.0,
        0.9861111111111112,
        1.0,
        1.0,
        0.9722222222222222,
        1.0,
        1.0,
        1.0,
        1.0,
        1.0,
        1.0,
        1.0,
        1.0,
        1.0,
        1.0,
        1.0,
        1.0,
        1.0,
        1.0,
        1.0,
        1.0,
        1.0,
        1.0,
        1.0,
        1.0,
        1.0,
        1.0,
        1.0,
        1.0,
        1.0,
        0.9861111111111112,
        1.0,
        1.0,
        1.0,
        1.0,
        1.0,
        1.0,
        1.0,
        1.0,
        1.0,
        1.0,
        1.0,
        1.0,
        1.0,
        1.0,
        1.0,
        1.0,
        1.0,
        1.0,
        1.0,
        1.0,
        1.0,
        1.0,
        1.0,
        1.0,
        1.0,
        1.0,
        1.0,
        1.0,
        1.0,
        1.0,
        1.0,
        1.0,
        1.0,
        1.0,
        1.0,
        1.0,
        1.0,
        1.0,
        1.0,
        1.0,
        1.0,
        1.0,
        1.0,
        1.0,
        1.0,
        1.0,
        1.0,
        1.0,
        1.0
    ],
    "val_accuracy_history": [
        0.5416666666666666,
        0.4583333333333333,
        0.4583333333333333,
        0.75,
        0.4583333333333333,
        0.4583333333333333,
        0.5416666666666666,
        0.5416666666666666,
        0.4583333333333333,
        0.4583333333333333,
        0.4583333333333333,
        0.5416666666666666,
        0.5416666666666666,
        0.6666666666666666,
        0.4583333333333333,
        0.4583333333333333,
        0.4583333333333333,
        0.5416666666666666,
        0.4583333333333333,
        0.4583333333333333,
        0.7916666666666666,
        0.4583333333333333,
        0.4583333333333333,
        0.6666666666666666,
        0.5416666666666666,
        0.4583333333333333,
        0.4583333333333333,
        0.4583333333333333,
        0.5416666666666666,
        0.6666666666666666,
        0.5416666666666666,
        0.7916666666666666,
        0.4583333333333333,
        0.7083333333333334,
        0.5416666666666666,
        0.4583333333333333,
        0.4583333333333333,
        0.4583333333333333,
        0.4583333333333333,
        0.4583333333333333,
        0.5416666666666666,
        0.4583333333333333,
        0.875,
        0.4583333333333333,
        0.5,
        0.4583333333333333,
        0.4583333333333333,
        0.5416666666666666,
        0.5416666666666666,
        0.5416666666666666,
        0.4583333333333333,
        0.4583333333333333,
        0.625,
        0.5416666666666666,
        0.6666666666666666,
        0.6666666666666666,
        0.5416666666666666,
        0.4583333333333333,
        0.75,
        0.4583333333333333,
        0.75,
        0.9166666666666666,
        0.9583333333333334,
        0.9583333333333334,
        0.7083333333333334,
        0.75,
        0.6666666666666666,
        0.625,
        0.5416666666666666,
        0.5833333333333334,
        0.9583333333333334,
        0.875,
        0.4583333333333333,
        0.5416666666666666,
        0.5416666666666666,
        0.9166666666666666,
        0.875,
        0.875,
        0.75,
        0.4583333333333333,
        0.4583333333333333,
        0.5416666666666666,
        0.9583333333333334,
        0.8333333333333334,
        0.9166666666666666,
        0.625,
        0.875,
        0.7083333333333334,
        0.5,
        0.75,
        0.4583333333333333,
        0.4583333333333333,
        0.5416666666666666,
        0.4583333333333333,
        0.5416666666666666,
        0.4583333333333333,
        0.4583333333333333,
        0.4583333333333333,
        0.6666666666666666,
        0.6666666666666666
    ],
    "train_loss_history": [
        0.18622994422912598,
        0.15585091792874867,
        0.13691456077827346,
        0.11676566965050167,
        0.09634822213815318,
        0.07733848804814948,
        0.059486891246504255,
        0.05153242529680332,
        0.04687735055469804,
        0.04447885328489873,
        0.035681881088142596,
        0.03941472084261477,
        0.03737059890085624,
        0.029373520441974204,
        0.030779654341232445,
        0.030125434924330976,
        0.023227365739229653,
        0.0187577403202239,
        0.02477180022591104,
        0.012858970892719097,
        0.01055616715004564,
        0.014820685286799239,
        0.01317884979976548,
        0.009887028647224523,
        0.02243682646399571,
        0.013665158042891158,
        0.015225323803153716,
        0.009439987395631356,
        0.010049939478954507,
        0.005742380434336762,
        0.007231526438974672,
        0.004538883008838941,
        0.00830489925121785,
        0.0035512272216793564,
        0.010033696301333193,
        0.005524916642267878,
        0.006649456200345109,
        0.003289094210938654,
        0.003711649449542165,
        0.0029737355127710747,
        0.00314184340984664,
        0.004021475350277292,
        0.002990678722401046,
        0.002317559989427941,
        0.0028674945982250697,
        0.006043829500009047,
        0.0033520942088216543,
        0.002278072922813913,
        0.003263274521385837,
        0.002432792856577887,
        0.005965498694826642,
        0.003516854069958855,
        0.0028949314720294853,
        0.003539109376207408,
        0.0020812385895017846,
        0.0026647648297107984,
        0.0014587228458064299,
        0.002163114107437044,
        0.0014284317165018162,
        0.0013014192328329147,
        0.001669461372431316,
        0.001265214784426563,
        0.0010973846627974934,
        0.0015086199038907783,
        0.0005982750080875121,
        0.0014237162762987686,
        0.0016534100092637043,
        0.0024175117456858666,
        0.002421150031700058,
        0.0010472109643160366,
        0.0010944900958646839,
        0.001098710045375305,
        0.0012932655736221932,
        0.0018085569847446298,
        0.0011989419617748354,
        0.0008049079090900099,
        0.0012049764098062748,
        0.00063589329592004,
        0.0008987958735815482,
        0.0006232263569674817,
        0.0005749563877341441,
        0.000562294086396125,
        0.00035976357766129594,
        0.0009297931861106514,
        0.0008121423411972097,
        0.0006148182367016691,
        0.0007554704824441513,
        0.0007424547897648558,
        0.0012697803273719426,
        0.0005262924884542978,
        0.0006093479565202466,
        0.0005890764231379661,
        0.0019431138920885536,
        0.001232195267220959,
        0.0016647645792949738,
        0.0046007910374707235,
        0.002179195645213541,
        0.0017637997694287656,
        0.0007611048923637201,
        0.0015019038574892976
    ],