{
    "test_accuracy": 0.4,
    "test_f1": 0.375,
    "train_accuracy_history": [
        0.43333333333333335,
        0.5,
        0.7333333333333333,
        0.7666666666666667,
        0.9333333333333333,
        0.9666666666666667,
        0.9,
        0.9666666666666667,
        1.0,
        1.0,
        0.9666666666666667,
        1.0,
        0.9666666666666667,
        1.0,
        1.0,
        0.9333333333333333,
        0.9666666666666667,
        1.0,
        1.0,
        1.0,
        1.0,
        1.0,
        1.0,
        1.0,
        1.0,
        1.0,
        1.0,
        1.0,
        1.0,
        0.9666666666666667,
        1.0,
        1.0,
        1.0,
        1.0,
        1.0,
        1.0,
        1.0,
        1.0,
        1.0,
        1.0,
        1.0,
        1.0,
        1.0,
        1.0,
        1.0,
        1.0,
        1.0,
        1.0,
        1.0,
        1.0,
        1.0,
        1.0,
        1.0,
        1.0,
        1.0,
        1.0,
        1.0,
        1.0,
        1.0,
        1.0,
        1.0,
        1.0,
        1.0,
        1.0,
        1.0,
        1.0,
        1.0,
        1.0,
        1.0,
        1.0,
        1.0,
        1.0,
        1.0,
        1.0,
        1.0,
        1.0,
        1.0,
        1.0,
        1.0,
        1.0,
        1.0,
        1.0,
        1.0,
        1.0,
        1.0,
        1.0,
        1.0,
        1.0,
        1.0,
        1.0,
        1.0,
        1.0,
        1.0,
        1.0,
        1.0,
        1.0,
        1.0,
        1.0,
        1.0,
        1.0
    ],
    "val_accuracy_history": [
        0.4,
        0.4,
        0.4,
        0.4,
        0.6,
        0.6,
        0.4,
        0.6,
        0.6,
        0.6,
        0.6,
        0.6,
        0.6,
        0.8,
        0.6,
        0.6,
        0.6,
        0.6,
        0.6,
        0.6,
        0.6,
        0.6,
        0.6,
        0.6,
        0.6,
        0.6,
        0.6,
        0.6,
        0.6,
        0.6,
        0.6,
        0.4,
        0.6,
        0.6,
        0.9,
        0.6,
        0.7,
        0.6,
        0.6,
        0.6,
        0.6,
        0.6,
        0.6,
        0.6,
        0.6,
        0.5,
        0.6,
        0.6,
        0.6,
        0.4,
        0.4,
        0.4,
        0.3,
        0.6,
        0.6,
        0.6,
        0.6,
        0.6,
        0.6,
        0.6,
        0.6,
        0.6,
        0.6,
        0.6,
        0.7,
        0.4,
        0.3,
        0.5,
        0.7,
        0.6,
        0.6,
        0.6,
        0.6,
        0.6,
        0.6,
        0.8,
        0.8,
        0.8,
        0.8,
        0.8,
        0.8,
        0.7,
        0.7,
        0.7,
        0.8,
        0.7,
        0.8,
        0.7,
        0.7,
        0.7,
        0.4,
        0.6,
        0.6,
        0.5,
        0.7,
        0.8,
        0.7,
        0.7,
        0.7,
        0.8
    ],
    "train_loss_history": [
        0.21538194020589194,
        0.18082537253697714,
        0.14652237792809805,
        0.1352319707473119,
        0.10912127693494161,
        0.07773878226677576,
        0.06959161733587584,
        0.05279379362861315,
        0.03806896060705185,
        0.032353385165333745,
        0.02566718819240729,
        0.01564413948605458,
        0.024615463614463807,
        0.015461171589170894,
        0.014322601569195589,
        0.06398262089739243,
        0.03762977924197912,
        0.022806503747900327,
        0.018698627377549806,
        0.011154981950918833,
        0.009983842664708694,
        0.008385430338482063,
        0.008827225677669049,
        0.009545249150445063,
        0.010578667093068362,
        0.01133921646202604,
        0.007355093932710588,
        0.006409867620095611,
        0.006188165520628294,
        0.0122947386931628,
        0.011174238643919428,
        0.0057208486056576175,
        0.01176232360303402,
        0.004494250006973744,
        0.008467918572326502,
        0.004525764457260569,
        0.0026202770958965024,
        0.003320840358113249,
        0.0029073960225408277,
        0.0051471275432656205,
        0.0020261497818864884,
        0.003184879175387323,
        0.0029980756963292757,
        0.0037569323011363547,
        0.001794156439912816,
        0.0011188045144081115,
        0.0015035938587971032,
        0.0009238599838378528,
        0.0011646591631385187,
        0.005635363465019813,
        0.0007777729246299714,
        0.0013826371946682532,
        0.0015392922951529423,
        0.0007486895580465595,
        0.0014454976752555618,
        0.0006081257941938626,
        0.0007518961715201537,
        0.0007199510281983142,
        0.0005119465097474555,
        0.0007882288404895614,
        0.0008480723675650855,
        0.000701154547277838,
        0.00046555924927815795,
        0.0003377555529975022,
        0.0024548924789996817,
        0.0006285589149532219,
        0.0008178444171790033,
        0.0007563030647967632,
        0.00042255795172726113,
        0.0006910290190717206,
        0.0006321022655659665,
        0.00044819496397394685,
        0.0003838515083771199,
        0.0005399377153177435,
        0.0003974522876281602,
        0.00021495092684441867,
        0.00029708304791711273,
        0.0003816689835124028,
        0.0002488446722660835,
        0.00021955104311928154,
        0.0003774654120206833,
        0.0005548679948939631,
        0.000305717204658625,
        0.0006197737786957684,
        0.0005574405484367162,
        0.00012498263822635636,
        0.000413167674075036,
        0.00029327510031483447,
        0.00042165807196094344,
        0.00037677072978112844,
        0.0005010981500769655,
        0.00023515862121712417,
        0.0003829333640169352,
        0.00023943195847095922,
        0.00034482456685509534,
        0.0003396639585844241,
        0.0002921089386897317,
        0.00019670467251368487,
        0.0002059323759264468,
        0.0001499002081497262
    ],