{
    "test_accuracy": 0.26666666666666666,
    "test_f1": 0.24444444444444446,
    "train_accuracy_history": [
        0.3111111111111111,
        0.5555555555555556,
        0.6222222222222222,
        0.7777777777777778,
        0.9333333333333333,
        0.9111111111111111,
        0.9555555555555556,
        0.9555555555555556,
        1.0,
        1.0,
        1.0,
        1.0,
        1.0,
        1.0,
        1.0,
        1.0,
        1.0,
        1.0,
        1.0,
        1.0,
        1.0,
        1.0,
        1.0,
        1.0,
        1.0,
        1.0,
        1.0,
        1.0,
        1.0,
        1.0,
        1.0,
        1.0,
        1.0,
        1.0,
        1.0,
        1.0,
        1.0,
        1.0,
        1.0,
        1.0,
        1.0,
        1.0,
        1.0,
        1.0,
        1.0,
        1.0,
        1.0,
        1.0,
        1.0,
        1.0,
        1.0,
        1.0,
        1.0,
        1.0,
        1.0,
        1.0,
        1.0,
        1.0,
        1.0,
        1.0,
        1.0,
        1.0,
        1.0,
        1.0,
        1.0,
        1.0,
        1.0,
        1.0,
        1.0,
        1.0,
        1.0,
        1.0,
        1.0,
        1.0,
        1.0,
        1.0,
        1.0,
        1.0,
        1.0,
        1.0,
        1.0,
        1.0,
        1.0,
        1.0,
        1.0,
        1.0,
        1.0,
        1.0,
        1.0,
        1.0,
        1.0,
        1.0,
        1.0,
        1.0,
        1.0,
        1.0,
        1.0,
        1.0,
        1.0,
        1.0
    ],
    "val_accuracy_history": [
        0.3333333333333333,
        0.3333333333333333,
        0.3333333333333333,
        0.3333333333333333,
        0.3333333333333333,
        0.3333333333333333,
        0.3333333333333333,
        0.3333333333333333,
        0.3333333333333333,
        0.3333333333333333,
        0.3333333333333333,
        0.4,
        0.3333333333333333,
        0.26666666666666666,
        0.26666666666666666,
        0.4,
        0.4666666666666667,
        0.4,
        0.4666666666666667,
        0.26666666666666666,
        0.26666666666666666,
        0.4666666666666667,
        0.4666666666666667,
        0.4666666666666667,
        0.5333333333333333,
        0.4,
        0.4,
        0.3333333333333333,
        0.4666666666666667,
        0.4,
        0.4,
        0.06666666666666667,
        0.26666666666666666,
        0.4666666666666667,
        0.4666666666666667,
        0.5333333333333333,
        0.4666666666666667,
        0.3333333333333333,
        0.3333333333333333,
        0.3333333333333333,
        0.3333333333333333,
        0.3333333333333333,
        0.3333333333333333,
        0.3333333333333333,
        0.3333333333333333,
        0.3333333333333333,
        0.3333333333333333,
        0.3333333333333333,
        0.4,
        0.26666666666666666,
        0.3333333333333333,
        0.26666666666666666,
        0.3333333333333333,
        0.26666666666666666,
        0.3333333333333333,
        0.4666666666666667,
        0.4,
        0.4,
        0.4,
        0.4,
        0.26666666666666666,
        0.5333333333333333,
        0.3333333333333333,
        0.2,
        0.4,
        0.4,
        0.4,
        0.3333333333333333,
        0.5333333333333333,
        0.4,
        0.4,
        0.4666666666666667,
        0.4,
        0.4,
        0.4,
        0.4666666666666667,
        0.3333333333333333,
        0.3333333333333333,
        0.26666666666666666,
        0.26666666666666666,
        0.3333333333333333,
        0.3333333333333333,
        0.4666666666666667,
        0.3333333333333333,
        0.4666666666666667,
        0.4,
        0.4,
        0.4,
        0.3333333333333333,
        0.4,
        0.3333333333333333,
        0.3333333333333333,
        0.3333333333333333,
        0.26666666666666666,
        0.4,
        0.4,
        0.4666666666666667,
        0.4666666666666667,
        0.3333333333333333,
        0.4
    ],
    "train_loss_history": [
        0.3113990333345201,
        0.2562362445725335,
        0.21702227261331347,
        0.14514890412489573,
        0.11177060827612877,
        0.07922320299678379,
        0.07031486729780832,
        0.06708363907204734,
        0.04342076116138034,
        0.036096687863270444,
        0.02998057926694552,
        0.02419830270939403,
        0.019819783336586422,
        0.018231856471134556,
        0.012387245831390222,
        0.010785940144624974,
        0.008895197614199586,
        0.008265489298436377,
        0.006901469994853768,
        0.005657484154734347,
        0.005637243193470769,
        0.007235110302766164,
        0.004467105730954143,
        0.0039007548346287673,
        0.0039641180541366335,
        0.003796698898077011,
        0.002987615557180511,
        0.0026456912798393105,
        0.0022667929969934953,
        0.0026706574898627067,
        0.002379287334365977,
        0.002757408485437433,
        0.002839561655289597,
        0.0019157008992301094,
        0.0017445455900289945,
        0.0018898454029113055,
        0.007714021397340629,
        0.009890727595322661,
        0.014903601838482751,
        0.007325471917607097,
        0.007714212509906954,
        0.0051425508740875455,
        0.004823172840082811,
        0.004598921268350548,
        0.0028901275247335432,
        0.002962342049512598,
        0.002572373714711931,
        0.003011760048361288,
        0.002683264244761732,
        0.0030255577449376384,
        0.002280044736754563,
        0.0017681348939529724,
        0.0017592074608223306,
        0.0016051014962916573,
        0.0013089346531261173,
        0.0013888886094921165,
        0.001005461943956713,
        0.0012633089144300255,
        0.0010710061476048496,
        0.0010895343781966301,
        0.0008809001780011587,
        0.0009156367793265316,
        0.001027290896874749,
        0.0008854620701943835,
        0.0007028223563490126,
        0.0006896226835023198,
        0.0006947754261394342,
        0.0007794363152546187,
        0.0007914109504781663,
        0.0006717478300237821,
        0.000915419769525114,
        0.0009944440421855284,
        0.0005074001395971411,
        0.0008513931534253061,
        0.0005512628730179535,
        0.0006756399350706487,
        0.0004944000276736916,
        0.0006273087217575974,
        0.0005235606785087536,
        0.0005804319355067693,
        0.0006735478424363666,
        0.00044789893694946334,
        0.0004961594370090299,
        0.0005386126188871762,
        0.0004962010102139579,
        0.00034091664193612006,
        0.0004632964161121183,
        0.00048376972812952265,
        0.00030131512644907666,
        0.00027066628164094356,
        0.0003426567733792278,
        0.0002986719430838194,
        0.0005068656283482495,
        0.00039771906837510564,
        0.00034780356218107046,
        0.00039579749767047664,
        0.0003125194523211879,
        0.0002601928743792491,
        0.00025223197751782006,
        0.0003567396837752312
    ],