{
    "test_accuracy": 0.6333333333333333,
    "test_f1": 0.6076416337285903,
    "train_accuracy_history": [
        0.5111111111111111,
        0.7555555555555555,
        0.9111111111111111,
        0.9888888888888889,
        0.9777777777777777,
        1.0,
        1.0,
        1.0,
        0.9888888888888889,
        1.0,
        1.0,
        0.9888888888888889,
        1.0,
        1.0,
        1.0,
        1.0,
        1.0,
        1.0,
        1.0,
        1.0,
        1.0,
        1.0,
        1.0,
        1.0,
        1.0,
        1.0,
        1.0,
        1.0,
        1.0,
        1.0,
        1.0,
        1.0,
        1.0,
        1.0,
        1.0,
        1.0,
        1.0,
        1.0,
        1.0,
        1.0,
        1.0,
        1.0,
        1.0,
        1.0,
        1.0,
        1.0,
        1.0,
        1.0,
        1.0,
        1.0,
        1.0,
        1.0,
        1.0,
        1.0,
        1.0,
        1.0,
        1.0,
        1.0,
        1.0,
        1.0,
        1.0,
        1.0,
        1.0,
        1.0,
        1.0,
        1.0,
        1.0,
        1.0,
        1.0,
        1.0,
        1.0,
        1.0,
        1.0,
        1.0,
        1.0,
        1.0,
        1.0,
        1.0,
        1.0,
        1.0,
        1.0,
        1.0,
        1.0,
        1.0,
        1.0,
        1.0,
        1.0,
        1.0,
        1.0,
        1.0,
        1.0,
        1.0,
        1.0,
        1.0,
        1.0,
        1.0,
        1.0,
        1.0,
        1.0,
        1.0
    ],
    "val_accuracy_history": [
        0.3333333333333333,
        0.3333333333333333,
        0.3333333333333333,
        0.3333333333333333,
        0.3333333333333333,
        0.3333333333333333,
        0.3333333333333333,
        0.3333333333333333,
        0.3333333333333333,
        0.3333333333333333,
        0.3333333333333333,
        0.3333333333333333,
        0.4666666666666667,
        0.3333333333333333,
        0.3333333333333333,
        0.3333333333333333,
        0.5333333333333333,
        0.3333333333333333,
        0.7333333333333333,
        0.43333333333333335,
        0.3333333333333333,
        0.43333333333333335,
        0.5666666666666667,
        0.8,
        0.5333333333333333,
        0.6,
        0.6,
        0.9333333333333333,
        0.8333333333333334,
        0.7333333333333333,
        0.7333333333333333,
        0.6333333333333333,
        0.7666666666666667,
        0.9,
        0.8,
        0.7666666666666667,
        0.6666666666666666,
        0.7666666666666667,
        0.9,
        0.8333333333333334,
        0.6666666666666666,
        0.8666666666666667,
        0.5,
        0.7333333333333333,
        0.6333333333333333,
        0.8666666666666667,
        0.8333333333333334,
        0.8,
        0.7666666666666667,
        0.9,
        0.7666666666666667,
        0.7666666666666667,
        0.7333333333333333,
        0.9,
        0.9,
        0.9333333333333333,
        0.7666666666666667,
        0.9,
        0.8333333333333334,
        0.8666666666666667,
        0.9,
        0.6666666666666666,
        0.9666666666666667,
        0.8333333333333334,
        0.9,
        0.5666666666666667,
        0.6,
        0.8666666666666667,
        0.6666666666666666,
        0.8,
        0.9333333333333333,
        0.9,
        0.9333333333333333,
        0.8,
        0.7,
        0.6333333333333333,
        0.7333333333333333,
        0.8,
        0.9,
        0.8,
        0.7,
        0.7333333333333333,
        0.8,
        0.7666666666666667,
        0.7333333333333333,
        0.8333333333333334,
        0.8333333333333334,
        0.9,
        0.9666666666666667,
        0.5666666666666667,
        0.7333333333333333,
        0.7333333333333333,
        0.9333333333333333,
        0.9,
        0.8666666666666667,
        0.7666666666666667,
        0.9,
        0.7,
        0.6333333333333333,
        0.8666666666666667
    ],
    "train_loss_history": [
        0.25513724817170036,
        0.1531879054175483,
        0.07834056272274918,
        0.04007361259104477,
        0.023085179097122616,
        0.016716442288209996,
        0.008104141548068986,
        0.012130079071761833,
        0.012074538085532065,
        0.008515886804606352,
        0.00620083591590325,
        0.009829743883003377,
        0.005225144723792457,
        0.005684518806325893,
        0.0037847524728729493,
        0.0032424946820052963,
        0.007497435368390547,
        0.002946759916893724,
        0.0021046999405371024,
        0.0030661426989051204,
        0.0017392175795976073,
        0.0029462632393309224,
        0.0029458358955000426,
        0.001315982820556706,
        0.002773087104328119,
        0.0009916135923251407,
        0.001196548501158961,
        0.0008000970972514349,
        0.000534581764299623,
        0.0006090420300703651,
        0.0005443802158374133,
        0.0009027575478992528,
        0.0005059068749283648,
        0.0005182179622352124,
        0.000647499249316752,
        0.000674680416098757,
        0.00036879980295149534,
        0.0004541552934420502,
        0.0004667685055109258,
        0.0003606393611739299,
        0.0007131534329043158,
        0.0006477845873935924,
        0.0005573871117828983,
        0.0002897719399900072,
        0.0006270212081694303,
        0.0004180322378791364,
        0.00020238415571738086,
        0.0002500026398289871,
        0.00021860029870974056,
        0.0002879897761494653,
        0.0002526957799596453,
        0.00031706319823570083,
        0.00020394007757810564,
        0.00018877221173170257,
        0.00015015700381708382,
        0.00014344746873070513,
        0.00011589641556687032,
        0.0001462414521685989,
        0.0002604603545478312,
        0.00029477637802857417,
        0.00019724608379571387,
        0.00015707708788189242,
        9.055910922042029e-05,
        0.00021073996836599285,
        8.797665518298144e-05,
        0.00023185903877068388,
        0.00012095120575976479,
        0.00010508894615163121,
        0.00030370930168020197,
        9.990128580991749e-05,
        9.742231013913423e-05,
        7.180438011952598e-05,
        0.00015389818464528717,
        0.00011041536667764579,
        0.00011488037881564297,
        0.0001386466302291309,
        0.0001933357335373229,
        0.00012014344032043786,
        7.926909128552022e-05,
        0.0002016261320881717,
        0.00012293554080871318,
        0.00011736847726019227,
        0.00032323831615536214,
        0.00013195383313965674,
        0.00017209189833617227,
        9.32411816948944e-05,
        0.00013092973539541062,
        7.675503155976711e-05,
        8.759955802714912e-05,
        9.155824997530241e-05,
        0.00012316563367874444,
        9.110873880078746e-05,
        4.440574718703121e-05,
        0.00010291765929650864,
        3.5829463587965113e-05,
        5.4206623235586446e-05,
        5.0615435151889364e-05,
        7.65387132155916e-05,
        0.00010418302305576314,
        8.362876603390153e-05
    ],