{
    "test_accuracy": 0.4125,
    "test_f1": 0.3074555403556771,
    "train_accuracy_history": [
        0.24166666666666667,
        0.26666666666666666,
        0.21666666666666667,
        0.2708333333333333,
        0.225,
        0.22083333333333333,
        0.22083333333333333,
        0.2375,
        0.2125,
        0.20416666666666666,
        0.24583333333333332,
        0.25,
        0.225,
        0.21666666666666667,
        0.21666666666666667,
        0.20416666666666666,
        0.2,
        0.23333333333333334,
        0.19583333333333333,
        0.24583333333333332,
        0.2125,
        0.225,
        0.23333333333333334,
        0.19583333333333333,
        0.21666666666666667,
        0.22916666666666666,
        0.21666666666666667,
        0.20833333333333334,
        0.22916666666666666,
        0.22916666666666666,
        0.25,
        0.2375,
        0.19166666666666668,
        0.20416666666666666,
        0.2375,
        0.2125,
        0.23333333333333334,
        0.24166666666666667,
        0.24166666666666667,
        0.17083333333333334,
        0.2125,
        0.22083333333333333,
        0.19583333333333333,
        0.24166666666666667,
        0.225,
        0.2,
        0.2375,
        0.23333333333333334,
        0.2,
        0.225,
        0.22916666666666666,
        0.2375,
        0.22083333333333333,
        0.175,
        0.24583333333333332,
        0.22916666666666666,
        0.22083333333333333,
        0.2,
        0.1875,
        0.225,
        0.1875,
        0.1875,
        0.25,
        0.19583333333333333,
        0.18333333333333332,
        0.20416666666666666,
        0.22916666666666666,
        0.24166666666666667,
        0.20833333333333334,
        0.22916666666666666,
        0.2125,
        0.1875,
        0.225,
        0.22083333333333333,
        0.20416666666666666,
        0.2125,
        0.24166666666666667,
        0.20833333333333334,
        0.22083333333333333,
        0.2833333333333333,
        0.22083333333333333,
        0.24583333333333332,
        0.24166666666666667,
        0.225,
        0.19583333333333333,
        0.21666666666666667,
        0.225,
        0.2375,
        0.20416666666666666,
        0.22083333333333333,
        0.22083333333333333,
        0.21666666666666667,
        0.20416666666666666,
        0.20833333333333334,
        0.2791666666666667,
        0.24583333333333332,
        0.22916666666666666,
        0.25,
        0.21666666666666667,
        0.2375
    ],
    "val_accuracy_history": [
        0.25,
        0.25,
        0.25,
        0.25,
        0.25,
        0.25,
        0.25,
        0.25,
        0.25,
        0.25,
        0.25,
        0.25,
        0.25,
        0.25,
        0.25,
        0.25,
        0.25,
        0.25,
        0.25,
        0.25,
        0.25,
        0.25,
        0.25,
        0.25,
        0.25,
        0.25,
        0.25,
        0.25,
        0.25,
        0.25,
        0.2375,
        0.25,
        0.25,
        0.25,
        0.25,
        0.25,
        0.25,
        0.25,
        0.25,
        0.25,
        0.25,
        0.25,
        0.25,
        0.25,
        0.25,
        0.25,
        0.25,
        0.25,
        0.25,
        0.25,
        0.25,
        0.25,
        0.25,
        0.25,
        0.25,
        0.25,
        0.25,
        0.25,
        0.25,
        0.25,
        0.25,
        0.25,
        0.25,
        0.25,
        0.25,
        0.25,
        0.25,
        0.25,
        0.25,
        0.25,
        0.25,
        0.25,
        0.25,
        0.25,
        0.25,
        0.25,
        0.2625,
        0.3625,
        0.2875,
        0.25,
        0.25,
        0.25,
        0.25,
        0.25,
        0.25,
        0.25,
        0.25,
        0.25,
        0.25,
        0.25,
        0.35,
        0.25,
        0.25,
        0.25,
        0.3125,
        0.25,
        0.25,
        0.25,
        0.25,
        0.25
    ],
    "train_loss_history": [
        0.3730020344257355,
        0.3549144998192787,
        0.3531997978687286,
        0.35822185426950454,
        0.35937218765417733,
        0.3534140154719353,
        0.34967087109883627,
        0.35019075820843376,
        0.35056867599487307,
        0.3552931050459544,
        0.3514757807056109,
        0.34888473550478616,
        0.3501422276099523,
        0.3507972151041031,
        0.3495860407749812,
        0.3496052657564481,
        0.34868706365426383,
        0.35109014610449474,
        0.34917294383049013,
        0.3497411166628202,
        0.3485965261856715,
        0.34933604250351585,
        0.34978216191132866,
        0.3489396865169207,
        0.3490866775314013,
        0.3482005034883817,
        0.3483557129899661,
        0.3484971225261688,
        0.3484067633748055,
        0.3486782709757487,
        0.34812068392833073,
        0.34731897960106534,
        0.35019268095493317,
        0.3496337349216143,
        0.3488361373543739,
        0.3488074893752734,
        0.3477000171939532,
        0.3480498194694519,
        0.3480317652225494,
        0.3481239929795265,
        0.34798315862814583,
        0.34827989488840105,
        0.34814597219228743,
        0.34851862440506615,
        0.348597452044487,
        0.34845650096734365,
        0.3483126660188039,
        0.3477692812681198,
        0.34851667334636055,
        0.3474641998608907,
        0.3472561816374461,
        0.3479417492945989,
        0.3474254563450813,
        0.3477051759759585,
        0.3484057128429413,
        0.347700301806132,
        0.34758361826340356,
        0.348582956691583,
        0.34745851208766304,
        0.3483846445878347,
        0.34764199107885363,
        0.3477918734153112,
        0.34792626897494,
        0.3479984253644943,
        0.34736835906902946,
        0.34715262800455093,
        0.3474561264117559,
        0.34730857113997143,
        0.34754580607016883,
        0.34726805637280145,
        0.34755693674087523,
        0.3475909844040871,
        0.34739259878794354,
        0.3473987753192584,
        0.3477457602818807,
        0.34756894906361896,
        0.3475556636850039,
        0.3473830079038938,
        0.34767317920923235,
        0.3479003762205442,
        0.3478285153706869,
        0.3479279840985934,
        0.34737699329853056,
        0.34740108052889507,
        0.34714345733324686,
        0.3476763839522998,
        0.34782774845759074,
        0.34755485703547795,
        0.3471349611878395,
        0.3477979486187299,
        0.3472085639834404,
        0.34741641332705814,
        0.34747702727715174,
        0.34716925273338956,
        0.34671944479147593,
        0.34685240040222803,
        0.34762724737326306,
        0.3473806237181028,
        0.347751026848952,
        0.34726812740166985
    ],