{
    "test_accuracy": 0.25,
    "test_f1": 0.1,
    "train_accuracy_history": [
        0.36666666666666664,
        0.18333333333333332,
        0.26666666666666666,
        0.23333333333333334,
        0.18333333333333332,
        0.23333333333333334,
        0.2833333333333333,
        0.18333333333333332,
        0.23333333333333334,
        0.25,
        0.26666666666666666,
        0.25,
        0.31666666666666665,
        0.23333333333333334,
        0.16666666666666666,
        0.21666666666666667,
        0.21666666666666667,
        0.3333333333333333,
        0.25,
        0.25,
        0.35,
        0.26666666666666666,
        0.3,
        0.23333333333333334,
        0.31666666666666665,
        0.3,
        0.36666666666666664,
        0.2833333333333333,
        0.25,
        0.23333333333333334,
        0.3333333333333333,
        0.3333333333333333,
        0.2833333333333333,
        0.31666666666666665,
        0.4,
        0.2833333333333333,
        0.31666666666666665,
        0.3,
        0.35,
        0.26666666666666666,
        0.2833333333333333,
        0.21666666666666667,
        0.2833333333333333,
        0.23333333333333334,
        0.3,
        0.3,
        0.31666666666666665,
        0.3333333333333333,
        0.21666666666666667,
        0.16666666666666666,
        0.21666666666666667,
        0.26666666666666666,
        0.23333333333333334,
        0.23333333333333334,
        0.3,
        0.25,
        0.26666666666666666,
        0.2833333333333333,
        0.23333333333333334,
        0.3,
        0.31666666666666665,
        0.3333333333333333,
        0.2833333333333333,
        0.26666666666666666,
        0.26666666666666666,
        0.26666666666666666,
        0.25,
        0.26666666666666666,
        0.25,
        0.2833333333333333,
        0.25,
        0.23333333333333334,
        0.3,
        0.26666666666666666,
        0.26666666666666666,
        0.26666666666666666,
        0.23333333333333334,
        0.2833333333333333,
        0.3,
        0.31666666666666665,
        0.25,
        0.21666666666666667,
        0.21666666666666667,
        0.15,
        0.2,
        0.2,
        0.25,
        0.25,
        0.25,
        0.25,
        0.25,
        0.25,
        0.25,
        0.25,
        0.25,
        0.25,
        0.25,
        0.25,
        0.25,
        0.25
    ],
    "val_accuracy_history": [
        0.25,
        0.25,
        0.25,
        0.3,
        0.25,
        0.2,
        0.2,
        0.25,
        0.2,
        0.2,
        0.2,
        0.2,
        0.2,
        0.25,
        0.25,
        0.25,
        0.2,
        0.25,
        0.25,
        0.25,
        0.25,
        0.25,
        0.2,
        0.25,
        0.25,
        0.2,
        0.25,
        0.25,
        0.2,
        0.25,
        0.2,
        0.3,
        0.25,
        0.25,
        0.2,
        0.25,
        0.25,
        0.25,
        0.3,
        0.25,
        0.2,
        0.25,
        0.25,
        0.3,
        0.25,
        0.25,
        0.25,
        0.25,
        0.25,
        0.25,
        0.25,
        0.25,
        0.25,
        0.25,
        0.25,
        0.25,
        0.25,
        0.25,
        0.25,
        0.25,
        0.25,
        0.25,
        0.25,
        0.25,
        0.2,
        0.25,
        0.25,
        0.25,
        0.25,
        0.25,
        0.25,
        0.25,
        0.25,
        0.25,
        0.25,
        0.25,
        0.25,
        0.25,
        0.25,
        0.25,
        0.25,
        0.25,
        0.25,
        0.25,
        0.25,
        0.2,
        0.25,
        0.25,
        0.25,
        0.25,
        0.25,
        0.25,
        0.25,
        0.25,
        0.25,
        0.25,
        0.25,
        0.25,
        0.25,
        0.25
    ],
    "train_loss_history": [
        192.56746648152668,
        5.405327645937602,
        0.47938761313756306,
        0.39335829615592954,
        0.37730364402135214,
        0.3704140285650889,
        0.3524586935838064,
        0.35330275893211366,
        0.361330634355545,
        0.35320205291112267,
        0.3530752380688985,
        0.36401478250821434,
        0.34420035481452943,
        0.3754837771256765,
        0.3573704381783803,
        0.3433639387289683,
        0.3424929976463318,
        0.33687868118286135,
        0.34023302992184956,
        0.3460544943809509,
        0.33855185310045877,
        0.34109561840693153,
        0.34101491173108417,
        0.3415892541408539,
        0.33522576093673706,
        0.34535659352938336,
        0.337510218222936,
        0.3447358310222626,
        0.33962260484695433,
        0.34522855083147685,
        0.33512571652730305,
        0.34516960581143696,
        0.33565265536308286,
        0.3376858631769816,
        0.3294020116329193,
        0.3415422479311625,
        0.3315140068531036,
        0.339530473947525,
        0.33698359529177346,
        0.34368889331817626,
        0.34340338706970214,
        0.3417291522026062,
        0.34889092246691383,
        0.34014598925908407,
        0.34341712991396584,
        0.35436710715293884,
        0.342308384180069,
        0.3380309303601583,
        0.35066599448521935,
        0.3519511083761851,
        0.34698901971181234,
        0.34684374928474426,
        0.34315956036249795,
        0.34081462224324544,
        0.3410960972309113,
        0.3426862955093384,
        0.3428318162759145,
        0.3399843176205953,
        0.3410547196865082,
        0.34231605132420856,
        0.34106608231862384,
        0.33981825709342955,
        0.3425351599852244,
        0.34031265377998354,
        0.3452780624230703,
        0.345012636979421,
        0.3427136143048604,
        0.33888485431671145,
        0.34074490070343016,
        0.34332271019617716,
        0.3424242873986562,
        0.3498106340567271,
        0.3449176450570424,
        0.34135456681251525,
        0.3399800380071004,
        0.33946635723114016,
        0.33952561219533284,
        0.3421749651432037,
        0.33694607615470884,
        0.3371633370717367,
        0.3362124741077423,
        0.3731938421726227,
        0.3597951630751292,
        0.8120209058125814,
        0.7493175625801086,
        0.3810461620489756,
        0.3465405762195587,
        0.3469039420286814,
        0.34682737787564594,
        0.34676114718119305,
        0.3467989524205526,
        0.34674618641535443,
        0.34681509335835775,
        0.34679513176282245,
        0.34670695463816326,
        0.34672016898790997,
        0.3466801563898722,
        0.3467074374357859,
        0.3466920038064321,
        0.34672879775365195
    ],