{
    "test_accuracy": 0.5,
    "test_f1": 0.4949494949494949,
    "train_accuracy_history": [
        0.5666666666666667,
        0.5,
        0.5666666666666667,
        0.7666666666666667,
        0.7666666666666667,
        0.7666666666666667,
        0.7666666666666667,
        0.9,
        0.9333333333333333,
        0.9666666666666667,
        0.9666666666666667,
        0.9666666666666667,
        0.9666666666666667,
        0.9666666666666667,
        1.0,
        1.0,
        1.0,
        1.0,
        1.0,
        1.0,
        1.0,
        1.0,
        1.0,
        1.0,
        1.0,
        1.0,
        1.0,
        1.0,
        1.0,
        1.0,
        1.0,
        1.0,
        1.0,
        1.0,
        1.0,
        1.0,
        1.0,
        1.0,
        1.0,
        1.0,
        1.0,
        1.0,
        1.0,
        1.0,
        1.0,
        1.0,
        1.0,
        1.0,
        1.0,
        1.0,
        1.0,
        1.0,
        1.0,
        1.0,
        1.0,
        1.0,
        1.0,
        1.0,
        1.0,
        1.0,
        1.0,
        1.0,
        1.0,
        1.0,
        1.0,
        1.0,
        1.0,
        1.0,
        1.0,
        1.0,
        1.0,
        1.0,
        1.0,
        1.0,
        1.0,
        1.0,
        1.0,
        1.0,
        1.0,
        1.0,
        1.0,
        1.0,
        1.0,
        1.0,
        1.0,
        1.0,
        1.0,
        1.0,
        1.0,
        1.0,
        1.0,
        1.0,
        1.0,
        1.0,
        1.0,
        1.0,
        1.0,
        1.0,
        1.0,
        1.0
    ],
    "val_accuracy_history": [
        0.5,
        0.5,
        0.5,
        0.5,
        0.5,
        0.5,
        0.5,
        0.5,
        0.5,
        0.6,
        0.5,
        0.5,
        0.5,
        0.5,
        0.5,
        0.5,
        0.5,
        0.5,
        0.6,
        0.5,
        0.5,
        0.5,
        0.5,
        0.5,
        0.5,
        0.5,
        0.5,
        0.6,
        0.5,
        0.5,
        0.7,
        0.6,
        0.5,
        0.5,
        0.6,
        0.7,
        0.3,
        0.5,
        0.5,
        0.6,
        0.7,
        0.5,
        0.8,
        0.6,
        0.7,
        0.7,
        0.5,
        0.6,
        0.5,
        0.5,
        0.7,
        0.7,
        0.6,
        0.7,
        0.6,
        0.5,
        0.5,
        0.6,
        0.7,
        0.7,
        0.5,
        0.5,
        0.4,
        0.4,
        0.4,
        0.5,
        0.5,
        0.5,
        0.5,
        0.3,
        0.3,
        0.4,
        0.5,
        0.2,
        0.6,
        0.7,
        0.7,
        0.7,
        0.6,
        0.6,
        0.3,
        0.3,
        0.4,
        0.7,
        0.4,
        0.4,
        0.4,
        0.4,
        0.5,
        0.5,
        0.6,
        0.6,
        0.3,
        0.6,
        0.7,
        0.6,
        0.5,
        0.5,
        0.6,
        0.5
    ],
    "train_loss_history": [
        0.17989969948927562,
        0.19721762587626776,
        0.18285152713457745,
        0.12665755450725555,
        0.11311175723870595,
        0.11659249017635981,
        0.09013343999783198,
        0.08108100319902102,
        0.07608511199553808,
        0.052830158919095996,
        0.043760913113753,
        0.038927400236328444,
        0.03719114909569422,
        0.027477977549036345,
        0.023817649918297927,
        0.02104835311571757,
        0.014877506345510483,
        0.011440133303403854,
        0.010029371579488118,
        0.008788825757801533,
        0.006194756117959817,
        0.008238330110907554,
        0.00498883423085014,
        0.005042113487919172,
        0.006040111370384693,
        0.00409558384368817,
        0.003353066649287939,
        0.0029193604364991187,
        0.003721488205095132,
        0.003450034667427341,
        0.002456734965865811,
        0.0030353884290282925,
        0.0024395183970530826,
        0.001594118579911689,
        0.002001213158170382,
        0.0013490926939994097,
        0.0016305675031617283,
        0.0014286438934504985,
        0.001147897820919752,
        0.0010913367538402479,
        0.0013892766165857515,
        0.0013470622284027438,
        0.0010034546566506227,
        0.0008263454772531986,
        0.0007199412949072818,
        0.0007916986010968685,
        0.0012660662992857396,
        0.0009719595119046669,
        0.0007157157485683759,
        0.0008470314826505879,
        0.000723272127409776,
        0.0007628181289571027,
        0.0007895824305402736,
        0.000639621257626762,
        0.0009374918338532249,
        0.0005528806087871392,
        0.0005468721268698573,
        0.0005412653476620714,
        0.0008723705696562926,
        0.00044907822351281844,
        0.0004242723574861884,
        0.0004277217648147295,
        0.000504071923205629,
        0.0004691093403380364,
        0.0008631564366320769,
        0.0005666815423561881,
        0.0004213112445237736,
        0.00041754155536182224,
        0.00031652037093105414,
        0.00039427103377723445,
        0.0003363273145320515,
        0.0003287992731202394,
        0.000301554542966187,
        0.00026363006230288496,
        0.00025529308477416633,
        0.0003272422511751453,
        0.0002940395982780804,
        0.00037409415526781233,
        0.00019858613474449765,
        0.0002854459666802237,
        0.0002480546555792292,
        0.00022186216762444625,
        0.00024435266386717557,
        0.00019777864411783715,
        0.00017620170353135716,
        0.00021077167669621608,
        0.0003541056610022982,
        0.0002574083123666545,
        0.00025524040296052893,
        0.00021394576081850875,
        0.00027275501828019817,
        0.0002637222593572612,
        0.00024163756752386688,
        0.00021872879297006874,
        0.00021256227240276833,
        0.00020689777835893134,
        0.00020356054980463038,
        0.00015891647393194338,
        0.00018197289124752085,
        0.0002152534313305902
    ],