{
    "test_accuracy": 0.25,
    "test_f1": 0.1,
    "train_accuracy_history": [
        0.2375,
        0.24583333333333332,
        0.24166666666666667,
        0.21666666666666667,
        0.24583333333333332,
        0.25,
        0.25,
        0.25,
        0.25,
        0.25,
        0.25,
        0.25,
        0.25,
        0.25,
        0.25,
        0.25,
        0.25,
        0.22083333333333333,
        0.22083333333333333,
        0.25,
        0.22083333333333333,
        0.20833333333333334,
        0.22083333333333333,
        0.19583333333333333,
        0.2375,
        0.25,
        0.2375,
        0.1875,
        0.23333333333333334,
        0.20416666666666666,
        0.23333333333333334,
        0.25,
        0.1625,
        0.225,
        0.22916666666666666,
        0.20416666666666666,
        0.20416666666666666,
        0.2,
        0.20416666666666666,
        0.22083333333333333,
        0.2,
        0.2125,
        0.20416666666666666,
        0.19583333333333333,
        0.23333333333333334,
        0.2125,
        0.225,
        0.22916666666666666,
        0.2375,
        0.25,
        0.20833333333333334,
        0.19166666666666668,
        0.20416666666666666,
        0.2125,
        0.2,
        0.22916666666666666,
        0.22083333333333333,
        0.2125,
        0.22083333333333333,
        0.25,
        0.2375,
        0.17916666666666667,
        0.25,
        0.2,
        0.2,
        0.20833333333333334,
        0.24166666666666667,
        0.23333333333333334,
        0.24166666666666667,
        0.19166666666666668,
        0.24166666666666667,
        0.25,
        0.20416666666666666,
        0.2125,
        0.22916666666666666,
        0.22916666666666666,
        0.2,
        0.20416666666666666,
        0.17916666666666667,
        0.21666666666666667,
        0.2375,
        0.2125,
        0.17916666666666667,
        0.2375,
        0.2125,
        0.2125,
        0.2,
        0.20416666666666666,
        0.2375,
        0.2125,
        0.22083333333333333,
        0.20416666666666666,
        0.25,
        0.22916666666666666,
        0.23333333333333334,
        0.19583333333333333,
        0.21666666666666667,
        0.2125,
        0.22083333333333333,
        0.21666666666666667
    ],
    "val_accuracy_history": [
        0.25,
        0.2625,
        0.25,
        0.2375,
        0.25,
        0.25,
        0.25,
        0.25,
        0.25,
        0.25,
        0.25,
        0.25,
        0.25,
        0.25,
        0.25,
        0.25,
        0.25,
        0.25,
        0.25,
        0.25,
        0.25,
        0.25,
        0.25,
        0.25,
        0.25,
        0.25,
        0.25,
        0.25,
        0.25,
        0.25,
        0.25,
        0.25,
        0.25,
        0.25,
        0.25,
        0.25,
        0.25,
        0.25,
        0.25,
        0.25,
        0.25,
        0.25,
        0.25,
        0.25,
        0.25,
        0.25,
        0.25,
        0.25,
        0.25,
        0.25,
        0.25,
        0.25,
        0.25,
        0.25,
        0.25,
        0.25,
        0.25,
        0.25,
        0.25,
        0.25,
        0.25,
        0.25,
        0.25,
        0.25,
        0.25,
        0.25,
        0.25,
        0.25,
        0.25,
        0.25,
        0.25,
        0.25,
        0.25,
        0.25,
        0.25,
        0.25,
        0.25,
        0.25,
        0.25,
        0.25,
        0.25,
        0.25,
        0.25,
        0.25,
        0.25,
        0.25,
        0.25,
        0.25,
        0.25,
        0.25,
        0.25,
        0.25,
        0.25,
        0.25,
        0.25,
        0.25,
        0.25,
        0.25,
        0.25,
        0.25
    ],
    "train_loss_history": [
        4.209053065379461,
        0.34930264949798584,
        0.3479526529709498,
        0.34729183415571846,
        0.3481184368332227,
        0.3476247365276019,
        0.3473098064462344,
        0.34714359740416206,
        0.3470773513118426,
        0.3469539562861125,
        0.3469341983397802,
        0.3468515689174334,
        0.3469276751081149,
        0.34685427447160083,
        0.34675266593694687,
        0.3467666576306025,
        0.34671489199002586,
        0.34673847605784736,
        0.3468989064296087,
        0.3467268720269203,
        0.34676777869462966,
        0.34682191560665765,
        0.34681514700253807,
        0.34682511190573373,
        0.3467732846736908,
        0.3468235750993093,
        0.3467401087284088,
        0.3468150774637858,
        0.3467318698763847,
        0.3467695415019989,
        0.34673674603303273,
        0.34686856816212336,
        0.3470785528421402,
        0.346798400580883,
        0.34696381042401,
        0.3468912422657013,
        0.3467740868528684,
        0.34675376216570536,
        0.34679839859406153,
        0.3468754306435585,
        0.3468860710660617,
        0.3468927934765816,
        0.34672661473353705,
        0.3467546388506889,
        0.34678366084893547,
        0.34677781810363134,
        0.34708182464043297,
        0.3467893530925115,
        0.34676932394504545,
        0.3468809465567271,
        0.3468660275141398,
        0.3469864368438721,
        0.34695925960938134,
        0.346870652337869,
        0.34696636299292244,
        0.34680547018845875,
        0.3467542583743731,
        0.3468368748823802,
        0.34687444667021433,
        0.3469212184349696,
        0.3469037493069967,
        0.3467631528774897,
        0.3467933381597201,
        0.34695426672697066,
        0.34697580287853874,
        0.3470371077458064,
        0.34697745790084206,
        0.34677892128626503,
        0.34694253901640576,
        0.3469042643904686,
        0.3469830244779587,
        0.3468727340300878,
        0.3469109316666921,
        0.34695734779040016,
        0.3467665150761604,
        0.346832807858785,
        0.34682565877834953,
        0.346760264535745,
        0.34703985452651975,
        0.3470747118194898,
        0.3468277389804522,
        0.3468937501311302,
        0.3468399087587992,
        0.3470612794160843,
        0.34683768848578134,
        0.34707792003949484,
        0.34677554418643314,
        0.3470241626103719,
        0.3469420537352562,
        0.3467494969566663,
        0.34683517664670943,
        0.3469878673553467,
        0.34680624554554623,
        0.34680622319380444,
        0.3468210836251577,
        0.34691615402698517,
        0.34694633483886717,
        0.34682197868824005,
        0.34681420028209686,
        0.34688609490791955
    ],