{
    "test_accuracy": 0.5,
    "test_f1": 0.45779220779220775,
    "train_accuracy_history": [
        0.31666666666666665,
        0.5166666666666667,
        0.6666666666666666,
        0.8333333333333334,
        0.9333333333333333,
        0.9833333333333333,
        0.9833333333333333,
        1.0,
        1.0,
        1.0,
        1.0,
        0.9833333333333333,
        1.0,
        0.9833333333333333,
        1.0,
        1.0,
        1.0,
        1.0,
        1.0,
        1.0,
        1.0,
        1.0,
        1.0,
        1.0,
        1.0,
        1.0,
        1.0,
        1.0,
        1.0,
        1.0,
        1.0,
        1.0,
        1.0,
        1.0,
        1.0,
        1.0,
        1.0,
        1.0,
        1.0,
        1.0,
        1.0,
        1.0,
        1.0,
        1.0,
        1.0,
        1.0,
        1.0,
        1.0,
        1.0,
        1.0,
        1.0,
        1.0,
        1.0,
        1.0,
        1.0,
        1.0,
        1.0,
        1.0,
        1.0,
        1.0,
        1.0,
        1.0,
        1.0,
        1.0,
        1.0,
        1.0,
        1.0,
        1.0,
        1.0,
        1.0,
        1.0,
        1.0,
        1.0,
        1.0,
        1.0,
        1.0,
        1.0,
        1.0,
        1.0,
        1.0,
        1.0,
        1.0,
        1.0,
        1.0,
        1.0,
        1.0,
        1.0,
        1.0,
        1.0,
        1.0,
        1.0,
        1.0,
        1.0,
        1.0,
        1.0,
        1.0,
        1.0,
        1.0,
        1.0,
        1.0
    ],
    "val_accuracy_history": [
        0.25,
        0.25,
        0.25,
        0.35,
        0.45,
        0.45,
        0.25,
        0.25,
        0.25,
        0.25,
        0.25,
        0.25,
        0.25,
        0.25,
        0.3,
        0.25,
        0.3,
        0.4,
        0.3,
        0.35,
        0.55,
        0.35,
        0.45,
        0.5,
        0.5,
        0.55,
        0.4,
        0.4,
        0.4,
        0.3,
        0.55,
        0.55,
        0.4,
        0.5,
        0.5,
        0.3,
        0.45,
        0.55,
        0.55,
        0.65,
        0.25,
        0.25,
        0.45,
        0.6,
        0.55,
        0.5,
        0.55,
        0.5,
        0.5,
        0.5,
        0.5,
        0.6,
        0.6,
        0.6,
        0.55,
        0.5,
        0.55,
        0.6,
        0.5,
        0.6,
        0.6,
        0.6,
        0.6,
        0.6,
        0.6,
        0.55,
        0.6,
        0.55,
        0.6,
        0.6,
        0.6,
        0.55,
        0.55,
        0.55,
        0.4,
        0.6,
        0.55,
        0.6,
        0.6,
        0.65,
        0.6,
        0.55,
        0.65,
        0.6,
        0.6,
        0.65,
        0.6,
        0.6,
        0.7,
        0.65,
        0.65,
        0.6,
        0.6,
        0.65,
        0.6,
        0.6,
        0.6,
        0.6,
        0.45,
        0.25
    ],
    "train_loss_history": [
        0.34217072526613873,
        0.25703584055105844,
        0.18569120715061824,
        0.1402434376378854,
        0.09995565960804621,
        0.07074867834647497,
        0.043627412120501204,
        0.02495088956008355,
        0.01905364654958248,
        0.01701449432099859,
        0.018963002661863963,
        0.017926613024125498,
        0.00859747426584363,
        0.01088261540668706,
        0.0071208970543618,
        0.004289756899621958,
        0.003989228972932324,
        0.0032558854708137613,
        0.0025142731028608978,
        0.0031368862430099396,
        0.0018266289009867857,
        0.001873317789674426,
        0.0018788227122665073,
        0.00242543049583522,
        0.0013567933114245535,
        0.0013287185885322592,
        0.0011960302605681743,
        0.0012455798734057075,
        0.0008980027652190377,
        0.001890632018330507,
        0.0009390121199733888,
        0.0012898630479564114,
        0.0008177026417494441,
        0.0007099460412670548,
        0.0007551645515680624,
        0.0007490962045267225,
        0.0005679934193418983,
        0.0006417366406822111,
        0.000591073342366144,
        0.0004374585405457765,
        0.00094441748879035,
        0.00045007423953696466,
        0.0005833877444577714,
        0.0003816213444224559,
        0.00039716833659137287,
        0.0006069672080532958,
        0.0003251745360709416,
        0.0009914718779327814,
        0.0003856439279237141,
        0.00031268523938100167,
        0.0003001105418661609,
        0.0002188834432066263,
        0.00031279296599677763,
        0.00030348737879345815,
        0.00030277798820558627,
        0.00032672692644458343,
        0.0001706534341792576,
        0.00042629525984618036,
        0.0001437255311126743,
        0.00017962133133551106,
        0.00019082474245806224,
        0.00015747607831144704,
        0.00014896930212368413,
        0.0002318344129889738,
        0.00013086198499271025,
        0.00023212563197982187,
        0.0001478715020615103,
        0.00025553775485605,
        0.00014880096035388608,
        0.0001740901456893577,
        0.00015825788213987834,
        0.0001490650749474298,
        0.000173776601877762,
        0.00018329890614647107,
        0.00010094020823695853,
        9.816184053003477e-05,
        0.00017951536077210524,
        0.00015832001796904174,
        8.785615524781557e-05,
        0.00012438066890657257,
        0.00011198832192652239,
        8.866552264710967e-05,
        0.0001653587503824383,
        9.258357428431433e-05,
        0.00014448595235686904,
        8.568785854852952e-05,
        0.00014630098097162165,
        8.402286888061401e-05,
        9.308455519203562e-05,
        0.0001260625675058691,
        8.634136223311847e-05,
        8.533729414921254e-05,
        7.340884149016347e-05,
        9.371317876987935e-05,
        9.757794505276252e-05,
        6.034447966764371e-05,
        6.849804876765119e-05,
        7.823693673951008e-05,
        0.0002491253615668635,
        0.00016543297072833715
    ],