{
    "test_accuracy": 0.3,
    "test_f1": 0.23076923076923078,
    "train_accuracy_history": [
        0.43333333333333335,
        0.5333333333333333,
        0.7333333333333333,
        0.7666666666666667,
        0.8333333333333334,
        0.9,
        0.8666666666666667,
        0.9,
        1.0,
        1.0,
        0.9666666666666667,
        1.0,
        1.0,
        1.0,
        1.0,
        1.0,
        1.0,
        1.0,
        1.0,
        1.0,
        1.0,
        1.0,
        1.0,
        1.0,
        1.0,
        1.0,
        1.0,
        1.0,
        1.0,
        1.0,
        1.0,
        1.0,
        1.0,
        1.0,
        1.0,
        1.0,
        1.0,
        1.0,
        1.0,
        1.0,
        1.0,
        1.0,
        1.0,
        1.0,
        1.0,
        1.0,
        1.0,
        1.0,
        1.0,
        1.0,
        1.0,
        1.0,
        1.0,
        1.0,
        1.0,
        1.0,
        1.0,
        1.0,
        1.0,
        1.0,
        1.0,
        1.0,
        1.0,
        1.0,
        1.0,
        1.0,
        1.0,
        1.0,
        1.0,
        1.0,
        1.0,
        1.0,
        1.0,
        1.0,
        1.0,
        1.0,
        1.0,
        1.0,
        1.0,
        1.0,
        1.0,
        1.0,
        1.0,
        1.0,
        1.0,
        1.0,
        1.0,
        1.0,
        1.0,
        1.0,
        1.0,
        1.0,
        1.0,
        1.0,
        1.0,
        1.0,
        1.0,
        1.0,
        1.0,
        1.0
    ],
    "val_accuracy_history": [
        0.6,
        0.6,
        0.6,
        0.6,
        0.6,
        0.6,
        0.6,
        0.6,
        0.6,
        0.6,
        0.6,
        0.6,
        0.6,
        0.6,
        0.6,
        0.6,
        0.6,
        0.6,
        0.6,
        0.6,
        0.5,
        0.6,
        0.3,
        0.4,
        0.4,
        0.6,
        0.6,
        0.6,
        0.3,
        0.6,
        0.5,
        0.3,
        0.4,
        0.4,
        0.4,
        0.4,
        0.4,
        0.3,
        0.4,
        0.4,
        0.3,
        0.4,
        0.4,
        0.4,
        0.4,
        0.4,
        0.4,
        0.4,
        0.4,
        0.4,
        0.4,
        0.4,
        0.3,
        0.4,
        0.3,
        0.4,
        0.4,
        0.4,
        0.6,
        0.6,
        0.5,
        0.5,
        0.3,
        0.3,
        0.3,
        0.5,
        0.6,
        0.6,
        0.6,
        0.6,
        0.6,
        0.4,
        0.4,
        0.4,
        0.4,
        0.5,
        0.5,
        0.6,
        0.6,
        0.6,
        0.6,
        0.6,
        0.6,
        0.4,
        0.3,
        0.4,
        0.4,
        0.4,
        0.5,
        0.5,
        0.4,
        0.4,
        0.5,
        0.6,
        0.5,
        0.5,
        0.4,
        0.6,
        0.5,
        0.5
    ],
    "train_loss_history": [
        0.21363774339358013,
        0.1731991559267044,
        0.15457634031772613,
        0.12901418209075927,
        0.1100902020931244,
        0.10953567127386729,
        0.0829917848110199,
        0.07170097231864929,
        0.04592678050200145,
        0.03145034636060397,
        0.05333121158182621,
        0.023661460106571514,
        0.02866453193128109,
        0.018161103626092277,
        0.02116443868726492,
        0.013646489816407363,
        0.011789072056611378,
        0.007306726556271315,
        0.009011965927978356,
        0.0055431808189799385,
        0.0070069066248834135,
        0.007019614521414042,
        0.0032009878506263096,
        0.003985498830055197,
        0.004168035881593824,
        0.0035968421880776683,
        0.002444081955278913,
        0.0028090217849239705,
        0.003902429745843013,
        0.001827233796939254,
        0.0029668686523412666,
        0.0028942467800031108,
        0.002288056064086656,
        0.0017955509790529808,
        0.0013751231085431452,
        0.0012968793899441758,
        0.0014629318922137222,
        0.0013922049353520076,
        0.002094615495298058,
        0.0018778152686233323,
        0.0009499158050554495,
        0.004658675457661351,
        0.0025198329240083694,
        0.0025533861635873715,
        0.001976040719697873,
        0.0007710157621962329,
        0.0009008233483958368,
        0.000866590995186319,
        0.0007557289636073013,
        0.0007123285885124157,
        0.0009466755747174223,
        0.0006449430007099484,
        0.0010079105074206989,
        0.0005855963342279816,
        0.0006391220376826823,
        0.0006411084129164616,
        0.0009174402492741744,
        0.0006891958881169557,
        0.00046973989034692444,
        0.0005165145033970475,
        0.0007342936121858656,
        0.0007056216243654489,
        0.0007174671006699403,
        0.00039482326925887413,
        0.0004906050957894574,
        0.0005667952403503781,
        0.0005138420732691884,
        0.0004183524715093275,
        0.0006376036481621365,
        0.0004172334389295429,
        0.00034984889498446137,
        0.0004653681091440376,
        0.0005888957239221781,
        0.0005602719630890836,
        0.000597491319300995,
        0.00048358598724007607,
        0.00026941240551726274,
        0.00030565920654529086,
        0.00048681093467166646,
        0.0003446556268803154,
        0.0003355303493056757,
        0.0002817204173576708,
        0.000289984536357224,
        0.00019759668454450246,
        0.00047799912717891855,
        0.00020798222055115427,
        0.0003166743001202121,
        0.00020101236780950177,
        0.00018134290197243294,
        0.00022773155991065626,
        0.00019787157313354934,
        0.0003345295786857605,
        0.0002386028247807796,
        0.00018743207425965617,
        0.00041697536944411694,
        0.000330851066003864,
        0.0002508665182176628,
        0.0001987152829921494,
        0.0002522245583046849,
        0.00018609133148856928
    ],