{
    "test_accuracy": 0.8,
    "test_f1": 0.8,
    "train_accuracy_history": [
        0.43333333333333335,
        0.7,
        0.7333333333333333,
        0.8,
        0.9,
        0.9,
        0.9333333333333333,
        0.9333333333333333,
        1.0,
        1.0,
        1.0,
        1.0,
        0.9666666666666667,
        0.9666666666666667,
        1.0,
        0.9666666666666667,
        1.0,
        1.0,
        1.0,
        0.9666666666666667,
        1.0,
        1.0,
        1.0,
        1.0,
        1.0,
        1.0,
        1.0,
        1.0,
        1.0,
        1.0,
        1.0,
        1.0,
        1.0,
        1.0,
        1.0,
        1.0,
        1.0,
        1.0,
        1.0,
        1.0,
        1.0,
        1.0,
        1.0,
        1.0,
        1.0,
        1.0,
        1.0,
        1.0,
        1.0,
        1.0,
        1.0,
        1.0,
        1.0,
        1.0,
        1.0,
        1.0,
        1.0,
        1.0,
        1.0,
        1.0,
        1.0,
        1.0,
        1.0,
        1.0,
        1.0,
        1.0,
        1.0,
        1.0,
        1.0,
        1.0,
        1.0,
        1.0,
        1.0,
        1.0,
        1.0,
        1.0,
        1.0,
        1.0,
        1.0,
        1.0,
        1.0,
        1.0,
        1.0,
        1.0,
        1.0,
        1.0,
        1.0,
        1.0,
        1.0,
        1.0,
        1.0,
        1.0,
        1.0,
        1.0,
        1.0,
        1.0,
        1.0,
        1.0,
        1.0,
        1.0
    ],
    "val_accuracy_history": [
        0.5,
        0.5,
        0.5,
        0.5,
        0.5,
        0.5,
        0.5,
        0.3,
        0.5,
        0.5,
        0.5,
        0.5,
        0.5,
        0.4,
        0.5,
        0.5,
        0.5,
        0.5,
        0.5,
        0.5,
        0.5,
        0.4,
        0.5,
        0.7,
        0.5,
        0.5,
        0.5,
        0.4,
        0.5,
        0.5,
        0.5,
        0.5,
        0.5,
        0.5,
        0.5,
        0.4,
        0.5,
        0.5,
        0.5,
        0.5,
        0.5,
        0.5,
        0.6,
        0.4,
        0.5,
        0.5,
        0.5,
        0.5,
        0.4,
        0.5,
        0.5,
        0.5,
        0.5,
        0.4,
        0.5,
        0.5,
        0.5,
        0.5,
        0.5,
        0.5,
        0.3,
        0.5,
        0.6,
        0.5,
        0.5,
        0.5,
        0.4,
        0.5,
        0.4,
        0.6,
        0.6,
        0.5,
        0.4,
        0.7,
        0.7,
        0.5,
        0.4,
        0.4,
        0.5,
        0.5,
        0.5,
        0.5,
        0.5,
        0.5,
        0.5,
        0.4,
        0.4,
        0.5,
        0.5,
        0.5,
        0.5,
        0.5,
        0.4,
        0.4,
        0.7,
        0.5,
        0.5,
        0.5,
        0.5,
        0.5
    ],
    "train_loss_history": [
        0.2285005509853363,
        0.1555878887573878,
        0.12822237312793733,
        0.12711720565954845,
        0.10252384146054586,
        0.10934613645076752,
        0.09254571447769801,
        0.06928147772947947,
        0.046723285069068275,
        0.043984437733888625,
        0.034220626950263976,
        0.03347866299251715,
        0.036522825807332994,
        0.03127190880477428,
        0.019426396240790685,
        0.030617611234386763,
        0.018849733844399454,
        0.014950930699706077,
        0.011506958678364754,
        0.020995372906327248,
        0.012189549393951893,
        0.0158560440565149,
        0.01287148470679919,
        0.01331033674068749,
        0.009436862294872601,
        0.006934064906090498,
        0.009059083741158247,
        0.00980693989743789,
        0.008805353660136461,
        0.01296611139550805,
        0.008469949414332708,
        0.006029200895378987,
        0.00594672958056132,
        0.005822603078559041,
        0.0051702551854153475,
        0.009681291490172347,
        0.004630712342138092,
        0.007745402492582798,
        0.009232699871063232,
        0.004673027743895848,
        0.003821721626445651,
        0.0032251930562779306,
        0.0026283751397083205,
        0.009059924570222696,
        0.002634808033083876,
        0.005579342250712216,
        0.0032097328260230523,
        0.0037840489530935884,
        0.0036418940561513107,
        0.002875021131088336,
        0.0030044437386095523,
        0.0024667067918926477,
        0.0021246627516423662,
        0.003138977747100095,
        0.0016667938471073285,
        0.0018630222417414188,
        0.003293984103947878,
        0.002102530701085925,
        0.001661202171817422,
        0.001778913006031265,
        0.001312774404262503,
        0.0011007508573432764,
        0.0020759993659642834,
        0.0019984712669004995,
        0.0009752798282230894,
        0.0017481346537048619,
        0.002146779609999309,
        0.0007460415499129643,
        0.001449849751467506,
        0.0009680504794232547,
        0.0013034687707355866,
        0.0012138226224730412,
        0.002016571396961808,
        0.000884440098889172,
        0.0007730290798159937,
        0.0011546528083272278,
        0.0008600442204624414,
        0.001030845381319523,
        0.0005808985345841696,
        0.0008369526981065671,
        0.0013336773146875203,
        0.001037101331166923,
        0.0013498144030260543,
        0.0010131866593534747,
        0.0007547877411222241,
        0.0006238803228673836,
        0.0006473262134628991,
        0.0006145310782206555,
        0.0006930199432342003,
        0.0017815978537934522,
        0.0015642420437264567,
        0.0006875365235221883,
        0.0006042073558395108,
        0.0006293210045744975,
        0.0005283811168434719,
        0.0008009874067890148,
        0.0007147676175615439,
        0.0009398748787740866,
        0.0012828384215633074,
        0.0010516107703248659
    ],