{
    "test_accuracy": 0.55,
    "test_f1": 0.47012987012987006,
    "train_accuracy_history": [
        0.36666666666666664,
        0.5833333333333334,
        0.7833333333333333,
        0.8333333333333334,
        0.8666666666666667,
        0.85,
        0.9166666666666666,
        0.95,
        1.0,
        0.9833333333333333,
        0.9833333333333333,
        0.9833333333333333,
        1.0,
        1.0,
        0.9666666666666667,
        0.9166666666666666,
        0.9333333333333333,
        0.9333333333333333,
        0.9166666666666666,
        0.9166666666666666,
        0.9,
        0.8833333333333333,
        0.9166666666666666,
        0.95,
        0.9666666666666667,
        1.0,
        1.0,
        0.9833333333333333,
        1.0,
        1.0,
        1.0,
        1.0,
        1.0,
        1.0,
        1.0,
        1.0,
        1.0,
        1.0,
        1.0,
        0.9833333333333333,
        1.0,
        1.0,
        1.0,
        1.0,
        1.0,
        1.0,
        1.0,
        1.0,
        1.0,
        1.0,
        1.0,
        1.0,
        1.0,
        1.0,
        1.0,
        1.0,
        1.0,
        1.0,
        1.0,
        1.0,
        1.0,
        1.0,
        1.0,
        1.0,
        1.0,
        1.0,
        1.0,
        1.0,
        1.0,
        1.0,
        1.0,
        1.0,
        1.0,
        1.0,
        1.0,
        1.0,
        1.0,
        1.0,
        1.0,
        1.0,
        1.0,
        1.0,
        1.0,
        1.0,
        1.0,
        1.0,
        1.0,
        1.0,
        1.0,
        1.0,
        1.0,
        1.0,
        1.0,
        1.0,
        1.0,
        1.0,
        1.0,
        1.0,
        1.0,
        1.0
    ],
    "val_accuracy_history": [
        0.25,
        0.35,
        0.3,
        0.3,
        0.4,
        0.45,
        0.35,
        0.5,
        0.25,
        0.5,
        0.35,
        0.45,
        0.4,
        0.6,
        0.45,
        0.25,
        0.3,
        0.3,
        0.4,
        0.35,
        0.35,
        0.3,
        0.45,
        0.4,
        0.4,
        0.6,
        0.55,
        0.6,
        0.25,
        0.6,
        0.55,
        0.65,
        0.55,
        0.6,
        0.6,
        0.6,
        0.6,
        0.6,
        0.6,
        0.6,
        0.65,
        0.8,
        0.75,
        0.75,
        0.75,
        0.6,
        0.65,
        0.7,
        0.75,
        0.6,
        0.65,
        0.5,
        0.6,
        0.6,
        0.6,
        0.65,
        0.7,
        0.7,
        0.7,
        0.7,
        0.7,
        0.7,
        0.7,
        0.7,
        0.7,
        0.7,
        0.7,
        0.7,
        0.7,
        0.65,
        0.7,
        0.65,
        0.65,
        0.65,
        0.65,
        0.65,
        0.7,
        0.65,
        0.65,
        0.65,
        0.6,
        0.65,
        0.65,
        0.65,
        0.65,
        0.65,
        0.65,
        0.6,
        0.6,
        0.65,
        0.6,
        0.65,
        0.65,
        0.7,
        0.65,
        0.65,
        0.65,
        0.6,
        0.65,
        0.65
    ],
    "train_loss_history": [
        0.40753101209799447,
        0.28411609878142674,
        0.1680795058608055,
        0.1126493754175802,
        0.10850961493949095,
        0.11739613950485364,
        0.08913728026673198,
        0.04862597219956418,
        0.014413063538571198,
        0.015475589463312645,
        0.021681217028041527,
        0.009926855602922538,
        0.002156282095529605,
        0.0045977368975097,
        0.016234820270619822,
        0.05217070762021952,
        0.04248710002284497,
        0.060450245211056124,
        0.05588533595146146,
        0.06404273140554627,
        0.11883286349475383,
        0.1001066783287873,
        0.08154403107861678,
        0.08669414651036883,
        0.03084031806405013,
        0.0048881305808511875,
        0.002745146858251246,
        0.008121765059089132,
        0.0020162532783312296,
        0.0023080097230073686,
        0.0023386537829840864,
        0.0007336055414270959,
        0.0019418408612106456,
        0.00020165395053481917,
        0.0007493242955357952,
        6.176216110892104e-05,
        0.00024155507124608752,
        5.044272493250901e-05,
        0.0006972886885402356,
        0.0038969364908704542,
        0.0018288043630188136,
        0.0008074121267175845,
        0.0012664654915776434,
        0.00022792082348435845,
        0.00010671592658582086,
        0.0004563646669263714,
        0.0001905730462340216,
        5.270896494948829e-05,
        0.0006247984826700303,
        4.658009591670028e-05,
        0.0007469251606683732,
        5.604763634134239e-05,
        0.0003996058260715548,
        4.793657268843769e-05,
        3.185156541576362e-05,
        0.0002568138628021188,
        8.950990331300091e-05,
        0.00021580842231969655,
        1.3897222208925086e-05,
        1.9554320321428046e-05,
        3.121004959515024e-05,
        3.481057715172635e-05,
        8.060436496937958e-05,
        1.3296152375611807e-05,
        3.0305212370270358e-05,
        0.0001633200939825959,
        5.501379579679148e-05,
        8.573290718061343e-06,
        1.0074345497438724e-05,
        0.00042103858173353124,
        4.1529458182291514e-05,
        2.904684172146214e-05,
        2.163298636332911e-05,
        5.953267549330121e-05,
        0.00012129083670515683,
        1.5892384287023257e-05,
        8.280447127617663e-06,
        0.00036332063625602967,
        1.2717988526370998e-05,
        1.8024007401133226e-05,
        1.4516754633101907e-05,
        1.4247872501726988e-05,
        4.5212095180128624e-05,
        1.8887378964412467e-05,
        1.1728621253344802e-05,
        1.6225571907095098e-05,
        1.4927913334380112e-05,
        0.0001195512880978337,
        1.3153148082286255e-05,
        1.858030442084176e-05,
        3.467645530008667e-05,
        1.0905877894629157e-05,
        6.346048242752052e-06,
        1.2787358895079611e-05,
        1.0811795020041852e-05,
        2.391800189798232e-05,
        1.441547335806111e-05,
        7.92565232738222e-06,
        9.778874670018922e-06,
        1.0957498473847711e-05
    ],