{
    "test_accuracy": 0.4,
    "test_f1": 0.2857142857142857,
    "train_accuracy_history": [
        0.5666666666666667,
        0.6,
        0.6333333333333333,
        0.8666666666666667,
        0.8,
        0.8,
        0.8333333333333334,
        0.8333333333333334,
        0.9,
        0.9666666666666667,
        1.0,
        0.8333333333333334,
        0.9333333333333333,
        0.9333333333333333,
        0.9666666666666667,
        0.9666666666666667,
        0.9666666666666667,
        0.9666666666666667,
        1.0,
        1.0,
        0.9666666666666667,
        1.0,
        0.9666666666666667,
        1.0,
        1.0,
        0.9666666666666667,
        1.0,
        1.0,
        0.9666666666666667,
        1.0,
        1.0,
        1.0,
        1.0,
        1.0,
        1.0,
        1.0,
        1.0,
        1.0,
        1.0,
        1.0,
        1.0,
        1.0,
        1.0,
        1.0,
        1.0,
        1.0,
        1.0,
        1.0,
        1.0,
        1.0,
        1.0,
        1.0,
        1.0,
        1.0,
        1.0,
        1.0,
        1.0,
        1.0,
        1.0,
        1.0,
        1.0,
        1.0,
        1.0,
        1.0,
        1.0,
        1.0,
        1.0,
        1.0,
        1.0,
        1.0,
        1.0,
        1.0,
        1.0,
        1.0,
        1.0,
        1.0,
        1.0,
        1.0,
        1.0,
        1.0,
        1.0,
        1.0,
        1.0,
        1.0,
        1.0,
        1.0,
        1.0,
        1.0,
        1.0,
        1.0,
        1.0,
        1.0,
        1.0,
        1.0,
        1.0,
        1.0,
        1.0,
        1.0,
        1.0,
        1.0
    ],
    "val_accuracy_history": [
        0.4,
        0.4,
        0.4,
        0.4,
        0.4,
        0.4,
        0.4,
        0.4,
        0.4,
        0.4,
        0.4,
        0.4,
        0.4,
        0.4,
        0.4,
        0.4,
        0.4,
        0.4,
        0.4,
        0.4,
        0.4,
        0.4,
        0.4,
        0.4,
        0.5,
        0.3,
        0.3,
        0.6,
        0.5,
        0.3,
        0.4,
        0.5,
        0.6,
        0.6,
        0.6,
        0.4,
        0.4,
        0.4,
        0.4,
        0.4,
        0.4,
        0.4,
        0.4,
        0.4,
        0.4,
        0.4,
        0.4,
        0.4,
        0.3,
        0.2,
        0.4,
        0.4,
        0.6,
        0.5,
        0.4,
        0.5,
        0.6,
        0.6,
        0.6,
        0.4,
        0.4,
        0.4,
        0.4,
        0.6,
        0.6,
        0.6,
        0.6,
        0.6,
        0.6,
        0.6,
        0.5,
        0.5,
        0.5,
        0.3,
        0.5,
        0.4,
        0.5,
        0.3,
        0.4,
        0.3,
        0.5,
        0.6,
        0.5,
        0.5,
        0.5,
        0.5,
        0.5,
        0.5,
        0.5,
        0.5,
        0.5,
        0.3,
        0.3,
        0.4,
        0.4,
        0.5,
        0.5,
        0.5,
        0.5,
        0.6
    ],
    "train_loss_history": [
        0.20619982083638508,
        0.17615993022918702,
        0.16260491609573363,
        0.14055676261583963,
        0.11494210660457611,
        0.1190634826819102,
        0.1035550648967425,
        0.0992248239616553,
        0.09332408209641775,
        0.06208207309246063,
        0.04949971958994866,
        0.06767814084887505,
        0.0579730311408639,
        0.04752356434861819,
        0.04313915148377419,
        0.034692946697274844,
        0.040212614089250566,
        0.03936483028034369,
        0.018663869922359785,
        0.032292912155389784,
        0.027189447234074276,
        0.027371367377539476,
        0.029682617727667095,
        0.01756268348544836,
        0.029724887882669766,
        0.05068583805114031,
        0.02009609863162041,
        0.01666608601808548,
        0.023531863652169704,
        0.014686643114934365,
        0.02009378814448913,
        0.013088939618319273,
        0.013743931334465742,
        0.0243617184770604,
        0.010335238712529341,
        0.008055195949661234,
        0.006722994449470813,
        0.008529092883691192,
        0.010838876385241747,
        0.00399931037488083,
        0.00722329660008351,
        0.005182886139179269,
        0.004591458523645997,
        0.005241134056511025,
        0.006425963745762904,
        0.003104767513771852,
        0.005762187639872233,
        0.00357222983147949,
        0.004995284788310528,
        0.004028361973663171,
        0.004784493986517191,
        0.0061252318245048325,
        0.0021847711720814306,
        0.006264697263638179,
        0.003353021720734735,
        0.00429788144150128,
        0.002284572971984744,
        0.0018538896886942287,
        0.0017232505527014534,
        0.0056011875295856346,
        0.0028594247919196884,
        0.0032532630876327554,
        0.003709072262669603,
        0.0030499868482972187,
        0.0026792116618404786,
        0.0015902081310438614,
        0.0020203253719955684,
        0.0013271674785452585,
        0.0019819596704716484,
        0.0012057246329883733,
        0.001807715206814464,
        0.0011119441400902967,
        0.0008130279835313559,
        0.0014158617045419912,
        0.0008887624756122629,
        0.0011474724005286893,
        0.001410648013309886,
        0.0012406139188290883,
        0.0009125312033575028,
        0.0008978670656991501,
        0.0015008781881382068,
        0.000783306390561241,
        0.001887948209575067,
        0.0010994863463565708,
        0.0006326795672066509,
        0.0011863014427945019,
        0.0009585538161142418,
        0.0015980264288373291,
        0.0022319694127266605,
        0.0007694575877394527,
        0.000956672973309954,
        0.0009127201434845725,
        0.0005722544388845563,
        0.0006863046359891693,
        0.0006578686249364788,
        0.0006933642202056944,
        0.0008622436396156748,
        0.0003843885138242816,
        0.00038731042586732657,
        0.0005614681887285163
    ],