{
    "test_accuracy": 0.25,
    "test_f1": 0.16904761904761906,
    "train_accuracy_history": [
        0.38333333333333336,
        0.6,
        0.6333333333333333,
        0.7166666666666667,
        0.8,
        0.8666666666666667,
        0.85,
        0.9,
        0.95,
        0.95,
        0.9666666666666667,
        0.9333333333333333,
        0.9833333333333333,
        0.95,
        0.9666666666666667,
        0.9833333333333333,
        1.0,
        1.0,
        1.0,
        1.0,
        0.9833333333333333,
        1.0,
        1.0,
        1.0,
        1.0,
        1.0,
        1.0,
        1.0,
        1.0,
        1.0,
        1.0,
        1.0,
        1.0,
        1.0,
        1.0,
        1.0,
        1.0,
        1.0,
        1.0,
        1.0,
        1.0,
        1.0,
        1.0,
        1.0,
        1.0,
        1.0,
        1.0,
        1.0,
        1.0,
        1.0,
        1.0,
        1.0,
        1.0,
        1.0,
        1.0,
        1.0,
        1.0,
        1.0,
        1.0,
        1.0,
        1.0,
        1.0,
        1.0,
        1.0,
        1.0,
        1.0,
        1.0,
        1.0,
        1.0,
        1.0,
        1.0,
        1.0,
        1.0,
        1.0,
        1.0,
        1.0,
        1.0,
        1.0,
        1.0,
        1.0,
        1.0,
        1.0,
        1.0,
        1.0,
        1.0,
        1.0,
        1.0,
        1.0,
        1.0,
        1.0,
        1.0,
        1.0,
        1.0,
        1.0,
        1.0,
        1.0,
        1.0,
        1.0,
        1.0,
        1.0
    ],
    "val_accuracy_history": [
        0.2,
        0.2,
        0.3,
        0.2,
        0.15,
        0.6,
        0.25,
        0.35,
        0.2,
        0.6,
        0.3,
        0.4,
        0.4,
        0.35,
        0.2,
        0.2,
        0.2,
        0.35,
        0.2,
        0.2,
        0.2,
        0.2,
        0.2,
        0.2,
        0.2,
        0.4,
        0.45,
        0.45,
        0.45,
        0.4,
        0.35,
        0.45,
        0.45,
        0.45,
        0.5,
        0.5,
        0.4,
        0.45,
        0.45,
        0.35,
        0.3,
        0.25,
        0.35,
        0.45,
        0.5,
        0.55,
        0.35,
        0.5,
        0.55,
        0.4,
        0.45,
        0.5,
        0.45,
        0.45,
        0.55,
        0.4,
        0.4,
        0.5,
        0.5,
        0.5,
        0.4,
        0.45,
        0.5,
        0.5,
        0.55,
        0.55,
        0.5,
        0.55,
        0.5,
        0.65,
        0.45,
        0.45,
        0.55,
        0.5,
        0.4,
        0.4,
        0.5,
        0.55,
        0.55,
        0.55,
        0.5,
        0.45,
        0.5,
        0.4,
        0.5,
        0.45,
        0.35,
        0.4,
        0.6,
        0.55,
        0.5,
        0.45,
        0.5,
        0.45,
        0.5,
        0.5,
        0.5,
        0.5,
        0.5,
        0.45
    ],
    "train_loss_history": [
        0.3472838560740153,
        0.2537664035956065,
        0.20125514219204585,
        0.17991990149021148,
        0.13536556214094161,
        0.11604403518140316,
        0.1115404153863589,
        0.10594151417414348,
        0.09273313035567601,
        0.08225602892537912,
        0.0693516937394937,
        0.06532521558304628,
        0.05400695415834586,
        0.051378665926555794,
        0.046693528754015765,
        0.037299749255180356,
        0.02467622868716717,
        0.024832443768779435,
        0.0208332646638155,
        0.013878811538840333,
        0.0248791236585627,
        0.01610742461246749,
        0.014711720899989207,
        0.0141407142393291,
        0.009715042527144153,
        0.008475616745029887,
        0.00698616278047363,
        0.0097637837442259,
        0.00643239748897031,
        0.0074537758948281406,
        0.006953232917779436,
        0.005134659920198222,
        0.004484959464753047,
        0.0034473282440255085,
        0.004735925359030565,
        0.005442118419644733,
        0.006743655563332141,
        0.002890622041498621,
        0.00259503439689676,
        0.003971550924082597,
        0.0029930473596323282,
        0.006240620409759382,
        0.0028861623761865,
        0.0039552554953843355,
        0.002532829879783094,
        0.001954348150563116,
        0.0026272658491507173,
        0.0016106771324605992,
        0.0020590676770855985,
        0.0017078629268022876,
        0.0029152336879633366,
        0.0015454661110804106,
        0.002187671820865944,
        0.0018266183401768406,
        0.0019295101597284277,
        0.0014637809120661889,
        0.001399895407181854,
        0.0011467544691792378,
        0.001346666053480779,
        0.0012966652342583985,
        0.0013167483033612371,
        0.002289180632214993,
        0.0013355772903499504,
        0.0011775849018401156,
        0.0010294528037775308,
        0.0010017344146035611,
        0.0008589637068022664,
        0.0014986788504756988,
        0.000883414006481568,
        0.0013013856815329442,
        0.0009780680566715697,
        0.0007774355326546356,
        0.001118037142441608,
        0.0007721526514311942,
        0.0008392683991890711,
        0.0008791489866174137,
        0.0010588189751918739,
        0.0006222652572129543,
        0.0005624394029534112,
        0.0006638339504813,
        0.0006763232983454751,
        0.000571565207792446,
        0.0004526329024277705,
        0.0004251686924059565,
        0.00048721399458978945,
        0.0004435695314896293,
        0.0005256053409539163,
        0.00048287269892171024,
        0.000766500893708629,
        0.00044708271840742476,
        0.00040908897305295494,
        0.0005767699981030698,
        0.0004349960741819814,
        0.0003879470876806105,
        0.0005593644852827614,
        0.0006680473736196291,
        0.0004888165785814635,
        0.0004005724894038091,
        0.0007502319732642112,
        0.0003877577949121284
    ],