{
    "test_accuracy": 0.7,
    "test_f1": 0.7088293650793651,
    "train_accuracy_history": [
        0.26666666666666666,
        0.3333333333333333,
        0.36666666666666664,
        0.31666666666666665,
        0.5666666666666667,
        0.5666666666666667,
        0.5,
        0.6,
        0.5666666666666667,
        0.7,
        0.6833333333333333,
        0.7166666666666667,
        0.8333333333333334,
        0.7,
        0.9,
        0.75,
        0.7666666666666667,
        0.6833333333333333,
        0.8,
        0.7666666666666667,
        0.7,
        0.7833333333333333,
        0.8833333333333333,
        0.8666666666666667,
        0.9166666666666666,
        0.9166666666666666,
        0.8833333333333333,
        0.95,
        0.9666666666666667,
        0.9666666666666667,
        0.9666666666666667,
        0.9166666666666666,
        0.95,
        1.0,
        1.0,
        1.0,
        1.0,
        1.0,
        1.0,
        1.0,
        1.0,
        1.0,
        1.0,
        1.0,
        1.0,
        1.0,
        1.0,
        1.0,
        1.0,
        1.0,
        1.0,
        1.0,
        1.0,
        1.0,
        1.0,
        1.0,
        1.0,
        1.0,
        1.0,
        1.0,
        1.0,
        1.0,
        1.0,
        1.0,
        1.0,
        1.0,
        1.0,
        1.0,
        1.0,
        1.0,
        1.0,
        1.0,
        1.0,
        1.0,
        1.0,
        1.0,
        1.0,
        1.0,
        1.0,
        1.0,
        1.0,
        1.0,
        1.0,
        1.0,
        1.0,
        1.0,
        1.0,
        1.0,
        1.0,
        1.0,
        1.0,
        1.0,
        1.0,
        1.0,
        1.0,
        1.0,
        1.0,
        1.0,
        1.0,
        1.0
    ],
    "val_accuracy_history": [
        0.25,
        0.3,
        0.25,
        0.25,
        0.3,
        0.3,
        0.45,
        0.4,
        0.25,
        0.45,
        0.45,
        0.45,
        0.45,
        0.55,
        0.5,
        0.65,
        0.45,
        0.45,
        0.5,
        0.5,
        0.6,
        0.5,
        0.6,
        0.65,
        0.55,
        0.55,
        0.65,
        0.65,
        0.6,
        0.5,
        0.65,
        0.65,
        0.65,
        0.65,
        0.55,
        0.7,
        0.75,
        0.65,
        0.65,
        0.75,
        0.7,
        0.7,
        0.7,
        0.65,
        0.65,
        0.75,
        0.7,
        0.75,
        0.8,
        0.8,
        0.75,
        0.8,
        0.75,
        0.8,
        0.75,
        0.8,
        0.8,
        0.8,
        0.8,
        0.8,
        0.8,
        0.8,
        0.8,
        0.8,
        0.8,
        0.8,
        0.8,
        0.8,
        0.8,
        0.8,
        0.8,
        0.8,
        0.8,
        0.8,
        0.8,
        0.8,
        0.8,
        0.8,
        0.8,
        0.8,
        0.8,
        0.8,
        0.8,
        0.8,
        0.8,
        0.8,
        0.8,
        0.8,
        0.8,
        0.8,
        0.8,
        0.8,
        0.8,
        0.8,
        0.8,
        0.8,
        0.8,
        0.8,
        0.8,
        0.8
    ],
    "train_loss_history": [
        23.265323797861736,
        5.777704501152039,
        1.9868568619092306,
        1.4852156698703767,
        0.4758877995113532,
        0.4427680214246114,
        0.3869448890288671,
        0.3117119148373604,
        0.34702994922796887,
        0.2663331768475473,
        0.19427127117911974,
        0.14835242616633573,
        0.13062795673807462,
        0.17751033554474513,
        0.09982653260231018,
        0.13489052206277846,
        0.13656448473532995,
        0.17493599633065363,
        0.12449522440632184,
        0.1506225016588966,
        0.20648521929979324,
        0.14849941655993462,
        0.06880434785659115,
        0.06896940202762683,
        0.0521998255533011,
        0.05940225478261709,
        0.05962208514877906,
        0.056171584874391556,
        0.03535418184474111,
        0.038619675363103546,
        0.03257569670677185,
        0.0539042233179013,
        0.04147611150207619,
        0.01820953254161092,
        0.01615538151624302,
        0.013869638888475795,
        0.01196009200066328,
        0.011117204022593797,
        0.011542500446860988,
        0.010148373797225456,
        0.008166765044249284,
        0.008389382421349486,
        0.008508564772394795,
        0.009174394033228358,
        0.008261313444624345,
        0.007243167779718836,
        0.005817142000887543,
        0.005475688586011529,
        0.004777900808646033,
        0.004642968283345302,
        0.004379832069389522,
        0.004245383800783505,
        0.0037889997707679867,
        0.004093246846847857,
        0.0035773737860533097,
        0.003331109002465382,
        0.0032113463967107236,
        0.0030614964136475463,
        0.002885098340145002,
        0.0026890264824032785,
        0.0028190630528115435,
        0.0025836828960260996,
        0.00245772124423335,
        0.0024555576926407713,
        0.0023462011658314927,
        0.0022351085324771704,
        0.0021298507577739655,
        0.001960226038257436,
        0.0018612974944214025,
        0.0017962955059677673,
        0.0017082695878343657,
        0.0017037424996184805,
        0.0015739345932767417,
        0.0015929654919697592,
        0.001624805649529056,
        0.001570326132544627,
        0.0014995461717868845,
        0.001405224278278183,
        0.0015001350819754103,
        0.0012760821846313775,
        0.0012637263639286782,
        0.0011602691394121698,
        0.0010975096990781215,
        0.0011260923725785687,
        0.0010393949380765358,
        0.0010505811621745428,
        0.0009818602231310555,
        0.0009860451944405213,
        0.0010136772398254834,
        0.0008801318438296827,
        0.0008909373442293145,
        0.0008991753148923938,
        0.0008469960494646027,
        0.0008043100402574055,
        0.0008103956245273972,
        0.00073987718205899,
        0.0007598122087074443,
        0.0007298551422233383,
        0.0007514924419107653,
        0.0006922743942899009
    ],