{
    "test_accuracy": 0.25,
    "test_f1": 0.11979166666666666,
    "train_accuracy_history": [
        0.225,
        0.24583333333333332,
        0.21666666666666667,
        0.3,
        0.25833333333333336,
        0.2708333333333333,
        0.325,
        0.30416666666666664,
        0.2833333333333333,
        0.24166666666666667,
        0.22916666666666666,
        0.19583333333333333,
        0.22083333333333333,
        0.25,
        0.25,
        0.225,
        0.25,
        0.225,
        0.24583333333333332,
        0.25,
        0.25,
        0.25,
        0.225,
        0.22916666666666666,
        0.25,
        0.22083333333333333,
        0.21666666666666667,
        0.23333333333333334,
        0.2375,
        0.20833333333333334,
        0.225,
        0.225,
        0.2375,
        0.20833333333333334,
        0.24166666666666667,
        0.22916666666666666,
        0.2,
        0.19166666666666668,
        0.22083333333333333,
        0.2,
        0.17916666666666667,
        0.24166666666666667,
        0.22916666666666666,
        0.175,
        0.19166666666666668,
        0.2,
        0.225,
        0.20833333333333334,
        0.18333333333333332,
        0.21666666666666667,
        0.17083333333333334,
        0.1875,
        0.22916666666666666,
        0.22083333333333333,
        0.25,
        0.24166666666666667,
        0.24166666666666667,
        0.21666666666666667,
        0.20833333333333334,
        0.22916666666666666,
        0.2375,
        0.21666666666666667,
        0.2,
        0.2125,
        0.23333333333333334,
        0.25,
        0.22916666666666666,
        0.24166666666666667,
        0.2,
        0.25,
        0.19583333333333333,
        0.19583333333333333,
        0.2375,
        0.23333333333333334,
        0.2125,
        0.25,
        0.2125,
        0.21666666666666667,
        0.225,
        0.18333333333333332,
        0.25,
        0.24166666666666667,
        0.2,
        0.20416666666666666,
        0.19166666666666668,
        0.24166666666666667,
        0.25,
        0.2125,
        0.22916666666666666,
        0.19166666666666668,
        0.19166666666666668,
        0.225,
        0.225,
        0.2125,
        0.21666666666666667,
        0.22916666666666666,
        0.21666666666666667,
        0.17916666666666667,
        0.2,
        0.2
    ],
    "val_accuracy_history": [
        0.2625,
        0.25,
        0.2375,
        0.2,
        0.2375,
        0.25,
        0.25,
        0.2625,
        0.25,
        0.25,
        0.2375,
        0.25,
        0.25,
        0.25,
        0.25,
        0.25,
        0.25,
        0.25,
        0.25,
        0.25,
        0.25,
        0.25,
        0.25,
        0.25,
        0.25,
        0.25,
        0.25,
        0.25,
        0.25,
        0.25,
        0.25,
        0.25,
        0.25,
        0.25,
        0.25,
        0.25,
        0.25,
        0.25,
        0.25,
        0.25,
        0.25,
        0.25,
        0.25,
        0.25,
        0.25,
        0.25,
        0.25,
        0.25,
        0.25,
        0.25,
        0.25,
        0.25,
        0.25,
        0.25,
        0.25,
        0.25,
        0.25,
        0.25,
        0.25,
        0.25,
        0.25,
        0.25,
        0.25,
        0.25,
        0.25,
        0.25,
        0.25,
        0.25,
        0.25,
        0.25,
        0.25,
        0.25,
        0.25,
        0.25,
        0.25,
        0.25,
        0.25,
        0.25,
        0.25,
        0.25,
        0.25,
        0.25,
        0.25,
        0.25,
        0.25,
        0.25,
        0.25,
        0.25,
        0.25,
        0.25,
        0.25,
        0.25,
        0.25,
        0.25,
        0.25,
        0.25,
        0.25,
        0.25,
        0.25,
        0.25
    ],
    "train_loss_history": [
        10.078423427045346,
        0.40288088967402774,
        0.4288697225352128,
        0.37195108185211817,
        0.3503715346256892,
        0.36304188619057337,
        0.3618198558688164,
        0.3531949271758397,
        0.3494237055381139,
        0.35238194912672044,
        0.34846223692099254,
        0.3485196774204572,
        0.3469717393318812,
        0.3468676179647446,
        0.3468580370148023,
        0.34684259444475174,
        0.3468226373195648,
        0.3467241168022156,
        0.3467305352290471,
        0.346732131143411,
        0.3467114344239235,
        0.34675327042738596,
        0.34671128789583844,
        0.34672438303629555,
        0.3466467042764028,
        0.3467539911468824,
        0.3467007453242938,
        0.34673169056574504,
        0.34669437557458876,
        0.3466576685508092,
        0.3466596355040868,
        0.34667653491099676,
        0.34671017875274024,
        0.34672561585903167,
        0.3466774235169093,
        0.3466638947526614,
        0.3466488510370255,
        0.3467065264781316,
        0.34669806212186816,
        0.34670718560616176,
        0.3467224856217702,
        0.3466619188586871,
        0.3467128192385038,
        0.34679518391688663,
        0.3466896747549375,
        0.3466547022263209,
        0.34665396610895793,
        0.34665612131357193,
        0.3467250421643257,
        0.3467005560795466,
        0.3466636816660563,
        0.34665559182564415,
        0.3468175659577052,
        0.34665907472372054,
        0.3466416493058205,
        0.34668362389008206,
        0.3466667274634043,
        0.346713059147199,
        0.346716711918513,
        0.3467404440045357,
        0.34666923731565474,
        0.3466535384456317,
        0.3467153092225393,
        0.3467057983080546,
        0.34666224420070646,
        0.346690234541893,
        0.3466638778646787,
        0.34666612595319746,
        0.346677037080129,
        0.3467651675144831,
        0.3466706891854604,
        0.3467176819841067,
        0.3466537058353424,
        0.34665007293224337,
        0.3467493747671445,
        0.34669550955295564,
        0.34672116736570996,
        0.34668199171622593,
        0.3467282712459564,
        0.34670160661141075,
        0.3466817821065585,
        0.346706223487854,
        0.34671414544185003,
        0.34669437557458876,
        0.3466812347372373,
        0.3467227965593338,
        0.34668926149606705,
        0.3467557534575462,
        0.34664846857388815,
        0.346751444041729,
        0.34669050921996436,
        0.34668498337268827,
        0.3466522415479024,
        0.34666944344838463,
        0.3466664011279742,
        0.34667111188173294,
        0.34666134317715963,
        0.3467076614499092,
        0.3466941773891449,
        0.34668647398551306
    ],