{
    "test_accuracy": 0.25,
    "test_f1": 0.1,
    "train_accuracy_history": [
        0.36666666666666664,
        0.25,
        0.25,
        0.25,
        0.25,
        0.25,
        0.25,
        0.25,
        0.25,
        0.25,
        0.25,
        0.2,
        0.15,
        0.11666666666666667,
        0.2,
        0.25,
        0.23333333333333334,
        0.25,
        0.18333333333333332,
        0.2,
        0.15,
        0.18333333333333332,
        0.2,
        0.21666666666666667,
        0.25,
        0.13333333333333333,
        0.25,
        0.2,
        0.25,
        0.2,
        0.21666666666666667,
        0.16666666666666666,
        0.2,
        0.13333333333333333,
        0.16666666666666666,
        0.15,
        0.2,
        0.2,
        0.21666666666666667,
        0.15,
        0.25,
        0.18333333333333332,
        0.2,
        0.11666666666666667,
        0.18333333333333332,
        0.15,
        0.25,
        0.2,
        0.18333333333333332,
        0.18333333333333332,
        0.18333333333333332,
        0.25,
        0.2,
        0.16666666666666666,
        0.25,
        0.25,
        0.2,
        0.2,
        0.11666666666666667,
        0.18333333333333332,
        0.23333333333333334,
        0.13333333333333333,
        0.25,
        0.21666666666666667,
        0.25,
        0.25,
        0.18333333333333332,
        0.21666666666666667,
        0.21666666666666667,
        0.25,
        0.15,
        0.21666666666666667,
        0.25,
        0.16666666666666666,
        0.25,
        0.15,
        0.16666666666666666,
        0.16666666666666666,
        0.18333333333333332,
        0.18333333333333332,
        0.25,
        0.21666666666666667,
        0.11666666666666667,
        0.23333333333333334,
        0.18333333333333332,
        0.21666666666666667,
        0.21666666666666667,
        0.18333333333333332,
        0.2,
        0.25,
        0.25,
        0.15,
        0.2,
        0.15,
        0.25,
        0.2,
        0.2,
        0.15,
        0.16666666666666666,
        0.25
    ],
    "val_accuracy_history": [
        0.25,
        0.25,
        0.25,
        0.25,
        0.25,
        0.25,
        0.25,
        0.25,
        0.25,
        0.25,
        0.25,
        0.25,
        0.25,
        0.25,
        0.25,
        0.25,
        0.25,
        0.25,
        0.25,
        0.25,
        0.25,
        0.25,
        0.25,
        0.25,
        0.25,
        0.25,
        0.25,
        0.25,
        0.25,
        0.25,
        0.25,
        0.25,
        0.25,
        0.25,
        0.25,
        0.25,
        0.25,
        0.25,
        0.25,
        0.25,
        0.25,
        0.25,
        0.25,
        0.25,
        0.25,
        0.25,
        0.25,
        0.25,
        0.25,
        0.25,
        0.25,
        0.25,
        0.25,
        0.25,
        0.25,
        0.25,
        0.25,
        0.25,
        0.25,
        0.25,
        0.25,
        0.25,
        0.25,
        0.25,
        0.25,
        0.25,
        0.25,
        0.25,
        0.25,
        0.25,
        0.25,
        0.25,
        0.25,
        0.25,
        0.25,
        0.25,
        0.25,
        0.25,
        0.25,
        0.25,
        0.25,
        0.25,
        0.25,
        0.25,
        0.25,
        0.25,
        0.25,
        0.25,
        0.25,
        0.25,
        0.25,
        0.25,
        0.25,
        0.25,
        0.25,
        0.25,
        0.25,
        0.25,
        0.25,
        0.25
    ],
    "train_loss_history": [
        21.290234273672105,
        0.35717472632726033,
        0.3557449241479238,
        0.35382848183314003,
        0.35191151897112527,
        0.35050144195556643,
        0.3496718386809031,
        0.3487598200639089,
        0.3478971739610036,
        0.34784538149833677,
        0.34762270251909894,
        0.347776867945989,
        0.3474819839000702,
        0.34765512744585675,
        0.3475713968276978,
        0.3473612626393636,
        0.3473984181880951,
        0.34692702889442445,
        0.3478453099727631,
        0.349475222826004,
        0.34758009711901344,
        0.34768189787864684,
        0.350901464621226,
        0.3469287713368734,
        0.3477150241533915,
        0.34803257981936137,
        0.34754651387532554,
        0.3477067708969116,
        0.34914240837097166,
        0.34754332304000857,
        0.3483276188373566,
        0.3487281560897827,
        0.34749605059623717,
        0.3472282568613688,
        0.34859750072161355,
        0.35037991801897683,
        0.3489965319633484,
        0.3496851662794749,
        0.3475488940874735,
        0.3486805339654287,
        0.34858882427215576,
        0.3477245052655538,
        0.3481191635131836,
        0.3479422132174174,
        0.34863913655281065,
        0.34777820905049645,
        0.34727765719095866,
        0.3483090341091156,
        0.34775590896606445,
        0.34746838609377545,
        0.34853254357973734,
        0.34735881090164183,
        0.34815837343533834,
        0.34959264000256857,
        0.34732415874799094,
        0.34794662992159525,
        0.34806148409843446,
        0.3481858511765798,
        0.3492814481258392,
        0.34794020652770996,
        0.34790118932724,
        0.35103946924209595,
        0.34653964042663576,
        0.3481607536474864,
        0.3479590117931366,
        0.347435603539149,
        0.34890205462773644,
        0.34923291007677715,
        0.34720796942710874,
        0.34712543288866676,
        0.3488478163878123,
        0.3475017269452413,
        0.3485407034556071,
        0.3477957646052043,
        0.34725101391474406,
        0.34746485352516177,
        0.3486099123954773,
        0.3489651401837667,
        0.34834660291671754,
        0.35095189809799193,
        0.347812815507253,
        0.3479843298594157,
        0.3480113426844279,
        0.34727115829785665,
        0.3479854067166646,
        0.3484449923038483,
        0.3489816665649414,
        0.34894784887631736,
        0.3475731392701467,
        0.34834627707799276,
        0.34729759295781454,
        0.3478368043899536,
        0.34912604888280235,
        0.34773168762524925,
        0.3475344439347585,
        0.347771151860555,
        0.34830499490102135,
        0.3480816920598348,
        0.34872822364171346,
        0.3481911480426788
    ],