{
    "test_accuracy": 0.5875,
    "test_f1": 0.6051027516544758,
    "train_accuracy_history": [
        0.3125,
        0.4666666666666667,
        0.5458333333333333,
        0.5875,
        0.6416666666666667,
        0.6791666666666667,
        0.7458333333333333,
        0.7333333333333333,
        0.8208333333333333,
        0.7791666666666667,
        0.8458333333333333,
        0.8291666666666667,
        0.8583333333333333,
        0.8458333333333333,
        0.8583333333333333,
        0.8625,
        0.8833333333333333,
        0.8708333333333333,
        0.9041666666666667,
        0.8791666666666667,
        0.8666666666666667,
        0.9,
        0.8875,
        0.9208333333333333,
        0.9083333333333333,
        0.85,
        0.8958333333333334,
        0.8833333333333333,
        0.875,
        0.9125,
        0.9416666666666667,
        0.9583333333333334,
        0.8916666666666667,
        0.9083333333333333,
        0.8916666666666667,
        0.9041666666666667,
        0.925,
        0.925,
        0.9208333333333333,
        0.925,
        0.9208333333333333,
        0.9291666666666667,
        0.9041666666666667,
        0.85,
        0.9208333333333333,
        0.9166666666666666,
        0.9166666666666666,
        0.9541666666666667,
        0.9166666666666666,
        0.9208333333333333,
        0.9125,
        0.9416666666666667,
        0.975,
        0.9416666666666667,
        0.9541666666666667,
        0.9416666666666667,
        0.9458333333333333,
        0.9458333333333333,
        0.8958333333333334,
        0.9416666666666667,
        0.9416666666666667,
        0.875,
        0.9291666666666667,
        0.925,
        0.9541666666666667,
        0.9541666666666667,
        0.9583333333333334,
        0.95,
        0.9666666666666667,
        0.9708333333333333,
        0.9583333333333334,
        0.9416666666666667,
        0.95,
        0.925,
        0.9541666666666667,
        0.9375,
        0.9458333333333333,
        0.9708333333333333,
        0.9583333333333334,
        0.9625,
        0.95,
        0.8958333333333334,
        0.9083333333333333,
        0.9458333333333333,
        0.9541666666666667,
        0.9416666666666667,
        0.975,
        0.975,
        0.9791666666666666,
        0.9458333333333333,
        0.9333333333333333,
        0.9708333333333333,
        0.9333333333333333,
        0.9541666666666667,
        0.95,
        0.9666666666666667,
        0.9708333333333333,
        0.9541666666666667,
        0.95,
        0.95
    ],
    "val_accuracy_history": [
        0.25,
        0.3125,
        0.425,
        0.2875,
        0.275,
        0.375,
        0.3,
        0.425,
        0.425,
        0.425,
        0.425,
        0.5125,
        0.45,
        0.425,
        0.5125,
        0.5375,
        0.45,
        0.45,
        0.5125,
        0.5,
        0.525,
        0.525,
        0.6375,
        0.575,
        0.4875,
        0.475,
        0.5,
        0.4875,
        0.425,
        0.575,
        0.6125,
        0.5125,
        0.5625,
        0.65,
        0.575,
        0.4,
        0.65,
        0.625,
        0.4375,
        0.5125,
        0.45,
        0.6625,
        0.5375,
        0.5375,
        0.675,
        0.6375,
        0.6875,
        0.6375,
        0.675,
        0.5875,
        0.6625,
        0.5625,
        0.275,
        0.7,
        0.6375,
        0.6625,
        0.65,
        0.425,
        0.375,
        0.475,
        0.55,
        0.4625,
        0.6375,
        0.6,
        0.6875,
        0.5875,
        0.5625,
        0.6375,
        0.6375,
        0.6125,
        0.625,
        0.675,
        0.6,
        0.6875,
        0.5875,
        0.5875,
        0.675,
        0.6,
        0.65,
        0.625,
        0.65,
        0.5,
        0.5625,
        0.6625,
        0.45,
        0.6875,
        0.7125,
        0.675,
        0.6375,
        0.5875,
        0.525,
        0.575,
        0.65,
        0.65,
        0.6625,
        0.6625,
        0.65,
        0.5875,
        0.625,
        0.6
    ],
    "train_loss_history": [
        0.34452971865733467,
        0.2944587171077728,
        0.24717340792218845,
        0.24284288908044496,
        0.21716025949766238,
        0.1940028551655511,
        0.168020126534005,
        0.16711741586526235,
        0.13501659308870634,
        0.1571392021762828,
        0.12617746910157923,
        0.11574008344905451,
        0.11637115140135089,
        0.13216775559509794,
        0.11190691330702976,
        0.09601053795037538,
        0.10383132817223668,
        0.09960442383987053,
        0.08757573087932542,
        0.1026204642636003,
        0.0986352405025779,
        0.09481201825158982,
        0.08932434230616006,
        0.07217066913920765,
        0.07122377233251125,
        0.12382526905275881,
        0.07960420125358117,
        0.07849978841065118,
        0.0916670893348055,
        0.07519806125031513,
        0.05153586703624266,
        0.04721458837962776,
        0.08435399368099752,
        0.08092487370668096,
        0.07931362271580535,
        0.07103098522638902,
        0.05608803028778008,
        0.06007683718633719,
        0.059672277762971744,
        0.06401842565004093,
        0.06733288256485442,
        0.04976821160333505,
        0.09933357614111932,
        0.09901361493393779,
        0.07111139000195786,
        0.06333172909677766,
        0.07112042042911829,
        0.03777407241868787,
        0.05182157263552654,
        0.0643534196716549,
        0.05380980858147571,
        0.05080033529666252,
        0.022383975986789057,
        0.04236550943063169,
        0.028558533077709097,
        0.029558791776829216,
        0.04028481042011312,
        0.03532343244429891,
        0.07646327572047842,
        0.05152128737927342,
        0.052865514754828764,
        0.11788838768552523,
        0.0702263233778164,
        0.05102269793230031,
        0.03615876037050233,
        0.038318279271455445,
        0.03820213792877591,
        0.040328924053634786,
        0.02933614948660761,
        0.02778137884864312,
        0.044800804848697834,
        0.03375667806515897,
        0.06142380509122347,
        0.06580443070326207,
        0.03804724642595829,
        0.042375922312082065,
        0.039817917821346784,
        0.022455150168449716,
        0.02840549535341476,
        0.030861032757623738,
        0.03584959750884688,
        0.07710452110981597,
        0.06756546683645866,
        0.04657783797142656,
        0.03258999842531315,
        0.03914890826811188,
        0.02128237721636121,
        0.0186383408685136,
        0.02138735790559328,
        0.0390011555262537,
        0.05953978094657941,
        0.02273523321782894,
        0.05481099604727717,
        0.03805171864417692,
        0.030976948942316083,
        0.023381034234398614,
        0.024745071676631387,
        0.02996819500412092,
        0.030308020257984937,
        0.04339549564633671
    ],