{
    "test_accuracy": 0.6,
    "test_f1": 0.6151781637353224,
    "train_accuracy_history": [
        0.20416666666666666,
        0.24583333333333332,
        0.20833333333333334,
        0.22916666666666666,
        0.21666666666666667,
        0.19583333333333333,
        0.21666666666666667,
        0.2875,
        0.42916666666666664,
        0.45416666666666666,
        0.49583333333333335,
        0.5333333333333333,
        0.6125,
        0.5791666666666667,
        0.6625,
        0.7458333333333333,
        0.8083333333333333,
        0.8125,
        0.8291666666666667,
        0.875,
        0.8458333333333333,
        0.8583333333333333,
        0.8708333333333333,
        0.8666666666666667,
        0.8833333333333333,
        0.9125,
        0.9,
        0.9125,
        0.9041666666666667,
        0.9,
        0.9291666666666667,
        0.8875,
        0.9291666666666667,
        0.9291666666666667,
        0.9416666666666667,
        0.8666666666666667,
        0.925,
        0.925,
        0.9291666666666667,
        0.9166666666666666,
        0.9333333333333333,
        0.9291666666666667,
        0.9083333333333333,
        0.925,
        0.9458333333333333,
        0.9333333333333333,
        0.9458333333333333,
        0.9583333333333334,
        0.9625,
        0.9583333333333334,
        0.9583333333333334,
        0.9625,
        0.9583333333333334,
        0.9583333333333334,
        0.9583333333333334,
        0.9666666666666667,
        0.9708333333333333,
        0.9708333333333333,
        0.9416666666666667,
        0.8541666666666666,
        0.9458333333333333,
        0.9583333333333334,
        0.975,
        0.9541666666666667,
        0.9666666666666667,
        0.9541666666666667,
        0.9541666666666667,
        0.9583333333333334,
        0.9458333333333333,
        0.9666666666666667,
        0.9791666666666666,
        0.9791666666666666,
        0.9791666666666666,
        0.9791666666666666,
        0.9708333333333333,
        0.9708333333333333,
        0.975,
        0.9708333333333333,
        0.9791666666666666,
        0.9791666666666666,
        0.9708333333333333,
        0.9625,
        0.9666666666666667,
        0.9791666666666666,
        0.975,
        0.975,
        0.975,
        0.9791666666666666,
        0.9625,
        0.95,
        0.8708333333333333,
        0.9458333333333333,
        0.9541666666666667,
        0.9583333333333334,
        0.975,
        0.975,
        0.9666666666666667,
        0.975,
        0.9708333333333333,
        0.975
    ],
    "val_accuracy_history": [
        0.25,
        0.25,
        0.25,
        0.25,
        0.25,
        0.25,
        0.2875,
        0.25,
        0.25,
        0.25,
        0.425,
        0.3375,
        0.425,
        0.5,
        0.25,
        0.2875,
        0.4,
        0.4625,
        0.25,
        0.4375,
        0.25,
        0.525,
        0.3875,
        0.45,
        0.25,
        0.4375,
        0.425,
        0.6375,
        0.3125,
        0.5625,
        0.5,
        0.6875,
        0.5125,
        0.5125,
        0.4375,
        0.475,
        0.6375,
        0.6,
        0.6125,
        0.25,
        0.6125,
        0.375,
        0.5125,
        0.4375,
        0.55,
        0.5875,
        0.65,
        0.6875,
        0.5125,
        0.6,
        0.65,
        0.7,
        0.4875,
        0.6,
        0.5,
        0.65,
        0.5875,
        0.6,
        0.25,
        0.25,
        0.6,
        0.7,
        0.65,
        0.625,
        0.25,
        0.425,
        0.4625,
        0.275,
        0.275,
        0.725,
        0.65,
        0.6375,
        0.6625,
        0.65,
        0.6125,
        0.6375,
        0.5625,
        0.6125,
        0.6,
        0.6,
        0.6125,
        0.4875,
        0.675,
        0.6625,
        0.675,
        0.2625,
        0.6125,
        0.6625,
        0.5,
        0.3625,
        0.55,
        0.35,
        0.6625,
        0.65,
        0.65,
        0.6375,
        0.4875,
        0.5625,
        0.675,
        0.575
    ],
    "train_loss_history": [
        0.3492962931593259,
        0.34859768946965536,
        0.34765597581863406,
        0.34752876261870064,
        0.34800129681825637,
        0.34783834566672645,
        0.34781440893809,
        0.3386898338794708,
        0.2844947473456462,
        0.2699129891892274,
        0.24522604818145435,
        0.23536981865763665,
        0.22527952707993487,
        0.22014903233697017,
        0.2086269119133552,
        0.17619383453081053,
        0.16297744677091638,
        0.1433233323817452,
        0.1304149341750114,
        0.1052191536873579,
        0.11151530079854031,
        0.11384448562748731,
        0.11137053936666537,
        0.09645743375967868,
        0.08346853191033006,
        0.07141647448976679,
        0.07387310262517227,
        0.07759474240398655,
        0.07718235712964087,
        0.06580957463981273,
        0.058919322287935456,
        0.0727691364804438,
        0.05725320880562019,
        0.06118621432407186,
        0.05284713245764579,
        0.08322122253690999,
        0.057778910612311545,
        0.056840493848964495,
        0.058492522973877685,
        0.06466847941386125,
        0.05258417740211977,
        0.09408113629436533,
        0.068514079231439,
        0.05542018089530908,
        0.04438393109739991,
        0.04869575671630931,
        0.04854815699218307,
        0.047339055627799095,
        0.03697771901189905,
        0.03974665111763234,
        0.03813896768415361,
        0.03583722556574382,
        0.036280181385473044,
        0.03717913843420319,
        0.03825532086915094,
        0.03269168523644718,
        0.028959467046463298,
        0.030519290830164882,
        0.059983813515234866,
        0.11002334617551242,
        0.04642664840269693,
        0.03778756366897748,
        0.032136115839894445,
        0.03706816796190727,
        0.035180136103614736,
        0.04196536011192317,
        0.04148742842717657,
        0.041013117214970404,
        0.05285391096870361,
        0.032869264653084214,
        0.027779039106199357,
        0.025550188333913107,
        0.024851193637118622,
        0.025337603316532883,
        0.02947821213708958,
        0.026884715444704922,
        0.028507378466908644,
        0.029046850283142096,
        0.024434535383802802,
        0.02270548049143489,
        0.030173657635123162,
        0.032262351900558636,
        0.030695872441131627,
        0.026164539008477535,
        0.026450457999327586,
        0.02543176516801798,
        0.024044797047529553,
        0.02152280160535213,
        0.03311358053061846,
        0.03703992364468765,
        0.1111415152122845,
        0.05808429352611502,
        0.044962433520716605,
        0.03487656610025927,
        0.02721755988483571,
        0.02192550387920278,
        0.025859636078911306,
        0.02202956623505833,
        0.01952692946084505,
        0.017775580135333632
    ],