{
    "test_accuracy": 0.4666666666666667,
    "test_f1": 0.4351851851851852,
    "train_accuracy_history": [
        0.5555555555555556,
        0.6222222222222222,
        0.8222222222222222,
        0.8666666666666667,
        0.8888888888888888,
        0.9555555555555556,
        0.9777777777777777,
        1.0,
        1.0,
        1.0,
        1.0,
        1.0,
        1.0,
        1.0,
        1.0,
        1.0,
        1.0,
        1.0,
        1.0,
        1.0,
        1.0,
        1.0,
        1.0,
        1.0,
        1.0,
        1.0,
        1.0,
        1.0,
        1.0,
        1.0,
        1.0,
        1.0,
        1.0,
        1.0,
        1.0,
        1.0,
        1.0,
        1.0,
        1.0,
        1.0,
        1.0,
        1.0,
        1.0,
        1.0,
        1.0,
        1.0,
        1.0,
        1.0,
        1.0,
        1.0,
        1.0,
        1.0,
        1.0,
        1.0,
        1.0,
        1.0,
        1.0,
        1.0,
        1.0,
        1.0,
        1.0,
        1.0,
        1.0,
        1.0,
        1.0,
        1.0,
        1.0,
        1.0,
        1.0,
        1.0,
        1.0,
        1.0,
        1.0,
        1.0,
        1.0,
        1.0,
        1.0,
        1.0,
        1.0,
        1.0,
        1.0,
        1.0,
        1.0,
        1.0,
        1.0,
        1.0,
        1.0,
        1.0,
        1.0,
        1.0,
        1.0,
        1.0,
        1.0,
        1.0,
        1.0,
        1.0,
        1.0,
        1.0,
        1.0,
        1.0
    ],
    "val_accuracy_history": [
        0.2,
        0.4,
        0.4,
        0.4,
        0.4,
        0.4,
        0.4,
        0.4,
        0.4,
        0.2,
        0.4,
        0.4,
        0.4,
        0.6,
        0.4,
        0.4,
        0.4,
        0.3333333333333333,
        0.4,
        0.5333333333333333,
        0.3333333333333333,
        0.6,
        0.4666666666666667,
        0.4,
        0.4666666666666667,
        0.4666666666666667,
        0.6666666666666666,
        0.4,
        0.6666666666666666,
        0.4,
        0.4,
        0.4,
        0.5333333333333333,
        0.6,
        0.5333333333333333,
        0.4666666666666667,
        0.4,
        0.6,
        0.5333333333333333,
        0.4666666666666667,
        0.5333333333333333,
        0.4666666666666667,
        0.4666666666666667,
        0.3333333333333333,
        0.4,
        0.4666666666666667,
        0.4666666666666667,
        0.4666666666666667,
        0.6,
        0.6,
        0.5333333333333333,
        0.6,
        0.5333333333333333,
        0.4666666666666667,
        0.4666666666666667,
        0.5333333333333333,
        0.4666666666666667,
        0.4,
        0.26666666666666666,
        0.6,
        0.5333333333333333,
        0.5333333333333333,
        0.5333333333333333,
        0.5333333333333333,
        0.6666666666666666,
        0.6,
        0.5333333333333333,
        0.5333333333333333,
        0.5333333333333333,
        0.5333333333333333,
        0.5333333333333333,
        0.3333333333333333,
        0.4,
        0.4666666666666667,
        0.6,
        0.5333333333333333,
        0.4,
        0.6,
        0.4666666666666667,
        0.4,
        0.5333333333333333,
        0.6,
        0.4,
        0.5333333333333333,
        0.5333333333333333,
        0.5333333333333333,
        0.5333333333333333,
        0.5333333333333333,
        0.4666666666666667,
        0.5333333333333333,
        0.6,
        0.4666666666666667,
        0.5333333333333333,
        0.4666666666666667,
        0.4666666666666667,
        0.6,
        0.6666666666666666,
        0.5333333333333333,
        0.6,
        0.6
    ],
    "train_loss_history": [
        0.28666081958346895,
        0.2055382553074095,
        0.13131100005573695,
        0.12294197032848994,
        0.07981413064731492,
        0.061637402408652835,
        0.05097150264514817,
        0.03151383246812556,
        0.020548719064229063,
        0.018506867521338993,
        0.017365038374231923,
        0.011525871283892129,
        0.009042443438536591,
        0.007733571146511369,
        0.00643972959369421,
        0.00515921109666427,
        0.0035862685698601934,
        0.0029105513408366175,
        0.003999129072245624,
        0.004698333439430118,
        0.003595218318514526,
        0.004326151236374345,
        0.0026179889579200084,
        0.004197764381145438,
        0.004460008318225543,
        0.002567640986914436,
        0.0046941672037873,
        0.0017941041280412013,
        0.0025286956179317913,
        0.004721838613558147,
        0.0022914101835340263,
        0.0019142339187156823,
        0.0023758533333117764,
        0.0013833415849755207,
        0.0012846819797737732,
        0.0013647988923670103,
        0.0014554484333429072,
        0.0011725197365093562,
        0.0009212684119120241,
        0.001229187873347352,
        0.0008926739047132691,
        0.0006726680879688097,
        0.0006149011074739974,
        0.0009569120580433971,
        0.000501266627624217,
        0.000608921790909436,
        0.0009655512959903314,
        0.0006930632825565731,
        0.0004984986851114728,
        0.0005769419034347973,
        0.0005336121591325436,
        0.0005506667909988513,
        0.00047868451777806814,
        0.0003937004670862936,
        0.0004043812042153958,
        0.00029176325317368737,
        0.0007049884647130966,
        0.001298789819702506,
        0.0004181955824606121,
        0.0004568230176422124,
        0.00039809488290403454,
        0.0003780374199979835,
        0.00021475452449521982,
        0.0004364600715537866,
        0.00043702889557203483,
        0.000404872801542903,
        0.00046804333687759935,
        0.0003177157674346947,
        0.00044875401621943134,
        0.0002927668851852003,
        0.00033661704348762414,
        0.0003254850390779514,
        0.00028620296507142484,
        0.00030356102571305304,
        0.00021732552009375974,
        0.000245648864640518,
        0.00037016458647687816,
        0.0002921677175133179,
        0.0003673430076257015,
        0.0003184460354128128,
        0.00021563706072306053,
        0.0001369077963823252,
        0.00026515511660060536,
        0.0002571391805152719,
        0.00020142831910763764,
        0.0001981862704269588,
        0.0001552192987421424,
        0.00019732352682492798,
        0.0001958180034610753,
        0.00014856167868452353,
        0.00021638492936391332,
        0.0003112358440476884,
        0.00012642976465334263,
        0.00016274899082620526,
        0.00018847301026754496,
        0.00012781601366845683,
        0.0001385898963134322,
        0.0001594286546302707,
        0.0001265118390114771,
        0.0001562686377130578
    ],