{
    "test_accuracy": 0.2,
    "test_f1": 0.11764705882352942,
    "train_accuracy_history": [
        0.3333333333333333,
        0.4444444444444444,
        0.6666666666666666,
        0.8444444444444444,
        0.8888888888888888,
        0.9555555555555556,
        0.9555555555555556,
        0.9333333333333333,
        0.9555555555555556,
        0.9555555555555556,
        1.0,
        1.0,
        0.9333333333333333,
        1.0,
        1.0,
        1.0,
        1.0,
        1.0,
        1.0,
        1.0,
        1.0,
        1.0,
        1.0,
        1.0,
        1.0,
        1.0,
        1.0,
        1.0,
        1.0,
        1.0,
        1.0,
        1.0,
        1.0,
        1.0,
        1.0,
        1.0,
        1.0,
        1.0,
        1.0,
        1.0,
        1.0,
        1.0,
        1.0,
        1.0,
        1.0,
        1.0,
        1.0,
        1.0,
        1.0,
        1.0,
        1.0,
        1.0,
        1.0,
        1.0,
        1.0,
        1.0,
        1.0,
        1.0,
        1.0,
        1.0,
        1.0,
        1.0,
        1.0,
        1.0,
        1.0,
        1.0,
        1.0,
        1.0,
        1.0,
        1.0,
        1.0,
        1.0,
        1.0,
        1.0,
        1.0,
        1.0,
        1.0,
        1.0,
        1.0,
        1.0,
        1.0,
        1.0,
        1.0,
        1.0,
        1.0,
        1.0,
        1.0,
        1.0,
        1.0,
        1.0,
        1.0,
        1.0,
        1.0,
        1.0,
        1.0,
        1.0,
        1.0,
        1.0,
        1.0,
        1.0
    ],
    "val_accuracy_history": [
        0.4,
        0.13333333333333333,
        0.13333333333333333,
        0.13333333333333333,
        0.13333333333333333,
        0.13333333333333333,
        0.2,
        0.4666666666666667,
        0.06666666666666667,
        0.6,
        0.4666666666666667,
        0.13333333333333333,
        0.3333333333333333,
        0.13333333333333333,
        0.13333333333333333,
        0.4666666666666667,
        0.13333333333333333,
        0.26666666666666666,
        0.13333333333333333,
        0.26666666666666666,
        0.4,
        0.4,
        0.5333333333333333,
        0.4666666666666667,
        0.4,
        0.26666666666666666,
        0.4666666666666667,
        0.4666666666666667,
        0.13333333333333333,
        0.5333333333333333,
        0.4666666666666667,
        0.13333333333333333,
        0.13333333333333333,
        0.4,
        0.4,
        0.26666666666666666,
        0.26666666666666666,
        0.5333333333333333,
        0.2,
        0.13333333333333333,
        0.06666666666666667,
        0.26666666666666666,
        0.4,
        0.4666666666666667,
        0.5333333333333333,
        0.4,
        0.4,
        0.2,
        0.26666666666666666,
        0.3333333333333333,
        0.3333333333333333,
        0.26666666666666666,
        0.26666666666666666,
        0.3333333333333333,
        0.5333333333333333,
        0.13333333333333333,
        0.26666666666666666,
        0.3333333333333333,
        0.4,
        0.4,
        0.4,
        0.4666666666666667,
        0.13333333333333333,
        0.13333333333333333,
        0.26666666666666666,
        0.3333333333333333,
        0.4,
        0.3333333333333333,
        0.3333333333333333,
        0.3333333333333333,
        0.13333333333333333,
        0.4,
        0.4,
        0.4666666666666667,
        0.4666666666666667,
        0.4,
        0.26666666666666666,
        0.3333333333333333,
        0.2,
        0.2,
        0.3333333333333333,
        0.3333333333333333,
        0.3333333333333333,
        0.2,
        0.2,
        0.4,
        0.3333333333333333,
        0.4,
        0.4666666666666667,
        0.3333333333333333,
        0.13333333333333333,
        0.2,
        0.26666666666666666,
        0.3333333333333333,
        0.4,
        0.5333333333333333,
        0.4666666666666667,
        0.3333333333333333,
        0.3333333333333333,
        0.26666666666666666
    ],
    "train_loss_history": [
        0.30859973430633547,
        0.2550561587015788,
        0.20268111493852403,
        0.1638567050298055,
        0.13288930853207906,
        0.10913484030299717,
        0.08657862312263913,
        0.06435955282714632,
        0.08462018900447421,
        0.06802790363629659,
        0.038304329084025486,
        0.037481787304083504,
        0.05377273940377765,
        0.03182306902276145,
        0.03023697684208552,
        0.028017665114667682,
        0.02475840105778641,
        0.01550691407173872,
        0.014085368253290653,
        0.01371496133506298,
        0.009651579625076718,
        0.01094523078451554,
        0.008645760350757176,
        0.006376560570465194,
        0.0075153763250758255,
        0.0075220194748706285,
        0.00573894658850299,
        0.007698879742787944,
        0.007941415326462852,
        0.005221899547096755,
        0.005834554425544209,
        0.004009497631341219,
        0.0038452424419422944,
        0.0039430014996065035,
        0.0033508260837859577,
        0.003144227891849975,
        0.003526416017363469,
        0.0024587080917424626,
        0.0022059517938436734,
        0.002476883710672458,
        0.003159213404999011,
        0.00302311796694994,
        0.0025327906219495665,
        0.0020728873088955877,
        0.001671377791919642,
        0.0020859258249402044,
        0.0017685899200538793,
        0.0016218808013945818,
        0.0019535166004465685,
        0.0019160508669705855,
        0.001438619680185285,
        0.0016547274853413304,
        0.001423889959955381,
        0.0013755585183389484,
        0.0011563474260684516,
        0.001538218790665269,
        0.0014788847571859758,
        0.0009877662025650756,
        0.0011491879096461666,
        0.0014821737383802732,
        0.001066746093177547,
        0.0011959557395635379,
        0.0014295831658980912,
        0.0010220346661905448,
        0.001174613900689615,
        0.0013389605097472667,
        0.0007961308134124717,
        0.0007664246413494563,
        0.0009789590154671006,
        0.0007070924892711143,
        0.0013208140981280142,
        0.0012594702006835077,
        0.0009780805402745804,
        0.0007571477856900957,
        0.0006669165618303749,
        0.0006316376630113357,
        0.0005950765089235371,
        0.0006165001618986328,
        0.0005253548455786788,
        0.000604797719926056,
        0.0007188364701707744,
        0.0006184179581598275,
        0.0005194368345352511,
        0.0005219728724720577,
        0.0005393843379958223,
        0.0006336345893537832,
        0.0004400525086869796,
        0.0005573358011638953,
        0.0010503399328121708,
        0.0005217791353869769,
        0.0009214967696203126,
        0.0005551296195739673,
        0.0006939418135314351,
        0.0005885248984365414,
        0.0005290925735607743,
        0.0003688616303002669,
        0.00046514442914889916,
        0.0003211159459573941,
        0.0005714066378358337,
        0.00045877253610847725
    ],