{
    "test_accuracy": 0.45,
    "test_f1": 0.33253588516746413,
    "train_accuracy_history": [
        0.2,
        0.18333333333333332,
        0.16666666666666666,
        0.16666666666666666,
        0.23333333333333334,
        0.25,
        0.26666666666666666,
        0.21666666666666667,
        0.13333333333333333,
        0.11666666666666667,
        0.18333333333333332,
        0.21666666666666667,
        0.23333333333333334,
        0.2,
        0.18333333333333332,
        0.21666666666666667,
        0.16666666666666666,
        0.21666666666666667,
        0.2,
        0.21666666666666667,
        0.2833333333333333,
        0.18333333333333332,
        0.15,
        0.2,
        0.21666666666666667,
        0.23333333333333334,
        0.21666666666666667,
        0.23333333333333334,
        0.2,
        0.25,
        0.23333333333333334,
        0.18333333333333332,
        0.3,
        0.25,
        0.25,
        0.2,
        0.23333333333333334,
        0.2,
        0.25,
        0.16666666666666666,
        0.25,
        0.25,
        0.18333333333333332,
        0.21666666666666667,
        0.25,
        0.16666666666666666,
        0.18333333333333332,
        0.21666666666666667,
        0.25,
        0.23333333333333334,
        0.2,
        0.25,
        0.18333333333333332,
        0.31666666666666665,
        0.16666666666666666,
        0.31666666666666665,
        0.2,
        0.2,
        0.21666666666666667,
        0.23333333333333334,
        0.25,
        0.25,
        0.23333333333333334,
        0.26666666666666666,
        0.25,
        0.3333333333333333,
        0.25,
        0.26666666666666666,
        0.26666666666666666,
        0.4166666666666667,
        0.18333333333333332,
        0.23333333333333334,
        0.23333333333333334,
        0.25,
        0.25,
        0.25,
        0.21666666666666667,
        0.18333333333333332,
        0.3,
        0.26666666666666666,
        0.21666666666666667,
        0.2,
        0.18333333333333332,
        0.21666666666666667,
        0.15,
        0.23333333333333334,
        0.25,
        0.2,
        0.18333333333333332,
        0.21666666666666667,
        0.21666666666666667,
        0.18333333333333332,
        0.16666666666666666,
        0.2,
        0.23333333333333334,
        0.26666666666666666,
        0.23333333333333334,
        0.31666666666666665,
        0.25,
        0.23333333333333334
    ],
    "val_accuracy_history": [
        0.25,
        0.25,
        0.25,
        0.25,
        0.25,
        0.25,
        0.25,
        0.25,
        0.25,
        0.25,
        0.25,
        0.25,
        0.25,
        0.25,
        0.25,
        0.25,
        0.25,
        0.25,
        0.25,
        0.25,
        0.25,
        0.25,
        0.25,
        0.25,
        0.25,
        0.3,
        0.25,
        0.25,
        0.25,
        0.25,
        0.25,
        0.25,
        0.4,
        0.4,
        0.25,
        0.25,
        0.25,
        0.25,
        0.25,
        0.25,
        0.25,
        0.25,
        0.25,
        0.25,
        0.25,
        0.25,
        0.25,
        0.25,
        0.25,
        0.25,
        0.25,
        0.25,
        0.25,
        0.3,
        0.25,
        0.25,
        0.25,
        0.25,
        0.25,
        0.25,
        0.25,
        0.25,
        0.25,
        0.25,
        0.35,
        0.4,
        0.35,
        0.25,
        0.35,
        0.3,
        0.25,
        0.25,
        0.25,
        0.25,
        0.25,
        0.25,
        0.25,
        0.25,
        0.25,
        0.25,
        0.25,
        0.25,
        0.25,
        0.25,
        0.25,
        0.25,
        0.25,
        0.25,
        0.25,
        0.25,
        0.25,
        0.25,
        0.25,
        0.25,
        0.25,
        0.3,
        0.3,
        0.25,
        0.25,
        0.4
    ],
    "train_loss_history": [
        0.4324741820494334,
        0.36318057974179585,
        0.36160712043444315,
        0.3534462412198385,
        0.3499121109644572,
        0.3508474588394165,
        0.3529426236947378,
        0.35303974350293477,
        0.3514775693416595,
        0.35171467463175454,
        0.35449198087056477,
        0.3657732645670573,
        0.35398277242978415,
        0.3553372820218404,
        0.3535489102204641,
        0.352292400598526,
        0.3505374689896901,
        0.35219987432161964,
        0.3548869033654531,
        0.3488585154215495,
        0.3495039741198222,
        0.35095309019088744,
        0.3515778104464213,
        0.3506603538990021,
        0.3496845920880636,
        0.3481573303540548,
        0.3509784022967021,
        0.34869755506515504,
        0.3497662623723348,
        0.3563984751701355,
        0.3557330906391144,
        0.350368857383728,
        0.3472004771232605,
        0.34183820883433025,
        0.35046037236849464,
        0.3512532691160838,
        0.351023918390274,
        0.3507475137710571,
        0.34849100510279335,
        0.3493242383003235,
        0.34787304600079855,
        0.3487520376841227,
        0.351609480381012,
        0.353415314356486,
        0.34855114420255023,
        0.3505619982878367,
        0.3507220228513082,
        0.35277690291404723,
        0.3478876213232676,
        0.3496467928091685,
        0.3489932576815287,
        0.3468213200569153,
        0.34844429095586144,
        0.34676419297854105,
        0.3534612993399302,
        0.3429949998855591,
        0.3516645212968191,
        0.34868014852205914,
        0.3504732966423035,
        0.346924219528834,
        0.3494087398052216,
        0.3510172466437022,
        0.35302907427151997,
        0.346427845954895,
        0.34925608038902284,
        0.3417819400628408,
        0.3476022104422251,
        0.3517665723959605,
        0.339624418814977,
        0.30877990027268726,
        0.38827454050381977,
        0.35136723319689434,
        0.3515518605709076,
        0.34983707070350645,
        0.3489115377267202,
        0.3493322233359019,
        0.3502841413021088,
        0.347598264614741,
        0.34752705494562786,
        0.34884692629178365,
        0.3487769385178884,
        0.34818031986554465,
        0.3495759109656016,
        0.3480924626191457,
        0.35330755114555357,
        0.3482552647590637,
        0.3489830394585927,
        0.3496742924054464,
        0.3487504482269287,
        0.349698668718338,
        0.34808610479036967,
        0.3476531664530436,
        0.3482836425304413,
        0.34856239755948387,
        0.3474126398563385,
        0.3467519819736481,
        0.34768326083819073,
        0.33885183135668434,
        0.3480677862962087,
        0.3406533678372701
    ],