{
    "test_accuracy": 0.2375,
    "test_f1": 0.09595959595959595,
    "train_accuracy_history": [
        0.2125,
        0.22083333333333333,
        0.24583333333333332,
        0.2125,
        0.21666666666666667,
        0.19583333333333333,
        0.22083333333333333,
        0.25,
        0.2,
        0.2125,
        0.20416666666666666,
        0.22083333333333333,
        0.25416666666666665,
        0.20833333333333334,
        0.23333333333333334,
        0.20833333333333334,
        0.1875,
        0.22083333333333333,
        0.24583333333333332,
        0.2375,
        0.24583333333333332,
        0.23333333333333334,
        0.24166666666666667,
        0.2625,
        0.2375,
        0.2,
        0.22083333333333333,
        0.25833333333333336,
        0.23333333333333334,
        0.2125,
        0.225,
        0.23333333333333334,
        0.22916666666666666,
        0.24166666666666667,
        0.25,
        0.25833333333333336,
        0.22916666666666666,
        0.24166666666666667,
        0.225,
        0.18333333333333332,
        0.225,
        0.24166666666666667,
        0.2,
        0.225,
        0.25416666666666665,
        0.24583333333333332,
        0.2,
        0.2125,
        0.22083333333333333,
        0.275,
        0.25833333333333336,
        0.24166666666666667,
        0.22916666666666666,
        0.23333333333333334,
        0.2375,
        0.22083333333333333,
        0.21666666666666667,
        0.24166666666666667,
        0.24166666666666667,
        0.23333333333333334,
        0.225,
        0.2125,
        0.225,
        0.26666666666666666,
        0.225,
        0.2375,
        0.25833333333333336,
        0.21666666666666667,
        0.225,
        0.22083333333333333,
        0.19583333333333333,
        0.25416666666666665,
        0.22083333333333333,
        0.24166666666666667,
        0.21666666666666667,
        0.24166666666666667,
        0.225,
        0.2125,
        0.20833333333333334,
        0.24583333333333332,
        0.20833333333333334,
        0.2375,
        0.20833333333333334,
        0.2125,
        0.24583333333333332,
        0.23333333333333334,
        0.2,
        0.20416666666666666,
        0.2125,
        0.23333333333333334,
        0.2625,
        0.2375,
        0.26666666666666666,
        0.24583333333333332,
        0.25833333333333336,
        0.2375,
        0.24583333333333332,
        0.225,
        0.24583333333333332,
        0.2375
    ],
    "val_accuracy_history": [
        0.25,
        0.25,
        0.25,
        0.25,
        0.25,
        0.25,
        0.25,
        0.25,
        0.25,
        0.25,
        0.25,
        0.25,
        0.25,
        0.25,
        0.25,
        0.25,
        0.25,
        0.25,
        0.25,
        0.25,
        0.25,
        0.25,
        0.25,
        0.25,
        0.25,
        0.25,
        0.25,
        0.25,
        0.25,
        0.25,
        0.25,
        0.25,
        0.25,
        0.25,
        0.25,
        0.25,
        0.25,
        0.25,
        0.25,
        0.25,
        0.25,
        0.25,
        0.25,
        0.25,
        0.25,
        0.25,
        0.25,
        0.25,
        0.25,
        0.25,
        0.25,
        0.25,
        0.25,
        0.25,
        0.25,
        0.25,
        0.25,
        0.25,
        0.25,
        0.25,
        0.25,
        0.25,
        0.25,
        0.25,
        0.25,
        0.25,
        0.25,
        0.25,
        0.25,
        0.25,
        0.25,
        0.25,
        0.25,
        0.25,
        0.25,
        0.25,
        0.25,
        0.25,
        0.25,
        0.25,
        0.25,
        0.25,
        0.25,
        0.25,
        0.25,
        0.25,
        0.25,
        0.25,
        0.25,
        0.25,
        0.25,
        0.25,
        0.25,
        0.25,
        0.25,
        0.25,
        0.25,
        0.25,
        0.25,
        0.25
    ],
    "train_loss_history": [
        0.3609425177176793,
        0.3506067087252935,
        0.35182980398337044,
        0.3504103700319926,
        0.35028845965862276,
        0.35321381986141204,
        0.3505102440714836,
        0.35100630273421607,
        0.3504497696955999,
        0.35041818420092263,
        0.3506181185444196,
        0.35227426141500473,
        0.3493371064464251,
        0.35303015212217964,
        0.35022217432657876,
        0.35072717467943826,
        0.3538313791155815,
        0.35087688118219373,
        0.3508966863155365,
        0.3505474383632342,
        0.34991431136926016,
        0.3517059569557508,
        0.34842634002367656,
        0.35275764266649884,
        0.352436729768912,
        0.35018708060185116,
        0.350746529797713,
        0.3489241967598597,
        0.34995101739962897,
        0.35027962078650793,
        0.3500579719742139,
        0.3500030373533567,
        0.3491264258821805,
        0.34939320335785545,
        0.34877483199040094,
        0.35015280842781066,
        0.35041526903708775,
        0.35135964105526607,
        0.3533609598875046,
        0.35216051191091535,
        0.351107316215833,
        0.3496905321876208,
        0.3515226682027181,
        0.3505750392874082,
        0.3510275756319364,
        0.3505046849449476,
        0.3508017256855965,
        0.35068419377009075,
        0.35089611262083054,
        0.3475865756471952,
        0.3519614194830259,
        0.35516076783339184,
        0.3504999796549479,
        0.3493817205230395,
        0.35399978508551916,
        0.35302649984757106,
        0.3512219215432803,
        0.3482727289199829,
        0.35038878371318183,
        0.34969516346851987,
        0.35088636229435605,
        0.35151708374420804,
        0.3497712671756744,
        0.34920834203561146,
        0.3511568387349447,
        0.3510560467839241,
        0.34980835517247516,
        0.35119111835956573,
        0.34976986000935234,
        0.35124571770429613,
        0.3504562964042028,
        0.34891595095396044,
        0.35277017603317895,
        0.3497509772578875,
        0.3539709930618604,
        0.35067278643449146,
        0.35102366656064987,
        0.3526533047358195,
        0.35044002731641133,
        0.3508006796240807,
        0.3537660966316859,
        0.3502195601662,
        0.3498045528928439,
        0.35104167411724724,
        0.35083652287721634,
        0.3498513331015905,
        0.35154755065838494,
        0.3515297035376231,
        0.34993548740943275,
        0.3500718315442403,
        0.34838461329539616,
        0.3523888533314069,
        0.3504502514998118,
        0.3496453230579694,
        0.3500084072351456,
        0.3494384874900182,
        0.3505366529027621,
        0.35233304351568223,
        0.3535157193740209,
        0.35053911060094833
    ],