{
    "test_accuracy": 0.35,
    "test_f1": 0.23333333333333334,
    "train_accuracy_history": [
        0.25,
        0.11666666666666667,
        0.13333333333333333,
        0.25,
        0.15,
        0.15,
        0.21666666666666667,
        0.13333333333333333,
        0.15,
        0.25,
        0.3,
        0.23333333333333334,
        0.25,
        0.3,
        0.3,
        0.21666666666666667,
        0.23333333333333334,
        0.26666666666666666,
        0.3,
        0.25,
        0.25,
        0.25,
        0.3,
        0.25,
        0.18333333333333332,
        0.2833333333333333,
        0.3,
        0.21666666666666667,
        0.26666666666666666,
        0.21666666666666667,
        0.11666666666666667,
        0.31666666666666665,
        0.26666666666666666,
        0.31666666666666665,
        0.3,
        0.31666666666666665,
        0.31666666666666665,
        0.2833333333333333,
        0.23333333333333334,
        0.26666666666666666,
        0.26666666666666666,
        0.31666666666666665,
        0.23333333333333334,
        0.2833333333333333,
        0.26666666666666666,
        0.2833333333333333,
        0.2833333333333333,
        0.2833333333333333,
        0.2833333333333333,
        0.31666666666666665,
        0.2833333333333333,
        0.26666666666666666,
        0.2833333333333333,
        0.31666666666666665,
        0.3,
        0.31666666666666665,
        0.23333333333333334,
        0.2833333333333333,
        0.23333333333333334,
        0.26666666666666666,
        0.25,
        0.3,
        0.3,
        0.3,
        0.26666666666666666,
        0.23333333333333334,
        0.31666666666666665,
        0.25,
        0.31666666666666665,
        0.31666666666666665,
        0.31666666666666665,
        0.23333333333333334,
        0.26666666666666666,
        0.3,
        0.25,
        0.25,
        0.26666666666666666,
        0.3,
        0.3,
        0.3,
        0.3,
        0.2833333333333333,
        0.31666666666666665,
        0.2833333333333333,
        0.26666666666666666,
        0.3,
        0.3,
        0.26666666666666666,
        0.31666666666666665,
        0.25,
        0.31666666666666665,
        0.3,
        0.31666666666666665,
        0.26666666666666666,
        0.3,
        0.3,
        0.25,
        0.31666666666666665,
        0.2833333333333333,
        0.3
    ],
    "val_accuracy_history": [
        0.25,
        0.15,
        0.2,
        0.25,
        0.15,
        0.25,
        0.15,
        0.25,
        0.15,
        0.25,
        0.15,
        0.35,
        0.2,
        0.15,
        0.15,
        0.25,
        0.25,
        0.2,
        0.15,
        0.2,
        0.35,
        0.2,
        0.15,
        0.25,
        0.15,
        0.25,
        0.2,
        0.35,
        0.25,
        0.25,
        0.25,
        0.15,
        0.25,
        0.35,
        0.3,
        0.25,
        0.25,
        0.25,
        0.3,
        0.25,
        0.25,
        0.35,
        0.25,
        0.25,
        0.35,
        0.25,
        0.35,
        0.25,
        0.35,
        0.3,
        0.35,
        0.25,
        0.35,
        0.35,
        0.25,
        0.25,
        0.3,
        0.35,
        0.25,
        0.25,
        0.25,
        0.25,
        0.25,
        0.25,
        0.35,
        0.25,
        0.35,
        0.25,
        0.25,
        0.35,
        0.35,
        0.35,
        0.25,
        0.25,
        0.35,
        0.25,
        0.25,
        0.35,
        0.25,
        0.25,
        0.3,
        0.35,
        0.25,
        0.25,
        0.25,
        0.35,
        0.25,
        0.35,
        0.35,
        0.25,
        0.35,
        0.3,
        0.25,
        0.25,
        0.35,
        0.25,
        0.25,
        0.25,
        0.25,
        0.25
    ],
    "train_loss_history": [
        0.36404385765393577,
        0.3527866383393606,
        0.35105965932210287,
        0.3496222992738088,
        0.3487285037835439,
        0.3508666177590688,
        0.3472673952579498,
        0.34817850788434346,
        0.34845364292462666,
        0.3508302907148997,
        0.3474701782067617,
        0.35030123392740886,
        0.34714145461718243,
        0.3469613472620646,
        0.34709737499554955,
        0.3466963191827138,
        0.34747761686642964,
        0.3467412451903025,
        0.34612295230229695,
        0.349595965941747,
        0.34925333857536317,
        0.34780492782592776,
        0.34546335935592654,
        0.3471386551856995,
        0.34735753138860065,
        0.34654372533162436,
        0.34569540023803713,
        0.34925487637519836,
        0.34698670307795204,
        0.34765559832255044,
        0.35010255575180055,
        0.347176061073939,
        0.3451469341913859,
        0.3474685629208883,
        0.34577579696973165,
        0.346198962132136,
        0.34585786461830137,
        0.34746917287508644,
        0.34925672809282937,
        0.34704867204030354,
        0.3494103988011678,
        0.34625121355056765,
        0.3473339160283407,
        0.34544193744659424,
        0.3458684543768565,
        0.3461505929629008,
        0.3449586987495422,
        0.34596190055211384,
        0.34590824246406554,
        0.3450993279616038,
        0.34581831097602844,
        0.34550026257832844,
        0.34466691811879474,
        0.34371030926704405,
        0.3447340150674184,
        0.34602447350819904,
        0.34941423734029137,
        0.34841158986091614,
        0.34876933495203655,
        0.34561307628949484,
        0.34484626253445944,
        0.34423609972000124,
        0.3435854196548462,
        0.3446663280328115,
        0.3430435617764791,
        0.3446352481842041,
        0.34543248812357585,
        0.3453525940577189,
        0.34617520769437155,
        0.34430970350901285,
        0.3435073792934418,
        0.34732614159584047,
        0.3445906420548757,
        0.3442026396592458,
        0.3459183971087138,
        0.3450503726800283,
        0.346436999241511,
        0.34337935646375023,
        0.3434177815914154,
        0.3442420025666555,
        0.344956628481547,
        0.3443505883216858,
        0.34283033609390257,
        0.34342214663823445,
        0.34397934476534525,
        0.3439451535542806,
        0.3456812043984731,
        0.3435843964417776,
        0.34395310282707214,
        0.3449971457322439,
        0.3439974586168925,
        0.34314242998758954,
        0.3439270257949829,
        0.3431186536947886,
        0.3445845643679301,
        0.3425820271174113,
        0.343749471505483,
        0.3442949096361796,
        0.34370932380358377,
        0.344436369339625
    ],