{
    "test_accuracy": 0.25,
    "test_f1": 0.1,
    "train_accuracy_history": [
        0.2625,
        0.20833333333333334,
        0.225,
        0.19583333333333333,
        0.19166666666666668,
        0.23333333333333334,
        0.2125,
        0.2125,
        0.275,
        0.24583333333333332,
        0.2625,
        0.1875,
        0.21666666666666667,
        0.2,
        0.24583333333333332,
        0.175,
        0.2125,
        0.22083333333333333,
        0.20833333333333334,
        0.2625,
        0.22083333333333333,
        0.20833333333333334,
        0.2,
        0.21666666666666667,
        0.22916666666666666,
        0.2,
        0.21666666666666667,
        0.19166666666666668,
        0.25833333333333336,
        0.25,
        0.175,
        0.23333333333333334,
        0.21666666666666667,
        0.22083333333333333,
        0.20833333333333334,
        0.225,
        0.24583333333333332,
        0.25833333333333336,
        0.2375,
        0.24583333333333332,
        0.25833333333333336,
        0.20833333333333334,
        0.2125,
        0.17916666666666667,
        0.24166666666666667,
        0.2625,
        0.20416666666666666,
        0.1875,
        0.2125,
        0.18333333333333332,
        0.22083333333333333,
        0.225,
        0.22916666666666666,
        0.24583333333333332,
        0.25416666666666665,
        0.20833333333333334,
        0.21666666666666667,
        0.2375,
        0.25,
        0.25,
        0.25416666666666665,
        0.25833333333333336,
        0.24166666666666667,
        0.2625,
        0.19583333333333333,
        0.25,
        0.20416666666666666,
        0.2375,
        0.22083333333333333,
        0.225,
        0.24583333333333332,
        0.2125,
        0.20833333333333334,
        0.2125,
        0.2375,
        0.18333333333333332,
        0.22083333333333333,
        0.19583333333333333,
        0.19583333333333333,
        0.19583333333333333,
        0.21666666666666667,
        0.18333333333333332,
        0.2125,
        0.22916666666666666,
        0.17916666666666667,
        0.2,
        0.24583333333333332,
        0.19583333333333333,
        0.18333333333333332,
        0.2125,
        0.20833333333333334,
        0.24166666666666667,
        0.26666666666666666,
        0.24583333333333332,
        0.20833333333333334,
        0.225,
        0.19166666666666668,
        0.18333333333333332,
        0.175,
        0.23333333333333334
    ],
    "val_accuracy_history": [
        0.25,
        0.25,
        0.25,
        0.25,
        0.25,
        0.25,
        0.25,
        0.25,
        0.25,
        0.25,
        0.25,
        0.25,
        0.25,
        0.25,
        0.25,
        0.25,
        0.25,
        0.25,
        0.25,
        0.25,
        0.25,
        0.25,
        0.25,
        0.25,
        0.25,
        0.25,
        0.25,
        0.25,
        0.25,
        0.25,
        0.25,
        0.275,
        0.25,
        0.25,
        0.25,
        0.2375,
        0.25,
        0.25,
        0.25,
        0.25,
        0.25,
        0.25,
        0.25,
        0.25,
        0.25,
        0.25,
        0.25,
        0.25,
        0.25,
        0.25,
        0.25,
        0.25,
        0.25,
        0.25,
        0.25,
        0.25,
        0.25,
        0.25,
        0.25,
        0.25,
        0.25,
        0.25,
        0.25,
        0.25,
        0.25,
        0.25,
        0.25,
        0.25,
        0.25,
        0.25,
        0.25,
        0.25,
        0.25,
        0.25,
        0.25,
        0.25,
        0.25,
        0.25,
        0.25,
        0.25,
        0.25,
        0.25,
        0.25,
        0.25,
        0.25,
        0.25,
        0.25,
        0.25,
        0.25,
        0.25,
        0.25,
        0.25,
        0.25,
        0.25,
        0.25,
        0.25,
        0.25,
        0.25,
        0.25,
        0.25
    ],
    "train_loss_history": [
        0.3885010709365209,
        0.35786507626374564,
        0.35357769231001535,
        0.3563638150691986,
        0.35154003848632176,
        0.35366901954015095,
        0.3528484081228574,
        0.3549417232473691,
        0.3515819996595383,
        0.35146711270014447,
        0.351181406279405,
        0.3544867952664693,
        0.35260339826345444,
        0.3513291691740354,
        0.35067201654116315,
        0.3515951951344808,
        0.3502718408902486,
        0.3533346027135849,
        0.3511879454056422,
        0.3501368189851443,
        0.35028719852368034,
        0.3493493929505348,
        0.35019288808107374,
        0.3506496806939443,
        0.3503904571135839,
        0.35154156337181725,
        0.34939427028099695,
        0.3502578770120939,
        0.34967408180236814,
        0.350943091015021,
        0.3493775621056557,
        0.34880583236614865,
        0.3506524498263995,
        0.35109157164891563,
        0.3490249266227086,
        0.35055924554665885,
        0.3489830290277799,
        0.3496442640821139,
        0.3500349849462509,
        0.35095674941937127,
        0.3497223248084386,
        0.3490310008327166,
        0.34894378085931144,
        0.3496175428231557,
        0.34916260043780006,
        0.3487064391374588,
        0.34810225913921994,
        0.34832182625929514,
        0.34804965754350026,
        0.3496991361180941,
        0.3493445336818695,
        0.3487613017360369,
        0.348726857205232,
        0.34847051004568735,
        0.3480245068669319,
        0.3482914427916209,
        0.3485085994005203,
        0.3479889849821726,
        0.34834065437316897,
        0.3495591948429743,
        0.3494272063175837,
        0.3482321192820867,
        0.3482709546883901,
        0.3488228917121887,
        0.3500786890586217,
        0.3482450564702352,
        0.34960437516371407,
        0.3477486123641332,
        0.3484949454665184,
        0.3483479569355647,
        0.34743489921092985,
        0.34838706304629646,
        0.3489648292462031,
        0.34829290757576625,
        0.3485977709293365,
        0.34837084511915845,
        0.34818132519721984,
        0.3476592863599459,
        0.3483964701493581,
        0.3473387897014618,
        0.34804092546304066,
        0.3480447808901469,
        0.3477088237802188,
        0.34806461483240125,
        0.34811506122350694,
        0.3476585358381271,
        0.348023580511411,
        0.3482409869631132,
        0.34818651030460995,
        0.3476146414875984,
        0.34734790871540705,
        0.34742813209692636,
        0.3538320675492287,
        0.34860284825166066,
        0.3481800148884455,
        0.34923363526662193,
        0.3482161685824394,
        0.34812168081601463,
        0.34777284115552903,
        0.34806562115748724
    ],