{
    "test_accuracy": 0.35,
    "test_f1": 0.36250000000000004,
    "train_accuracy_history": [
        0.2833333333333333,
        0.35,
        0.6,
        0.7,
        0.7666666666666667,
        0.8,
        0.85,
        0.8833333333333333,
        0.8666666666666667,
        0.8666666666666667,
        0.9333333333333333,
        0.9,
        0.9166666666666666,
        0.95,
        0.9666666666666667,
        1.0,
        1.0,
        1.0,
        1.0,
        1.0,
        1.0,
        0.9833333333333333,
        1.0,
        1.0,
        0.9833333333333333,
        1.0,
        1.0,
        0.9833333333333333,
        1.0,
        1.0,
        1.0,
        1.0,
        1.0,
        1.0,
        1.0,
        1.0,
        0.9833333333333333,
        1.0,
        1.0,
        1.0,
        1.0,
        1.0,
        1.0,
        1.0,
        1.0,
        1.0,
        1.0,
        1.0,
        1.0,
        1.0,
        1.0,
        1.0,
        1.0,
        1.0,
        1.0,
        1.0,
        1.0,
        1.0,
        1.0,
        1.0,
        1.0,
        1.0,
        1.0,
        1.0,
        1.0,
        1.0,
        1.0,
        1.0,
        1.0,
        1.0,
        1.0,
        1.0,
        1.0,
        1.0,
        1.0,
        1.0,
        1.0,
        1.0,
        1.0,
        1.0,
        1.0,
        1.0,
        0.9833333333333333,
        1.0,
        1.0,
        1.0,
        1.0,
        1.0,
        1.0,
        1.0,
        1.0,
        1.0,
        1.0,
        1.0,
        1.0,
        1.0,
        1.0,
        1.0,
        1.0,
        1.0
    ],
    "val_accuracy_history": [
        0.05,
        0.05,
        0.05,
        0.3,
        0.3,
        0.1,
        0.4,
        0.35,
        0.55,
        0.4,
        0.35,
        0.3,
        0.3,
        0.3,
        0.35,
        0.3,
        0.3,
        0.3,
        0.3,
        0.3,
        0.3,
        0.3,
        0.5,
        0.3,
        0.35,
        0.35,
        0.2,
        0.3,
        0.2,
        0.35,
        0.35,
        0.6,
        0.35,
        0.4,
        0.55,
        0.5,
        0.1,
        0.25,
        0.3,
        0.35,
        0.2,
        0.2,
        0.05,
        0.35,
        0.55,
        0.25,
        0.4,
        0.35,
        0.35,
        0.4,
        0.45,
        0.25,
        0.35,
        0.5,
        0.45,
        0.3,
        0.2,
        0.65,
        0.3,
        0.5,
        0.4,
        0.4,
        0.25,
        0.3,
        0.25,
        0.4,
        0.4,
        0.4,
        0.55,
        0.6,
        0.6,
        0.45,
        0.25,
        0.35,
        0.35,
        0.35,
        0.55,
        0.3,
        0.65,
        0.45,
        0.35,
        0.45,
        0.3,
        0.55,
        0.5,
        0.2,
        0.25,
        0.3,
        0.55,
        0.4,
        0.65,
        0.6,
        0.3,
        0.3,
        0.5,
        0.6,
        0.6,
        0.6,
        0.4,
        0.65
    ],
    "train_loss_history": [
        0.35870846509933474,
        0.31677343845367434,
        0.275441637635231,
        0.233930108944575,
        0.2063420906662941,
        0.17700219104687373,
        0.13466292570034663,
        0.11415499523282051,
        0.10693031897147497,
        0.10813662707805634,
        0.08606658900777499,
        0.08759657889604569,
        0.07272625633825859,
        0.060117869451642034,
        0.043325644979874296,
        0.03614508882164955,
        0.03254192111392816,
        0.029610250145196915,
        0.028424703034882745,
        0.02928906533246239,
        0.018849160987883806,
        0.022356438792000215,
        0.017802583612501623,
        0.017213533038739116,
        0.02017606212757528,
        0.015260881558060647,
        0.015011924194792907,
        0.019995502661913633,
        0.012663499153374384,
        0.01890970723082622,
        0.01204295475423957,
        0.014114819552438955,
        0.0076123593918358285,
        0.00979446661270534,
        0.00804938746150583,
        0.005977331435618302,
        0.011556419978539149,
        0.0062039456485460205,
        0.006354661503185828,
        0.006604774987014631,
        0.00509797284224381,
        0.0056275956778942295,
        0.007608971387768785,
        0.0040173858714600405,
        0.0047059489152161404,
        0.004549169280411055,
        0.006237165459121267,
        0.004452567277864242,
        0.005402649955552382,
        0.005424680882909646,
        0.0028775054088328034,
        0.003337943418106685,
        0.0023259175485388067,
        0.0021015104110119866,
        0.002472903269032637,
        0.0025068677961826323,
        0.001957913121441379,
        0.0015022487399013091,
        0.0036197083614145716,
        0.0032118241225058833,
        0.0026835927569967073,
        0.0019138203798017154,
        0.001969680180385088,
        0.001456853377749212,
        0.001958845043554902,
        0.0017699193059039922,
        0.001566686439521921,
        0.0016067397363561517,
        0.0007948291483141171,
        0.0009970898128813133,
        0.0011502378591103479,
        0.0018309754164268573,
        0.0011290677595146312,
        0.0022735998364320645,
        0.0010577713410990933,
        0.0008669270086102187,
        0.0012536453092858817,
        0.0014896814078383613,
        0.0011267801727323481,
        0.000811437692027539,
        0.0008141502034656393,
        0.0006903331295082656,
        0.005697787100022348,
        0.0021879939170806515,
        0.002131565757251034,
        0.0015874000780362015,
        0.0015798324719071388,
        0.0008097069371918526,
        0.000776108701635773,
        0.0015697309883156171,
        0.0008366438240045681,
        0.0007413947042853882,
        0.0019814410373025265,
        0.0010647305908302465,
        0.001326401732027686,
        0.0010004076122034653,
        0.0005947080372910326,
        0.0007789407233455373,
        0.0011597205564612522,
        0.0008069291587162297
    ],