{
    "test_accuracy": 0.25,
    "test_f1": 0.1,
    "train_accuracy_history": [
        0.21666666666666667,
        0.21666666666666667,
        0.20833333333333334,
        0.17083333333333334,
        0.19583333333333333,
        0.24166666666666667,
        0.23333333333333334,
        0.22916666666666666,
        0.25833333333333336,
        0.22083333333333333,
        0.23333333333333334,
        0.2375,
        0.22083333333333333,
        0.25833333333333336,
        0.2625,
        0.2125,
        0.2625,
        0.25,
        0.26666666666666666,
        0.225,
        0.23333333333333334,
        0.2375,
        0.24583333333333332,
        0.26666666666666666,
        0.24166666666666667,
        0.19166666666666668,
        0.22916666666666666,
        0.19166666666666668,
        0.2375,
        0.19583333333333333,
        0.21666666666666667,
        0.20416666666666666,
        0.20833333333333334,
        0.20833333333333334,
        0.2,
        0.21666666666666667,
        0.2375,
        0.225,
        0.225,
        0.2125,
        0.24583333333333332,
        0.21666666666666667,
        0.22083333333333333,
        0.2125,
        0.22083333333333333,
        0.2375,
        0.21666666666666667,
        0.22083333333333333,
        0.2375,
        0.20416666666666666,
        0.24166666666666667,
        0.25416666666666665,
        0.17916666666666667,
        0.20416666666666666,
        0.20833333333333334,
        0.26666666666666666,
        0.23333333333333334,
        0.19583333333333333,
        0.2,
        0.24166666666666667,
        0.17916666666666667,
        0.24583333333333332,
        0.2125,
        0.21666666666666667,
        0.22083333333333333,
        0.2125,
        0.22083333333333333,
        0.2,
        0.225,
        0.20416666666666666,
        0.25416666666666665,
        0.19166666666666668,
        0.23333333333333334,
        0.17083333333333334,
        0.25833333333333336,
        0.2833333333333333,
        0.20833333333333334,
        0.17083333333333334,
        0.2,
        0.25833333333333336,
        0.19166666666666668,
        0.19583333333333333,
        0.24166666666666667,
        0.22083333333333333,
        0.22916666666666666,
        0.23333333333333334,
        0.22083333333333333,
        0.18333333333333332,
        0.2375,
        0.25,
        0.25833333333333336,
        0.19166666666666668,
        0.225,
        0.23333333333333334,
        0.20416666666666666,
        0.20416666666666666,
        0.1875,
        0.23333333333333334,
        0.15833333333333333,
        0.2125
    ],
    "val_accuracy_history": [
        0.25,
        0.25,
        0.25,
        0.2375,
        0.25,
        0.25,
        0.25,
        0.25,
        0.25,
        0.25,
        0.25,
        0.25,
        0.25,
        0.25,
        0.25,
        0.25,
        0.2375,
        0.25,
        0.25,
        0.25,
        0.25,
        0.25,
        0.25,
        0.25,
        0.25,
        0.25,
        0.25,
        0.25,
        0.25,
        0.2375,
        0.25,
        0.25,
        0.25,
        0.25,
        0.2375,
        0.25,
        0.25,
        0.25,
        0.25,
        0.25,
        0.25,
        0.25,
        0.25,
        0.25,
        0.25,
        0.25,
        0.25,
        0.25,
        0.2375,
        0.25,
        0.25,
        0.2375,
        0.25,
        0.25,
        0.25,
        0.25,
        0.25,
        0.25,
        0.25,
        0.25,
        0.25,
        0.25,
        0.25,
        0.25,
        0.25,
        0.25,
        0.25,
        0.25,
        0.25,
        0.2375,
        0.2375,
        0.25,
        0.25,
        0.25,
        0.25,
        0.25,
        0.25,
        0.25,
        0.2375,
        0.25,
        0.25,
        0.25,
        0.2375,
        0.25,
        0.25,
        0.25,
        0.25,
        0.25,
        0.25,
        0.25,
        0.25,
        0.2375,
        0.25,
        0.25,
        0.25,
        0.25,
        0.25,
        0.25,
        0.25,
        0.2375
    ],
    "train_loss_history": [
        0.3564199442664782,
        0.3523757422963778,
        0.35016862948735555,
        0.3538638452688853,
        0.3515324076016744,
        0.3498112345735232,
        0.35009561528762184,
        0.34903732885917027,
        0.35062168141206107,
        0.35102201451857884,
        0.35065987358490625,
        0.35259258647759756,
        0.35050760755936305,
        0.3491664667924245,
        0.35120918850104016,
        0.3516442214449247,
        0.3514930471777916,
        0.35176543494065604,
        0.3492250978946686,
        0.3528630251685778,
        0.3503872444232305,
        0.3498843734463056,
        0.3489881401260694,
        0.3495943516492844,
        0.3524208421508471,
        0.3530815894405047,
        0.34998492151498795,
        0.3513793215155602,
        0.3508074268698692,
        0.3503413702050845,
        0.35037620017925897,
        0.3518243382374446,
        0.3496361806988716,
        0.35102215558290484,
        0.3546919594208399,
        0.3527767673134804,
        0.35154244701067605,
        0.3501017943024635,
        0.3487878069281578,
        0.3543046355247498,
        0.35038162718216576,
        0.3500690057873726,
        0.351885017255942,
        0.3512959669033686,
        0.351138661801815,
        0.3487505778670311,
        0.3503339856863022,
        0.3522577395041784,
        0.35066660592953364,
        0.3486597791314125,
        0.3510833750168482,
        0.35039166212081907,
        0.35125695814689,
        0.34964218537012737,
        0.35028221011161803,
        0.3531702732046445,
        0.3494238426287969,
        0.3514947801828384,
        0.3513771081964175,
        0.35400486588478086,
        0.353501949707667,
        0.35180368771155673,
        0.34980995307366053,
        0.35086133728424707,
        0.3510368078947067,
        0.35011559575796125,
        0.35162099401156105,
        0.35354164739449817,
        0.35370042820771536,
        0.3518959457675616,
        0.35229775607585906,
        0.3534882520635923,
        0.3513063242038091,
        0.3516682828466097,
        0.35027627895275754,
        0.3500687216718992,
        0.3504431664943695,
        0.3529876048366229,
        0.3513380795717239,
        0.3495183189709981,
        0.35079673131306965,
        0.35077379445234935,
        0.3496404339869817,
        0.3491577063997587,
        0.3501377085844676,
        0.3499061927199364,
        0.3500495110948881,
        0.35191693156957626,
        0.35057878444592155,
        0.34992144306500755,
        0.35128313551346463,
        0.35215432991584145,
        0.34998662571112316,
        0.35169461121161777,
        0.35158792783816656,
        0.3513031115134557,
        0.35372630655765536,
        0.3518690635760625,
        0.35215152353048323,
        0.348692753414313
    ],