{
    "test_accuracy": 0.3,
    "test_f1": 0.17613636363636365,
    "train_accuracy_history": [
        0.31666666666666665,
        0.2833333333333333,
        0.3333333333333333,
        0.3,
        0.21666666666666667,
        0.23333333333333334,
        0.26666666666666666,
        0.25,
        0.18333333333333332,
        0.21666666666666667,
        0.16666666666666666,
        0.2,
        0.26666666666666666,
        0.21666666666666667,
        0.2,
        0.2833333333333333,
        0.2,
        0.3,
        0.26666666666666666,
        0.25,
        0.31666666666666665,
        0.35,
        0.23333333333333334,
        0.31666666666666665,
        0.2833333333333333,
        0.31666666666666665,
        0.3333333333333333,
        0.25,
        0.36666666666666664,
        0.3333333333333333,
        0.26666666666666666,
        0.2833333333333333,
        0.3333333333333333,
        0.3333333333333333,
        0.25,
        0.38333333333333336,
        0.3333333333333333,
        0.2833333333333333,
        0.36666666666666664,
        0.3,
        0.31666666666666665,
        0.31666666666666665,
        0.38333333333333336,
        0.2833333333333333,
        0.26666666666666666,
        0.31666666666666665,
        0.3333333333333333,
        0.26666666666666666,
        0.25,
        0.3,
        0.26666666666666666,
        0.18333333333333332,
        0.35,
        0.3,
        0.35,
        0.3,
        0.3,
        0.3333333333333333,
        0.35,
        0.31666666666666665,
        0.3,
        0.31666666666666665,
        0.3333333333333333,
        0.3333333333333333,
        0.26666666666666666,
        0.23333333333333334,
        0.31666666666666665,
        0.3,
        0.2833333333333333,
        0.38333333333333336,
        0.31666666666666665,
        0.26666666666666666,
        0.3333333333333333,
        0.3,
        0.36666666666666664,
        0.3333333333333333,
        0.2833333333333333,
        0.35,
        0.3333333333333333,
        0.38333333333333336,
        0.38333333333333336,
        0.31666666666666665,
        0.3,
        0.31666666666666665,
        0.35,
        0.3,
        0.3,
        0.3,
        0.31666666666666665,
        0.4,
        0.35,
        0.3,
        0.31666666666666665,
        0.4,
        0.25,
        0.31666666666666665,
        0.26666666666666666,
        0.3,
        0.3333333333333333,
        0.36666666666666664
    ],
    "val_accuracy_history": [
        0.25,
        0.3,
        0.25,
        0.3,
        0.25,
        0.25,
        0.25,
        0.25,
        0.2,
        0.25,
        0.3,
        0.25,
        0.25,
        0.25,
        0.3,
        0.25,
        0.25,
        0.25,
        0.3,
        0.3,
        0.25,
        0.25,
        0.25,
        0.35,
        0.3,
        0.25,
        0.25,
        0.25,
        0.2,
        0.25,
        0.25,
        0.25,
        0.3,
        0.25,
        0.25,
        0.25,
        0.3,
        0.25,
        0.3,
        0.3,
        0.25,
        0.3,
        0.25,
        0.25,
        0.3,
        0.3,
        0.3,
        0.3,
        0.2,
        0.3,
        0.25,
        0.25,
        0.25,
        0.2,
        0.2,
        0.2,
        0.25,
        0.25,
        0.3,
        0.15,
        0.3,
        0.25,
        0.25,
        0.25,
        0.25,
        0.25,
        0.3,
        0.25,
        0.2,
        0.2,
        0.2,
        0.25,
        0.25,
        0.2,
        0.25,
        0.25,
        0.3,
        0.25,
        0.25,
        0.25,
        0.25,
        0.25,
        0.3,
        0.25,
        0.25,
        0.3,
        0.25,
        0.3,
        0.25,
        0.25,
        0.25,
        0.25,
        0.3,
        0.3,
        0.25,
        0.25,
        0.25,
        0.25,
        0.25,
        0.2
    ],
    "train_loss_history": [
        229.83834393819174,
        14.785389530658723,
        0.693873996535937,
        0.4511653383572896,
        0.3689712385336558,
        0.3868718643983205,
        0.3583705445130666,
        0.3863294581572215,
        0.4166226923465729,
        0.4064382096131643,
        0.3775811990102132,
        0.35637640754381816,
        0.366555513938268,
        0.3585354785124461,
        0.4293818434079488,
        0.3999165733655294,
        0.36058433254559835,
        0.3508693059285482,
        0.3439629594484965,
        0.3604177435239156,
        0.35421221057573954,
        0.35088152488072716,
        0.3570684790611267,
        0.36096504926681516,
        0.34351792534192405,
        0.34751455386479696,
        0.3383702039718628,
        0.3505821188290914,
        0.3447158694267273,
        0.3536403675874074,
        0.36443158189455666,
        0.34533023834228516,
        0.3436127861340841,
        0.33670759002367656,
        0.34334052602450055,
        0.33660342295964557,
        0.3392105917135874,
        0.3466490626335144,
        0.34051526884237926,
        0.3460737824440002,
        0.3403465231259664,
        0.33486424684524535,
        0.3337124486764272,
        0.33087997635205585,
        0.35816078782081606,
        0.3392675598462423,
        0.33539247512817383,
        0.3541426400343577,
        0.33896929224332173,
        0.3410306890805562,
        0.36858293414115906,
        0.3766287008921305,
        0.34924880862236024,
        0.34157444834709166,
        0.3339415371417999,
        0.331820547580719,
        0.32596519390741985,
        0.33251498341560365,
        0.3332776983579,
        0.3333026707172394,
        0.3280728975931803,
        0.33105148474375407,
        0.3424931009610494,
        0.3237454613049825,
        0.3272662470738093,
        0.354243266582489,
        0.36438931624094645,
        0.3420115331808726,
        0.3405120273431142,
        0.34141573508580525,
        0.3435432493686676,
        0.34037202000617983,
        0.3371312141418457,
        0.3358353873093923,
        0.33611200054486595,
        0.3391211926937103,
        0.34341190854708353,
        0.345880522330602,
        0.34010077714920045,
        0.34094053705533345,
        0.3368822455406189,
        0.33747571309407554,
        0.3432214975357056,
        0.33310519258181254,
        0.33014218012491864,
        0.34520534773667655,
        0.33916590015093484,
        0.3393170237541199,
        0.3499962528546651,
        0.33755604227383934,
        0.34631497661272687,
        0.3433123608430227,
        0.34131030639012655,
        0.33511955936749777,
        0.3408669630686442,
        0.3385573546091715,
        0.338305675983429,
        0.34254971941312157,
        0.33422181010246277,
        0.33897082408269247
    ],