{
    "test_accuracy": 0.7,
    "test_f1": 0.6000000000000001,
    "train_accuracy_history": [
        0.5333333333333333,
        0.8,
        0.8333333333333334,
        0.9,
        0.9333333333333333,
        0.9666666666666667,
        0.9666666666666667,
        1.0,
        1.0,
        1.0,
        1.0,
        1.0,
        1.0,
        1.0,
        1.0,
        1.0,
        1.0,
        1.0,
        1.0,
        1.0,
        1.0,
        1.0,
        1.0,
        1.0,
        1.0,
        1.0,
        1.0,
        1.0,
        1.0,
        1.0,
        1.0,
        1.0,
        1.0,
        1.0,
        1.0,
        1.0,
        1.0,
        1.0,
        1.0,
        1.0,
        1.0,
        1.0,
        1.0,
        1.0,
        1.0,
        1.0,
        1.0,
        1.0,
        1.0,
        1.0,
        1.0,
        1.0,
        1.0,
        1.0,
        1.0,
        1.0,
        1.0,
        1.0,
        1.0,
        1.0,
        1.0,
        1.0,
        1.0,
        1.0,
        1.0,
        1.0,
        1.0,
        1.0,
        1.0,
        1.0,
        1.0,
        1.0,
        1.0,
        1.0,
        1.0,
        1.0,
        1.0,
        1.0,
        1.0,
        1.0,
        1.0,
        1.0,
        1.0,
        1.0,
        1.0,
        1.0,
        1.0,
        1.0,
        1.0,
        1.0,
        1.0,
        1.0,
        1.0,
        1.0,
        1.0,
        1.0,
        1.0,
        1.0,
        1.0,
        1.0
    ],
    "val_accuracy_history": [
        0.4,
        0.4,
        0.4,
        0.4,
        0.4,
        0.4,
        0.5,
        0.4,
        0.4,
        0.6,
        0.7,
        0.4,
        0.5,
        0.4,
        0.4,
        0.4,
        0.4,
        0.4,
        0.4,
        0.8,
        0.6,
        0.6,
        0.7,
        0.4,
        0.4,
        0.6,
        0.5,
        0.4,
        0.5,
        0.6,
        0.4,
        0.4,
        0.6,
        0.5,
        0.6,
        0.7,
        0.6,
        0.7,
        0.5,
        0.7,
        0.7,
        0.8,
        0.5,
        0.4,
        0.4,
        0.9,
        0.5,
        0.6,
        0.6,
        0.4,
        0.6,
        0.5,
        0.4,
        0.5,
        0.7,
        0.7,
        0.5,
        0.6,
        0.7,
        0.8,
        0.7,
        0.7,
        0.7,
        0.7,
        0.8,
        0.6,
        0.5,
        0.6,
        0.7,
        0.7,
        0.7,
        0.7,
        0.5,
        0.6,
        0.7,
        0.7,
        0.6,
        0.6,
        0.6,
        0.6,
        0.7,
        0.7,
        0.7,
        0.5,
        0.6,
        0.5,
        0.5,
        0.6,
        0.8,
        0.7,
        0.6,
        0.8,
        0.8,
        0.7,
        0.8,
        0.8,
        0.8,
        0.7,
        0.7,
        0.6
    ],
    "train_loss_history": [
        0.19962355494499207,
        0.14240892827510834,
        0.12182241181532542,
        0.09215272118647894,
        0.07101212739944458,
        0.05645775695641835,
        0.04690718501806259,
        0.030540416265527406,
        0.03082340123752753,
        0.019439736505349477,
        0.01776093151420355,
        0.010266673999528091,
        0.010777002076307933,
        0.009050052550931772,
        0.008549250134577354,
        0.008931303769350052,
        0.0078046321868896484,
        0.0063522055745124815,
        0.006000847276300192,
        0.0051337893431385355,
        0.0037469553450743356,
        0.0037444368625680607,
        0.005452671274542809,
        0.0019937961750353377,
        0.0025083883199840786,
        0.0020213454496115445,
        0.002576817696293195,
        0.0020465486993392307,
        0.0035325544187799094,
        0.0016499938908964395,
        0.00232030323240906,
        0.0013502425126110515,
        0.0017130649570996563,
        0.0015334520993443826,
        0.0014112440908017258,
        0.00140024833381176,
        0.0009014152262049416,
        0.0014272110459084312,
        0.0010571254106859366,
        0.0009157473182616134,
        0.0017268572196674843,
        0.0008951021203150352,
        0.0016974559519439935,
        0.0010981130374905963,
        0.0010263277043122798,
        0.0010284361274292071,
        0.0008236949254448215,
        0.000864998953572164,
        0.0012223204248584807,
        0.0007862866118860741,
        0.0010556736669968814,
        0.000706721842288971,
        0.0005943565726435432,
        0.0008963088204230492,
        0.0008676634325335424,
        0.0007236217691873511,
        0.000648251206924518,
        0.0006060485922110577,
        0.0004729493094297747,
        0.0005600051255896688,
        0.0005482742863629635,
        0.00044522904984963435,
        0.00028140319239658613,
        0.0004257108113961294,
        0.00040264092094730584,
        0.0003369719624364128,
        0.0008228697794644783,
        0.000715614758276691,
        0.00031723875047949454,
        0.0006375485487903158,
        0.00040481348405592145,
        0.00028019472568606337,
        0.001438746884620438,
        0.0012914856527155886,
        0.00038637787220068275,
        0.0004936653984865795,
        0.0004862335088546388,
        0.0003333419071471629,
        0.00027208336784193915,
        0.0002998526276011641,
        0.00028931332053616643,
        0.00033599240511345365,
        0.00034305279744633785,
        0.00024141001728518555,
        0.00018487705650234906,
        0.0002686364091156671,
        0.00020696995852631517,
        0.0002312624398958481,
        0.0002734326708984251,
        0.00032717517412190014,
        0.00023667181570393345,
        0.0002728686849877704,
        0.00014716525911353528,
        0.00019783125220177074,
        0.00016564041264549207,
        0.0001553966979069325,
        0.0001818235767132137,
        0.00014331364848961433,
        0.00012965547599984954,
        0.0002677915685732538
    ],