{
    "test_accuracy": 0.45,
    "test_f1": 0.41314935064935066,
    "train_accuracy_history": [
        0.3,
        0.4166666666666667,
        0.55,
        0.8,
        0.7166666666666667,
        0.8166666666666667,
        0.9333333333333333,
        0.9333333333333333,
        0.95,
        0.9666666666666667,
        0.95,
        0.9333333333333333,
        0.8666666666666667,
        0.8833333333333333,
        0.9333333333333333,
        0.95,
        0.9666666666666667,
        0.9333333333333333,
        0.9666666666666667,
        0.95,
        0.9333333333333333,
        0.95,
        0.9833333333333333,
        0.95,
        0.9666666666666667,
        0.9833333333333333,
        0.9833333333333333,
        0.9666666666666667,
        1.0,
        1.0,
        1.0,
        1.0,
        1.0,
        1.0,
        1.0,
        1.0,
        1.0,
        1.0,
        1.0,
        1.0,
        1.0,
        1.0,
        1.0,
        1.0,
        1.0,
        1.0,
        1.0,
        1.0,
        1.0,
        1.0,
        1.0,
        1.0,
        1.0,
        1.0,
        1.0,
        1.0,
        1.0,
        1.0,
        1.0,
        1.0,
        1.0,
        1.0,
        1.0,
        1.0,
        1.0,
        1.0,
        1.0,
        1.0,
        1.0,
        1.0,
        1.0,
        1.0,
        1.0,
        1.0,
        1.0,
        1.0,
        1.0,
        1.0,
        1.0,
        1.0,
        1.0,
        1.0,
        1.0,
        1.0,
        1.0,
        1.0,
        1.0,
        1.0,
        1.0,
        1.0,
        1.0,
        1.0,
        1.0,
        1.0,
        1.0,
        1.0,
        1.0,
        1.0,
        1.0,
        1.0
    ],
    "val_accuracy_history": [
        0.25,
        0.2,
        0.4,
        0.25,
        0.25,
        0.4,
        0.4,
        0.3,
        0.45,
        0.3,
        0.35,
        0.25,
        0.2,
        0.15,
        0.25,
        0.45,
        0.45,
        0.45,
        0.15,
        0.25,
        0.25,
        0.45,
        0.45,
        0.5,
        0.55,
        0.45,
        0.45,
        0.55,
        0.45,
        0.55,
        0.45,
        0.55,
        0.6,
        0.5,
        0.5,
        0.55,
        0.55,
        0.55,
        0.55,
        0.55,
        0.55,
        0.55,
        0.55,
        0.55,
        0.55,
        0.55,
        0.55,
        0.55,
        0.55,
        0.55,
        0.55,
        0.6,
        0.6,
        0.6,
        0.6,
        0.6,
        0.6,
        0.6,
        0.6,
        0.6,
        0.6,
        0.6,
        0.55,
        0.6,
        0.6,
        0.55,
        0.6,
        0.6,
        0.55,
        0.6,
        0.6,
        0.6,
        0.6,
        0.55,
        0.55,
        0.55,
        0.5,
        0.5,
        0.5,
        0.5,
        0.55,
        0.55,
        0.5,
        0.5,
        0.55,
        0.55,
        0.55,
        0.55,
        0.55,
        0.55,
        0.55,
        0.55,
        0.55,
        0.55,
        0.55,
        0.55,
        0.55,
        0.55,
        0.55,
        0.55
    ],
    "train_loss_history": [
        0.556363441546758,
        0.4301083674033483,
        0.24887066384156545,
        0.16122525533040363,
        0.20674216424425443,
        0.11129775065928697,
        0.07036221893504262,
        0.04742581133226243,
        0.030397197355826695,
        0.02601654046641973,
        0.05251991177210584,
        0.05400717029697262,
        0.09865377042442561,
        0.10694343391805887,
        0.05413384734953676,
        0.03331044428729608,
        0.021810966153861956,
        0.03851755824531817,
        0.029231168417239436,
        0.029875593911856412,
        0.08818919227148096,
        0.023685281233277542,
        0.014850573365401942,
        0.030540270846722707,
        0.02485088218478874,
        0.0056197686422213644,
        0.008139952032797737,
        0.030170898394620355,
        0.0017052550071336252,
        0.0020856762523180803,
        0.0024028835692054902,
        0.0007194165564821257,
        0.000390923096225985,
        0.0022273743307778203,
        0.0014075499113118894,
        0.0003590544836091188,
        0.00033047920017755433,
        0.0008844543062878074,
        0.00020227552330046212,
        0.00033649008437350856,
        0.00037334646379652743,
        9.522887905480578e-05,
        0.00013260898095950323,
        0.00035495622429759045,
        8.354958875618952e-05,
        7.568090485392532e-05,
        0.0002082243198553139,
        3.185938882476573e-05,
        0.0003593505352606977,
        0.0006795603041931978,
        7.043135595570978e-05,
        0.00010915401092764417,
        0.00020376271252189326,
        0.000207514359757018,
        3.036479043506309e-05,
        0.00010320055977596591,
        2.8133214434925928e-05,
        3.687624570526775e-05,
        4.47281460310478e-05,
        4.944147638070717e-05,
        4.348859416343961e-05,
        2.885570541669343e-05,
        9.450309242614215e-05,
        2.9524994746073694e-05,
        0.0001269843860503291,
        7.839253203201224e-05,
        5.982062424815619e-05,
        3.721952926601565e-05,
        2.7356614562753142e-05,
        3.726236452621379e-05,
        4.192175441630752e-05,
        1.9374348833404536e-05,
        7.165025257715267e-05,
        0.0006792325839758936,
        5.254087382885094e-05,
        4.008209287652183e-05,
        4.231663719262239e-05,
        4.1876348908923926e-05,
        9.86648706126895e-05,
        4.9496746350996544e-05,
        4.416173704460865e-05,
        1.9067636958425283e-05,
        4.513176733193328e-05,
        2.4995926401061298e-05,
        5.813825623590674e-05,
        4.236455278411692e-05,
        2.7448240192976906e-05,
        7.387177422515378e-05,
        1.9124075856780108e-05,
        3.4821392106702356e-05,
        1.8455136447907232e-05,
        3.070985909137865e-05,
        1.3699390539538096e-05,
        1.5993745531280486e-05,
        1.9944728577077817e-05,
        2.0891734595807066e-05,
        3.2128825927202344e-05,
        2.4673383321290507e-05,
        0.0001661421561266252,
        1.0778200862660015e-05
    ],