{
    "test_accuracy": 0.5625,
    "test_f1": 0.5588735991549292,
    "train_accuracy_history": [
        0.2833333333333333,
        0.35833333333333334,
        0.425,
        0.4,
        0.4875,
        0.4666666666666667,
        0.5083333333333333,
        0.5541666666666667,
        0.5958333333333333,
        0.6125,
        0.5541666666666667,
        0.6,
        0.6333333333333333,
        0.7208333333333333,
        0.7,
        0.7416666666666667,
        0.725,
        0.6083333333333333,
        0.6958333333333333,
        0.85,
        0.775,
        0.8333333333333334,
        0.8291666666666667,
        0.8375,
        0.8666666666666667,
        0.8625,
        0.8083333333333333,
        0.75,
        0.8583333333333333,
        0.8833333333333333,
        0.8958333333333334,
        0.8333333333333334,
        0.7833333333333333,
        0.8375,
        0.85,
        0.8291666666666667,
        0.9,
        0.9208333333333333,
        0.9166666666666666,
        0.8208333333333333,
        0.7958333333333333,
        0.825,
        0.8916666666666667,
        0.8875,
        0.8916666666666667,
        0.8208333333333333,
        0.8583333333333333,
        0.8708333333333333,
        0.9,
        0.9458333333333333,
        0.8916666666666667,
        0.8875,
        0.75,
        0.8833333333333333,
        0.8708333333333333,
        0.8583333333333333,
        0.9333333333333333,
        0.9416666666666667,
        0.9666666666666667,
        0.9583333333333334,
        0.9625,
        0.9708333333333333,
        0.9625,
        0.9708333333333333,
        0.9416666666666667,
        0.8958333333333334,
        0.7791666666666667,
        0.7,
        0.45,
        0.725,
        0.875,
        0.9083333333333333,
        0.9375,
        0.9291666666666667,
        0.95,
        0.9666666666666667,
        0.975,
        0.9666666666666667,
        0.9791666666666666,
        0.9833333333333333,
        0.9708333333333333,
        0.975,
        0.9666666666666667,
        0.975,
        0.9875,
        0.9875,
        0.9791666666666666,
        0.9833333333333333,
        0.9833333333333333,
        0.9791666666666666,
        0.9666666666666667,
        0.7958333333333333,
        0.8125,
        0.9541666666666667,
        0.9708333333333333,
        0.9625,
        0.9833333333333333,
        0.9791666666666666,
        0.9833333333333333,
        0.9875
    ],
    "val_accuracy_history": [
        0.25,
        0.3125,
        0.2625,
        0.2875,
        0.3875,
        0.3375,
        0.45,
        0.375,
        0.4375,
        0.425,
        0.375,
        0.425,
        0.4125,
        0.475,
        0.5,
        0.525,
        0.5,
        0.4625,
        0.65,
        0.575,
        0.6125,
        0.625,
        0.625,
        0.6125,
        0.6625,
        0.65,
        0.6375,
        0.5625,
        0.65,
        0.4875,
        0.5125,
        0.575,
        0.575,
        0.65,
        0.5,
        0.575,
        0.6875,
        0.6375,
        0.55,
        0.5875,
        0.6375,
        0.6375,
        0.6375,
        0.575,
        0.7,
        0.5875,
        0.525,
        0.5125,
        0.675,
        0.6375,
        0.675,
        0.6125,
        0.55,
        0.65,
        0.5625,
        0.55,
        0.6375,
        0.6375,
        0.625,
        0.675,
        0.6375,
        0.6375,
        0.6625,
        0.5875,
        0.675,
        0.5625,
        0.5,
        0.45,
        0.525,
        0.575,
        0.6125,
        0.6375,
        0.6375,
        0.6625,
        0.6625,
        0.65,
        0.6375,
        0.6375,
        0.65,
        0.6375,
        0.65,
        0.6375,
        0.65,
        0.6375,
        0.6625,
        0.6875,
        0.6625,
        0.65,
        0.65,
        0.6625,
        0.6375,
        0.4875,
        0.6125,
        0.6125,
        0.6375,
        0.6625,
        0.6375,
        0.625,
        0.6375,
        0.6375
    ],
    "train_loss_history": [
        7.953352519373099,
        0.4724871357282003,
        0.35958495462934176,
        0.3697818011045456,
        0.2909571800380945,
        0.32223834628239273,
        0.2874248077472051,
        0.3441204157968362,
        0.28185487346102794,
        0.25463554716358583,
        0.3011279221624136,
        0.2371319913615783,
        0.21991607888291279,
        0.1846797026693821,
        0.17184132278586428,
        0.17235961753564577,
        0.1773306574827681,
        0.280779612933596,
        0.18307210738615443,
        0.12559311816779276,
        0.1474006831413135,
        0.12125938250683248,
        0.12858090444157522,
        0.1096996713274469,
        0.09708718659627873,
        0.10520232594572007,
        0.13483630861155688,
        0.14986624471688023,
        0.10442626935461401,
        0.08823721484750421,
        0.09279353972912456,
        0.12439844671753235,
        0.1635687486753644,
        0.11793245528557843,
        0.1168898876348976,
        0.10754666923700522,
        0.09401029900861128,
        0.07294055675132162,
        0.06351838396221865,
        0.1435275479995956,
        0.195150460443377,
        0.1565433151916295,
        0.08543108827337467,
        0.0837222026103215,
        0.07654086949090318,
        0.10778706908943908,
        0.103803255414338,
        0.10645498881155314,
        0.07276748132353532,
        0.060667545779263796,
        0.08504879584737259,
        0.09860868860462992,
        0.27972462247077295,
        0.1034993975100709,
        0.11109837519082551,
        0.11279856202575805,
        0.05031583188926258,
        0.04038189872359605,
        0.030670227624068503,
        0.0320058548290793,
        0.024494326246349375,
        0.026196459044149377,
        0.027086036286891612,
        0.031511388870088315,
        0.045573086802888456,
        0.0851747284030959,
        0.32329495008228454,
        0.6150916476000206,
        2.2563188118549684,
        0.2548218246691249,
        0.10192549815825866,
        0.07342601862813657,
        0.051454551641169625,
        0.05335105913012133,
        0.04188863788052307,
        0.032348839730305674,
        0.0307377172111804,
        0.028151033109679702,
        0.024352834927776713,
        0.02506484693545114,
        0.02218466278379007,
        0.031593028264993946,
        0.025604662301096443,
        0.017820419769122964,
        0.01648999384997296,
        0.015159316730569116,
        0.01817847738753926,
        0.014104194908456217,
        0.011394179300380803,
        0.022922928868918765,
        0.027359518235878965,
        0.38702248794926486,
        0.18239084583104462,
        0.0474063425350522,
        0.02536139104186077,
        0.022659019809028298,
        0.02260507639566889,
        0.0156804533922994,
        0.017812640461878006,
        0.01345523249000659
    ],