{
    "test_accuracy": 0.32,
    "test_f1": 0.32333333333333336,
    "train_accuracy_history": [
        0.24,
        0.4533333333333333,
        0.5333333333333333,
        0.7333333333333333,
        0.8133333333333334,
        0.9466666666666667,
        0.9466666666666667,
        0.9466666666666667,
        1.0,
        0.9733333333333334,
        1.0,
        1.0,
        1.0,
        1.0,
        1.0,
        1.0,
        1.0,
        1.0,
        1.0,
        1.0,
        1.0,
        1.0,
        1.0,
        1.0,
        1.0,
        1.0,
        1.0,
        1.0,
        1.0,
        1.0,
        1.0,
        1.0,
        1.0,
        1.0,
        1.0,
        1.0,
        1.0,
        1.0,
        1.0,
        1.0,
        1.0,
        1.0,
        1.0,
        1.0,
        1.0,
        1.0,
        1.0,
        1.0,
        1.0,
        1.0,
        1.0,
        1.0,
        1.0,
        1.0,
        1.0,
        1.0,
        1.0,
        1.0,
        1.0,
        1.0,
        1.0,
        1.0,
        1.0,
        1.0,
        1.0,
        1.0,
        1.0,
        1.0,
        1.0,
        1.0,
        1.0,
        1.0,
        1.0,
        1.0,
        1.0,
        1.0,
        1.0,
        1.0,
        1.0,
        1.0,
        1.0,
        1.0,
        1.0,
        1.0,
        1.0,
        1.0,
        1.0,
        1.0,
        1.0,
        1.0,
        1.0,
        1.0,
        1.0,
        1.0,
        1.0,
        1.0,
        1.0,
        1.0,
        1.0,
        1.0
    ],
    "val_accuracy_history": [
        0.2,
        0.2,
        0.2,
        0.2,
        0.2,
        0.2,
        0.2,
        0.2,
        0.2,
        0.2,
        0.2,
        0.2,
        0.2,
        0.2,
        0.2,
        0.28,
        0.2,
        0.16,
        0.24,
        0.2,
        0.24,
        0.2,
        0.08,
        0.32,
        0.2,
        0.4,
        0.36,
        0.28,
        0.4,
        0.16,
        0.32,
        0.36,
        0.28,
        0.36,
        0.2,
        0.28,
        0.24,
        0.28,
        0.28,
        0.16,
        0.08,
        0.2,
        0.24,
        0.2,
        0.36,
        0.4,
        0.28,
        0.36,
        0.4,
        0.36,
        0.32,
        0.48,
        0.4,
        0.36,
        0.4,
        0.44,
        0.2,
        0.32,
        0.36,
        0.32,
        0.36,
        0.2,
        0.24,
        0.16,
        0.36,
        0.4,
        0.32,
        0.36,
        0.2,
        0.28,
        0.24,
        0.4,
        0.36,
        0.4,
        0.44,
        0.28,
        0.32,
        0.32,
        0.44,
        0.36,
        0.36,
        0.4,
        0.4,
        0.4,
        0.32,
        0.28,
        0.4,
        0.4,
        0.32,
        0.32,
        0.4,
        0.4,
        0.24,
        0.28,
        0.32,
        0.32,
        0.32,
        0.44,
        0.28,
        0.36
    ],
    "train_loss_history": [
        0.43701479117075603,
        0.33088058710098267,
        0.26317289352416995,
        0.1832582300901413,
        0.1340737642844518,
        0.07439842035373052,
        0.06407669564088185,
        0.06355366557836532,
        0.05308725809057554,
        0.04274819200237592,
        0.02484726409117381,
        0.02128503476579984,
        0.018772975280880927,
        0.014297958972553412,
        0.012579156992336114,
        0.010739634074270725,
        0.008148157770435016,
        0.006586362334589164,
        0.0048720172171791394,
        0.005955526741842429,
        0.005415888403852781,
        0.006439555993614098,
        0.0036944332532584667,
        0.004352532668660084,
        0.00440141636878252,
        0.003085681122417251,
        0.0024869280867278578,
        0.002619687058031559,
        0.001851498338704308,
        0.0016362349471698205,
        0.0015583441375444332,
        0.0024471589860816795,
        0.0015688042559971413,
        0.0014784477775295576,
        0.0015187842988719543,
        0.0013807242006684344,
        0.0010946265251065295,
        0.001444785576313734,
        0.0013509529456496238,
        0.0012935282817731302,
        0.002275753909101089,
        0.0015249199854830901,
        0.0012178919347934425,
        0.001680039972998202,
        0.0011011671181768178,
        0.0009363340656273067,
        0.0010284691668736438,
        0.0007707913670067986,
        0.0008915740096320709,
        0.000559488933843871,
        0.0006297643599100411,
        0.0006348203642604251,
        0.0006903821299783885,
        0.0006282342442621787,
        0.0005613603147988518,
        0.00044014651561155913,
        0.0008144813372443119,
        0.0004472156330787887,
        0.0006172448330714057,
        0.0005682365107350051,
        0.0005419301924606164,
        0.0008064689269910256,
        0.0003735026891808957,
        0.0004911156472129127,
        0.0005416842670335123,
        0.00032166877451042335,
        0.000432753119772921,
        0.00035825974424369633,
        0.000721922911858807,
        0.0004179007882097115,
        0.00046709973190445453,
        0.0004511816892772913,
        0.0003386572604843726,
        0.00038835492334328593,
        0.00028707256618266307,
        0.0003381106373853981,
        0.00024226016908263166,
        0.0003727185456470276,
        0.000475798132441317,
        0.0002653549630971005,
        0.0003461529624958833,
        0.00022175063165680815,
        0.00035065400627596927,
        0.00021526923325533668,
        0.0002546026062918827,
        0.0002132886683102697,
        0.00022560852211123952,
        0.000239803585379074,
        0.00023479597313174358,
        0.00016813125150899093,
        0.00021658730130487433,
        0.00043137638286376996,
        0.00022625052952207625,
        0.00031334267773975926,
        0.0001828601970919408,
        0.00023421812918968498,
        0.0001554349013410198,
        0.00018315688328584656,
        0.00019799860504766305,
        0.00012753643910400569
    ],