{
    "test_accuracy": 0.575,
    "test_f1": 0.5742979935470861,
    "train_accuracy_history": [
        0.3125,
        0.32083333333333336,
        0.43333333333333335,
        0.5125,
        0.49166666666666664,
        0.5833333333333334,
        0.5875,
        0.6208333333333333,
        0.6041666666666666,
        0.5958333333333333,
        0.6625,
        0.7083333333333334,
        0.7125,
        0.7125,
        0.7583333333333333,
        0.7333333333333333,
        0.7666666666666667,
        0.8,
        0.7791666666666667,
        0.775,
        0.8,
        0.7791666666666667,
        0.8208333333333333,
        0.8125,
        0.825,
        0.8125,
        0.8333333333333334,
        0.8333333333333334,
        0.8916666666666667,
        0.8875,
        0.9083333333333333,
        0.8583333333333333,
        0.9,
        0.8958333333333334,
        0.8833333333333333,
        0.8875,
        0.9291666666666667,
        0.8916666666666667,
        0.9375,
        0.9375,
        0.9416666666666667,
        0.9416666666666667,
        0.9375,
        0.9375,
        0.95,
        0.925,
        0.9083333333333333,
        0.9291666666666667,
        0.9166666666666666,
        0.9333333333333333,
        0.9583333333333334,
        0.9416666666666667,
        0.9416666666666667,
        0.9625,
        0.9458333333333333,
        0.9541666666666667,
        0.9458333333333333,
        0.9541666666666667,
        0.9541666666666667,
        0.9708333333333333,
        0.95,
        0.9791666666666666,
        0.9666666666666667,
        0.9666666666666667,
        0.9666666666666667,
        0.975,
        0.9666666666666667,
        0.9458333333333333,
        0.9583333333333334,
        0.9375,
        0.9583333333333334,
        0.9791666666666666,
        0.975,
        0.9833333333333333,
        0.9708333333333333,
        0.9833333333333333,
        0.9666666666666667,
        0.9583333333333334,
        0.9666666666666667,
        0.975,
        0.9708333333333333,
        0.975,
        0.975,
        0.975,
        0.975,
        0.9708333333333333,
        0.9708333333333333,
        0.9583333333333334,
        0.9666666666666667,
        0.975,
        0.9875,
        0.9666666666666667,
        0.9708333333333333,
        0.975,
        0.9833333333333333,
        0.9833333333333333,
        0.9833333333333333,
        0.9833333333333333,
        0.9833333333333333,
        0.9708333333333333
    ],
    "val_accuracy_history": [
        0.25,
        0.25,
        0.2,
        0.25,
        0.25,
        0.25,
        0.325,
        0.25,
        0.4,
        0.225,
        0.25,
        0.3625,
        0.35,
        0.425,
        0.25,
        0.25,
        0.3,
        0.3625,
        0.2875,
        0.275,
        0.375,
        0.3875,
        0.3125,
        0.25,
        0.275,
        0.3875,
        0.3625,
        0.325,
        0.425,
        0.4625,
        0.375,
        0.35,
        0.3875,
        0.3375,
        0.25,
        0.375,
        0.3,
        0.3875,
        0.4125,
        0.2875,
        0.3125,
        0.375,
        0.5625,
        0.275,
        0.3125,
        0.425,
        0.275,
        0.25,
        0.3625,
        0.4375,
        0.4125,
        0.3875,
        0.5625,
        0.425,
        0.3625,
        0.4125,
        0.375,
        0.325,
        0.4,
        0.45,
        0.3875,
        0.3125,
        0.3,
        0.5125,
        0.3875,
        0.4625,
        0.375,
        0.2375,
        0.3875,
        0.475,
        0.375,
        0.5125,
        0.3625,
        0.3375,
        0.425,
        0.375,
        0.35,
        0.25,
        0.3625,
        0.5625,
        0.3625,
        0.3625,
        0.3625,
        0.325,
        0.25,
        0.3625,
        0.3875,
        0.6125,
        0.375,
        0.375,
        0.425,
        0.375,
        0.3,
        0.2875,
        0.35,
        0.2875,
        0.25,
        0.35,
        0.55,
        0.4625
    ],
    "train_loss_history": [
        0.35024635642766955,
        0.32747039943933487,
        0.30205610717336334,
        0.2724094239374002,
        0.2604374612371127,
        0.24150377263625464,
        0.24877900357047716,
        0.22297572183112305,
        0.2330118558059136,
        0.2170968523869912,
        0.21191312621037164,
        0.19185716286301613,
        0.1913402469207843,
        0.1804709956049919,
        0.16644122550884882,
        0.16298911242435377,
        0.15785284532854954,
        0.1317027949417631,
        0.14722952960679928,
        0.14992234657208126,
        0.1393426401540637,
        0.14645429579541086,
        0.12737613258262476,
        0.13610583133995532,
        0.11970944572240114,
        0.12410461194813252,
        0.12435547399024169,
        0.11638345491761963,
        0.09551668115891516,
        0.09085117845485607,
        0.07955129379406571,
        0.09563570863877734,
        0.0744691018636028,
        0.08072035586616645,
        0.09789065779962887,
        0.0780798768508248,
        0.0621256064157933,
        0.07140306471846998,
        0.05863956880445282,
        0.05556680001318455,
        0.06271979356727873,
        0.05579538787715137,
        0.05247729082281391,
        0.05229620739119127,
        0.04591344120563008,
        0.054086845150838295,
        0.05826244327084472,
        0.05523744697178093,
        0.05885488587276389,
        0.057564127879838146,
        0.0404723519187731,
        0.04574624105201413,
        0.050774826284032314,
        0.03633677675000702,
        0.046757640396632875,
        0.03793964336946374,
        0.03804019210316862,
        0.037807460970361716,
        0.038472757861018184,
        0.034568101563490924,
        0.04369654397208554,
        0.030587171538112065,
        0.032573844993021336,
        0.03350552757328842,
        0.028462302978732625,
        0.027411348659855624,
        0.026941752220348766,
        0.031776253727730366,
        0.039615213430564226,
        0.04784709791905092,
        0.03335881487776836,
        0.02490151319555783,
        0.01961434088977209,
        0.01981901330097268,
        0.024791036206685626,
        0.025199094164418057,
        0.02839489555141578,
        0.030448021902702748,
        0.029680324957007544,
        0.02751180789176336,
        0.02407301975520871,
        0.025959914596993865,
        0.025602793703243757,
        0.019267763059663896,
        0.024357076977321413,
        0.023242692552351705,
        0.023731099171952034,
        0.02530540267446971,
        0.017629952433829508,
        0.025283471646253018,
        0.015568666398515537,
        0.029149494309482785,
        0.01941170703600316,
        0.020903292185782144,
        0.0191043107198008,
        0.01703442843912247,
        0.014938438153573467,
        0.015722632620114987,
        0.01333159984642407,
        0.025994291058547486
    ],