{
    "test_accuracy": 0.25,
    "test_f1": 0.1,
    "train_accuracy_history": [
        0.31666666666666665,
        0.25,
        0.25,
        0.25,
        0.25,
        0.16666666666666666,
        0.23333333333333334,
        0.2,
        0.25,
        0.25,
        0.18333333333333332,
        0.2,
        0.25,
        0.15,
        0.25,
        0.2,
        0.25,
        0.25,
        0.25,
        0.18333333333333332,
        0.21666666666666667,
        0.21666666666666667,
        0.25,
        0.23333333333333334,
        0.25,
        0.25,
        0.21666666666666667,
        0.13333333333333333,
        0.23333333333333334,
        0.25,
        0.25,
        0.16666666666666666,
        0.21666666666666667,
        0.21666666666666667,
        0.15,
        0.25,
        0.25,
        0.26666666666666666,
        0.18333333333333332,
        0.26666666666666666,
        0.25,
        0.25,
        0.25,
        0.25,
        0.18333333333333332,
        0.25,
        0.18333333333333332,
        0.25,
        0.23333333333333334,
        0.25,
        0.18333333333333332,
        0.2,
        0.18333333333333332,
        0.2,
        0.25,
        0.25,
        0.13333333333333333,
        0.2833333333333333,
        0.25,
        0.18333333333333332,
        0.25,
        0.25,
        0.23333333333333334,
        0.25,
        0.15,
        0.18333333333333332,
        0.16666666666666666,
        0.18333333333333332,
        0.18333333333333332,
        0.18333333333333332,
        0.25,
        0.25,
        0.25,
        0.25,
        0.21666666666666667,
        0.25,
        0.2,
        0.16666666666666666,
        0.18333333333333332,
        0.21666666666666667,
        0.2833333333333333,
        0.2,
        0.23333333333333334,
        0.15,
        0.1,
        0.2,
        0.25,
        0.2,
        0.2,
        0.15,
        0.25,
        0.25,
        0.25,
        0.23333333333333334,
        0.2,
        0.15,
        0.26666666666666666,
        0.2,
        0.2,
        0.16666666666666666
    ],
    "val_accuracy_history": [
        0.25,
        0.25,
        0.25,
        0.25,
        0.25,
        0.25,
        0.25,
        0.25,
        0.25,
        0.25,
        0.25,
        0.25,
        0.25,
        0.25,
        0.25,
        0.25,
        0.25,
        0.25,
        0.25,
        0.25,
        0.25,
        0.25,
        0.25,
        0.25,
        0.25,
        0.25,
        0.25,
        0.25,
        0.25,
        0.25,
        0.25,
        0.25,
        0.25,
        0.25,
        0.25,
        0.25,
        0.25,
        0.25,
        0.25,
        0.25,
        0.25,
        0.25,
        0.25,
        0.25,
        0.25,
        0.25,
        0.25,
        0.25,
        0.25,
        0.25,
        0.25,
        0.25,
        0.25,
        0.25,
        0.25,
        0.25,
        0.25,
        0.25,
        0.25,
        0.25,
        0.25,
        0.25,
        0.25,
        0.25,
        0.25,
        0.25,
        0.25,
        0.25,
        0.25,
        0.25,
        0.25,
        0.25,
        0.25,
        0.25,
        0.25,
        0.25,
        0.25,
        0.25,
        0.25,
        0.25,
        0.25,
        0.25,
        0.25,
        0.25,
        0.25,
        0.25,
        0.25,
        0.25,
        0.25,
        0.25,
        0.25,
        0.25,
        0.25,
        0.25,
        0.25,
        0.25,
        0.25,
        0.25,
        0.25,
        0.25
    ],
    "train_loss_history": [
        4.903852520386378,
        0.35903916160265603,
        0.35527127186457313,
        0.34987101952234906,
        0.3502679427464803,
        0.3487283190091451,
        0.3497015555699666,
        0.3492448170979818,
        0.34870696663856504,
        0.34797642827034,
        0.3482811371485392,
        0.3478937307993571,
        0.3494989732901255,
        0.34838380217552184,
        0.3482471068700155,
        0.3477932333946228,
        0.3473211983839671,
        0.34749796787897747,
        0.34772021174430845,
        0.34814150134722394,
        0.3474737048149109,
        0.3485386908054352,
        0.34763362606366477,
        0.3491320192813873,
        0.3486276586850484,
        0.34700252016385397,
        0.3486935138702393,
        0.3485744059085846,
        0.34731476108233134,
        0.34735995332400005,
        0.3479989727338155,
        0.34756204883257547,
        0.3479356348514557,
        0.3474502225716909,
        0.34732189973195393,
        0.3478587845961253,
        0.34761091669400535,
        0.34742308656374615,
        0.34916480382283527,
        0.3468860288461049,
        0.3472666283448537,
        0.3473588784535726,
        0.34708635409673055,
        0.3470263103644053,
        0.3481855571269989,
        0.3477444529533386,
        0.3473940670490265,
        0.34796594381332396,
        0.347855810324351,
        0.3475683907667796,
        0.34776401122411094,
        0.34773226380348204,
        0.34688764413197837,
        0.34743865927060447,
        0.3470728000005086,
        0.34715243577957156,
        0.3496244470278422,
        0.346495920419693,
        0.34968795379002887,
        0.34827775359153745,
        0.3472877283891042,
        0.34756433963775635,
        0.34714627464612324,
        0.3474172155062358,
        0.34777125120162966,
        0.3472238520781199,
        0.34926984310150144,
        0.3472818414370219,
        0.3478473802407583,
        0.35026336709658307,
        0.34679307142893473,
        0.3477354725201925,
        0.34763354857762657,
        0.34918390909830727,
        0.3483317494392395,
        0.3473503549893697,
        0.34791659712791445,
        0.34869231780370075,
        0.34775049686431886,
        0.3480438152949015,
        0.3471048454443614,
        0.3472085336844126,
        0.3474815865357717,
        0.3492405851682027,
        0.34951959053675336,
        0.3514345328013102,
        0.34694833556811017,
        0.34749662677447,
        0.34752697745958966,
        0.348413081963857,
        0.34676849842071533,
        0.34748144149780275,
        0.3482930541038513,
        0.3475303252538045,
        0.3473871350288391,
        0.3476459264755249,
        0.34772247870763145,
        0.3474416335423787,
        0.34736399054527284,
        0.34730879465738934
    ],