{
    "test_accuracy": 0.5625,
    "test_f1": 0.5608338060124787,
    "train_accuracy_history": [
        0.325,
        0.4375,
        0.4666666666666667,
        0.5,
        0.5708333333333333,
        0.6125,
        0.6,
        0.7041666666666667,
        0.7375,
        0.7625,
        0.7333333333333333,
        0.8291666666666667,
        0.8416666666666667,
        0.7958333333333333,
        0.8541666666666666,
        0.7583333333333333,
        0.8666666666666667,
        0.9,
        0.825,
        0.8916666666666667,
        0.8833333333333333,
        0.8791666666666667,
        0.8958333333333334,
        0.875,
        0.9,
        0.8541666666666666,
        0.8833333333333333,
        0.8958333333333334,
        0.875,
        0.9083333333333333,
        0.9125,
        0.9583333333333334,
        0.9166666666666666,
        0.85,
        0.9333333333333333,
        0.9625,
        0.9166666666666666,
        0.9166666666666666,
        0.9333333333333333,
        0.9291666666666667,
        0.9625,
        0.9625,
        0.9458333333333333,
        0.9583333333333334,
        0.9416666666666667,
        0.9125,
        0.9541666666666667,
        0.9416666666666667,
        0.9125,
        0.9625,
        0.9416666666666667,
        0.9458333333333333,
        0.95,
        0.9625,
        0.975,
        0.9625,
        0.9708333333333333,
        0.9416666666666667,
        0.9208333333333333,
        0.9833333333333333,
        0.9625,
        0.9791666666666666,
        0.9875,
        0.9875,
        0.9708333333333333,
        0.9875,
        0.9833333333333333,
        0.9916666666666667,
        0.9833333333333333,
        0.9458333333333333,
        0.9791666666666666,
        0.9416666666666667,
        0.95,
        0.9583333333333334,
        0.9791666666666666,
        0.975,
        0.9666666666666667,
        0.975,
        0.9833333333333333,
        0.9791666666666666,
        0.9916666666666667,
        0.9875,
        0.9833333333333333,
        0.9708333333333333,
        0.9833333333333333,
        0.9875,
        0.925,
        0.9708333333333333,
        0.9833333333333333,
        0.9916666666666667,
        1.0,
        0.9958333333333333,
        0.9791666666666666,
        0.9916666666666667,
        1.0,
        1.0,
        1.0,
        0.9958333333333333,
        0.9916666666666667,
        0.8916666666666667
    ],
    "val_accuracy_history": [
        0.25,
        0.375,
        0.3,
        0.325,
        0.3125,
        0.4125,
        0.3875,
        0.3875,
        0.3,
        0.3625,
        0.6,
        0.3,
        0.575,
        0.4,
        0.35,
        0.3875,
        0.4125,
        0.575,
        0.5375,
        0.6375,
        0.5875,
        0.4625,
        0.5,
        0.425,
        0.4625,
        0.4125,
        0.3875,
        0.5125,
        0.5,
        0.5125,
        0.35,
        0.5375,
        0.4375,
        0.4625,
        0.55,
        0.5875,
        0.45,
        0.575,
        0.425,
        0.55,
        0.4125,
        0.5375,
        0.5625,
        0.55,
        0.575,
        0.3625,
        0.3875,
        0.4625,
        0.475,
        0.25,
        0.475,
        0.25,
        0.4625,
        0.6375,
        0.6,
        0.6,
        0.5625,
        0.2625,
        0.65,
        0.525,
        0.4625,
        0.5,
        0.6125,
        0.525,
        0.5125,
        0.6,
        0.4625,
        0.625,
        0.425,
        0.575,
        0.525,
        0.325,
        0.475,
        0.4375,
        0.5125,
        0.4,
        0.475,
        0.4,
        0.425,
        0.575,
        0.5875,
        0.1625,
        0.55,
        0.5375,
        0.4875,
        0.575,
        0.5125,
        0.5875,
        0.5625,
        0.5,
        0.5625,
        0.5,
        0.5625,
        0.6,
        0.6,
        0.5625,
        0.6,
        0.575,
        0.5625,
        0.25
    ],
    "train_loss_history": [
        0.4016707291205724,
        0.32399239391088486,
        0.3064159204562505,
        0.2869899732371171,
        0.2438768481214841,
        0.2433914634709557,
        0.23300260516504448,
        0.21063119377940892,
        0.19192233957971136,
        0.16265386720187963,
        0.16389714535325767,
        0.13574214773252608,
        0.12933104825206101,
        0.13625102161119382,
        0.11571879514182608,
        0.17522833325589696,
        0.1018265085760504,
        0.0904143961185279,
        0.13566031175820778,
        0.09403153252011785,
        0.08532310693214337,
        0.08201300361348937,
        0.0811673344578594,
        0.08673939244472421,
        0.07189140732904585,
        0.10084510977418783,
        0.08360434692973892,
        0.08885102780574622,
        0.06576693254949835,
        0.049034363789057046,
        0.060128517288103464,
        0.04036131885804935,
        0.06218236997301574,
        0.10665490257088095,
        0.05801885815841767,
        0.033701284672133625,
        0.05787915618687597,
        0.05313564804109774,
        0.05961097483911241,
        0.04561275317100808,
        0.027036829910988065,
        0.03565925925067859,
        0.03556315706033881,
        0.028238955734317037,
        0.0400803431723034,
        0.07892669996896681,
        0.033485481418514006,
        0.044702337153285046,
        0.05098948098020628,
        0.03556714699273774,
        0.047966131967647624,
        0.03993037947754298,
        0.04658854880387177,
        0.02675443993624261,
        0.016380078804286314,
        0.02000052436706028,
        0.02110155382360972,
        0.04643648617905759,
        0.08229198422141053,
        0.018112362710235176,
        0.020508442848464863,
        0.02118111044158771,
        0.01297414663034336,
        0.006927860870382574,
        0.016001734554720315,
        0.013349089456551156,
        0.014904104647939675,
        0.012125060777361796,
        0.011724214072334387,
        0.033833844637107785,
        0.019044737944932423,
        0.046393075636782063,
        0.04211265531036285,
        0.03188728661862115,
        0.02067198032406547,
        0.01539799552738259,
        0.022373803444133956,
        0.016849742427196664,
        0.01331969213395799,
        0.017200656334322655,
        0.004247036892835846,
        0.012821990805681102,
        0.010897094695110354,
        0.016124389760413273,
        0.013549490849497185,
        0.01622251966091426,
        0.0638431762643601,
        0.02069754568165081,
        0.01386755158109736,
        0.006402781530838789,
        0.002345772842303025,
        0.003044596432869184,
        0.015381751887343854,
        0.004288880657910946,
        0.0018797070617665667,
        0.0016266189791489674,
        0.0010068085547876157,
        0.004919965572052358,
        0.005490847645804328,
        0.09244774943695878
    ],