{
    "test_accuracy": 0.7,
    "test_f1": 0.6703296703296704,
    "train_accuracy_history": [
        0.5666666666666667,
        0.7666666666666667,
        0.9,
        0.9,
        0.9333333333333333,
        0.9333333333333333,
        1.0,
        1.0,
        1.0,
        1.0,
        1.0,
        1.0,
        1.0,
        1.0,
        1.0,
        1.0,
        1.0,
        1.0,
        1.0,
        1.0,
        1.0,
        1.0,
        1.0,
        1.0,
        1.0,
        1.0,
        1.0,
        1.0,
        1.0,
        1.0,
        1.0,
        1.0,
        1.0,
        1.0,
        1.0,
        1.0,
        1.0,
        1.0,
        1.0,
        1.0,
        1.0,
        1.0,
        1.0,
        1.0,
        1.0,
        1.0,
        1.0,
        1.0,
        1.0,
        1.0,
        1.0,
        1.0,
        1.0,
        1.0,
        1.0,
        1.0,
        1.0,
        1.0,
        1.0,
        1.0,
        1.0,
        1.0,
        1.0,
        1.0,
        1.0,
        1.0,
        1.0,
        1.0,
        1.0,
        1.0,
        1.0,
        1.0,
        1.0,
        1.0,
        1.0,
        1.0,
        1.0,
        1.0,
        1.0,
        1.0,
        1.0,
        1.0,
        1.0,
        1.0,
        1.0,
        1.0,
        1.0,
        1.0,
        1.0,
        1.0,
        1.0,
        1.0,
        1.0,
        1.0,
        1.0,
        1.0,
        1.0,
        1.0,
        1.0,
        1.0
    ],
    "val_accuracy_history": [
        0.4,
        0.4,
        0.6,
        0.4,
        0.4,
        0.4,
        0.4,
        0.4,
        0.5,
        0.4,
        0.4,
        0.4,
        0.6,
        0.7,
        0.4,
        0.4,
        0.4,
        0.4,
        0.6,
        0.6,
        0.6,
        0.5,
        0.4,
        0.4,
        0.4,
        0.6,
        0.4,
        0.8,
        0.6,
        0.6,
        0.7,
        0.5,
        0.4,
        0.4,
        0.4,
        0.4,
        0.7,
        0.7,
        0.4,
        0.4,
        0.4,
        0.4,
        0.4,
        0.8,
        0.7,
        0.6,
        0.9,
        0.9,
        0.8,
        0.4,
        0.4,
        0.4,
        0.4,
        0.5,
        0.6,
        0.6,
        0.6,
        0.8,
        0.9,
        0.8,
        0.8,
        0.6,
        0.9,
        0.8,
        0.8,
        0.7,
        0.7,
        0.6,
        0.6,
        0.5,
        0.5,
        0.7,
        0.8,
        0.8,
        0.8,
        0.7,
        0.4,
        0.4,
        0.7,
        0.8,
        0.8,
        0.8,
        0.8,
        0.8,
        0.8,
        0.8,
        0.6,
        0.4,
        0.4,
        0.4,
        0.4,
        0.4,
        0.8,
        0.9,
        0.9,
        0.7,
        0.9,
        0.7,
        0.5,
        0.4
    ],
    "train_loss_history": [
        0.22250852088133494,
        0.11608167191346487,
        0.07546712358792623,
        0.0834270715713501,
        0.04448466412723064,
        0.04225911299387614,
        0.02471324975291888,
        0.019755071898301443,
        0.013964820187538862,
        0.011857467827697594,
        0.009680083145697911,
        0.00963420004894336,
        0.00884231662688156,
        0.006110061627502243,
        0.004749471352746089,
        0.006298206141218543,
        0.0042874122348924475,
        0.003680043031151096,
        0.004128229959557454,
        0.0035662041045725346,
        0.0023448655925070246,
        0.004281380353495479,
        0.003476560073128591,
        0.001965054136235267,
        0.0018765641143545508,
        0.0010889250241840878,
        0.001500937237869948,
        0.0013621470813329022,
        0.0021796330305126808,
        0.0012474239997876187,
        0.0013886934029869735,
        0.0008018859138246625,
        0.0020974029942105216,
        0.002235293419410785,
        0.0007517558939677352,
        0.0032705723928908507,
        0.0006322014145553112,
        0.001146545047716548,
        0.0013821369929549595,
        0.0013142892353547116,
        0.001110297841175149,
        0.0007791468601984282,
        0.0017659114887161802,
        0.0017194555325356002,
        0.0008233820903114974,
        0.0007158917995790641,
        0.0009268792326717327,
        0.0006313552187445263,
        0.000525750460413595,
        0.0008445480421263103,
        0.00043892943067476154,
        0.0012438564018035928,
        0.001183581241639331,
        0.0004675484917243011,
        0.00042156034420865276,
        0.0003352717748687913,
        0.0003336712737412502,
        0.0007368492583433787,
        0.0005282804646412842,
        0.0003773334862974783,
        0.0003072309899531926,
        0.00038668977795168756,
        0.00047558494625263845,
        0.00031805693676384785,
        0.0002868411325228711,
        0.00028233970418417207,
        0.00019320650365746891,
        0.0002384440798778087,
        0.0002579701686045155,
        0.00019468715569625298,
        0.0002700938241711507,
        0.0002051067266923686,
        0.0003023466580392172,
        0.00016375288687413557,
        0.00033538037775239596,
        0.00016166601756898065,
        0.00024357264046557248,
        0.0001966693297921059,
        0.0002665417101525236,
        0.0002589233777446983,
        0.00011494059823841477,
        0.00028865077741405305,
        0.0001704132950787122,
        0.0002780385868391022,
        0.0001785850508895237,
        0.0001280747970061687,
        0.00023648190593424565,
        0.0003298601902012403,
        9.051090795158719e-05,
        0.00018143996797637859,
        0.00012690737639786676,
        0.00016013951535569503,
        0.0001909363636514172,
        8.928657128611424e-05,
        0.00014031118917046115,
        0.0001307651815295685,
        0.00013527302241224485,
        0.00017497514951780128,
        0.0001322219912253786,
        0.00011650228407233953
    ],