{
    "test_accuracy": 0.3333333333333333,
    "test_f1": 0.3444444444444444,
    "train_accuracy_history": [
        0.35555555555555557,
        0.6222222222222222,
        0.8,
        0.8888888888888888,
        0.8888888888888888,
        0.8888888888888888,
        0.8888888888888888,
        0.9111111111111111,
        0.9555555555555556,
        0.9555555555555556,
        0.9777777777777777,
        0.9777777777777777,
        1.0,
        1.0,
        1.0,
        1.0,
        1.0,
        1.0,
        1.0,
        1.0,
        1.0,
        1.0,
        1.0,
        1.0,
        1.0,
        1.0,
        1.0,
        1.0,
        1.0,
        1.0,
        1.0,
        1.0,
        1.0,
        1.0,
        1.0,
        1.0,
        1.0,
        1.0,
        1.0,
        1.0,
        1.0,
        1.0,
        1.0,
        1.0,
        1.0,
        1.0,
        1.0,
        1.0,
        1.0,
        1.0,
        1.0,
        1.0,
        1.0,
        1.0,
        1.0,
        1.0,
        1.0,
        1.0,
        1.0,
        1.0,
        1.0,
        1.0,
        1.0,
        1.0,
        1.0,
        1.0,
        1.0,
        1.0,
        1.0,
        1.0,
        1.0,
        1.0,
        1.0,
        1.0,
        1.0,
        1.0,
        1.0,
        1.0,
        1.0,
        1.0,
        1.0,
        1.0,
        1.0,
        1.0,
        1.0,
        1.0,
        1.0,
        1.0,
        1.0,
        1.0,
        1.0,
        1.0,
        1.0,
        1.0,
        1.0,
        1.0,
        1.0,
        1.0,
        1.0,
        1.0
    ],
    "val_accuracy_history": [
        0.4,
        0.13333333333333333,
        0.4666666666666667,
        0.5333333333333333,
        0.13333333333333333,
        0.13333333333333333,
        0.13333333333333333,
        0.7333333333333333,
        0.26666666666666666,
        0.13333333333333333,
        0.13333333333333333,
        0.7333333333333333,
        0.7333333333333333,
        0.7333333333333333,
        0.6,
        0.6,
        0.6,
        0.8,
        0.4666666666666667,
        0.4666666666666667,
        0.6,
        0.7333333333333333,
        0.7333333333333333,
        0.4,
        0.3333333333333333,
        0.3333333333333333,
        0.6666666666666666,
        0.5333333333333333,
        0.13333333333333333,
        0.5333333333333333,
        0.4,
        0.4,
        0.7333333333333333,
        0.6666666666666666,
        0.6,
        0.4666666666666667,
        0.6,
        0.5333333333333333,
        0.4,
        0.4,
        0.5333333333333333,
        0.5333333333333333,
        0.6666666666666666,
        0.6,
        0.7333333333333333,
        0.6,
        0.4666666666666667,
        0.4,
        0.5333333333333333,
        0.4,
        0.4,
        0.4,
        0.4,
        0.2,
        0.13333333333333333,
        0.4666666666666667,
        0.4666666666666667,
        0.6,
        0.4666666666666667,
        0.4666666666666667,
        0.4666666666666667,
        0.5333333333333333,
        0.5333333333333333,
        0.26666666666666666,
        0.4,
        0.4666666666666667,
        0.6666666666666666,
        0.6666666666666666,
        0.4666666666666667,
        0.5333333333333333,
        0.3333333333333333,
        0.5333333333333333,
        0.5333333333333333,
        0.7333333333333333,
        0.6,
        0.2,
        0.4666666666666667,
        0.4666666666666667,
        0.4,
        0.13333333333333333,
        0.4666666666666667,
        0.4666666666666667,
        0.4666666666666667,
        0.4666666666666667,
        0.4666666666666667,
        0.4,
        0.4666666666666667,
        0.4666666666666667,
        0.6,
        0.3333333333333333,
        0.6,
        0.6666666666666666,
        0.6,
        0.5333333333333333,
        0.5333333333333333,
        0.4666666666666667,
        0.6,
        0.5333333333333333,
        0.4,
        0.6
    ],
    "train_loss_history": [
        0.2950324455897013,
        0.23387900988260904,
        0.17125976814164057,
        0.13792725768354203,
        0.13435252010822296,
        0.1167864309416877,
        0.10546975235144297,
        0.07702430929574701,
        0.08612605796919928,
        0.06863028465045823,
        0.049439001600775453,
        0.04281277995841164,
        0.03112142812460661,
        0.024770802854456837,
        0.028813591682248646,
        0.018040622915658687,
        0.018778928286499446,
        0.017011722632580332,
        0.024364419612619613,
        0.013909767588807477,
        0.01197727903102835,
        0.014683038203252686,
        0.013751016433040301,
        0.008316330570313666,
        0.011330560294704304,
        0.00914315643409888,
        0.0058841582180725206,
        0.00897119405368964,
        0.010839419708483749,
        0.005473757275224974,
        0.006620524533920818,
        0.00633670420696338,
        0.0063447567970595425,
        0.006952436765034994,
        0.006320324312481616,
        0.006608867086470127,
        0.004413613635632727,
        0.0031109231006768013,
        0.0044058503531333474,
        0.004260130868189865,
        0.003228410623139805,
        0.003057526745316055,
        0.002838342771348026,
        0.003827013178832001,
        0.0031140194688406256,
        0.002473193568423287,
        0.004243914529474245,
        0.0027648820645279353,
        0.0034405139844036763,
        0.0026952215910164847,
        0.002466167129265765,
        0.0016092072499708998,
        0.0018320866213697527,
        0.0015915270196273923,
        0.004426626674830914,
        0.0023930494414849414,
        0.0021099728040604128,
        0.002077400231630438,
        0.003179791590405835,
        0.0017708021009133921,
        0.002094333296796928,
        0.001505631844823559,
        0.001756120905176633,
        0.0015632614467499984,
        0.00158075500641846,
        0.0012280056549368763,
        0.0010713713056045688,
        0.001560211642127898,
        0.0009406548329732484,
        0.0012539986443395417,
        0.0007814787543288226,
        0.0013826657448791795,
        0.0012047088899028798,
        0.0008524335998420914,
        0.0014785217910280658,
        0.0010094226803630591,
        0.001238184691626682,
        0.0011730951257050038,
        0.001124055001936439,
        0.0023614116323490936,
        0.001658187690190971,
        0.0017258446974058946,
        0.0009292576358550125,
        0.0010145980735412903,
        0.0006603535693203513,
        0.001177800627839234,
        0.0007965909886277384,
        0.000584218485487832,
        0.0010626221567185388,
        0.0006529117158303658,
        0.0007491997959328324,
        0.0004459098951580624,
        0.0007955677167046816,
        0.00048209557361486886,
        0.0010521207082395752,
        0.0005518993902822128,
        0.0006180741966495083,
        0.0004954698941825579,
        0.0006113809835773685,
        0.0023663827942477333
    ],