{
    "test_accuracy": 0.25,
    "test_f1": 0.1,
    "train_accuracy_history": [
        0.24166666666666667,
        0.225,
        0.1875,
        0.175,
        0.2125,
        0.2,
        0.2,
        0.20833333333333334,
        0.22083333333333333,
        0.19583333333333333,
        0.2375,
        0.20833333333333334,
        0.22083333333333333,
        0.22083333333333333,
        0.23333333333333334,
        0.20416666666666666,
        0.23333333333333334,
        0.23333333333333334,
        0.21666666666666667,
        0.22083333333333333,
        0.21666666666666667,
        0.1625,
        0.2125,
        0.20833333333333334,
        0.2,
        0.22916666666666666,
        0.20833333333333334,
        0.21666666666666667,
        0.25,
        0.25,
        0.22916666666666666,
        0.225,
        0.22916666666666666,
        0.22083333333333333,
        0.23333333333333334,
        0.24583333333333332,
        0.2125,
        0.17916666666666667,
        0.22916666666666666,
        0.21666666666666667,
        0.22083333333333333,
        0.225,
        0.2,
        0.2,
        0.25,
        0.21666666666666667,
        0.23333333333333334,
        0.22083333333333333,
        0.16666666666666666,
        0.225,
        0.24166666666666667,
        0.21666666666666667,
        0.22083333333333333,
        0.22083333333333333,
        0.22916666666666666,
        0.20833333333333334,
        0.25,
        0.20416666666666666,
        0.2125,
        0.19166666666666668,
        0.175,
        0.22083333333333333,
        0.225,
        0.225,
        0.23333333333333334,
        0.225,
        0.225,
        0.23333333333333334,
        0.2125,
        0.22916666666666666,
        0.225,
        0.2125,
        0.1875,
        0.19583333333333333,
        0.23333333333333334,
        0.19583333333333333,
        0.225,
        0.225,
        0.2125,
        0.19583333333333333,
        0.1875,
        0.22083333333333333,
        0.22916666666666666,
        0.22083333333333333,
        0.20416666666666666,
        0.21666666666666667,
        0.22083333333333333,
        0.18333333333333332,
        0.22916666666666666,
        0.22916666666666666,
        0.25,
        0.2375,
        0.25,
        0.2,
        0.17916666666666667,
        0.20416666666666666,
        0.23333333333333334,
        0.2375,
        0.2125,
        0.22083333333333333
    ],
    "val_accuracy_history": [
        0.25,
        0.25,
        0.25,
        0.25,
        0.25,
        0.25,
        0.25,
        0.25,
        0.25,
        0.25,
        0.25,
        0.25,
        0.25,
        0.25,
        0.25,
        0.25,
        0.25,
        0.25,
        0.25,
        0.25,
        0.25,
        0.25,
        0.25,
        0.25,
        0.25,
        0.25,
        0.25,
        0.25,
        0.25,
        0.25,
        0.25,
        0.25,
        0.25,
        0.25,
        0.25,
        0.25,
        0.25,
        0.25,
        0.25,
        0.25,
        0.25,
        0.25,
        0.25,
        0.25,
        0.25,
        0.25,
        0.25,
        0.25,
        0.25,
        0.25,
        0.25,
        0.25,
        0.25,
        0.25,
        0.25,
        0.25,
        0.25,
        0.25,
        0.25,
        0.25,
        0.25,
        0.25,
        0.25,
        0.25,
        0.25,
        0.25,
        0.25,
        0.25,
        0.25,
        0.25,
        0.25,
        0.25,
        0.25,
        0.25,
        0.25,
        0.25,
        0.25,
        0.25,
        0.25,
        0.25,
        0.25,
        0.25,
        0.25,
        0.25,
        0.25,
        0.25,
        0.25,
        0.25,
        0.25,
        0.25,
        0.25,
        0.25,
        0.25,
        0.25,
        0.25,
        0.25,
        0.25,
        0.25,
        0.25,
        0.25
    ],
    "train_loss_history": [
        0.3520873010158539,
        0.34805037726958593,
        0.347756560643514,
        0.3473698914051056,
        0.34750166684389117,
        0.34747623254855475,
        0.34762638608614604,
        0.34728725751241046,
        0.34748701453208924,
        0.3473216330011686,
        0.3470693250497182,
        0.3473490536212921,
        0.34744711965322495,
        0.34765060792366664,
        0.3471663072705269,
        0.3485384275515874,
        0.34797760397195815,
        0.34729074239730834,
        0.3475521758198738,
        0.34754226803779603,
        0.3473115866382917,
        0.34770843585332234,
        0.3470273847381274,
        0.347206408282121,
        0.3478758787115415,
        0.34772814363241195,
        0.3487510790427526,
        0.3476790467898051,
        0.3479689761996269,
        0.3475669453541438,
        0.3475330909093221,
        0.34795946925878524,
        0.34741588433583576,
        0.3475064019362132,
        0.34766140232483544,
        0.3474818468093872,
        0.3474588120977084,
        0.34759034564097724,
        0.34725156873464585,
        0.34728905459245046,
        0.34753218044837314,
        0.34769168148438134,
        0.34767376631498337,
        0.347683377067248,
        0.34765212585528693,
        0.3479143018523852,
        0.3478269045551618,
        0.3476990133523941,
        0.34807709207137427,
        0.3475372165441513,
        0.34799255182345706,
        0.3477630411585172,
        0.3473346119125684,
        0.3474928870797157,
        0.34783194959163666,
        0.3480057949821154,
        0.3475039174159368,
        0.3475292642911275,
        0.3475393787026405,
        0.3476757893959681,
        0.34767094055811565,
        0.34783650835355123,
        0.3476463153958321,
        0.3477561796704928,
        0.34750731935103735,
        0.3472285563747088,
        0.3473509356379509,
        0.34725869049628577,
        0.3475875039895376,
        0.3474099511901538,
        0.3480082765221596,
        0.3481245016058286,
        0.34752942125002545,
        0.3475766311089198,
        0.3476462587714195,
        0.34735799580812454,
        0.34779308587312696,
        0.3477837497989337,
        0.347090249756972,
        0.3476064135630926,
        0.3473699813087781,
        0.34762950291236244,
        0.3475249374906222,
        0.3476568654179573,
        0.3471333583196004,
        0.3473767230908076,
        0.3470275635520617,
        0.347403480609258,
        0.34713725199302037,
        0.34783247609933216,
        0.34727684209744136,
        0.3472834895054499,
        0.3475623965263367,
        0.3478807012240092,
        0.3475947747627894,
        0.3472407778104146,
        0.34758950521548587,
        0.34749377965927125,
        0.3473131974538167,
        0.34736198037862775
    ],