{
    "test_accuracy": 0.5,
    "test_f1": 0.5109126984126984,
    "train_accuracy_history": [
        0.31666666666666665,
        0.6333333333333333,
        0.75,
        0.8666666666666667,
        1.0,
        0.9833333333333333,
        1.0,
        1.0,
        1.0,
        1.0,
        1.0,
        1.0,
        1.0,
        1.0,
        1.0,
        1.0,
        1.0,
        1.0,
        1.0,
        1.0,
        1.0,
        1.0,
        1.0,
        1.0,
        1.0,
        1.0,
        1.0,
        1.0,
        1.0,
        1.0,
        1.0,
        1.0,
        1.0,
        1.0,
        1.0,
        1.0,
        1.0,
        1.0,
        1.0,
        1.0,
        1.0,
        1.0,
        1.0,
        1.0,
        1.0,
        1.0,
        1.0,
        1.0,
        1.0,
        1.0,
        1.0,
        1.0,
        1.0,
        1.0,
        1.0,
        1.0,
        1.0,
        1.0,
        1.0,
        1.0,
        1.0,
        1.0,
        1.0,
        1.0,
        1.0,
        1.0,
        1.0,
        1.0,
        1.0,
        1.0,
        1.0,
        1.0,
        1.0,
        1.0,
        1.0,
        1.0,
        1.0,
        1.0,
        1.0,
        1.0,
        1.0,
        1.0,
        1.0,
        1.0,
        1.0,
        1.0,
        1.0,
        1.0,
        1.0,
        1.0,
        1.0,
        1.0,
        1.0,
        1.0,
        1.0,
        1.0,
        1.0,
        1.0,
        1.0,
        1.0
    ],
    "val_accuracy_history": [
        0.25,
        0.25,
        0.25,
        0.25,
        0.35,
        0.25,
        0.4,
        0.3,
        0.4,
        0.25,
        0.55,
        0.25,
        0.25,
        0.5,
        0.55,
        0.45,
        0.55,
        0.6,
        0.5,
        0.65,
        0.6,
        0.45,
        0.7,
        0.65,
        0.55,
        0.7,
        0.6,
        0.5,
        0.6,
        0.3,
        0.45,
        0.5,
        0.7,
        0.6,
        0.6,
        0.7,
        0.5,
        0.6,
        0.65,
        0.55,
        0.65,
        0.65,
        0.6,
        0.65,
        0.7,
        0.7,
        0.7,
        0.6,
        0.65,
        0.65,
        0.65,
        0.65,
        0.65,
        0.65,
        0.5,
        0.4,
        0.4,
        0.6,
        0.6,
        0.65,
        0.65,
        0.65,
        0.65,
        0.65,
        0.65,
        0.7,
        0.65,
        0.65,
        0.65,
        0.65,
        0.65,
        0.65,
        0.65,
        0.65,
        0.65,
        0.65,
        0.65,
        0.65,
        0.65,
        0.65,
        0.65,
        0.65,
        0.65,
        0.6,
        0.65,
        0.65,
        0.5,
        0.65,
        0.65,
        0.65,
        0.65,
        0.7,
        0.65,
        0.65,
        0.65,
        0.65,
        0.65,
        0.65,
        0.65,
        0.35
    ],
    "train_loss_history": [
        0.3640985369682312,
        0.23768349637587866,
        0.1566415416697661,
        0.1012234223385652,
        0.051417058085401854,
        0.03664953626381854,
        0.02363394626105825,
        0.014234118427460392,
        0.013790400644453863,
        0.012926103764524062,
        0.012462418456561864,
        0.012649728590622545,
        0.007098450818254302,
        0.004620940928968291,
        0.004265280457912013,
        0.00303368354216218,
        0.003098932603218903,
        0.0024891752866096793,
        0.002125566747660438,
        0.00196151818575648,
        0.0014715908347473791,
        0.0029690179605192193,
        0.001429215157016491,
        0.0012515862559666856,
        0.0010648167294372494,
        0.0015015780683218813,
        0.0009116922573108847,
        0.0008324334363957556,
        0.0017305884772213175,
        0.001077024033293128,
        0.0010998353924757491,
        0.0009292604333798712,
        0.0006729114892853734,
        0.00045478895384197434,
        0.0010875780639859538,
        0.0006472306425469773,
        0.0005949578058789484,
        0.0007712914462899789,
        0.0004809000146148416,
        0.0006346823424488927,
        0.00034321388472259665,
        0.0005008084272655348,
        0.0004322572645226804,
        0.00031579294700350146,
        0.0005364755813692076,
        0.0004691662761615589,
        0.00024432202480966224,
        0.0002624891247251071,
        0.00023936936134608307,
        0.0002545421511361686,
        0.00030983932920207734,
        0.0003097989858360961,
        0.00030721000827422054,
        0.00024376525907428005,
        0.0009513087177765555,
        0.0003060101007577032,
        0.00033841170273565997,
        0.00021243497212708462,
        0.0001964537710591685,
        0.00017345057349302807,
        0.00016839187446748838,
        0.0005173993433951788,
        0.00017180929498863406,
        0.0001843396419038375,
        0.00017221667203557445,
        0.0001644802464094634,
        0.00016603657616845642,
        0.00015512353099135604,
        0.0001650793720424796,
        0.00013580089386474963,
        0.00015716163331186788,
        0.0001648934839370971,
        0.0001332485055172583,
        0.00013047799129708437,
        0.0001378689977476218,
        0.0001268618666169156,
        0.00010569809531565018,
        0.0001131969223933993,
        0.00012067655103843814,
        0.00011061239492846653,
        0.00010134973642076754,
        6.827039281536903e-05,
        0.0003547115785598483,
        0.00015831274031370414,
        0.00012208864330508126,
        0.00010556404910554799,
        9.977903525092794e-05,
        0.0001498118799039124,
        8.741455521885655e-05,
        0.00010669785203087183,
        4.926656905202738e-05,
        0.0001155137611021928,
        9.158993561868556e-05,
        6.033809525736918e-05,
        0.0001003793605377723,
        0.00012100630131802366,
        0.00010838149173650891,
        0.00011059131617609334,
        9.204923258797256e-05,
        0.0001854333219550123
    ],