{
    "test_accuracy": 0.6,
    "test_f1": 0.5833333333333333,
    "train_accuracy_history": [
        0.5333333333333333,
        0.7,
        0.6333333333333333,
        0.9,
        0.9,
        0.9,
        0.9333333333333333,
        0.9,
        0.9333333333333333,
        0.9666666666666667,
        0.9,
        0.9,
        0.9333333333333333,
        1.0,
        1.0,
        0.9666666666666667,
        0.9666666666666667,
        1.0,
        1.0,
        1.0,
        1.0,
        1.0,
        1.0,
        1.0,
        1.0,
        1.0,
        1.0,
        1.0,
        1.0,
        1.0,
        1.0,
        1.0,
        1.0,
        1.0,
        1.0,
        1.0,
        1.0,
        1.0,
        1.0,
        1.0,
        1.0,
        1.0,
        1.0,
        1.0,
        1.0,
        1.0,
        1.0,
        1.0,
        1.0,
        1.0,
        1.0,
        1.0,
        1.0,
        1.0,
        1.0,
        1.0,
        1.0,
        1.0,
        1.0,
        1.0,
        1.0,
        1.0,
        1.0,
        1.0,
        1.0,
        1.0,
        1.0,
        1.0,
        1.0,
        1.0,
        1.0,
        1.0,
        1.0,
        1.0,
        1.0,
        1.0,
        1.0,
        1.0,
        1.0,
        1.0,
        1.0,
        1.0,
        1.0,
        1.0,
        1.0,
        1.0,
        1.0,
        1.0,
        1.0,
        1.0,
        1.0,
        1.0,
        1.0,
        1.0,
        1.0,
        1.0,
        1.0,
        1.0,
        1.0,
        1.0
    ],
    "val_accuracy_history": [
        0.4,
        0.4,
        0.4,
        0.4,
        0.4,
        0.4,
        0.5,
        0.5,
        0.4,
        0.4,
        0.4,
        0.6,
        0.6,
        0.7,
        0.6,
        0.6,
        0.6,
        0.4,
        0.4,
        0.4,
        0.4,
        0.4,
        0.4,
        0.2,
        0.6,
        0.7,
        0.6,
        0.6,
        0.4,
        0.6,
        0.9,
        0.7,
        0.4,
        0.5,
        0.6,
        0.9,
        0.7,
        0.7,
        0.4,
        0.4,
        0.6,
        0.8,
        0.9,
        0.6,
        0.4,
        0.4,
        0.4,
        0.5,
        0.7,
        0.4,
        0.4,
        0.4,
        0.5,
        0.4,
        0.6,
        0.7,
        0.5,
        0.5,
        0.5,
        0.7,
        0.6,
        0.4,
        0.4,
        0.7,
        0.7,
        0.4,
        0.6,
        0.8,
        0.8,
        0.8,
        0.8,
        0.7,
        0.6,
        0.7,
        0.7,
        0.4,
        0.5,
        0.6,
        0.6,
        0.7,
        0.5,
        0.5,
        0.6,
        0.5,
        0.4,
        0.5,
        0.9,
        0.6,
        0.5,
        0.7,
        0.7,
        0.6,
        0.4,
        0.8,
        0.6,
        0.5,
        0.7,
        0.5,
        0.5,
        0.4
    ],
    "train_loss_history": [
        0.20697914163271586,
        0.15424979428450267,
        0.13304030696551006,
        0.10855023314555486,
        0.07959185267488161,
        0.09354674518108368,
        0.07631030331055323,
        0.07699701686700185,
        0.08415169815222422,
        0.08058902298410733,
        0.06989215339223544,
        0.06811562950412432,
        0.05611604166527589,
        0.03730572337905566,
        0.03395912821094195,
        0.03485198710113764,
        0.028894233951965966,
        0.02480858378112316,
        0.018809897328416505,
        0.018992701172828676,
        0.01240814042588075,
        0.013183260957400003,
        0.01165156476199627,
        0.01057124628374974,
        0.008248275394241016,
        0.009265201538801194,
        0.010667527094483376,
        0.01040004137903452,
        0.007877059754294653,
        0.0059968138113617895,
        0.0063611594183991356,
        0.004245166612478594,
        0.006776970609401663,
        0.005191335959049563,
        0.0033460026296476524,
        0.0034257802355568854,
        0.003344194133145114,
        0.0025915272805529335,
        0.0027702147761980694,
        0.004572850962479909,
        0.002904208400286734,
        0.002089700580108911,
        0.0016228559737404187,
        0.0021765639927859106,
        0.001493945966164271,
        0.0021653142990544437,
        0.0012743328892004986,
        0.0014556333422660827,
        0.0014948172708197187,
        0.0032766804525939126,
        0.001997843780554831,
        0.0020877202701133986,
        0.002498312744622429,
        0.0014447831805834237,
        0.001446386721606056,
        0.001312415829549233,
        0.0017683619419888903,
        0.0009464506758376956,
        0.0007920522436810037,
        0.0007045265413277472,
        0.0010453706490807235,
        0.0011527365209379544,
        0.00097879187669605,
        0.0007861749773534636,
        0.001060663696504586,
        0.0015324129451376697,
        0.0009217214887030422,
        0.0009574961615726352,
        0.0009584808877358834,
        0.0007472176027173797,
        0.0010706037224736064,
        0.0006709990790113807,
        0.0007377726559449608,
        0.00053141191698766,
        0.0005085359676741064,
        0.0004297697295745214,
        0.0005257205266389064,
        0.001050072000361979,
        0.0006083552570392688,
        0.0005338063211335491,
        0.0006337233683249603,
        0.0008518947715250154,
        0.0006016696121757074,
        0.0008625541939788188,
        0.0006420701417179467,
        0.0005099017890946319,
        0.0005144337982831833,
        0.001037040413939394,
        0.00042204520529291284,
        0.00041293597993596144,
        0.00041548224956689715,
        0.0006976325370487757,
        0.000349998131666022,
        0.00045305665456301845,
        0.001080158770006771,
        0.00041298358895195026,
        0.0006944600919572016,
        0.0004649690391185383,
        0.0005070279459080969,
        0.00043219414231619643
    ],