{
    "test_accuracy": 0.6625,
    "test_f1": 0.6787873771374489,
    "train_accuracy_history": [
        0.30833333333333335,
        0.45416666666666666,
        0.475,
        0.525,
        0.55,
        0.6166666666666667,
        0.6375,
        0.6458333333333334,
        0.6333333333333333,
        0.7333333333333333,
        0.7625,
        0.8,
        0.7833333333333333,
        0.8291666666666667,
        0.8666666666666667,
        0.7958333333333333,
        0.8791666666666667,
        0.8791666666666667,
        0.8916666666666667,
        0.9,
        0.8541666666666666,
        0.875,
        0.875,
        0.8958333333333334,
        0.9208333333333333,
        0.9083333333333333,
        0.875,
        0.9125,
        0.9208333333333333,
        0.9291666666666667,
        0.9083333333333333,
        0.925,
        0.9291666666666667,
        0.9375,
        0.9291666666666667,
        0.8958333333333334,
        0.8916666666666667,
        0.8916666666666667,
        0.8958333333333334,
        0.9291666666666667,
        0.9416666666666667,
        0.925,
        0.9291666666666667,
        0.9166666666666666,
        0.9291666666666667,
        0.9375,
        0.9,
        0.925,
        0.9583333333333334,
        0.9291666666666667,
        0.9208333333333333,
        0.9458333333333333,
        0.9416666666666667,
        0.9333333333333333,
        0.9666666666666667,
        0.925,
        0.9083333333333333,
        0.9041666666666667,
        0.9458333333333333,
        0.9291666666666667,
        0.95,
        0.9333333333333333,
        0.9625,
        0.9291666666666667,
        0.9416666666666667,
        0.9166666666666666,
        0.9583333333333334,
        0.9291666666666667,
        0.9083333333333333,
        0.9541666666666667,
        0.9708333333333333,
        0.9416666666666667,
        0.95,
        0.95,
        0.9541666666666667,
        0.9666666666666667,
        0.9333333333333333,
        0.9416666666666667,
        0.9458333333333333,
        0.9541666666666667,
        0.9625,
        0.9708333333333333,
        0.9416666666666667,
        0.9333333333333333,
        0.8958333333333334,
        0.9541666666666667,
        0.9708333333333333,
        0.9541666666666667,
        0.95,
        0.9458333333333333,
        0.975,
        0.9625,
        0.9625,
        0.9666666666666667,
        0.975,
        0.9708333333333333,
        0.9708333333333333,
        0.9791666666666666,
        0.9666666666666667,
        0.9375
    ],
    "val_accuracy_history": [
        0.35,
        0.2625,
        0.425,
        0.4,
        0.425,
        0.425,
        0.425,
        0.425,
        0.425,
        0.3625,
        0.425,
        0.475,
        0.525,
        0.55,
        0.3625,
        0.625,
        0.625,
        0.4875,
        0.6125,
        0.25,
        0.25,
        0.5,
        0.55,
        0.5375,
        0.2625,
        0.5625,
        0.375,
        0.2875,
        0.6,
        0.5875,
        0.625,
        0.425,
        0.65,
        0.6375,
        0.6875,
        0.425,
        0.55,
        0.3625,
        0.55,
        0.5125,
        0.675,
        0.7,
        0.5625,
        0.725,
        0.5875,
        0.2625,
        0.6,
        0.7,
        0.6625,
        0.5375,
        0.35,
        0.6125,
        0.5625,
        0.7125,
        0.6125,
        0.2625,
        0.55,
        0.4125,
        0.55,
        0.6375,
        0.575,
        0.3,
        0.5375,
        0.6625,
        0.6375,
        0.575,
        0.5625,
        0.425,
        0.625,
        0.525,
        0.5375,
        0.55,
        0.6125,
        0.65,
        0.4375,
        0.625,
        0.3125,
        0.5,
        0.6125,
        0.6375,
        0.45,
        0.5875,
        0.6625,
        0.525,
        0.45,
        0.5,
        0.525,
        0.65,
        0.55,
        0.5875,
        0.2875,
        0.5875,
        0.6,
        0.4125,
        0.7,
        0.675,
        0.675,
        0.5875,
        0.6875,
        0.425
    ],
    "train_loss_history": [
        0.34298280800382297,
        0.2877409440775712,
        0.2597259361296892,
        0.26254750080406664,
        0.2566030975431204,
        0.2431502642730872,
        0.2171135729799668,
        0.2104022735108932,
        0.25344646455099185,
        0.18893930284927288,
        0.16087478293726842,
        0.1305625314358622,
        0.157067297383522,
        0.12969888100051322,
        0.10986308621359057,
        0.14785306849516927,
        0.08921053525603687,
        0.09582143086978855,
        0.07148054079346669,
        0.08918313953787825,
        0.10224562977067156,
        0.10282516779843717,
        0.09537264296474555,
        0.0740107660133314,
        0.06319841081264409,
        0.08871350033053507,
        0.10486017279763474,
        0.07522223295951941,
        0.07493060158594744,
        0.055288887875697884,
        0.08170182827161625,
        0.0637722422320318,
        0.06625900953846818,
        0.04892606794795332,
        0.05809936786414861,
        0.07342385425011647,
        0.08288705045173023,
        0.08166731544673288,
        0.0864371966519684,
        0.060218634634414535,
        0.05370598100283435,
        0.05840293513901997,
        0.05600429425206433,
        0.06863140143880932,
        0.04905049226830063,
        0.04212892856102144,
        0.06693336378484674,
        0.05518836716128135,
        0.03575852956316415,
        0.04708077290039606,
        0.05120617588124077,
        0.04021957689389334,
        0.04434049743849755,
        0.04673389749900707,
        0.031891935380614696,
        0.05987354369943508,
        0.07582984479813983,
        0.06929074340344717,
        0.04068872831826411,
        0.05172340089838296,
        0.0342290421291788,
        0.04225003518195081,
        0.037133700034367695,
        0.049853110423646284,
        0.04370416186720831,
        0.06395548907188366,
        0.039838929225030975,
        0.04685479576961977,
        0.06278533394114068,
        0.025735305543336532,
        0.020804892417312242,
        0.05080172478249665,
        0.04360532806525346,
        0.04131753515309053,
        0.03734886583545934,
        0.020681520265516912,
        0.05706085209796281,
        0.04417380057600487,
        0.027229832079126895,
        0.034902919488134405,
        0.030809379225301352,
        0.019366457760558356,
        0.04422607283787177,
        0.05176441480161884,
        0.06871063762968106,
        0.04374587151188057,
        0.031242118464096316,
        0.040184515712583864,
        0.038085568180576956,
        0.027832985310730387,
        0.015344888646399105,
        0.03460165002288894,
        0.0324206728127668,
        0.03209458477534095,
        0.01703290826319943,
        0.023940339607330923,
        0.01812881176802345,
        0.014168423225664858,
        0.019925091467363622,
        0.05041894751889989
    ],