{
    "test_accuracy": 0.35,
    "test_f1": 0.30486111111111114,
    "train_accuracy_history": [
        0.2833333333333333,
        0.3,
        0.3,
        0.35,
        0.4,
        0.5,
        0.55,
        0.6666666666666666,
        0.7666666666666667,
        0.7833333333333333,
        0.8833333333333333,
        0.95,
        0.9166666666666666,
        0.9333333333333333,
        0.9333333333333333,
        1.0,
        0.9833333333333333,
        1.0,
        1.0,
        1.0,
        1.0,
        1.0,
        1.0,
        1.0,
        1.0,
        1.0,
        1.0,
        1.0,
        1.0,
        1.0,
        1.0,
        1.0,
        1.0,
        1.0,
        1.0,
        1.0,
        1.0,
        1.0,
        1.0,
        1.0,
        1.0,
        1.0,
        1.0,
        1.0,
        1.0,
        1.0,
        1.0,
        1.0,
        1.0,
        1.0,
        1.0,
        1.0,
        1.0,
        1.0,
        1.0,
        1.0,
        1.0,
        1.0,
        1.0,
        1.0,
        1.0,
        1.0,
        1.0,
        1.0,
        1.0,
        1.0,
        1.0,
        1.0,
        1.0,
        1.0,
        1.0,
        1.0,
        1.0,
        1.0,
        1.0,
        1.0,
        1.0,
        1.0,
        1.0,
        1.0,
        1.0,
        1.0,
        1.0,
        1.0,
        1.0,
        1.0,
        1.0,
        1.0,
        1.0,
        1.0,
        1.0,
        1.0,
        1.0,
        1.0,
        1.0,
        1.0,
        1.0,
        1.0,
        1.0,
        1.0
    ],
    "val_accuracy_history": [
        0.25,
        0.05,
        0.05,
        0.4,
        0.05,
        0.4,
        0.25,
        0.4,
        0.4,
        0.4,
        0.3,
        0.25,
        0.3,
        0.25,
        0.3,
        0.55,
        0.4,
        0.5,
        0.2,
        0.3,
        0.3,
        0.3,
        0.3,
        0.1,
        0.05,
        0.25,
        0.05,
        0.3,
        0.3,
        0.3,
        0.25,
        0.55,
        0.55,
        0.1,
        0.3,
        0.45,
        0.4,
        0.3,
        0.2,
        0.05,
        0.4,
        0.6,
        0.2,
        0.4,
        0.4,
        0.4,
        0.2,
        0.3,
        0.4,
        0.4,
        0.4,
        0.4,
        0.4,
        0.5,
        0.25,
        0.4,
        0.4,
        0.55,
        0.45,
        0.25,
        0.2,
        0.15,
        0.4,
        0.4,
        0.55,
        0.55,
        0.4,
        0.4,
        0.4,
        0.25,
        0.4,
        0.4,
        0.4,
        0.5,
        0.6,
        0.25,
        0.2,
        0.25,
        0.6,
        0.4,
        0.4,
        0.4,
        0.35,
        0.3,
        0.5,
        0.5,
        0.65,
        0.35,
        0.25,
        0.5,
        0.45,
        0.4,
        0.4,
        0.5,
        0.3,
        0.6,
        0.4,
        0.55,
        0.15,
        0.2
    ],
    "train_loss_history": [
        0.36375946203867593,
        0.34744853178660073,
        0.34721009333928426,
        0.3297977884610494,
        0.31063220103581746,
        0.28231135904788973,
        0.26471584240595497,
        0.23625845511754354,
        0.2032132734855016,
        0.17822333176930746,
        0.14946783433357874,
        0.12305007229248682,
        0.11423480982581774,
        0.09601044754187266,
        0.08735625396172206,
        0.06908800899982452,
        0.06325899387399356,
        0.05470781090358893,
        0.044724047432343164,
        0.03452321862181028,
        0.035134674857060115,
        0.029807114725311598,
        0.022761074329415956,
        0.023951557526985804,
        0.019724265361825626,
        0.014598824363201857,
        0.014909771022697289,
        0.011720521748065949,
        0.009329766687005758,
        0.009978281753137707,
        0.008716820615033309,
        0.007592085221161445,
        0.008105581083024541,
        0.007530313186968366,
        0.0066967255435884,
        0.005145233791942398,
        0.004619765079890688,
        0.004879800245786706,
        0.004679894633591175,
        0.0037577697696785134,
        0.005152630262697736,
        0.0041859747686733804,
        0.0034608829999342563,
        0.0044976264781629045,
        0.00298961471611013,
        0.0023124944185838104,
        0.0036429867148399355,
        0.0036988013967250784,
        0.0025063497790445886,
        0.0025930619643380246,
        0.002186020999215543,
        0.0023582451588784656,
        0.002166636206675321,
        0.0025832907490742703,
        0.0017938348231837154,
        0.0017951838672161102,
        0.002546105654134105,
        0.0020019826712086796,
        0.002029495135260125,
        0.0014952937645527223,
        0.00124930960785908,
        0.0014546443941071629,
        0.0018472731967146198,
        0.0016967598930932581,
        0.0012808852440988024,
        0.0012171995049963394,
        0.0010737110589010021,
        0.0015708766838846107,
        0.0012474718639471879,
        0.0011582329830465217,
        0.0014375156858780732,
        0.0008290979351537923,
        0.0008338035879811893,
        0.0008929346300040682,
        0.0007502317467393975,
        0.0008875270568144818,
        0.0007646675726088385,
        0.0008658660051878541,
        0.000782536754074196,
        0.0007333314570132643,
        0.0008016084049207469,
        0.0006971010133080805,
        0.0006047504274950673,
        0.0006596629682462662,
        0.000523437278267617,
        0.0007290619289657722,
        0.0005732307259070997,
        0.0005736321948158244,
        0.0005728662537876517,
        0.000509400584269315,
        0.0006517252797493712,
        0.0004950745458093782,
        0.0006853303406387567,
        0.000638397293126521,
        0.00047391033343349893,
        0.0005086156694839398,
        0.00046729692160928,
        0.0005018043942982331,
        0.0004901006352156401,
        0.0005244972800331501
    ],