{
    "test_accuracy": 0.55,
    "test_f1": 0.5521492488705604,
    "train_accuracy_history": [
        0.3,
        0.4041666666666667,
        0.35833333333333334,
        0.4166666666666667,
        0.4708333333333333,
        0.4083333333333333,
        0.44583333333333336,
        0.49166666666666664,
        0.475,
        0.5041666666666667,
        0.5291666666666667,
        0.49166666666666664,
        0.6125,
        0.5166666666666667,
        0.5791666666666667,
        0.575,
        0.5875,
        0.6083333333333333,
        0.3541666666666667,
        0.49166666666666664,
        0.49166666666666664,
        0.4708333333333333,
        0.5833333333333334,
        0.6333333333333333,
        0.5958333333333333,
        0.6041666666666666,
        0.675,
        0.65,
        0.6083333333333333,
        0.6,
        0.6666666666666666,
        0.6666666666666666,
        0.6583333333333333,
        0.65,
        0.6166666666666667,
        0.6833333333333333,
        0.6833333333333333,
        0.6708333333333333,
        0.6333333333333333,
        0.6416666666666667,
        0.6291666666666667,
        0.6958333333333333,
        0.6291666666666667,
        0.6416666666666667,
        0.65,
        0.7041666666666667,
        0.6541666666666667,
        0.6291666666666667,
        0.6666666666666666,
        0.6875,
        0.6791666666666667,
        0.6416666666666667,
        0.5958333333333333,
        0.6333333333333333,
        0.625,
        0.6666666666666666,
        0.6958333333333333,
        0.625,
        0.6666666666666666,
        0.6625,
        0.6958333333333333,
        0.7,
        0.6458333333333334,
        0.6916666666666667,
        0.6916666666666667,
        0.6625,
        0.6541666666666667,
        0.7083333333333334,
        0.6833333333333333,
        0.6541666666666667,
        0.6416666666666667,
        0.6791666666666667,
        0.6541666666666667,
        0.6708333333333333,
        0.6541666666666667,
        0.6916666666666667,
        0.6875,
        0.6833333333333333,
        0.7041666666666667,
        0.65,
        0.7083333333333334,
        0.6791666666666667,
        0.7166666666666667,
        0.6416666666666667,
        0.6375,
        0.7,
        0.65,
        0.7083333333333334,
        0.725,
        0.6958333333333333,
        0.75,
        0.7166666666666667,
        0.7208333333333333,
        0.725,
        0.7208333333333333,
        0.675,
        0.6958333333333333,
        0.7125,
        0.6875,
        0.6916666666666667
    ],
    "val_accuracy_history": [
        0.3125,
        0.25,
        0.4,
        0.425,
        0.3875,
        0.3875,
        0.325,
        0.2875,
        0.45,
        0.4875,
        0.3625,
        0.4875,
        0.575,
        0.425,
        0.375,
        0.55,
        0.3625,
        0.5,
        0.5,
        0.475,
        0.4375,
        0.375,
        0.375,
        0.35,
        0.55,
        0.3375,
        0.4625,
        0.25,
        0.425,
        0.55,
        0.4125,
        0.4875,
        0.375,
        0.3125,
        0.475,
        0.5875,
        0.25,
        0.525,
        0.25,
        0.35,
        0.575,
        0.4625,
        0.6125,
        0.5625,
        0.5875,
        0.425,
        0.3875,
        0.275,
        0.4625,
        0.5,
        0.6,
        0.525,
        0.3875,
        0.5125,
        0.5375,
        0.375,
        0.5,
        0.425,
        0.4625,
        0.25,
        0.25,
        0.475,
        0.3875,
        0.25,
        0.4125,
        0.425,
        0.45,
        0.5,
        0.4375,
        0.45,
        0.25,
        0.55,
        0.5625,
        0.35,
        0.3875,
        0.575,
        0.6125,
        0.3625,
        0.5125,
        0.5,
        0.625,
        0.25,
        0.4,
        0.325,
        0.3375,
        0.4375,
        0.45,
        0.45,
        0.4375,
        0.4875,
        0.4375,
        0.575,
        0.375,
        0.45,
        0.425,
        0.5875,
        0.25,
        0.55,
        0.45,
        0.5
    ],
    "train_loss_history": [
        0.34445911025007564,
        0.31766555855671563,
        0.3174431984623273,
        0.29877786661187805,
        0.29361941044529277,
        0.295288173854351,
        0.28025141432881356,
        0.2800994729002317,
        0.2674287587404251,
        0.2732161929210027,
        0.24428056652347246,
        0.2657465341190497,
        0.2212093995263179,
        0.2811047323048115,
        0.23749606125056744,
        0.22850335333496333,
        0.23079998983691136,
        0.2046195281048616,
        0.295272638152043,
        0.26009467417995136,
        0.2667897969484329,
        0.2695476246376832,
        0.214998010545969,
        0.20174321246643862,
        0.1984300697222352,
        0.19416654979189238,
        0.1888455533112089,
        0.19229870109508435,
        0.20015280184646447,
        0.21303184553980828,
        0.18652528803795576,
        0.17981546223163605,
        0.184858765018483,
        0.1866606776913007,
        0.17520722380528847,
        0.1548151586825649,
        0.16388002578169109,
        0.18169101426998774,
        0.16673511595775684,
        0.1799497893700997,
        0.17333055057873328,
        0.16672299758841594,
        0.16321290023624896,
        0.16345741481830675,
        0.15238577115039031,
        0.15530490639309089,
        0.15842191576957704,
        0.18709477875381708,
        0.16924521569162607,
        0.15729566514492035,
        0.1641983789081375,
        0.18807254464675982,
        0.18799843750894069,
        0.1964629984771212,
        0.18742293858279785,
        0.17057501543313264,
        0.15967519612361988,
        0.19929882567375898,
        0.1695955093950033,
        0.18684672427674134,
        0.15653280646850665,
        0.14852097493906816,
        0.1553927632048726,
        0.14681495350475113,
        0.1652467210466663,
        0.14609272337208193,
        0.1701008992890517,
        0.1503226795544227,
        0.15389805094649395,
        0.16356213185936214,
        0.15560756493359804,
        0.1648940126101176,
        0.1595602549612522,
        0.17327536356945833,
        0.1633710411687692,
        0.15025538994620244,
        0.14769178138424952,
        0.15924710215379795,
        0.14062652233988046,
        0.19038639056185883,
        0.14706075862050055,
        0.14992915118734043,
        0.1458210011323293,
        0.17201831887165706,
        0.16082180912295976,
        0.14664044883102179,
        0.14806477365394433,
        0.14563865860303243,
        0.13577277436852456,
        0.14290362919370334,
        0.147422633630534,
        0.14992639664560556,
        0.13911338566492001,
        0.15218581600735584,
        0.15140847383687894,
        0.15422628360490004,
        0.15179239331434172,
        0.14438526046772798,
        0.16920194750030834,
        0.14375017701337736
    ],