{
    "test_accuracy": 0.75,
    "test_f1": 0.75,
    "train_accuracy_history": [
        0.18333333333333332,
        0.13333333333333333,
        0.25,
        0.25,
        0.3333333333333333,
        0.45,
        0.5666666666666667,
        0.6833333333333333,
        0.6833333333333333,
        0.65,
        0.7333333333333333,
        0.7833333333333333,
        0.8333333333333334,
        0.7666666666666667,
        0.8333333333333334,
        0.9166666666666666,
        0.9,
        0.9333333333333333,
        0.9,
        0.8666666666666667,
        0.8833333333333333,
        0.9166666666666666,
        0.9,
        0.9333333333333333,
        0.9666666666666667,
        1.0,
        1.0,
        0.9333333333333333,
        0.95,
        1.0,
        1.0,
        0.9666666666666667,
        0.95,
        0.95,
        0.9666666666666667,
        0.9166666666666666,
        0.9166666666666666,
        0.9666666666666667,
        0.9166666666666666,
        0.95,
        0.9666666666666667,
        0.9833333333333333,
        1.0,
        0.9833333333333333,
        0.9833333333333333,
        1.0,
        1.0,
        1.0,
        1.0,
        1.0,
        1.0,
        1.0,
        1.0,
        1.0,
        1.0,
        1.0,
        1.0,
        1.0,
        1.0,
        1.0,
        1.0,
        1.0,
        1.0,
        1.0,
        1.0,
        0.9833333333333333,
        0.9666666666666667,
        0.8666666666666667,
        0.8833333333333333,
        0.95,
        0.9,
        0.9666666666666667,
        0.9833333333333333,
        0.95,
        0.8833333333333333,
        0.95,
        0.9833333333333333,
        0.9666666666666667,
        1.0,
        1.0,
        0.9833333333333333,
        1.0,
        0.9833333333333333,
        1.0,
        1.0,
        1.0,
        1.0,
        1.0,
        1.0,
        1.0,
        1.0,
        1.0,
        1.0,
        1.0,
        1.0,
        1.0,
        1.0,
        1.0,
        1.0,
        1.0
    ],
    "val_accuracy_history": [
        0.25,
        0.25,
        0.25,
        0.25,
        0.25,
        0.25,
        0.25,
        0.25,
        0.25,
        0.45,
        0.3,
        0.25,
        0.25,
        0.25,
        0.25,
        0.25,
        0.25,
        0.5,
        0.55,
        0.4,
        0.3,
        0.3,
        0.25,
        0.35,
        0.5,
        0.65,
        0.55,
        0.25,
        0.55,
        0.4,
        0.25,
        0.3,
        0.5,
        0.25,
        0.55,
        0.45,
        0.4,
        0.2,
        0.7,
        0.7,
        0.5,
        0.4,
        0.35,
        0.5,
        0.6,
        0.7,
        0.75,
        0.65,
        0.7,
        0.5,
        0.65,
        0.65,
        0.8,
        0.65,
        0.8,
        0.8,
        0.8,
        0.65,
        0.65,
        0.65,
        0.6,
        0.65,
        0.7,
        0.7,
        0.7,
        0.65,
        0.5,
        0.55,
        0.25,
        0.3,
        0.35,
        0.5,
        0.5,
        0.5,
        0.65,
        0.6,
        0.6,
        0.6,
        0.75,
        0.7,
        0.7,
        0.75,
        0.7,
        0.75,
        0.7,
        0.7,
        0.75,
        0.75,
        0.7,
        0.7,
        0.7,
        0.65,
        0.55,
        0.55,
        0.65,
        0.65,
        0.7,
        0.7,
        0.65,
        0.7
    ],
    "train_loss_history": [
        0.3520380397637685,
        0.34868539969126383,
        0.3493442018826803,
        0.3485989054044088,
        0.3244476487239202,
        0.2744203060865402,
        0.22478723973035813,
        0.1821707104643186,
        0.15675062114993732,
        0.15755997945864994,
        0.1513020155330499,
        0.11384363869825999,
        0.09544485372801621,
        0.1379099332516489,
        0.1319575364391009,
        0.08644054047763347,
        0.05791869962704368,
        0.04608705546706915,
        0.05212952154688537,
        0.06992907846191278,
        0.06749418023973704,
        0.04483984308705355,
        0.05607288491349512,
        0.039021167829438735,
        0.021878642324979106,
        0.012091847112606047,
        0.009258069247637953,
        0.03506012367288349,
        0.02627862134662185,
        0.01267283813043226,
        0.008739685292433326,
        0.022635847822069385,
        0.02295157276851872,
        0.03135953461557316,
        0.029385055446376405,
        0.06330529565069191,
        0.050737396068871024,
        0.024158170609734953,
        0.04966418391559273,
        0.033548856268862434,
        0.018931108815983557,
        0.013936695758457063,
        0.006713090379101535,
        0.007904322442035058,
        0.006745490425176589,
        0.002376567670626173,
        0.000965866635093704,
        0.0016658731864633107,
        0.0012787912152333546,
        0.0025239207730159306,
        0.0023077476379815684,
        0.0005015068459963541,
        0.00014605398871054832,
        0.000804170872372841,
        0.00011763791440960366,
        0.0001440875937266976,
        0.0001327109571613268,
        0.0016936072494199077,
        0.0007190045913034737,
        0.00035590944084399706,
        0.0004860933264988413,
        0.0005098544608642601,
        7.576406406997193e-05,
        0.00014406473468397962,
        0.0006558711895640575,
        0.004708041431446919,
        0.014928086039677138,
        0.14022081486957633,
        0.10135497394949197,
        0.04440979136852548,
        0.029545270329739044,
        0.01977508203223503,
        0.014488780049335521,
        0.022058909921853834,
        0.05261059506598637,
        0.047081886674277484,
        0.022544742833512526,
        0.01745044337779594,
        0.006548985396511853,
        0.004874689359470116,
        0.010639857312344247,
        0.0016987066037567426,
        0.008065045278635807,
        0.0031083152957004736,
        0.0011754825018821672,
        0.0011821843048968124,
        0.0010829528142191217,
        0.0010128889222850528,
        0.0009077517422345712,
        0.00043480990219295633,
        0.0003352662086763954,
        0.00038144750153605854,
        0.000655606683728512,
        0.0006304987676742258,
        0.0005877165662118007,
        0.0004499940269082477,
        0.00017121535057261402,
        0.00020557645290561293,
        0.0001709601333241532,
        0.00019770140864530105
    ],