{
    "test_accuracy": 0.6375,
    "test_f1": 0.6429870065152288,
    "train_accuracy_history": [
        0.30833333333333335,
        0.2791666666666667,
        0.37083333333333335,
        0.44583333333333336,
        0.5166666666666667,
        0.5291666666666667,
        0.5625,
        0.4791666666666667,
        0.5166666666666667,
        0.5583333333333333,
        0.5833333333333334,
        0.65,
        0.7041666666666667,
        0.7416666666666667,
        0.7583333333333333,
        0.7666666666666667,
        0.7958333333333333,
        0.7583333333333333,
        0.8208333333333333,
        0.6,
        0.6666666666666666,
        0.7583333333333333,
        0.8041666666666667,
        0.7666666666666667,
        0.8791666666666667,
        0.8958333333333334,
        0.8791666666666667,
        0.8708333333333333,
        0.875,
        0.7916666666666666,
        0.875,
        0.8791666666666667,
        0.8875,
        0.9166666666666666,
        0.9083333333333333,
        0.9041666666666667,
        0.9333333333333333,
        0.9291666666666667,
        0.9375,
        0.9333333333333333,
        0.8291666666666667,
        0.8541666666666666,
        0.8291666666666667,
        0.725,
        0.8583333333333333,
        0.9083333333333333,
        0.9416666666666667,
        0.9375,
        0.95,
        0.9375,
        0.85,
        0.8083333333333333,
        0.8,
        0.825,
        0.9083333333333333,
        0.9083333333333333,
        0.9125,
        0.9458333333333333,
        0.9,
        0.9,
        0.8583333333333333,
        0.8541666666666666,
        0.9333333333333333,
        0.9708333333333333,
        0.9666666666666667,
        0.9791666666666666,
        0.9708333333333333,
        0.9791666666666666,
        0.9625,
        0.9541666666666667,
        0.9791666666666666,
        0.9875,
        1.0,
        0.9875,
        0.9916666666666667,
        0.9916666666666667,
        0.9916666666666667,
        0.9958333333333333,
        0.9916666666666667,
        0.9916666666666667,
        0.9958333333333333,
        1.0,
        0.9958333333333333,
        1.0,
        1.0,
        1.0,
        1.0,
        1.0,
        1.0,
        1.0,
        1.0,
        1.0,
        1.0,
        1.0,
        1.0,
        1.0,
        1.0,
        1.0,
        1.0,
        1.0
    ],
    "val_accuracy_history": [
        0.2625,
        0.25,
        0.3,
        0.4125,
        0.275,
        0.4125,
        0.2875,
        0.5125,
        0.4375,
        0.5125,
        0.55,
        0.525,
        0.575,
        0.5125,
        0.625,
        0.55,
        0.4625,
        0.5875,
        0.575,
        0.4875,
        0.6125,
        0.5375,
        0.525,
        0.5875,
        0.5875,
        0.5125,
        0.575,
        0.6125,
        0.5625,
        0.5875,
        0.625,
        0.625,
        0.65,
        0.675,
        0.6625,
        0.5875,
        0.6375,
        0.6,
        0.675,
        0.5875,
        0.5125,
        0.55,
        0.5125,
        0.525,
        0.6125,
        0.6,
        0.6625,
        0.625,
        0.525,
        0.6,
        0.625,
        0.5875,
        0.6375,
        0.65,
        0.575,
        0.625,
        0.6,
        0.5875,
        0.6125,
        0.6125,
        0.6,
        0.5875,
        0.675,
        0.5875,
        0.6125,
        0.575,
        0.575,
        0.55,
        0.6625,
        0.6125,
        0.625,
        0.625,
        0.6375,
        0.625,
        0.625,
        0.65,
        0.6375,
        0.6375,
        0.65,
        0.625,
        0.625,
        0.625,
        0.625,
        0.65,
        0.625,
        0.6375,
        0.6375,
        0.6375,
        0.625,
        0.6375,
        0.6375,
        0.6375,
        0.6375,
        0.6375,
        0.6375,
        0.6375,
        0.6375,
        0.6375,
        0.6375,
        0.6375
    ],
    "train_loss_history": [
        6.707701023419698,
        0.6344652283936739,
        0.526314809297522,
        0.3788296642402808,
        0.31546268860499066,
        0.2830412083615859,
        0.29316083043813707,
        0.33637588036557037,
        0.27723652857045333,
        0.25406463307638966,
        0.2379828614493211,
        0.19109775486091773,
        0.17800327092409135,
        0.16171704176813365,
        0.1545458410711338,
        0.14777758334142466,
        0.13374835819316408,
        0.1542458006180823,
        0.14249467573633107,
        0.4262884959995669,
        0.23739610918952772,
        0.1557098283044373,
        0.13711938523920253,
        0.14848991663505634,
        0.09821413381723687,
        0.0968187229319786,
        0.09182840738988791,
        0.08923184228866982,
        0.09783109649045703,
        0.160665077487162,
        0.0895604979324465,
        0.08413583342141161,
        0.083957407194733,
        0.07263825235422701,
        0.07399902037965754,
        0.07143419676176563,
        0.05411238506252024,
        0.055249028367203815,
        0.05720588140684413,
        0.05166292310265514,
        0.10689218627327743,
        0.10717888370160532,
        0.16421946685926134,
        0.3342570880968462,
        0.12818224733879713,
        0.07136482541827718,
        0.0520774471219435,
        0.05734577138985818,
        0.042340818043157924,
        0.048516193851537534,
        0.11107428903390731,
        0.1554794248091639,
        0.1940552548526057,
        0.1805756844667485,
        0.09719174696510872,
        0.07132442346470877,
        0.055343685087679735,
        0.04248955626408133,
        0.055495585985431715,
        0.1202387093926518,
        0.1166091473832239,
        0.13589799712523623,
        0.04744351216286304,
        0.024206617410482068,
        0.028061795285725565,
        0.01951485086376579,
        0.02175236071792218,
        0.02464078703405903,
        0.02868558536247292,
        0.02709996984464548,
        0.015663068773028498,
        0.010837776665577318,
        0.007767739635407149,
        0.009980093167755891,
        0.00873084281690808,
        0.009010164090371593,
        0.008494062445208783,
        0.005594044989121963,
        0.007090247923068679,
        0.0047064534561855,
        0.0059237163124938284,
        0.0033518479708845917,
        0.0024772480342100407,
        0.00197549933229008,
        0.0019531703989817593,
        0.0015432928256498002,
        0.001289160395632886,
        0.0009235653880899974,
        0.0009267060441544572,
        0.0018927115186138839,
        0.001503476873449472,
        0.0006527089868465434,
        0.0005208041245185294,
        0.0005053323913358554,
        0.0004257780987776035,
        0.00041339767653294503,
        0.0003718751775409146,
        0.0003590632619666856,
        0.0003121104029863394,
        0.00026535601166225814
    ],