{
    "test_accuracy": 0.475,
    "test_f1": 0.41388888888888886,
    "train_accuracy_history": [
        0.3,
        0.4125,
        0.475,
        0.575,
        0.5958333333333333,
        0.7083333333333334,
        0.65,
        0.7083333333333334,
        0.7458333333333333,
        0.7666666666666667,
        0.7708333333333334,
        0.7791666666666667,
        0.7791666666666667,
        0.7916666666666666,
        0.8041666666666667,
        0.8625,
        0.8208333333333333,
        0.8291666666666667,
        0.8458333333333333,
        0.8708333333333333,
        0.8708333333333333,
        0.8041666666666667,
        0.8833333333333333,
        0.8875,
        0.8875,
        0.8833333333333333,
        0.9333333333333333,
        0.9291666666666667,
        0.9083333333333333,
        0.9041666666666667,
        0.8833333333333333,
        0.9,
        0.9333333333333333,
        0.9,
        0.9208333333333333,
        0.9375,
        0.9458333333333333,
        0.925,
        0.95,
        0.9208333333333333,
        0.925,
        0.9375,
        0.9083333333333333,
        0.9333333333333333,
        0.9458333333333333,
        0.95,
        0.95,
        0.9458333333333333,
        0.9166666666666666,
        0.9208333333333333,
        0.9208333333333333,
        0.9291666666666667,
        0.9625,
        0.9375,
        0.9416666666666667,
        0.9375,
        0.9125,
        0.9541666666666667,
        0.9458333333333333,
        0.925,
        0.9458333333333333,
        0.9583333333333334,
        0.9166666666666666,
        0.9666666666666667,
        0.9458333333333333,
        0.9708333333333333,
        0.9625,
        0.9708333333333333,
        0.9583333333333334,
        0.9791666666666666,
        0.9583333333333334,
        0.9666666666666667,
        0.9708333333333333,
        0.9666666666666667,
        0.9666666666666667,
        0.9583333333333334,
        0.9833333333333333,
        0.975,
        0.9666666666666667,
        0.9875,
        0.9416666666666667,
        0.9458333333333333,
        0.9541666666666667,
        0.975,
        0.9666666666666667,
        0.9708333333333333,
        0.9833333333333333,
        0.9708333333333333,
        0.9541666666666667,
        0.9708333333333333,
        0.975,
        0.975,
        0.9916666666666667,
        0.9958333333333333,
        0.9583333333333334,
        0.9208333333333333,
        0.9375,
        0.9833333333333333,
        0.9916666666666667,
        0.975
    ],
    "val_accuracy_history": [
        0.2375,
        0.225,
        0.25,
        0.25,
        0.25,
        0.25,
        0.25,
        0.25,
        0.25,
        0.25,
        0.25,
        0.25,
        0.25,
        0.4,
        0.25,
        0.45,
        0.3875,
        0.4,
        0.35,
        0.25,
        0.25,
        0.275,
        0.25,
        0.4,
        0.25,
        0.25,
        0.325,
        0.25,
        0.25,
        0.3875,
        0.275,
        0.25,
        0.375,
        0.375,
        0.25,
        0.425,
        0.25,
        0.2625,
        0.525,
        0.275,
        0.225,
        0.2375,
        0.25,
        0.2625,
        0.325,
        0.25,
        0.25,
        0.25,
        0.45,
        0.3625,
        0.3125,
        0.2375,
        0.25,
        0.2875,
        0.25,
        0.25,
        0.3875,
        0.2875,
        0.25,
        0.3875,
        0.25,
        0.25,
        0.25,
        0.3,
        0.275,
        0.475,
        0.25,
        0.4,
        0.25,
        0.2625,
        0.375,
        0.25,
        0.25,
        0.25,
        0.25,
        0.375,
        0.2375,
        0.225,
        0.2875,
        0.3,
        0.25,
        0.25,
        0.25,
        0.375,
        0.2625,
        0.2875,
        0.3625,
        0.25,
        0.2625,
        0.2,
        0.25,
        0.275,
        0.4875,
        0.45,
        0.2625,
        0.3,
        0.4375,
        0.525,
        0.4375,
        0.3125
    ],
    "train_loss_history": [
        0.35049535358945527,
        0.3156447815398375,
        0.2936987695594629,
        0.2567920299867789,
        0.23222212890783947,
        0.20271155989418427,
        0.20501674599945546,
        0.19662256898979347,
        0.18400655270864566,
        0.17246266218523185,
        0.150506878644228,
        0.15136865365008514,
        0.1640239988764127,
        0.14837398659437895,
        0.1470596306025982,
        0.12465366752197345,
        0.1389805701871713,
        0.12146458049925665,
        0.12606891598552467,
        0.11536210104823112,
        0.10062922593206167,
        0.11394918657218417,
        0.10168302444120249,
        0.0960199173539877,
        0.09152241395786405,
        0.08833261734495561,
        0.07566002202220261,
        0.07334934760195513,
        0.08670203747848669,
        0.07578891950349013,
        0.0892721369319285,
        0.08680207293170193,
        0.07048073245290046,
        0.07388070342907062,
        0.06490900857994954,
        0.06604354632242272,
        0.057280890131369236,
        0.07104800508823246,
        0.053991202171891926,
        0.06619672409336393,
        0.056510615271205704,
        0.05518436297619094,
        0.06750784883042797,
        0.05635434730599324,
        0.0546227016641448,
        0.04624376525947203,
        0.05543400081805885,
        0.050588478528273605,
        0.057793866540305314,
        0.05705395212474589,
        0.05092475051060319,
        0.055147362721618264,
        0.048318708148629715,
        0.052952697756700216,
        0.05223382043962677,
        0.054149102924081184,
        0.06010188024568682,
        0.05190349364032348,
        0.048557616991456595,
        0.04608963895589113,
        0.04757676935987547,
        0.039675886707846074,
        0.04747934441935892,
        0.03572725089034066,
        0.04678252653296416,
        0.029413789889076725,
        0.03772959599543053,
        0.03487437736281815,
        0.0370806569349952,
        0.02917810108823081,
        0.034669340041970524,
        0.037020767078502104,
        0.030509799599046043,
        0.031232544350981092,
        0.026975187350763007,
        0.03821798684463526,
        0.02701151710692405,
        0.025379508003243244,
        0.02647998580747905,
        0.024656379694351926,
        0.0434641472354997,
        0.03772122009346882,
        0.038155252947278014,
        0.028659054116966825,
        0.02723812538315542,
        0.027386844548163935,
        0.02359160277604436,
        0.025319686539781592,
        0.03355380920305227,
        0.02481789854694701,
        0.025637522694887595,
        0.027730481444935624,
        0.016450583675759845,
        0.013602568373850469,
        0.03281452185474336,
        0.058220887403876986,
        0.03922460805042647,
        0.019692937502016623,
        0.01592947706570461,
        0.024913882388257966
    ],