{
    "test_accuracy": 0.25,
    "test_f1": 0.1,
    "train_accuracy_history": [
        0.25416666666666665,
        0.24583333333333332,
        0.23333333333333334,
        0.20833333333333334,
        0.24166666666666667,
        0.23333333333333334,
        0.24583333333333332,
        0.19166666666666668,
        0.23333333333333334,
        0.25,
        0.2,
        0.20833333333333334,
        0.19583333333333333,
        0.25833333333333336,
        0.24583333333333332,
        0.24166666666666667,
        0.22083333333333333,
        0.2708333333333333,
        0.23333333333333334,
        0.21666666666666667,
        0.2125,
        0.225,
        0.21666666666666667,
        0.20833333333333334,
        0.2,
        0.2375,
        0.22916666666666666,
        0.18333333333333332,
        0.2375,
        0.20416666666666666,
        0.2,
        0.2,
        0.2375,
        0.25833333333333336,
        0.2,
        0.2375,
        0.20833333333333334,
        0.25,
        0.25833333333333336,
        0.23333333333333334,
        0.24583333333333332,
        0.2,
        0.22083333333333333,
        0.24166666666666667,
        0.2375,
        0.2833333333333333,
        0.25,
        0.22916666666666666,
        0.25416666666666665,
        0.2125,
        0.25,
        0.22916666666666666,
        0.2791666666666667,
        0.25416666666666665,
        0.19583333333333333,
        0.225,
        0.25416666666666665,
        0.22083333333333333,
        0.23333333333333334,
        0.2708333333333333,
        0.22916666666666666,
        0.2375,
        0.22916666666666666,
        0.23333333333333334,
        0.225,
        0.25833333333333336,
        0.19583333333333333,
        0.22083333333333333,
        0.22916666666666666,
        0.22083333333333333,
        0.19166666666666668,
        0.19583333333333333,
        0.225,
        0.2125,
        0.22916666666666666,
        0.2375,
        0.23333333333333334,
        0.25,
        0.22916666666666666,
        0.18333333333333332,
        0.21666666666666667,
        0.2125,
        0.21666666666666667,
        0.2375,
        0.22916666666666666,
        0.19166666666666668,
        0.21666666666666667,
        0.24583333333333332,
        0.19166666666666668,
        0.23333333333333334,
        0.24166666666666667,
        0.25,
        0.24583333333333332,
        0.2125,
        0.24166666666666667,
        0.20416666666666666,
        0.21666666666666667,
        0.20833333333333334,
        0.225,
        0.2125
    ],
    "val_accuracy_history": [
        0.25,
        0.25,
        0.25,
        0.25,
        0.25,
        0.25,
        0.25,
        0.25,
        0.25,
        0.25,
        0.25,
        0.25,
        0.25,
        0.25,
        0.25,
        0.25,
        0.25,
        0.25,
        0.25,
        0.25,
        0.25,
        0.25,
        0.25,
        0.25,
        0.25,
        0.25,
        0.25,
        0.25,
        0.25,
        0.25,
        0.25,
        0.25,
        0.25,
        0.25,
        0.25,
        0.25,
        0.25,
        0.25,
        0.25,
        0.25,
        0.25,
        0.25,
        0.25,
        0.25,
        0.25,
        0.25,
        0.25,
        0.25,
        0.25,
        0.25,
        0.25,
        0.25,
        0.25,
        0.25,
        0.25,
        0.25,
        0.25,
        0.25,
        0.25,
        0.25,
        0.25,
        0.25,
        0.25,
        0.25,
        0.25,
        0.25,
        0.25,
        0.25,
        0.25,
        0.25,
        0.25,
        0.25,
        0.25,
        0.25,
        0.25,
        0.25,
        0.25,
        0.25,
        0.25,
        0.25,
        0.25,
        0.25,
        0.25,
        0.25,
        0.25,
        0.25,
        0.25,
        0.25,
        0.25,
        0.25,
        0.25,
        0.25,
        0.25,
        0.25,
        0.25,
        0.25,
        0.25,
        0.25,
        0.25,
        0.25
    ],
    "train_loss_history": [
        0.3532962640126546,
        0.35002802113691966,
        0.35250419775644937,
        0.3507786134878794,
        0.3491371075312297,
        0.3503930086890856,
        0.34887907256682715,
        0.35315623233715693,
        0.35272501707077025,
        0.35211640745401385,
        0.34972278426090875,
        0.35028649469216666,
        0.3501288538177808,
        0.3486933802564939,
        0.35054553697506585,
        0.35104467074076334,
        0.34951622734467186,
        0.3498932222525279,
        0.34987184206644695,
        0.34990874578555425,
        0.3526914422710737,
        0.35198101550340655,
        0.34946323881546654,
        0.3509648824731509,
        0.3514087508122126,
        0.35096426705519357,
        0.3536059329907099,
        0.35310807774464287,
        0.35101545254389444,
        0.3512898191809654,
        0.3509056647618612,
        0.35137431919574735,
        0.34957588066657386,
        0.34899275898933413,
        0.3527547503511111,
        0.3507634624838829,
        0.35281273275613784,
        0.34987871199846265,
        0.3498529513676961,
        0.3538842548926671,
        0.34950903058052063,
        0.35150957653919856,
        0.35026174783706665,
        0.35370394388834636,
        0.35242646783590315,
        0.3505114729205767,
        0.3506724089384079,
        0.34873951772848766,
        0.3525320038199425,
        0.351127065718174,
        0.3488895391424497,
        0.35017266124486923,
        0.3488004207611084,
        0.35405485381682716,
        0.3521033301949501,
        0.3526066069801648,
        0.3488913933436076,
        0.35064493666092555,
        0.3494492769241333,
        0.35074856330951054,
        0.3506149545311928,
        0.3509210661053658,
        0.3505836710333824,
        0.35076634486516317,
        0.3522656167546908,
        0.3504473989208539,
        0.35403385808070503,
        0.3503180131316185,
        0.34968872666358947,
        0.3504436781009038,
        0.3544093464811643,
        0.35300032595793407,
        0.34949634273846947,
        0.3500819136699041,
        0.35027266244093574,
        0.34925579180320104,
        0.35080933620532356,
        0.3501431221763293,
        0.350469900170962,
        0.3515650123357773,
        0.35173323303461074,
        0.3500874767700831,
        0.34993055860201516,
        0.3498553320765495,
        0.3519064004222552,
        0.35328565041224164,
        0.3522993137439092,
        0.3509627227981885,
        0.3546603406469027,
        0.35105838179588317,
        0.3503170132637024,
        0.3511443873246511,
        0.3545095309615135,
        0.3507347787419955,
        0.351039212445418,
        0.35170502165953316,
        0.35030784954627353,
        0.35030575344959897,
        0.35382267435391745,
        0.3503744795918465
    ],