{
    "train_accuracy_history": [
        0.5,
        0.9444444444444444,
        1.0,
        1.0,
        1.0,
        1.0,
        1.0,
        1.0,
        1.0,
        1.0,
        1.0,
        1.0,
        1.0,
        1.0,
        1.0,
        1.0,
        1.0,
        1.0,
        1.0,
        1.0,
        1.0,
        1.0,
        1.0,
        1.0,
        1.0,
        1.0,
        1.0,
        1.0,
        1.0,
        1.0,
        1.0,
        1.0,
        1.0,
        1.0,
        1.0,
        1.0,
        1.0,
        1.0,
        1.0,
        1.0,
        1.0,
        1.0,
        1.0,
        1.0,
        1.0,
        1.0,
        1.0,
        1.0,
        1.0,
        1.0,
        1.0,
        1.0,
        1.0,
        1.0,
        1.0,
        1.0,
        1.0,
        1.0,
        1.0,
        1.0,
        1.0,
        1.0,
        1.0,
        1.0,
        1.0,
        1.0,
        1.0,
        1.0,
        1.0,
        1.0,
        1.0,
        1.0,
        1.0,
        1.0,
        1.0,
        1.0,
        1.0,
        1.0,
        1.0,
        1.0,
        1.0,
        1.0,
        1.0,
        1.0,
        1.0,
        1.0,
        1.0,
        1.0,
        1.0,
        1.0,
        1.0,
        1.0,
        1.0,
        1.0,
        1.0,
        1.0,
        1.0,
        1.0,
        1.0,
        1.0
    ],
    "val_accuracy_history": [
        0.6666666666666666,
        0.6666666666666666,
        0.6666666666666666,
        0.6666666666666666,
        0.6666666666666666,
        0.3333333333333333,
        0.5,
        0.6666666666666666,
        0.6666666666666666,
        0.6666666666666666,
        0.8333333333333334,
        0.8333333333333334,
        0.8333333333333334,
        1.0,
        1.0,
        1.0,
        1.0,
        1.0,
        1.0,
        1.0,
        1.0,
        1.0,
        1.0,
        1.0,
        1.0,
        1.0,
        1.0,
        1.0,
        1.0,
        1.0,
        1.0,
        1.0,
        1.0,
        1.0,
        1.0,
        1.0,
        1.0,
        1.0,
        1.0,
        1.0,
        1.0,
        1.0,
        1.0,
        1.0,
        1.0,
        1.0,
        1.0,
        1.0,
        1.0,
        1.0,
        1.0,
        1.0,
        1.0,
        1.0,
        1.0,
        1.0,
        1.0,
        1.0,
        1.0,
        1.0,
        1.0,
        1.0,
        1.0,
        1.0,
        1.0,
        1.0,
        1.0,
        1.0,
        1.0,
        1.0,
        1.0,
        1.0,
        1.0,
        1.0,
        1.0,
        1.0,
        1.0,
        1.0,
        1.0,
        1.0,
        1.0,
        1.0,
        1.0,
        1.0,
        1.0,
        1.0,
        1.0,
        1.0,
        1.0,
        1.0,
        1.0,
        1.0,
        1.0,
        1.0,
        1.0,
        1.0,
        1.0,
        1.0,
        1.0,
        1.0
    ],
    "train_loss_history": [
        0.18682431843545702,
        0.07755503141217762,
        0.02520759589970112,
        0.014025453995499346,
        0.003909176655320657,
        0.0033006593067612913,
        0.001987691283122533,
        0.0012981065600696537,
        0.0012108909076131466,
        0.0008874081346827248,
        0.000687553392102321,
        0.0005132350908954524,
        0.0003965274663642049,
        0.0004019018185014526,
        0.00035788823798712756,
        0.0003306158857109646,
        0.00031520365802053775,
        0.0003804927562466926,
        0.00024090029182843864,
        0.00019106313023560992,
        0.00023724341816786263,
        0.0001830290857469663,
        0.00016520583206632486,
        0.00018465971677667566,
        0.00020518566048445387,
        0.00013981209485791624,
        0.00018037202567534728,
        0.0001391127734677866,
        0.00014572687117227664,
        0.00019340507990111492,
        0.00012220809165026166,
        0.00015558269256467206,
        9.200817940937768e-05,
        8.98565041198809e-05,
        0.00010356234997743741,
        0.00010790930537041277,
        0.00010012647221123593,
        8.73830293939035e-05,
        9.514252936545138e-05,
        0.0001016022951161075,
        9.620583700274842e-05,
        0.00012422182690998953,
        9.958340443619009e-05,
        7.36968334725437e-05,
        7.984960959422299e-05,
        9.289112333337673e-05,
        7.945574098913412e-05,
        9.451867360136627e-05,
        0.00012697340369211615,
        6.912319279055939e-05,
        7.151814497774467e-05,
        5.525422764347038e-05,
        5.134884486324154e-05,
        5.4457983828292024e-05,
        6.989814856852818e-05,
        4.103765341925383e-05,
        7.320049836481403e-05,
        7.267823416946662e-05,
        5.824340082148815e-05,
        5.615855803221671e-05,
        5.876189687923114e-05,
        4.6598379817118664e-05,
        4.734159099623664e-05,
        4.5569118002377865e-05,
        5.494658398674801e-05,
        4.982871986511681e-05,
        4.3669341822452327e-05,
        6.142635053644578e-05,
        5.8596420987871374e-05,
        3.73727509415605e-05,
        3.529141597229884e-05,
        4.582950916503453e-05,
        3.527696470781747e-05,
        3.6763264587433594e-05,
        4.2784099706396875e-05,
        4.5253109015498514e-05,
        3.73207363332363e-05,
        6.10509733734135e-05,
        4.28322679605723e-05,
        5.014650418565402e-05,
        3.824228244613753e-05,
        3.151108446925516e-05,
        4.143240625530275e-05,
        2.7764743410645882e-05,
        3.50528716808185e-05,
        3.001021751616564e-05,
        4.551810464666536e-05,
        2.249401667439896e-05,
        3.651615224953275e-05,
        2.5356233082776373e-05,
        2.7411880890010958e-05,
        2.275769374035816e-05,
        3.7625985795683744e-05,
        3.316301525855023e-05,
        2.8931170466724627e-05,
        2.7684357822484646e-05,
        3.914236731361598e-05,
        2.103555814553854e-05,
        2.8357620976748876e-05,
        3.397599862687962e-05
    ],