{
    "test_accuracy": 0.25,
    "test_f1": 0.1,
    "train_accuracy_history": [
        0.22916666666666666,
        0.25,
        0.21666666666666667,
        0.23333333333333334,
        0.21666666666666667,
        0.22083333333333333,
        0.22916666666666666,
        0.20833333333333334,
        0.2125,
        0.22916666666666666,
        0.225,
        0.20416666666666666,
        0.18333333333333332,
        0.24583333333333332,
        0.22916666666666666,
        0.2375,
        0.2,
        0.225,
        0.1875,
        0.23333333333333334,
        0.2375,
        0.25,
        0.2,
        0.24166666666666667,
        0.22083333333333333,
        0.17916666666666667,
        0.19583333333333333,
        0.25416666666666665,
        0.21666666666666667,
        0.19166666666666668,
        0.22916666666666666,
        0.20833333333333334,
        0.24166666666666667,
        0.25,
        0.22916666666666666,
        0.2,
        0.19166666666666668,
        0.19583333333333333,
        0.20416666666666666,
        0.24166666666666667,
        0.2375,
        0.24166666666666667,
        0.20416666666666666,
        0.19583333333333333,
        0.22916666666666666,
        0.19583333333333333,
        0.18333333333333332,
        0.20833333333333334,
        0.24166666666666667,
        0.22916666666666666,
        0.225,
        0.21666666666666667,
        0.17916666666666667,
        0.20833333333333334,
        0.1875,
        0.22083333333333333,
        0.25,
        0.22916666666666666,
        0.20416666666666666,
        0.21666666666666667,
        0.225,
        0.22916666666666666,
        0.22916666666666666,
        0.22083333333333333,
        0.175,
        0.22083333333333333,
        0.20416666666666666,
        0.18333333333333332,
        0.21666666666666667,
        0.24166666666666667,
        0.2375,
        0.21666666666666667,
        0.23333333333333334,
        0.225,
        0.23333333333333334,
        0.24583333333333332,
        0.20416666666666666,
        0.21666666666666667,
        0.21666666666666667,
        0.19166666666666668,
        0.22083333333333333,
        0.22916666666666666,
        0.23333333333333334,
        0.21666666666666667,
        0.225,
        0.2125,
        0.2125,
        0.2375,
        0.20416666666666666,
        0.22916666666666666,
        0.1875,
        0.17916666666666667,
        0.21666666666666667,
        0.225,
        0.225,
        0.17916666666666667,
        0.23333333333333334,
        0.22916666666666666,
        0.20416666666666666,
        0.23333333333333334
    ],
    "val_accuracy_history": [
        0.25,
        0.25,
        0.25,
        0.25,
        0.25,
        0.25,
        0.25,
        0.25,
        0.25,
        0.25,
        0.25,
        0.25,
        0.25,
        0.25,
        0.25,
        0.25,
        0.25,
        0.25,
        0.25,
        0.25,
        0.25,
        0.25,
        0.25,
        0.25,
        0.25,
        0.25,
        0.25,
        0.25,
        0.25,
        0.25,
        0.25,
        0.25,
        0.25,
        0.25,
        0.25,
        0.25,
        0.25,
        0.25,
        0.25,
        0.25,
        0.25,
        0.25,
        0.25,
        0.25,
        0.25,
        0.25,
        0.25,
        0.25,
        0.25,
        0.25,
        0.25,
        0.25,
        0.2375,
        0.25,
        0.25,
        0.25,
        0.25,
        0.25,
        0.25,
        0.25,
        0.25,
        0.25,
        0.25,
        0.25,
        0.25,
        0.25,
        0.25,
        0.25,
        0.25,
        0.25,
        0.25,
        0.25,
        0.25,
        0.25,
        0.25,
        0.25,
        0.25,
        0.25,
        0.2375,
        0.25,
        0.25,
        0.25,
        0.25,
        0.25,
        0.25,
        0.25,
        0.25,
        0.25,
        0.25,
        0.25,
        0.25,
        0.25,
        0.25,
        0.25,
        0.25,
        0.25,
        0.25,
        0.25,
        0.25,
        0.25
    ],
    "train_loss_history": [
        0.34803118705749514,
        0.3482543294628461,
        0.3474948714176814,
        0.34757366279761,
        0.34709618190924324,
        0.3472484310468038,
        0.34708211074272793,
        0.3472882474462191,
        0.3473087931672732,
        0.3474515497684479,
        0.3472609922289848,
        0.34776853770017624,
        0.34782573928435645,
        0.34808521072069804,
        0.3474273383617401,
        0.34750830084085466,
        0.34757496118545533,
        0.3474110831816991,
        0.3472724571824074,
        0.3477777491013209,
        0.3473953718940417,
        0.3474937836329142,
        0.34798412173986437,
        0.3475209002693494,
        0.3474204272031784,
        0.3472767402728399,
        0.347341912984848,
        0.34740962237119677,
        0.34749331027269365,
        0.34733197689056394,
        0.34778811732927956,
        0.3475484574834506,
        0.34715517510970434,
        0.34767329345146814,
        0.3476008951663971,
        0.34771843055884044,
        0.34734927167495094,
        0.34763136208057405,
        0.34825967500607174,
        0.3472951799631119,
        0.3478079577287038,
        0.34747191319863,
        0.347396690150102,
        0.3473062053322792,
        0.3475957542657852,
        0.34775293320417405,
        0.3473740210135778,
        0.3476520190636317,
        0.34701242645581565,
        0.3477016935745875,
        0.3470110401511192,
        0.3472756490111351,
        0.3473021964232127,
        0.34737881819407146,
        0.3472414727012316,
        0.347801162302494,
        0.3479546631375949,
        0.34760632713635764,
        0.3476838544011116,
        0.3476396958033244,
        0.34784735639890035,
        0.34752377520004907,
        0.3475399042169253,
        0.34792568335930507,
        0.34751580903927487,
        0.3475315724809965,
        0.3475965599219004,
        0.34778100401163103,
        0.34740831355253854,
        0.347545832892259,
        0.347427358229955,
        0.34722302109003067,
        0.3474846596519152,
        0.34724872509638466,
        0.34814365257819496,
        0.34773361633221306,
        0.34816721578439075,
        0.3473311240474383,
        0.3474414353569349,
        0.347295547525088,
        0.3477603167295456,
        0.3472864185770353,
        0.3473031774163246,
        0.347127969066302,
        0.34702286422252654,
        0.34787368873755137,
        0.34738613118728,
        0.34729727208614347,
        0.3473678891857465,
        0.347459714114666,
        0.34794226040442783,
        0.3481168041626612,
        0.34786995003620785,
        0.34760262568791706,
        0.3472899282972018,
        0.34742526014645897,
        0.34732217093308765,
        0.34749590903520583,
        0.34765045791864396,
        0.3478435938556989
    ],