{
    "test_accuracy": 0.3125,
    "test_f1": 0.21852187073416818,
    "train_accuracy_history": [
        0.22083333333333333,
        0.22916666666666666,
        0.22916666666666666,
        0.2375,
        0.2125,
        0.20416666666666666,
        0.25,
        0.22083333333333333,
        0.225,
        0.2125,
        0.24583333333333332,
        0.23333333333333334,
        0.21666666666666667,
        0.2125,
        0.20416666666666666,
        0.19166666666666668,
        0.23333333333333334,
        0.23333333333333334,
        0.20416666666666666,
        0.19583333333333333,
        0.22083333333333333,
        0.20416666666666666,
        0.24583333333333332,
        0.19166666666666668,
        0.1875,
        0.22083333333333333,
        0.2125,
        0.25416666666666665,
        0.24583333333333332,
        0.21666666666666667,
        0.22916666666666666,
        0.20833333333333334,
        0.25416666666666665,
        0.19583333333333333,
        0.2125,
        0.175,
        0.21666666666666667,
        0.18333333333333332,
        0.21666666666666667,
        0.225,
        0.19166666666666668,
        0.2375,
        0.22083333333333333,
        0.2125,
        0.23333333333333334,
        0.25,
        0.2375,
        0.19583333333333333,
        0.25,
        0.18333333333333332,
        0.1875,
        0.25,
        0.24166666666666667,
        0.20833333333333334,
        0.20416666666666666,
        0.20833333333333334,
        0.2375,
        0.24166666666666667,
        0.22916666666666666,
        0.22083333333333333,
        0.2375,
        0.19583333333333333,
        0.2125,
        0.22916666666666666,
        0.19583333333333333,
        0.23333333333333334,
        0.20833333333333334,
        0.23333333333333334,
        0.225,
        0.25416666666666665,
        0.20833333333333334,
        0.22083333333333333,
        0.2125,
        0.225,
        0.2375,
        0.22083333333333333,
        0.22916666666666666,
        0.22916666666666666,
        0.20833333333333334,
        0.20833333333333334,
        0.17916666666666667,
        0.20416666666666666,
        0.20833333333333334,
        0.2125,
        0.19166666666666668,
        0.20833333333333334,
        0.24166666666666667,
        0.20833333333333334,
        0.1875,
        0.1875,
        0.22083333333333333,
        0.21666666666666667,
        0.25,
        0.2125,
        0.20833333333333334,
        0.23333333333333334,
        0.22916666666666666,
        0.23333333333333334,
        0.25,
        0.2375
    ],
    "val_accuracy_history": [
        0.25,
        0.25,
        0.225,
        0.2375,
        0.225,
        0.25,
        0.2375,
        0.2375,
        0.25,
        0.2375,
        0.225,
        0.25,
        0.25,
        0.225,
        0.25,
        0.25,
        0.225,
        0.25,
        0.225,
        0.25,
        0.225,
        0.225,
        0.25,
        0.2375,
        0.2375,
        0.225,
        0.25,
        0.225,
        0.225,
        0.25,
        0.25,
        0.225,
        0.25,
        0.225,
        0.25,
        0.225,
        0.25,
        0.25,
        0.225,
        0.2375,
        0.25,
        0.25,
        0.25,
        0.25,
        0.25,
        0.25,
        0.225,
        0.225,
        0.225,
        0.25,
        0.225,
        0.2375,
        0.2375,
        0.225,
        0.2375,
        0.25,
        0.225,
        0.225,
        0.2375,
        0.2625,
        0.25,
        0.2375,
        0.25,
        0.2375,
        0.25,
        0.25,
        0.25,
        0.225,
        0.225,
        0.25,
        0.25,
        0.2375,
        0.25,
        0.225,
        0.2125,
        0.225,
        0.25,
        0.25,
        0.25,
        0.225,
        0.2375,
        0.225,
        0.2375,
        0.25,
        0.25,
        0.225,
        0.2125,
        0.25,
        0.2625,
        0.225,
        0.25,
        0.25,
        0.225,
        0.25,
        0.25,
        0.25,
        0.2125,
        0.25,
        0.25,
        0.25
    ],
    "train_loss_history": [
        0.34961539804935454,
        0.3475566546122233,
        0.3479341501990954,
        0.3470914676785469,
        0.3475693613290787,
        0.34711253046989443,
        0.3474005843202273,
        0.3475883697470029,
        0.347379702826341,
        0.3474181056022644,
        0.3474153439203898,
        0.34770961056152977,
        0.34785544822613396,
        0.3476967265208562,
        0.3475552722811699,
        0.347419943412145,
        0.3474644045035044,
        0.3478321706255277,
        0.34798407008250554,
        0.34779079506794613,
        0.3476120814681053,
        0.3478436082601547,
        0.3476007878780365,
        0.34798471480607984,
        0.34745106945435206,
        0.3476052199800809,
        0.34709188143412273,
        0.348665081957976,
        0.3474106748898824,
        0.34749274551868437,
        0.34775135417779285,
        0.34761580526828767,
        0.34743960946798325,
        0.3474287991722425,
        0.34795044660568236,
        0.3479841629664103,
        0.34771370043357214,
        0.34755071451266606,
        0.3475198100010554,
        0.34770203828811647,
        0.347841082016627,
        0.3480260719855626,
        0.3476716617743174,
        0.34757633358240125,
        0.3478949209054311,
        0.34716040988763175,
        0.34775084257125854,
        0.3474965110421181,
        0.34723193794488905,
        0.34754507392644884,
        0.3473771701256434,
        0.34805864145358406,
        0.3478530784447988,
        0.34741082787513733,
        0.3472090179721514,
        0.34762311230103177,
        0.34772065430879595,
        0.3471932922800382,
        0.3475491022070249,
        0.3478461946050326,
        0.34735163698593774,
        0.34755479196707406,
        0.3481440151731173,
        0.34725901037454604,
        0.34769451717535654,
        0.3473357702294985,
        0.34754335035880407,
        0.34757354309161503,
        0.3474133362372716,
        0.34742606927951175,
        0.34759096254905064,
        0.3479965428511302,
        0.34752924541632335,
        0.3476275240381559,
        0.34722530146439873,
        0.34731185336907705,
        0.3474931354324023,
        0.3476518765091896,
        0.3480580419301987,
        0.34811692784229914,
        0.3472587039073308,
        0.3474147761861483,
        0.34738306800524393,
        0.3474000448981921,
        0.34819108645121255,
        0.34717776825030644,
        0.3473689327637354,
        0.3482302700479825,
        0.34783381124337515,
        0.34750891476869583,
        0.34786139875650407,
        0.3473840286334356,
        0.3472223694125811,
        0.3486071447531382,
        0.34766224523385364,
        0.34806683113177617,
        0.3476288865009944,
        0.3478483532865842,
        0.3475954130291939,
        0.3472462172309558
    ],