{
    "test_accuracy": 0.65,
    "test_f1": 0.5705128205128205,
    "train_accuracy_history": [
        0.2,
        0.31666666666666665,
        0.31666666666666665,
        0.4,
        0.55,
        0.55,
        0.65,
        0.6166666666666667,
        0.48333333333333334,
        0.65,
        0.5833333333333334,
        0.5666666666666667,
        0.7,
        0.7,
        0.8,
        0.85,
        0.9,
        0.9166666666666666,
        0.9333333333333333,
        0.8666666666666667,
        0.8666666666666667,
        0.9333333333333333,
        0.8833333333333333,
        0.95,
        0.95,
        0.9833333333333333,
        0.9666666666666667,
        0.8,
        0.75,
        0.43333333333333335,
        0.48333333333333334,
        0.48333333333333334,
        0.7,
        0.8,
        0.85,
        0.8666666666666667,
        0.8666666666666667,
        0.95,
        1.0,
        0.9833333333333333,
        1.0,
        1.0,
        1.0,
        0.9833333333333333,
        1.0,
        1.0,
        1.0,
        1.0,
        1.0,
        1.0,
        1.0,
        1.0,
        1.0,
        1.0,
        1.0,
        1.0,
        1.0,
        1.0,
        1.0,
        1.0,
        1.0,
        1.0,
        1.0,
        1.0,
        1.0,
        1.0,
        1.0,
        1.0,
        1.0,
        1.0,
        1.0,
        1.0,
        1.0,
        1.0,
        1.0,
        1.0,
        1.0,
        1.0,
        1.0,
        1.0,
        1.0,
        1.0,
        1.0,
        1.0,
        1.0,
        1.0,
        1.0,
        1.0,
        1.0,
        1.0,
        1.0,
        1.0,
        1.0,
        1.0,
        1.0,
        1.0,
        1.0,
        1.0,
        1.0,
        1.0
    ],
    "val_accuracy_history": [
        0.25,
        0.25,
        0.25,
        0.35,
        0.4,
        0.45,
        0.4,
        0.2,
        0.35,
        0.35,
        0.45,
        0.35,
        0.55,
        0.6,
        0.45,
        0.45,
        0.55,
        0.65,
        0.45,
        0.65,
        0.55,
        0.55,
        0.6,
        0.5,
        0.7,
        0.65,
        0.65,
        0.6,
        0.25,
        0.25,
        0.35,
        0.45,
        0.4,
        0.55,
        0.6,
        0.5,
        0.65,
        0.65,
        0.6,
        0.6,
        0.55,
        0.55,
        0.65,
        0.55,
        0.65,
        0.6,
        0.55,
        0.6,
        0.55,
        0.6,
        0.65,
        0.6,
        0.6,
        0.6,
        0.6,
        0.6,
        0.55,
        0.6,
        0.6,
        0.6,
        0.6,
        0.6,
        0.6,
        0.6,
        0.55,
        0.55,
        0.55,
        0.55,
        0.6,
        0.6,
        0.6,
        0.6,
        0.55,
        0.6,
        0.6,
        0.6,
        0.6,
        0.55,
        0.6,
        0.55,
        0.6,
        0.6,
        0.6,
        0.6,
        0.6,
        0.55,
        0.6,
        0.65,
        0.6,
        0.6,
        0.55,
        0.6,
        0.55,
        0.6,
        0.55,
        0.55,
        0.6,
        0.65,
        0.6,
        0.6
    ],
    "train_loss_history": [
        12.89839527606964,
        3.7672045479839045,
        1.7313734749952951,
        0.6686546295881272,
        0.36916470900177956,
        0.26060112615426384,
        0.22399782960613568,
        0.2452391614516576,
        0.27166263858477274,
        0.29279744202891983,
        0.24730460718274117,
        0.24911777530796825,
        0.19439850648244222,
        0.17287945927431186,
        0.10149056455120445,
        0.09629066319515307,
        0.09658690200497706,
        0.07822361687819163,
        0.07280299915000796,
        0.07402410159508387,
        0.06888092217947511,
        0.05852902264644702,
        0.07341334304461876,
        0.04281246168538928,
        0.03951294335226218,
        0.029124412305342653,
        0.040232963394373655,
        0.14419415199045033,
        0.523826118838042,
        2.071778810338583,
        0.7600929093857606,
        0.49424442152182263,
        0.2426017629603545,
        0.19415507124116024,
        0.07987898650268714,
        0.07885582027956843,
        0.08034052190681298,
        0.04538504298155507,
        0.028270599028716484,
        0.028005050922123093,
        0.02699558329768479,
        0.01785922496734808,
        0.017573411646299063,
        0.017379042350997527,
        0.013532785655843326,
        0.012634836013118426,
        0.012141691994232436,
        0.011345684710734834,
        0.009893316434075435,
        0.008999979014818867,
        0.009203451972765227,
        0.00831953199522104,
        0.007315602793823928,
        0.007271526753902436,
        0.006701368380648395,
        0.0062585936936860286,
        0.005635567816595236,
        0.005991664497802655,
        0.005199975610594265,
        0.004999454094407459,
        0.004565117832195635,
        0.004229194024810567,
        0.004277587299778437,
        0.003870494095220541,
        0.003951922796356182,
        0.0034843116571816306,
        0.0033402916276827456,
        0.0033022408257238566,
        0.0031266973625558117,
        0.003198110356849308,
        0.002860232190384219,
        0.002684797369875014,
        0.002555441677880784,
        0.0025587700273414764,
        0.0024269373311350743,
        0.002375008693585793,
        0.002186143069411628,
        0.0021291767538059504,
        0.002032722923346834,
        0.002029714327848827,
        0.0018652571927911291,
        0.0017413558710056047,
        0.0018607657009852118,
        0.00168459316676793,
        0.0016143059513221184,
        0.001579485199181363,
        0.0015723791817435994,
        0.0013889454980017036,
        0.0015200817356041322,
        0.0013096820929301126,
        0.001331141574579912,
        0.0012848916638176888,
        0.0012268615391803905,
        0.0011979456263361498,
        0.0011614247496860722,
        0.0011436025552787517,
        0.0011666969027525436,
        0.0011388577229809016,
        0.001042368010773013,
        0.0010125318833161146
    ],