{
    "test_accuracy": 0.4,
    "test_f1": 0.2857142857142857,
    "train_accuracy_history": [
        0.5,
        0.5666666666666667,
        0.5,
        0.4,
        0.5666666666666667,
        0.5333333333333333,
        0.5333333333333333,
        0.5333333333333333,
        0.6,
        0.6666666666666666,
        0.7666666666666667,
        0.8,
        0.8333333333333334,
        0.7666666666666667,
        0.8,
        0.8333333333333334,
        0.8666666666666667,
        0.9,
        0.8333333333333334,
        0.8333333333333334,
        0.9333333333333333,
        0.9666666666666667,
        0.9333333333333333,
        0.9333333333333333,
        0.9,
        0.8666666666666667,
        0.9333333333333333,
        0.9666666666666667,
        0.9666666666666667,
        0.9666666666666667,
        0.9666666666666667,
        0.9333333333333333,
        0.9333333333333333,
        0.9666666666666667,
        0.9,
        0.9333333333333333,
        0.9333333333333333,
        0.9666666666666667,
        0.9,
        0.36666666666666664,
        0.5,
        0.5,
        0.4666666666666667,
        0.5,
        0.43333333333333335,
        0.5,
        0.5,
        0.36666666666666664,
        0.5,
        0.5,
        0.5,
        0.5,
        0.5,
        0.5,
        0.5,
        0.5,
        0.5,
        0.5,
        0.5,
        0.5,
        0.5,
        0.43333333333333335,
        0.4666666666666667,
        0.5,
        0.5,
        0.43333333333333335,
        0.36666666666666664,
        0.5,
        0.43333333333333335,
        0.5,
        0.5,
        0.5,
        0.5,
        0.3333333333333333,
        0.36666666666666664,
        0.5,
        0.5,
        0.5,
        0.5,
        0.5,
        0.36666666666666664,
        0.5,
        0.43333333333333335,
        0.5,
        0.5,
        0.5,
        0.5,
        0.43333333333333335,
        0.5,
        0.43333333333333335,
        0.5,
        0.36666666666666664,
        0.5,
        0.43333333333333335,
        0.5,
        0.5,
        0.5,
        0.4666666666666667,
        0.3,
        0.5333333333333333
    ],
    "val_accuracy_history": [
        0.6,
        0.5,
        0.6,
        0.4,
        0.4,
        0.4,
        0.4,
        0.4,
        0.4,
        0.5,
        0.5,
        0.4,
        0.4,
        0.5,
        0.5,
        0.5,
        0.4,
        0.4,
        0.5,
        0.5,
        0.5,
        0.5,
        0.5,
        0.5,
        0.5,
        0.5,
        0.5,
        0.5,
        0.5,
        0.4,
        0.4,
        0.4,
        0.4,
        0.3,
        0.4,
        0.4,
        0.5,
        0.5,
        0.5,
        0.4,
        0.5,
        0.5,
        0.3,
        0.5,
        0.5,
        0.3,
        0.4,
        0.4,
        0.5,
        0.4,
        0.5,
        0.5,
        0.3,
        0.5,
        0.5,
        0.5,
        0.5,
        0.5,
        0.5,
        0.4,
        0.4,
        0.4,
        0.4,
        0.4,
        0.4,
        0.5,
        0.5,
        0.5,
        0.5,
        0.3,
        0.4,
        0.4,
        0.4,
        0.5,
        0.3,
        0.5,
        0.5,
        0.5,
        0.5,
        0.3,
        0.5,
        0.4,
        0.4,
        0.4,
        0.3,
        0.5,
        0.5,
        0.5,
        0.5,
        0.5,
        0.5,
        0.5,
        0.4,
        0.4,
        0.4,
        0.4,
        0.5,
        0.5,
        0.5,
        0.5
    ],
    "train_loss_history": [
        0.2236720601717631,
        0.18080479502677918,
        0.18728616038958232,
        0.1854660153388977,
        0.18098811308542886,
        0.18252262870470684,
        0.17977058092753093,
        0.17915061513582867,
        0.1777833580970764,
        0.1636029601097107,
        0.15442140797773998,
        0.1395434300104777,
        0.13173315227031707,
        0.14093355039755504,
        0.12443198561668396,
        0.11566040217876435,
        0.09514222741127014,
        0.08837344100077947,
        0.10059031446774801,
        0.09882706503073374,
        0.07389977325995763,
        0.07899398108323415,
        0.07499030331770579,
        0.06727308506766955,
        0.07103151554862658,
        0.08318608949581782,
        0.07214188277721405,
        0.06445431460936864,
        0.05370711497962475,
        0.056369441002607344,
        0.042119850094119705,
        0.060477478553851445,
        0.06908555800716082,
        0.0466803585489591,
        0.06209089010953903,
        0.04630122346182664,
        0.05874827007452647,
        0.046830250819524126,
        0.08024442369739214,
        0.18991849223772686,
        0.1849059283733368,
        0.18901448249816893,
        0.18484915693600973,
        0.18806292613347372,
        0.18591277798016867,
        0.1857479433218638,
        0.1862406055132548,
        0.19098962545394899,
        0.1846946636835734,
        0.18805158933003743,
        0.1848562777042389,
        0.19213721950848897,
        0.1848712464173635,
        0.18467644055684407,
        0.186043643951416,
        0.18715865015983582,
        0.1856858730316162,
        0.18500123620033265,
        0.18759166995684307,
        0.18794692158699036,
        0.18676923513412474,
        0.18539439042409261,
        0.1863212565581004,
        0.18575766682624817,
        0.18526846369107564,
        0.1872042139371236,
        0.18845469752947488,
        0.18575159509976705,
        0.18873199224472045,
        0.18496299783388773,
        0.1840365211168925,
        0.18803239663441976,
        0.18592436313629152,
        0.186395525932312,
        0.18595453302065532,
        0.1885910948117574,
        0.18502866824467976,
        0.18577202161153158,
        0.18584738572438558,
        0.18695844411849977,
        0.190766574939092,
        0.18502769271532696,
        0.18684532046318053,
        0.18607661724090577,
        0.18523383736610413,
        0.18508919676144917,
        0.18663660287857056,
        0.18581141034762064,
        0.18572858572006226,
        0.18535613417625427,
        0.18687914609909057,
        0.18591636419296265,
        0.18586986859639484,
        0.18585265874862672,
        0.18575570583343506,
        0.18642134070396424,
        0.18547839919726053,
        0.18638764023780824,
        0.18816449642181396,
        0.18515136043230693
    ],