{
    "test_accuracy": 0.5333333333333333,
    "test_f1": 0.41269841269841273,
    "train_accuracy_history": [
        0.4,
        0.4444444444444444,
        0.6444444444444445,
        0.7555555555555555,
        0.8444444444444444,
        0.8,
        0.9111111111111111,
        0.9555555555555556,
        0.9555555555555556,
        1.0,
        1.0,
        1.0,
        1.0,
        1.0,
        1.0,
        1.0,
        1.0,
        1.0,
        1.0,
        1.0,
        1.0,
        1.0,
        1.0,
        1.0,
        1.0,
        1.0,
        1.0,
        1.0,
        1.0,
        1.0,
        1.0,
        1.0,
        1.0,
        1.0,
        1.0,
        1.0,
        1.0,
        1.0,
        1.0,
        1.0,
        1.0,
        1.0,
        1.0,
        1.0,
        1.0,
        1.0,
        1.0,
        1.0,
        1.0,
        1.0,
        1.0,
        1.0,
        1.0,
        1.0,
        1.0,
        1.0,
        1.0,
        1.0,
        1.0,
        1.0,
        1.0,
        1.0,
        1.0,
        1.0,
        1.0,
        1.0,
        1.0,
        1.0,
        1.0,
        1.0,
        1.0,
        1.0,
        1.0,
        1.0,
        1.0,
        1.0,
        1.0,
        1.0,
        1.0,
        1.0,
        1.0,
        1.0,
        1.0,
        1.0,
        1.0,
        1.0,
        1.0,
        1.0,
        1.0,
        1.0,
        1.0,
        1.0,
        1.0,
        1.0,
        1.0,
        1.0,
        1.0,
        1.0,
        1.0,
        1.0
    ],
    "val_accuracy_history": [
        0.3333333333333333,
        0.3333333333333333,
        0.3333333333333333,
        0.3333333333333333,
        0.3333333333333333,
        0.26666666666666666,
        0.3333333333333333,
        0.3333333333333333,
        0.3333333333333333,
        0.4,
        0.4,
        0.3333333333333333,
        0.26666666666666666,
        0.3333333333333333,
        0.3333333333333333,
        0.3333333333333333,
        0.3333333333333333,
        0.26666666666666666,
        0.26666666666666666,
        0.3333333333333333,
        0.3333333333333333,
        0.26666666666666666,
        0.3333333333333333,
        0.4,
        0.3333333333333333,
        0.26666666666666666,
        0.3333333333333333,
        0.3333333333333333,
        0.2,
        0.26666666666666666,
        0.26666666666666666,
        0.26666666666666666,
        0.3333333333333333,
        0.3333333333333333,
        0.26666666666666666,
        0.26666666666666666,
        0.26666666666666666,
        0.4,
        0.3333333333333333,
        0.26666666666666666,
        0.26666666666666666,
        0.3333333333333333,
        0.4666666666666667,
        0.3333333333333333,
        0.26666666666666666,
        0.4,
        0.3333333333333333,
        0.4666666666666667,
        0.26666666666666666,
        0.26666666666666666,
        0.26666666666666666,
        0.26666666666666666,
        0.26666666666666666,
        0.26666666666666666,
        0.26666666666666666,
        0.26666666666666666,
        0.26666666666666666,
        0.4,
        0.3333333333333333,
        0.26666666666666666,
        0.26666666666666666,
        0.26666666666666666,
        0.3333333333333333,
        0.26666666666666666,
        0.26666666666666666,
        0.4666666666666667,
        0.4,
        0.26666666666666666,
        0.3333333333333333,
        0.3333333333333333,
        0.4666666666666667,
        0.26666666666666666,
        0.3333333333333333,
        0.3333333333333333,
        0.3333333333333333,
        0.3333333333333333,
        0.3333333333333333,
        0.3333333333333333,
        0.26666666666666666,
        0.4,
        0.4,
        0.3333333333333333,
        0.3333333333333333,
        0.4,
        0.2,
        0.4,
        0.4666666666666667,
        0.26666666666666666,
        0.3333333333333333,
        0.4,
        0.4666666666666667,
        0.3333333333333333,
        0.26666666666666666,
        0.5333333333333333,
        0.3333333333333333,
        0.26666666666666666,
        0.26666666666666666,
        0.3333333333333333,
        0.3333333333333333,
        0.3333333333333333
    ],
    "train_loss_history": [
        0.30317982567681206,
        0.26606523460812037,
        0.23572996457417805,
        0.20748472346199884,
        0.15588672955830893,
        0.14181731078359816,
        0.11010200977325439,
        0.09098240501350827,
        0.08496367335319518,
        0.059341391921043395,
        0.04877200341886944,
        0.05087702688243654,
        0.03878272771835327,
        0.02577776031361686,
        0.033468032793866266,
        0.031321976996130416,
        0.025763751566410066,
        0.03177009887165493,
        0.029021209726730984,
        0.021647649341159397,
        0.01916073037104474,
        0.021329405821031995,
        0.027386410203244952,
        0.022853305687506993,
        0.01565108464823829,
        0.009767033656438192,
        0.010013076994154189,
        0.009468343605597814,
        0.008642362078858747,
        0.008131994162168768,
        0.00756093907273478,
        0.007172942761745718,
        0.0065203207855423296,
        0.007283882403539286,
        0.005613051561845673,
        0.004858767986297608,
        0.00549552217643294,
        0.005156580037954781,
        0.005474656716816955,
        0.0040476952369014425,
        0.005378256293220652,
        0.003176756699879964,
        0.0030169314420264628,
        0.0033328172336849903,
        0.0026494462456968094,
        0.00404778052535322,
        0.0038841953915026454,
        0.002267933474569064,
        0.00276900628167722,
        0.002369140009654479,
        0.0027902527660545375,
        0.0028044024482369425,
        0.0020646677197267613,
        0.0019605975649836993,
        0.0019892288371920587,
        0.0023094030511048103,
        0.0017442580726411607,
        0.0024031853148092828,
        0.0031805172924780183,
        0.0023140298823515573,
        0.002018494358182781,
        0.0013838490729944574,
        0.001734311112927066,
        0.0014795516048454575,
        0.0017310998221445415,
        0.001454452166540755,
        0.001972038860225843,
        0.0013987284826321735,
        0.0009518319482190741,
        0.0018619261539748145,
        0.0016476308564758963,
        0.001355986641202536,
        0.0019177741629795896,
        0.0012046290846127602,
        0.0011385192499599522,
        0.00274743534779797,
        0.0012841757386922836,
        0.0013144980624525083,
        0.0011731640099444324,
        0.0008440978876832458,
        0.0010380811885827117,
        0.0006913157542132669,
        0.0006576349105065067,
        0.0010590212186798453,
        0.001152112342727681,
        0.0006995967459968394,
        0.0005895135303338369,
        0.0008853002917021513,
        0.0007409113640379575,
        0.0007626820278043548,
        0.0007188107999455597,
        0.0007165489019826055,
        0.0005083563258974917,
        0.0007711665691911347,
        0.0004432982312411898,
        0.0006874183464484911,
        0.0005824967636726796,
        0.0006839759402080543,
        0.000748521467903629,
        0.0008027480862640207
    ],