{
    "test_accuracy": 0.5375,
    "test_f1": 0.5449782658430565,
    "train_accuracy_history": [
        0.2,
        0.375,
        0.5,
        0.5208333333333334,
        0.6166666666666667,
        0.6208333333333333,
        0.6916666666666667,
        0.725,
        0.6833333333333333,
        0.7416666666666667,
        0.7541666666666667,
        0.7916666666666666,
        0.8083333333333333,
        0.8125,
        0.8583333333333333,
        0.8625,
        0.85,
        0.8916666666666667,
        0.8833333333333333,
        0.9,
        0.8125,
        0.8041666666666667,
        0.7875,
        0.8416666666666667,
        0.8083333333333333,
        0.8291666666666667,
        0.8541666666666666,
        0.8833333333333333,
        0.8875,
        0.8958333333333334,
        0.8708333333333333,
        0.9166666666666666,
        0.9083333333333333,
        0.8916666666666667,
        0.9,
        0.9,
        0.9125,
        0.9041666666666667,
        0.9125,
        0.925,
        0.8916666666666667,
        0.9291666666666667,
        0.925,
        0.9333333333333333,
        0.9541666666666667,
        0.9041666666666667,
        0.9541666666666667,
        0.9375,
        0.9625,
        0.9458333333333333,
        0.9541666666666667,
        0.9458333333333333,
        0.9458333333333333,
        0.9458333333333333,
        0.925,
        0.9333333333333333,
        0.9625,
        0.9375,
        0.9708333333333333,
        0.9708333333333333,
        0.95,
        0.9625,
        0.9583333333333334,
        0.9375,
        0.9541666666666667,
        0.9833333333333333,
        0.9541666666666667,
        0.9833333333333333,
        0.9708333333333333,
        0.9708333333333333,
        0.9791666666666666,
        0.975,
        0.9708333333333333,
        0.9666666666666667,
        0.9791666666666666,
        0.9541666666666667,
        0.9833333333333333,
        0.9791666666666666,
        0.975,
        0.975,
        0.9875,
        0.9875,
        0.9958333333333333,
        0.9833333333333333,
        0.9875,
        0.9916666666666667,
        0.9875,
        0.975,
        0.9458333333333333,
        0.9833333333333333,
        0.9916666666666667,
        0.9791666666666666,
        0.9916666666666667,
        0.9958333333333333,
        0.9958333333333333,
        0.9916666666666667,
        0.9791666666666666,
        1.0,
        0.9958333333333333,
        0.9791666666666666
    ],
    "val_accuracy_history": [
        0.275,
        0.275,
        0.25,
        0.25,
        0.25,
        0.3125,
        0.25,
        0.3375,
        0.4125,
        0.2625,
        0.2875,
        0.3875,
        0.5375,
        0.425,
        0.4,
        0.25,
        0.4,
        0.45,
        0.375,
        0.4875,
        0.3125,
        0.25,
        0.35,
        0.2625,
        0.25,
        0.5375,
        0.3125,
        0.5375,
        0.25,
        0.5375,
        0.35,
        0.5375,
        0.55,
        0.325,
        0.25,
        0.25,
        0.5,
        0.45,
        0.5,
        0.3875,
        0.4625,
        0.525,
        0.425,
        0.2875,
        0.4625,
        0.3625,
        0.425,
        0.4375,
        0.475,
        0.325,
        0.4,
        0.3,
        0.5375,
        0.3,
        0.525,
        0.55,
        0.5625,
        0.5875,
        0.525,
        0.5375,
        0.5125,
        0.5625,
        0.3375,
        0.525,
        0.575,
        0.325,
        0.4875,
        0.6,
        0.4,
        0.625,
        0.3625,
        0.4875,
        0.475,
        0.45,
        0.525,
        0.55,
        0.5875,
        0.5375,
        0.475,
        0.625,
        0.575,
        0.4875,
        0.525,
        0.5125,
        0.525,
        0.575,
        0.4125,
        0.5375,
        0.6,
        0.5625,
        0.625,
        0.5625,
        0.5625,
        0.5625,
        0.5875,
        0.5625,
        0.5875,
        0.3625,
        0.475,
        0.6
    ],
    "train_loss_history": [
        0.3589587703347206,
        0.3275363688667615,
        0.2857075567046801,
        0.2671405166387558,
        0.23183506267766157,
        0.2216008188823859,
        0.18734563365578652,
        0.1868382747595509,
        0.18385063782334327,
        0.16998365223407746,
        0.1532237456490596,
        0.13841778859496118,
        0.1263440264078478,
        0.13161018388345838,
        0.11322097250570853,
        0.10787019754449527,
        0.11914084575449427,
        0.08889950482795636,
        0.09812594301377733,
        0.07743516814274093,
        0.1070680734080573,
        0.13328863953550657,
        0.14167045503854753,
        0.11795723165074984,
        0.11810088829758267,
        0.10957905103762945,
        0.1010623594125112,
        0.08802411337383091,
        0.08451168716419488,
        0.08268440373552342,
        0.092404932094117,
        0.07295634895563126,
        0.08050169491519531,
        0.07420016994389395,
        0.07759306930626432,
        0.07151204226538539,
        0.07085211689118295,
        0.07325533909412722,
        0.0680809335783124,
        0.06359766602205734,
        0.07101301758084447,
        0.0630361863411963,
        0.0633871219586581,
        0.05853059549505512,
        0.05163322430259238,
        0.060425538872368637,
        0.050950977369211614,
        0.04867243777650098,
        0.04808896228205413,
        0.051943985423228395,
        0.044075101198783766,
        0.052433270786423236,
        0.04487841750184695,
        0.04819777470547706,
        0.04972761666867882,
        0.059190029216309385,
        0.04365524162033883,
        0.04696034595835954,
        0.03670497523077453,
        0.03439172861399129,
        0.04324196963571012,
        0.034010367464118944,
        0.03758577340243695,
        0.04497278159251437,
        0.039564466934340695,
        0.035685520669600616,
        0.035713531759878,
        0.026617863114612797,
        0.026582404852767163,
        0.02656139329386254,
        0.023394142772303894,
        0.025979531531144556,
        0.029127488746113765,
        0.02850406583553801,
        0.024581871547464593,
        0.03727134938041369,
        0.024271592827669036,
        0.020908332592322647,
        0.021514984781000144,
        0.022924072461319157,
        0.014667056242857749,
        0.015951805282384157,
        0.018396670751584073,
        0.018292528827441857,
        0.019875592910587634,
        0.016788848859869178,
        0.019869750823515157,
        0.019880641087365803,
        0.03287665107636713,
        0.0195312895504685,
        0.013906199961881308,
        0.021476960831690425,
        0.014192854251208094,
        0.012006316944825813,
        0.011032379231376883,
        0.013940848674004276,
        0.01775290930478756,
        0.0131525039022866,
        0.013021400379269228,
        0.01588691236441567
    ],