{
    "test_accuracy": 0.25,
    "test_f1": 0.1,
    "train_accuracy_history": [
        0.23333333333333334,
        0.18333333333333332,
        0.2,
        0.16666666666666666,
        0.25,
        0.25,
        0.21666666666666667,
        0.23333333333333334,
        0.16666666666666666,
        0.15,
        0.08333333333333333,
        0.25,
        0.2,
        0.21666666666666667,
        0.21666666666666667,
        0.21666666666666667,
        0.25,
        0.25,
        0.23333333333333334,
        0.16666666666666666,
        0.25,
        0.13333333333333333,
        0.25,
        0.2,
        0.18333333333333332,
        0.15,
        0.15,
        0.16666666666666666,
        0.23333333333333334,
        0.15,
        0.2,
        0.15,
        0.21666666666666667,
        0.15,
        0.21666666666666667,
        0.21666666666666667,
        0.21666666666666667,
        0.2,
        0.13333333333333333,
        0.21666666666666667,
        0.15,
        0.11666666666666667,
        0.25,
        0.2,
        0.25,
        0.23333333333333334,
        0.21666666666666667,
        0.15,
        0.2,
        0.16666666666666666,
        0.2,
        0.25,
        0.2,
        0.25,
        0.13333333333333333,
        0.21666666666666667,
        0.18333333333333332,
        0.25,
        0.15,
        0.21666666666666667,
        0.25,
        0.18333333333333332,
        0.11666666666666667,
        0.16666666666666666,
        0.2,
        0.23333333333333334,
        0.23333333333333334,
        0.08333333333333333,
        0.25,
        0.23333333333333334,
        0.16666666666666666,
        0.18333333333333332,
        0.25,
        0.16666666666666666,
        0.25,
        0.15,
        0.2,
        0.25,
        0.25,
        0.25,
        0.2,
        0.2,
        0.25,
        0.11666666666666667,
        0.21666666666666667,
        0.23333333333333334,
        0.11666666666666667,
        0.21666666666666667,
        0.21666666666666667,
        0.18333333333333332,
        0.21666666666666667,
        0.15,
        0.23333333333333334,
        0.18333333333333332,
        0.16666666666666666,
        0.23333333333333334,
        0.21666666666666667,
        0.23333333333333334,
        0.2,
        0.25
    ],
    "val_accuracy_history": [
        0.3,
        0.25,
        0.25,
        0.25,
        0.25,
        0.25,
        0.25,
        0.25,
        0.25,
        0.25,
        0.25,
        0.25,
        0.25,
        0.25,
        0.25,
        0.25,
        0.25,
        0.25,
        0.25,
        0.25,
        0.25,
        0.25,
        0.25,
        0.25,
        0.25,
        0.25,
        0.25,
        0.25,
        0.25,
        0.25,
        0.25,
        0.25,
        0.25,
        0.25,
        0.25,
        0.25,
        0.25,
        0.25,
        0.25,
        0.25,
        0.25,
        0.25,
        0.25,
        0.25,
        0.25,
        0.25,
        0.25,
        0.25,
        0.25,
        0.25,
        0.25,
        0.25,
        0.25,
        0.25,
        0.25,
        0.25,
        0.25,
        0.25,
        0.25,
        0.25,
        0.25,
        0.25,
        0.25,
        0.25,
        0.25,
        0.25,
        0.25,
        0.25,
        0.25,
        0.25,
        0.25,
        0.25,
        0.25,
        0.25,
        0.25,
        0.25,
        0.25,
        0.25,
        0.25,
        0.25,
        0.25,
        0.25,
        0.25,
        0.25,
        0.25,
        0.25,
        0.25,
        0.25,
        0.25,
        0.25,
        0.25,
        0.25,
        0.25,
        0.25,
        0.25,
        0.25,
        0.25,
        0.25,
        0.25,
        0.25
    ],
    "train_loss_history": [
        0.35363057255744934,
        0.3502753476301829,
        0.3484550138314565,
        0.349517164627711,
        0.3482730428377787,
        0.348399293422699,
        0.3490414619445801,
        0.34928527275721233,
        0.34909464716911315,
        0.3482656935850779,
        0.34852356314659116,
        0.34993892113367714,
        0.35174401799837746,
        0.3500568449497223,
        0.349603937069575,
        0.34816959301630657,
        0.35004881421724954,
        0.34697670737902325,
        0.34807504415512086,
        0.34956371982892354,
        0.34912638465563456,
        0.3501240233580271,
        0.3485029339790344,
        0.3504053711891174,
        0.34750760197639463,
        0.3506308078765869,
        0.3503433446089427,
        0.35087955594062803,
        0.34791860580444334,
        0.34930215279261273,
        0.35009970267613727,
        0.35380641420682274,
        0.35053725242614747,
        0.350587405761083,
        0.3483834445476532,
        0.3476227939128876,
        0.3493914107481639,
        0.34899537165959676,
        0.3489975849787394,
        0.3478031794230143,
        0.34975449641545614,
        0.35513210892677305,
        0.3478828608989716,
        0.3503034750620524,
        0.3482640345891317,
        0.35006072918574016,
        0.34835720459620156,
        0.3493447363376617,
        0.34841017524401346,
        0.3480782151222229,
        0.348900047938029,
        0.34927382866541545,
        0.3520485758781433,
        0.3496578991413116,
        0.3481871743996938,
        0.3507898430029551,
        0.3492622494697571,
        0.34891347885131835,
        0.35234203735987346,
        0.34825964967409767,
        0.3479420006275177,
        0.34931254188219707,
        0.34836405714352925,
        0.35000200668970743,
        0.34865341782569886,
        0.3483521819114685,
        0.34824299613634746,
        0.34882076382637023,
        0.3496003011862437,
        0.35013715823491415,
        0.3501474221547445,
        0.35098316669464114,
        0.34911963939666746,
        0.3483213980992635,
        0.34840780099232993,
        0.34930138985315956,
        0.3504887322584788,
        0.3490597665309906,
        0.3486786683400472,
        0.3480079849561056,
        0.351793118317922,
        0.3490403652191162,
        0.3511887868245443,
        0.3507249752680461,
        0.3477595210075378,
        0.3490371267000834,
        0.3492802302042643,
        0.3483027180035909,
        0.349150953690211,
        0.34853351513544717,
        0.3500916580359141,
        0.3501701017220815,
        0.34946357607841494,
        0.3491243084271749,
        0.34968894521395366,
        0.3490182340145111,
        0.3482678711414337,
        0.3479163269201914,
        0.3500049193700155,
        0.35030637780825297
    ],