{
    "test_accuracy": 0.9,
    "test_f1": 0.8901098901098901,
    "train_accuracy_history": [
        0.3,
        0.5666666666666667,
        0.8666666666666667,
        0.8666666666666667,
        0.9333333333333333,
        0.9666666666666667,
        1.0,
        0.9666666666666667,
        0.9333333333333333,
        1.0,
        0.9666666666666667,
        1.0,
        1.0,
        1.0,
        1.0,
        1.0,
        1.0,
        1.0,
        1.0,
        1.0,
        1.0,
        1.0,
        1.0,
        1.0,
        1.0,
        1.0,
        1.0,
        1.0,
        1.0,
        1.0,
        1.0,
        1.0,
        1.0,
        1.0,
        1.0,
        1.0,
        1.0,
        1.0,
        1.0,
        1.0,
        1.0,
        1.0,
        1.0,
        1.0,
        1.0,
        1.0,
        1.0,
        1.0,
        1.0,
        1.0,
        1.0,
        1.0,
        1.0,
        1.0,
        1.0,
        1.0,
        1.0,
        1.0,
        1.0,
        1.0,
        1.0,
        1.0,
        1.0,
        1.0,
        1.0,
        1.0,
        1.0,
        1.0,
        1.0,
        1.0,
        1.0,
        1.0,
        1.0,
        1.0,
        1.0,
        1.0,
        1.0,
        1.0,
        1.0,
        1.0,
        1.0,
        1.0,
        1.0,
        1.0,
        1.0,
        1.0,
        1.0,
        1.0,
        1.0,
        1.0,
        1.0,
        1.0,
        1.0,
        1.0,
        1.0,
        1.0,
        1.0,
        1.0,
        1.0,
        1.0
    ],
    "val_accuracy_history": [
        0.5,
        0.5,
        0.5,
        0.4,
        0.4,
        0.5,
        0.5,
        0.5,
        0.5,
        0.5,
        0.5,
        0.5,
        0.5,
        0.5,
        0.5,
        0.5,
        0.5,
        0.5,
        0.5,
        0.4,
        0.4,
        0.5,
        0.5,
        0.6,
        0.6,
        0.4,
        0.3,
        0.3,
        0.5,
        0.5,
        0.5,
        0.5,
        0.4,
        0.4,
        0.3,
        0.2,
        0.5,
        0.4,
        0.4,
        0.4,
        0.5,
        0.5,
        0.5,
        0.3,
        0.5,
        0.5,
        0.4,
        0.5,
        0.4,
        0.6,
        0.5,
        0.5,
        0.6,
        0.4,
        0.4,
        0.5,
        0.4,
        0.5,
        0.4,
        0.5,
        0.4,
        0.4,
        0.4,
        0.4,
        0.5,
        0.4,
        0.5,
        0.5,
        0.5,
        0.5,
        0.4,
        0.5,
        0.5,
        0.4,
        0.5,
        0.5,
        0.5,
        0.5,
        0.5,
        0.5,
        0.4,
        0.4,
        0.5,
        0.5,
        0.5,
        0.4,
        0.5,
        0.5,
        0.7,
        0.5,
        0.5,
        0.5,
        0.5,
        0.4,
        0.4,
        0.5,
        0.4,
        0.5,
        0.4,
        0.3
    ],
    "train_loss_history": [
        0.2002734343210856,
        0.1580031305551529,
        0.11007006565729777,
        0.09211813037594159,
        0.07125600179036458,
        0.04902735228339831,
        0.039935349797209106,
        0.07193975547949473,
        0.050222640732924144,
        0.02523689971615871,
        0.025404292282958825,
        0.018575306981801987,
        0.02744468909998735,
        0.023770671462019284,
        0.01742526243130366,
        0.016995277581736447,
        0.00973841860735168,
        0.016835233351836603,
        0.004870399925857782,
        0.0043850277550518514,
        0.004193468919644753,
        0.005762234671662251,
        0.004162994461754958,
        0.005439349201818307,
        0.0035661015349129836,
        0.002605937918027242,
        0.003366267681121826,
        0.0036341399885714055,
        0.0026310766736666364,
        0.003744640030587713,
        0.0025053164067988594,
        0.0042110205822003385,
        0.002009569384002437,
        0.001986727632659798,
        0.0016156001074705273,
        0.0014474591977583866,
        0.0012953475311708947,
        0.0014789653709158302,
        0.001177332625957206,
        0.0013518344096761818,
        0.0008568455387527744,
        0.0011935205392849943,
        0.0016720416761624316,
        0.002884666093935569,
        0.0012826394600172837,
        0.0009001703622440497,
        0.0012671420234255492,
        0.0018396052997559308,
        0.0010790251040210326,
        0.0006643846398219466,
        0.0004432248727728923,
        0.0007288216040857757,
        0.0032885456962200503,
        0.0013370329436535636,
        0.000658226051988701,
        0.0013113740210731824,
        0.0006586652035669734,
        0.0010126322178014866,
        0.000654044701756599,
        0.0007034169024943064,
        0.0004977768519893288,
        0.0005462708165093014,
        0.00041705975600052624,
        0.0004491435557914277,
        0.0004916695043599854,
        0.0003896252373427463,
        0.0006137710384791717,
        0.0005008602747693658,
        0.0002568983763922006,
        0.000752416118242157,
        0.00044242170746050156,
        0.0009414620726602152,
        0.0005152806702729625,
        0.0003904512675944716,
        0.00034806287731043996,
        0.00022558180353371426,
        0.0004674281711534907,
        0.0002840056712254106,
        0.00041589305522696425,
        0.00028416657587513325,
        0.0005479531639139168,
        0.00010099257002972687,
        0.00028806539679256576,
        0.00036826322708899775,
        0.0002992324094520882,
        0.00019073828007094563,
        0.00036646390241609577,
        0.00017909639670203129,
        0.00023252191410089534,
        0.0003453889143808434,
        0.0002041047463232341,
        0.00035495344952020483,
        0.00025001583562698213,
        0.0005260213152117406,
        0.0003498117172663721,
        0.0003597128428130721,
        0.00021494325483217835,
        0.00042044005216060516,
        0.00044443634748555876,
        0.00010259218834107742
    ],