{
    "test_accuracy": 0.8,
    "test_f1": 0.7619047619047619,
    "train_accuracy_history": [
        0.7,
        0.9333333333333333,
        0.9666666666666667,
        0.9666666666666667,
        0.9666666666666667,
        0.9666666666666667,
        1.0,
        1.0,
        1.0,
        1.0,
        1.0,
        1.0,
        1.0,
        1.0,
        1.0,
        1.0,
        1.0,
        1.0,
        1.0,
        1.0,
        1.0,
        1.0,
        1.0,
        1.0,
        1.0,
        1.0,
        1.0,
        1.0,
        1.0,
        1.0,
        1.0,
        1.0,
        1.0,
        1.0,
        1.0,
        1.0,
        1.0,
        1.0,
        1.0,
        1.0,
        1.0,
        1.0,
        1.0,
        1.0,
        1.0,
        1.0,
        1.0,
        1.0,
        1.0,
        1.0,
        1.0,
        1.0,
        1.0,
        1.0,
        1.0,
        1.0,
        1.0,
        1.0,
        1.0,
        1.0,
        1.0,
        1.0,
        1.0,
        1.0,
        1.0,
        1.0,
        1.0,
        1.0,
        1.0,
        1.0,
        1.0,
        1.0,
        1.0,
        1.0,
        1.0,
        1.0,
        1.0,
        1.0,
        1.0,
        1.0,
        1.0,
        1.0,
        1.0,
        1.0,
        1.0,
        1.0,
        1.0,
        1.0,
        1.0,
        1.0,
        1.0,
        1.0,
        1.0,
        1.0,
        1.0,
        1.0,
        1.0,
        1.0,
        1.0,
        1.0
    ],
    "val_accuracy_history": [
        0.5,
        0.5,
        0.6,
        0.6,
        0.5,
        0.5,
        0.5,
        0.5,
        0.5,
        0.5,
        0.5,
        0.5,
        0.5,
        0.5,
        0.5,
        0.5,
        0.5,
        0.5,
        0.5,
        0.5,
        0.6,
        0.6,
        0.6,
        0.6,
        0.6,
        0.6,
        0.6,
        0.5,
        0.7,
        0.5,
        0.6,
        0.6,
        0.6,
        0.6,
        0.5,
        0.6,
        0.6,
        0.6,
        0.6,
        0.6,
        0.7,
        0.6,
        0.6,
        0.6,
        0.6,
        0.6,
        0.6,
        0.6,
        0.6,
        0.6,
        0.6,
        0.7,
        0.7,
        0.7,
        0.7,
        0.8,
        0.6,
        0.6,
        0.7,
        0.6,
        0.6,
        0.6,
        0.6,
        0.6,
        0.8,
        0.8,
        0.7,
        0.7,
        0.7,
        0.7,
        0.7,
        0.6,
        0.6,
        0.6,
        0.6,
        0.6,
        0.6,
        0.7,
        0.7,
        0.7,
        0.8,
        0.8,
        0.8,
        0.7,
        0.8,
        0.7,
        0.7,
        0.7,
        0.8,
        0.6,
        0.6,
        0.8,
        0.8,
        0.8,
        0.6,
        0.8,
        0.6,
        0.6,
        0.6,
        0.6
    ],
    "train_loss_history": [
        0.14194151610136033,
        0.07601309989889463,
        0.056586633808910845,
        0.043465565890073776,
        0.04145104146252076,
        0.03563669677823782,
        0.02070762381578485,
        0.01258252941382428,
        0.011670933788021405,
        0.006597969494760036,
        0.0038410564496492348,
        0.0026160958184239763,
        0.0034241958986967803,
        0.0026626796384031574,
        0.002194194484036416,
        0.0019039636244997382,
        0.0019208628800697625,
        0.0028959644124067077,
        0.0011161622979367772,
        0.0011534526235967254,
        0.0009788229711072442,
        0.0007528000035866474,
        0.0003334567969432101,
        0.0005015231565266732,
        0.000547403661160691,
        0.0004349672138535728,
        0.00022595900081796573,
        0.0003863681990575666,
        0.00029017543153410467,
        0.00014700007668579928,
        0.0003028924040942608,
        0.0002705953535041772,
        0.00016290026542264968,
        0.0002571919530358476,
        0.00016406873789189073,
        0.0001870021549014685,
        0.00017812893759886113,
        0.00015917639975668863,
        0.0001507781071268255,
        0.00019942778168721513,
        0.00014216430681699422,
        0.00016159458791662474,
        0.0001559735444364681,
        8.18017761654725e-05,
        0.0001560366870156334,
        0.00011333117096607263,
        7.238474742431815e-05,
        9.789731114627406e-05,
        0.0001305942901429565,
        0.0001210405169937682,
        5.798566853627562e-05,
        7.568064434053668e-05,
        7.687265266061634e-05,
        8.785562252645225e-05,
        9.215075200093754e-05,
        9.010905990483783e-05,
        5.265453443522953e-05,
        8.385606536952158e-05,
        0.00017527689997223205,
        7.606878492273002e-05,
        6.396499714658907e-05,
        8.680496345429371e-05,
        6.659009195573163e-05,
        6.418196250403222e-05,
        7.383829736985111e-05,
        6.042615204933099e-05,
        5.6599644934370494e-05,
        5.5758254150835757e-05,
        4.0415718982937204e-05,
        5.6430773232326224e-05,
        5.170017642133947e-05,
        4.7322467071353455e-05,
        8.618967561536313e-05,
        4.604064070008462e-05,
        6.529573665829958e-05,
        5.1042064781843996e-05,
        3.20420395534408e-05,
        4.935938632115722e-05,
        2.4848548006654405e-05,
        3.2853465624308836e-05,
        4.139339283331841e-05,
        2.0159637855006926e-05,
        4.818406323465751e-05,
        4.7367933666464525e-05,
        2.8041289594208742e-05,
        4.119764122757867e-05,
        2.8014820418320597e-05,
        1.906086272356333e-05,
        2.1636797706984606e-05,
        3.089049095876817e-05,
        5.049562529772326e-05,
        3.206090451991865e-05,
        2.6166753650613826e-05,
        2.1056205575102165e-05,
        3.644481566880131e-05,
        4.182969808728861e-05,
        3.322637518673825e-05,
        2.3364559759405286e-05,
        4.03524474374232e-05,
        5.5053631937577546e-05
    ],