{
    "test_accuracy": 0.6125,
    "test_f1": 0.6225123670157718,
    "train_accuracy_history": [
        0.3625,
        0.45416666666666666,
        0.5791666666666667,
        0.5875,
        0.575,
        0.6041666666666666,
        0.6416666666666667,
        0.7125,
        0.7791666666666667,
        0.7916666666666666,
        0.7708333333333334,
        0.8083333333333333,
        0.7583333333333333,
        0.8541666666666666,
        0.8375,
        0.8583333333333333,
        0.8791666666666667,
        0.8833333333333333,
        0.875,
        0.8583333333333333,
        0.875,
        0.8958333333333334,
        0.8541666666666666,
        0.8833333333333333,
        0.9166666666666666,
        0.9291666666666667,
        0.9125,
        0.9041666666666667,
        0.8791666666666667,
        0.8583333333333333,
        0.8833333333333333,
        0.9208333333333333,
        0.9083333333333333,
        0.9208333333333333,
        0.9375,
        0.8833333333333333,
        0.9166666666666666,
        0.9333333333333333,
        0.8958333333333334,
        0.9083333333333333,
        0.9,
        0.9,
        0.9166666666666666,
        0.9208333333333333,
        0.925,
        0.9125,
        0.9291666666666667,
        0.9375,
        0.875,
        0.9125,
        0.9166666666666666,
        0.9416666666666667,
        0.9166666666666666,
        0.9166666666666666,
        0.9125,
        0.9125,
        0.9458333333333333,
        0.9375,
        0.8708333333333333,
        0.9125,
        0.9333333333333333,
        0.9541666666666667,
        0.9208333333333333,
        0.9416666666666667,
        0.9458333333333333,
        0.9375,
        0.9208333333333333,
        0.95,
        0.9416666666666667,
        0.975,
        0.9583333333333334,
        0.9416666666666667,
        0.9125,
        0.9291666666666667,
        0.9333333333333333,
        0.9375,
        0.95,
        0.9041666666666667,
        0.9458333333333333,
        0.925,
        0.95,
        0.925,
        0.9458333333333333,
        0.9541666666666667,
        0.9541666666666667,
        0.9375,
        0.9541666666666667,
        0.9291666666666667,
        0.9375,
        0.9541666666666667,
        0.9583333333333334,
        0.9625,
        0.9458333333333333,
        0.9708333333333333,
        0.9791666666666666,
        0.9166666666666666,
        0.9166666666666666,
        0.9458333333333333,
        0.9583333333333334,
        0.9625
    ],
    "val_accuracy_history": [
        0.25,
        0.425,
        0.325,
        0.4625,
        0.4625,
        0.4125,
        0.4125,
        0.35,
        0.425,
        0.4625,
        0.5875,
        0.475,
        0.25,
        0.625,
        0.5625,
        0.5875,
        0.4125,
        0.5125,
        0.375,
        0.3875,
        0.425,
        0.5125,
        0.6125,
        0.5,
        0.675,
        0.5,
        0.5375,
        0.625,
        0.6375,
        0.4,
        0.425,
        0.55,
        0.55,
        0.5875,
        0.5625,
        0.5375,
        0.4375,
        0.575,
        0.5625,
        0.7,
        0.7125,
        0.525,
        0.6875,
        0.575,
        0.45,
        0.5625,
        0.525,
        0.575,
        0.25,
        0.4125,
        0.525,
        0.5,
        0.35,
        0.5375,
        0.4625,
        0.575,
        0.5875,
        0.2125,
        0.5,
        0.675,
        0.625,
        0.65,
        0.6375,
        0.375,
        0.625,
        0.2625,
        0.55,
        0.6,
        0.6375,
        0.5625,
        0.4625,
        0.525,
        0.55,
        0.6125,
        0.625,
        0.55,
        0.25,
        0.5375,
        0.625,
        0.65,
        0.575,
        0.6,
        0.6125,
        0.6375,
        0.45,
        0.5625,
        0.5375,
        0.275,
        0.6,
        0.5875,
        0.675,
        0.6125,
        0.5375,
        0.625,
        0.65,
        0.525,
        0.6125,
        0.475,
        0.6375,
        0.625
    ],
    "train_loss_history": [
        0.3256741081674894,
        0.29415280694762863,
        0.24746870336433252,
        0.2390029954413573,
        0.24471558096508186,
        0.21946379120151202,
        0.22374859551588694,
        0.19016165838887295,
        0.17105201032633582,
        0.14900798574866106,
        0.1457298640627414,
        0.1393624920863658,
        0.1672409835116317,
        0.11195485692393656,
        0.11321708322502673,
        0.12192458737020691,
        0.09436778468079865,
        0.09402872488523523,
        0.10074631418974604,
        0.09791315807184825,
        0.107513053699707,
        0.097485129366396,
        0.12070736174161235,
        0.08863276426855009,
        0.07803895538769817,
        0.07078823033310376,
        0.071007081286128,
        0.09589603201020509,
        0.09077493518028253,
        0.10973081854560102,
        0.08577690586680546,
        0.06685070710009314,
        0.06623613268505626,
        0.06897632468026131,
        0.06281316209109113,
        0.07672775691801993,
        0.06439027765979215,
        0.06299634487368166,
        0.07295304318364894,
        0.07411998514823305,
        0.0842853791177428,
        0.07731256464515658,
        0.0705483872142698,
        0.06512718135976077,
        0.05956394046917808,
        0.057002484688321906,
        0.06012365936182202,
        0.05618898483481492,
        0.07911518632827211,
        0.06487104149749333,
        0.06814470731721183,
        0.05227450520821245,
        0.06355344804614636,
        0.06956566165123755,
        0.06420659741499056,
        0.06128196358574011,
        0.04223341385222738,
        0.05582366291952591,
        0.08899213609232295,
        0.062384236775596943,
        0.045383479002460564,
        0.04274421864805238,
        0.06025924115868975,
        0.042552632557362816,
        0.04607173531245887,
        0.05704320453710352,
        0.0573621408965361,
        0.03740585598362619,
        0.04665243997211898,
        0.0333510757149611,
        0.03240838523825005,
        0.031879916382307714,
        0.09751109647715263,
        0.04822820563173688,
        0.05121101545386182,
        0.039665863436588705,
        0.035184875048586584,
        0.06268550252704395,
        0.040306651580529734,
        0.054089008322201454,
        0.03467662497337128,
        0.05559542134986941,
        0.04527361631551038,
        0.032096903696780525,
        0.03875610340393602,
        0.051214547136138815,
        0.03692351147378048,
        0.06473324652254178,
        0.04681227380215199,
        0.033330631314319646,
        0.02487571058926452,
        0.019860449374766862,
        0.041048355194653156,
        0.024107376083388955,
        0.019571210730621166,
        0.08599299517888233,
        0.07341817797209463,
        0.0418750887448321,
        0.03414793192444273,
        0.04356967988106059
    ],