{
    "test_accuracy": 0.35,
    "test_f1": 0.2972027972027972,
    "train_accuracy_history": [
        0.2,
        0.25,
        0.38333333333333336,
        0.31666666666666665,
        0.4,
        0.4666666666666667,
        0.5,
        0.5166666666666667,
        0.6333333333333333,
        0.5666666666666667,
        0.6166666666666667,
        0.6,
        0.7666666666666667,
        0.7666666666666667,
        0.7833333333333333,
        0.8833333333333333,
        0.8166666666666667,
        0.85,
        0.75,
        0.85,
        0.8166666666666667,
        0.75,
        0.9166666666666666,
        0.8833333333333333,
        0.8166666666666667,
        0.7,
        0.5666666666666667,
        0.6666666666666666,
        0.6333333333333333,
        0.6833333333333333,
        0.7166666666666667,
        0.8,
        0.85,
        0.9333333333333333,
        0.8666666666666667,
        0.9,
        0.9333333333333333,
        0.95,
        1.0,
        1.0,
        0.9833333333333333,
        0.9833333333333333,
        1.0,
        1.0,
        1.0,
        1.0,
        1.0,
        1.0,
        1.0,
        1.0,
        1.0,
        1.0,
        1.0,
        1.0,
        1.0,
        1.0,
        1.0,
        1.0,
        1.0,
        1.0,
        1.0,
        1.0,
        1.0,
        1.0,
        1.0,
        1.0,
        1.0,
        1.0,
        1.0,
        1.0,
        1.0,
        1.0,
        1.0,
        1.0,
        1.0,
        1.0,
        1.0,
        1.0,
        1.0,
        1.0,
        1.0,
        1.0,
        1.0,
        1.0,
        1.0,
        1.0,
        1.0,
        1.0,
        1.0,
        1.0,
        1.0,
        1.0,
        1.0,
        1.0,
        1.0,
        1.0,
        1.0,
        1.0,
        1.0,
        1.0
    ],
    "val_accuracy_history": [
        0.25,
        0.3,
        0.25,
        0.25,
        0.3,
        0.25,
        0.3,
        0.3,
        0.3,
        0.4,
        0.6,
        0.4,
        0.35,
        0.55,
        0.5,
        0.45,
        0.4,
        0.45,
        0.6,
        0.3,
        0.35,
        0.45,
        0.65,
        0.35,
        0.4,
        0.3,
        0.6,
        0.6,
        0.6,
        0.45,
        0.35,
        0.55,
        0.45,
        0.5,
        0.6,
        0.5,
        0.65,
        0.55,
        0.6,
        0.55,
        0.55,
        0.6,
        0.55,
        0.6,
        0.55,
        0.55,
        0.6,
        0.65,
        0.65,
        0.6,
        0.6,
        0.55,
        0.55,
        0.6,
        0.55,
        0.6,
        0.55,
        0.65,
        0.55,
        0.55,
        0.55,
        0.65,
        0.65,
        0.55,
        0.6,
        0.55,
        0.65,
        0.6,
        0.6,
        0.55,
        0.55,
        0.6,
        0.55,
        0.55,
        0.65,
        0.55,
        0.55,
        0.65,
        0.55,
        0.65,
        0.65,
        0.65,
        0.6,
        0.6,
        0.6,
        0.65,
        0.6,
        0.65,
        0.55,
        0.65,
        0.6,
        0.6,
        0.65,
        0.65,
        0.65,
        0.55,
        0.65,
        0.65,
        0.65,
        0.65
    ],
    "train_loss_history": [
        20.21576385498047,
        2.8164755920569102,
        1.5181380927562713,
        0.910311508178711,
        0.5309858868519465,
        0.5341476013263067,
        0.3845918541153272,
        0.35149944151441254,
        0.2315187096595764,
        0.2288948602974415,
        0.2054827926059564,
        0.20057758192221323,
        0.16065244413912297,
        0.14850518914560476,
        0.13061556617418926,
        0.11611916087567806,
        0.11647729103763899,
        0.10956133802731832,
        0.11692344676703215,
        0.09388219267129898,
        0.11420370782725513,
        0.10535135387132565,
        0.07197477168714007,
        0.08629023918571571,
        0.1482731798818956,
        0.3588731484953314,
        0.42289946029583614,
        0.22625131780902544,
        0.3686497694812715,
        0.24410716133813062,
        0.19392952852746628,
        0.13731463588774204,
        0.08980988058416793,
        0.06831589825451374,
        0.05766420705864827,
        0.05007536713577186,
        0.06234479860092203,
        0.037374287967880566,
        0.020102782757021487,
        0.02057720227749087,
        0.02597979862863819,
        0.017240017435202995,
        0.018641889300973467,
        0.013866808560366432,
        0.012939003521266083,
        0.011073867233547693,
        0.010393276123795658,
        0.009465069678844884,
        0.009243636741302907,
        0.008844641751299303,
        0.00874270520483454,
        0.007727374586587151,
        0.006973073476304611,
        0.007328311610035598,
        0.006609616318019107,
        0.005789658466043571,
        0.00557614112428079,
        0.005474191049385505,
        0.005625394691014663,
        0.004723538314768423,
        0.004255837116700908,
        0.0051880723292318486,
        0.004575379771025231,
        0.004254124670599897,
        0.004006400857664024,
        0.0034779244607004026,
        0.0036602015413033464,
        0.00349941890356907,
        0.0029578360466985033,
        0.0029214545647846535,
        0.002768807974644005,
        0.0026984380766710576,
        0.0027524646701446425,
        0.002485545080465575,
        0.002305058536391395,
        0.0021759615890914576,
        0.0021273715237233167,
        0.002097484467473502,
        0.0020361227992301187,
        0.0021941661834716797,
        0.0018213278410257772,
        0.001744298467626019,
        0.00166165476742511,
        0.001706529505687134,
        0.0016613148710651635,
        0.0015198583986299732,
        0.0014043214517490317,
        0.0013975477554292108,
        0.001404740607298057,
        0.0016159879276528954,
        0.0015856086004835863,
        0.0013079178859091674,
        0.0012665927875787019,
        0.0012027569449855947,
        0.001144776314079839,
        0.0010961133860594903,
        0.0010618727411686754,
        0.0011116696599250038,
        0.0010733410449271711,
        0.0009576541565669079
    ],