{
    "test_accuracy": 0.5875,
    "test_f1": 0.5840909090909091,
    "train_accuracy_history": [
        0.3,
        0.42916666666666664,
        0.44166666666666665,
        0.4583333333333333,
        0.475,
        0.5083333333333333,
        0.5333333333333333,
        0.49166666666666664,
        0.5916666666666667,
        0.6541666666666667,
        0.6583333333333333,
        0.7333333333333333,
        0.7041666666666667,
        0.6791666666666667,
        0.8291666666666667,
        0.825,
        0.7916666666666666,
        0.7333333333333333,
        0.85,
        0.8291666666666667,
        0.85,
        0.8583333333333333,
        0.8875,
        0.8791666666666667,
        0.8791666666666667,
        0.8708333333333333,
        0.9125,
        0.9083333333333333,
        0.9083333333333333,
        0.8083333333333333,
        0.8583333333333333,
        0.8583333333333333,
        0.8625,
        0.9375,
        0.8916666666666667,
        0.9208333333333333,
        0.9166666666666666,
        0.9333333333333333,
        0.9291666666666667,
        0.9291666666666667,
        0.9291666666666667,
        0.9083333333333333,
        0.9,
        0.9125,
        0.9125,
        0.925,
        0.9416666666666667,
        0.9125,
        0.9625,
        0.9458333333333333,
        0.8875,
        0.9583333333333334,
        0.9625,
        0.95,
        0.8916666666666667,
        0.925,
        0.9583333333333334,
        0.9583333333333334,
        0.9458333333333333,
        0.9125,
        0.9458333333333333,
        0.9625,
        0.9833333333333333,
        0.9666666666666667,
        0.9791666666666666,
        0.9666666666666667,
        0.9833333333333333,
        0.9791666666666666,
        0.9583333333333334,
        0.975,
        0.9583333333333334,
        0.9291666666666667,
        0.9625,
        0.95,
        0.9708333333333333,
        0.975,
        0.9916666666666667,
        0.9791666666666666,
        1.0,
        0.9958333333333333,
        1.0,
        0.9958333333333333,
        0.95,
        0.9625,
        0.9708333333333333,
        0.9916666666666667,
        0.9916666666666667,
        1.0,
        0.9833333333333333,
        0.9625,
        0.9458333333333333,
        0.9708333333333333,
        0.975,
        0.9791666666666666,
        0.975,
        0.9875,
        0.9791666666666666,
        0.9916666666666667,
        0.9916666666666667,
        0.9625
    ],
    "val_accuracy_history": [
        0.275,
        0.325,
        0.3125,
        0.2625,
        0.3375,
        0.325,
        0.3125,
        0.325,
        0.2875,
        0.325,
        0.35,
        0.25,
        0.275,
        0.325,
        0.4125,
        0.275,
        0.5125,
        0.35,
        0.475,
        0.2375,
        0.4875,
        0.35,
        0.55,
        0.45,
        0.4875,
        0.425,
        0.275,
        0.5625,
        0.3875,
        0.5625,
        0.4375,
        0.6125,
        0.5,
        0.5875,
        0.3125,
        0.5125,
        0.5,
        0.55,
        0.55,
        0.475,
        0.6,
        0.45,
        0.3125,
        0.4125,
        0.4875,
        0.4875,
        0.55,
        0.4125,
        0.575,
        0.5875,
        0.4625,
        0.575,
        0.5875,
        0.475,
        0.475,
        0.4875,
        0.4375,
        0.3875,
        0.5625,
        0.4875,
        0.575,
        0.5875,
        0.525,
        0.5375,
        0.5625,
        0.625,
        0.65,
        0.5875,
        0.5125,
        0.2625,
        0.425,
        0.4125,
        0.525,
        0.35,
        0.55,
        0.525,
        0.525,
        0.5875,
        0.65,
        0.5125,
        0.6625,
        0.55,
        0.5375,
        0.575,
        0.45,
        0.6,
        0.575,
        0.6,
        0.5125,
        0.5,
        0.3875,
        0.6375,
        0.575,
        0.3625,
        0.55,
        0.575,
        0.6,
        0.5125,
        0.5625,
        0.525
    ],
    "train_loss_history": [
        0.41942972168326376,
        0.3397759382923444,
        0.31112693237761657,
        0.2917282946407795,
        0.29482644200325014,
        0.26941412029167017,
        0.27174992598593234,
        0.25550592156747975,
        0.23754873524109524,
        0.21623959659288328,
        0.20740915276110172,
        0.1823613263045748,
        0.1944771945166091,
        0.20917461312686403,
        0.1427040569173793,
        0.13230202794075013,
        0.1452523396971325,
        0.15113249194497863,
        0.10658276045384506,
        0.1179396244386832,
        0.10636242520219336,
        0.10771450566438337,
        0.09500496606342494,
        0.08405745475708197,
        0.10051701467794677,
        0.0944821935884344,
        0.06922635545100396,
        0.06201311433687806,
        0.07045087816465335,
        0.131260102467301,
        0.10015915404849997,
        0.0959777900405849,
        0.09267891485554476,
        0.04729619605350308,
        0.07847189107366527,
        0.07332287046204632,
        0.06722466601446891,
        0.051103742183962214,
        0.04574256658282441,
        0.0636888741661096,
        0.04534245318112274,
        0.06531201163694883,
        0.07883341828516374,
        0.06576376088002386,
        0.054755658294501096,
        0.06444338696698347,
        0.039374801009641185,
        0.059606790279212875,
        0.02819595685917496,
        0.049497150424091765,
        0.07097215939187057,
        0.031246345560551465,
        0.022834951270003026,
        0.03549953861390046,
        0.09057906938760425,
        0.04822763612125224,
        0.03363379108438191,
        0.03219957226538099,
        0.03362809677540402,
        0.06015583737850345,
        0.037049119814764706,
        0.017015553319167036,
        0.02052742229764893,
        0.02007035173010081,
        0.014351455416181125,
        0.019110758074263382,
        0.011695391867154589,
        0.01473958342323082,
        0.03224948604164032,
        0.013958391114980866,
        0.04288031588262129,
        0.047042302757472496,
        0.04074522708712417,
        0.03603848422717419,
        0.02443138755491721,
        0.014308765533860424,
        0.009858833380621945,
        0.023863405864024873,
        0.0034506801379166063,
        0.0033831664838525435,
        0.001208183970841977,
        0.003831854041254701,
        0.03640514833962622,
        0.04223722640381311,
        0.03006475474491405,
        0.010097315827927862,
        0.012922665763956806,
        0.0053698874612867565,
        0.015130558247710724,
        0.030617071479476485,
        0.05010907260962085,
        0.02675198198915799,
        0.018486703818371097,
        0.018831196400424233,
        0.01541658585467,
        0.012218476434342544,
        0.011876270318195263,
        0.0081119950331716,
        0.009635086523667269,
        0.020480988476265338
    ],