{
    "test_accuracy": 0.4,
    "test_f1": 0.3768846971971972,
    "train_accuracy_history": [
        0.2625,
        0.37083333333333335,
        0.26666666666666666,
        0.39166666666666666,
        0.2875,
        0.37916666666666665,
        0.3458333333333333,
        0.4166666666666667,
        0.45,
        0.43333333333333335,
        0.4875,
        0.5541666666666667,
        0.5416666666666666,
        0.6083333333333333,
        0.6083333333333333,
        0.5625,
        0.6708333333333333,
        0.5,
        0.5666666666666667,
        0.7291666666666666,
        0.7333333333333333,
        0.7708333333333334,
        0.7791666666666667,
        0.7791666666666667,
        0.6583333333333333,
        0.625,
        0.6625,
        0.7333333333333333,
        0.7583333333333333,
        0.8083333333333333,
        0.7583333333333333,
        0.7916666666666666,
        0.85,
        0.8333333333333334,
        0.8708333333333333,
        0.8708333333333333,
        0.8625,
        0.8458333333333333,
        0.8708333333333333,
        0.8875,
        0.8458333333333333,
        0.8375,
        0.8125,
        0.8666666666666667,
        0.8333333333333334,
        0.8458333333333333,
        0.8791666666666667,
        0.875,
        0.85,
        0.8666666666666667,
        0.8833333333333333,
        0.8375,
        0.85,
        0.8583333333333333,
        0.7458333333333333,
        0.8166666666666667,
        0.875,
        0.8625,
        0.8166666666666667,
        0.75,
        0.7875,
        0.7833333333333333,
        0.8291666666666667,
        0.8541666666666666,
        0.9166666666666666,
        0.9166666666666666,
        0.9416666666666667,
        0.9291666666666667,
        0.95,
        0.9291666666666667,
        0.9458333333333333,
        0.925,
        0.8791666666666667,
        0.9125,
        0.9166666666666666,
        0.8666666666666667,
        0.7833333333333333,
        0.7,
        0.48333333333333334,
        0.6791666666666667,
        0.8,
        0.8208333333333333,
        0.8041666666666667,
        0.8416666666666667,
        0.8833333333333333,
        0.9208333333333333,
        0.9375,
        0.8583333333333333,
        0.9208333333333333,
        0.9416666666666667,
        0.9375,
        0.9458333333333333,
        0.9625,
        0.9416666666666667,
        0.9708333333333333,
        0.975,
        0.9458333333333333,
        0.9583333333333334,
        0.9583333333333334,
        0.9541666666666667
    ],
    "val_accuracy_history": [
        0.3,
        0.225,
        0.225,
        0.2625,
        0.35,
        0.275,
        0.2375,
        0.225,
        0.25,
        0.25,
        0.2625,
        0.225,
        0.35,
        0.3875,
        0.3375,
        0.425,
        0.25,
        0.25,
        0.3,
        0.2875,
        0.3,
        0.3,
        0.25,
        0.3625,
        0.25,
        0.4375,
        0.25,
        0.275,
        0.4125,
        0.2625,
        0.25,
        0.2875,
        0.4,
        0.3,
        0.25,
        0.25,
        0.25,
        0.3375,
        0.3875,
        0.3,
        0.35,
        0.25,
        0.275,
        0.2375,
        0.25,
        0.2875,
        0.325,
        0.3125,
        0.275,
        0.35,
        0.3,
        0.25,
        0.3125,
        0.2875,
        0.25,
        0.3375,
        0.325,
        0.3625,
        0.25,
        0.3375,
        0.25,
        0.25,
        0.2875,
        0.3375,
        0.3,
        0.3125,
        0.425,
        0.2625,
        0.4,
        0.3,
        0.2875,
        0.2875,
        0.2875,
        0.3,
        0.25,
        0.3,
        0.3375,
        0.25,
        0.25,
        0.3,
        0.325,
        0.2625,
        0.4375,
        0.3875,
        0.25,
        0.525,
        0.375,
        0.275,
        0.275,
        0.4,
        0.5125,
        0.4625,
        0.4875,
        0.325,
        0.475,
        0.375,
        0.375,
        0.375,
        0.425,
        0.4125
    ],
    "train_loss_history": [
        8.754940642913182,
        0.8728087009241183,
        0.887397939991206,
        0.6953247807919979,
        0.7597407634059589,
        0.5597588688135147,
        0.5040058073898156,
        0.46787091717123985,
        0.40078244159619014,
        0.39225397519767286,
        0.280332330117623,
        0.3002382643831273,
        0.292038299019138,
        0.26195589201524855,
        0.228407504906257,
        0.346159197203815,
        0.25452795894816516,
        0.6609440792817622,
        0.49960245404702924,
        0.23539806193051238,
        0.16234539913324017,
        0.1520335117044548,
        0.14443915222461026,
        0.1631431037404885,
        0.28328297682261716,
        0.5659014252460717,
        0.3641532715235371,
        0.25008876018303755,
        0.19145106679449478,
        0.17113997480191756,
        0.22755444422752286,
        0.1432591411867179,
        0.09105126587674021,
        0.12813531478944545,
        0.10168469382139543,
        0.08508810784357289,
        0.0976267447374994,
        0.10858789722745617,
        0.09062155801414823,
        0.09196381708607078,
        0.09976170381220678,
        0.12573499178494482,
        0.19442349700099537,
        0.10899094866666321,
        0.13981622129892154,
        0.12164904448048522,
        0.07348350058115709,
        0.09486958744528237,
        0.09899908722485028,
        0.11621722379180331,
        0.09901405976173312,
        0.11244287851635211,
        0.13419509961871276,
        0.10508762048120843,
        0.35945485632740504,
        0.17759198589980466,
        0.09685458730091341,
        0.09877339448091031,
        0.1592180698324834,
        0.303730972537096,
        0.26057141103513004,
        0.23736150692221733,
        0.1521753819048172,
        0.17019162951601174,
        0.07400442975352538,
        0.07235246863675306,
        0.04640570247393043,
        0.05829856755020349,
        0.03612952276901827,
        0.06224990010464353,
        0.0364603085131724,
        0.043987923300422456,
        0.0914736659991225,
        0.06221655831420018,
        0.08077915533187176,
        0.09329642038392194,
        0.2243393892124459,
        0.5109449767976912,
        5.685190692347707,
        2.616471186650936,
        0.8629566381072399,
        0.32170299636314004,
        0.4336161265156315,
        0.23163304328317777,
        0.142357893057014,
        0.07087760894852314,
        0.05200936371525599,
        0.22610959057707067,
        0.08322921995259497,
        0.06604484224391681,
        0.06806117667832202,
        0.05711224877037277,
        0.03559918663695806,
        0.04477643828150756,
        0.02510485153326331,
        0.023607981483070913,
        0.06957820901049937,
        0.049960794677735974,
        0.02869015747711619,
        0.031723160802015586
    ],