{
    "test_accuracy": 0.6,
    "test_f1": 0.5674603174603174,
    "train_accuracy_history": [
        0.37777777777777777,
        0.5111111111111111,
        0.8,
        0.8888888888888888,
        0.8666666666666667,
        0.9333333333333333,
        0.9555555555555556,
        0.9777777777777777,
        1.0,
        0.9777777777777777,
        1.0,
        1.0,
        1.0,
        1.0,
        1.0,
        1.0,
        1.0,
        1.0,
        1.0,
        1.0,
        1.0,
        1.0,
        1.0,
        1.0,
        1.0,
        1.0,
        1.0,
        1.0,
        1.0,
        1.0,
        1.0,
        1.0,
        1.0,
        1.0,
        1.0,
        1.0,
        1.0,
        1.0,
        1.0,
        1.0,
        1.0,
        1.0,
        1.0,
        1.0,
        1.0,
        1.0,
        1.0,
        1.0,
        1.0,
        1.0,
        1.0,
        1.0,
        1.0,
        1.0,
        1.0,
        1.0,
        1.0,
        1.0,
        1.0,
        1.0,
        1.0,
        1.0,
        1.0,
        1.0,
        1.0,
        1.0,
        1.0,
        1.0,
        1.0,
        1.0,
        1.0,
        1.0,
        1.0,
        1.0,
        1.0,
        1.0,
        1.0,
        1.0,
        1.0,
        1.0,
        1.0,
        1.0,
        1.0,
        1.0,
        1.0,
        1.0,
        1.0,
        1.0,
        1.0,
        1.0,
        1.0,
        1.0,
        1.0,
        1.0,
        1.0,
        1.0,
        1.0,
        1.0,
        1.0,
        1.0
    ],
    "val_accuracy_history": [
        0.4,
        0.4,
        0.4,
        0.4,
        0.4,
        0.4666666666666667,
        0.4,
        0.4,
        0.4,
        0.4,
        0.4,
        0.4,
        0.4,
        0.4666666666666667,
        0.4,
        0.4,
        0.4,
        0.4,
        0.5333333333333333,
        0.3333333333333333,
        0.2,
        0.4,
        0.5333333333333333,
        0.4,
        0.3333333333333333,
        0.4,
        0.4666666666666667,
        0.4,
        0.2,
        0.5333333333333333,
        0.4666666666666667,
        0.5333333333333333,
        0.3333333333333333,
        0.4,
        0.5333333333333333,
        0.4666666666666667,
        0.4,
        0.4666666666666667,
        0.4666666666666667,
        0.2,
        0.26666666666666666,
        0.2,
        0.26666666666666666,
        0.5333333333333333,
        0.4666666666666667,
        0.4666666666666667,
        0.26666666666666666,
        0.26666666666666666,
        0.2,
        0.3333333333333333,
        0.4,
        0.3333333333333333,
        0.4,
        0.3333333333333333,
        0.4,
        0.5333333333333333,
        0.6666666666666666,
        0.5333333333333333,
        0.4666666666666667,
        0.4666666666666667,
        0.5333333333333333,
        0.4666666666666667,
        0.5333333333333333,
        0.2,
        0.2,
        0.26666666666666666,
        0.4,
        0.4,
        0.4666666666666667,
        0.6666666666666666,
        0.5333333333333333,
        0.6,
        0.4666666666666667,
        0.5333333333333333,
        0.4,
        0.4666666666666667,
        0.4666666666666667,
        0.4666666666666667,
        0.4,
        0.4666666666666667,
        0.26666666666666666,
        0.3333333333333333,
        0.26666666666666666,
        0.2,
        0.5333333333333333,
        0.5333333333333333,
        0.5333333333333333,
        0.4666666666666667,
        0.6,
        0.6,
        0.4,
        0.26666666666666666,
        0.4666666666666667,
        0.4666666666666667,
        0.4,
        0.4,
        0.4666666666666667,
        0.26666666666666666,
        0.4666666666666667,
        0.6
    ],
    "train_loss_history": [
        0.3061862336264716,
        0.26561525265375774,
        0.16006404161453247,
        0.13025532629754807,
        0.08637516436477502,
        0.0673535191350513,
        0.059615297118822734,
        0.04264221547378434,
        0.03483964494533009,
        0.04662246803442637,
        0.03097656201571226,
        0.026320309771431818,
        0.025832959595653744,
        0.01994373860458533,
        0.013879876138849391,
        0.010105804747177495,
        0.009617645314170255,
        0.007333281646586127,
        0.0064669946260336375,
        0.007980676616231601,
        0.008000278514292506,
        0.005664621676421828,
        0.005535722834368547,
        0.005970168703546126,
        0.011249288026657369,
        0.004926474444154236,
        0.004089825243378679,
        0.004456767512278424,
        0.006276241017298566,
        0.0043744426841537155,
        0.0037076335503823227,
        0.002674148102394409,
        0.0059021049360227255,
        0.003402101734860076,
        0.0024652229259825415,
        0.0033789607747975324,
        0.002177072430236472,
        0.0023802821990102528,
        0.0019650792909993065,
        0.0021658213084770573,
        0.0016888943707777395,
        0.0018834032739202182,
        0.0017547362509907948,
        0.0016701989781318439,
        0.001175474043055955,
        0.0013798547921598785,
        0.002059644414111972,
        0.001481558501513468,
        0.0015386491612945166,
        0.002404019712573952,
        0.002894865579178764,
        0.002471145232104593,
        0.0038239192929015392,
        0.0018255721868222787,
        0.0008977777415162159,
        0.0013887529106189807,
        0.0010355828556283895,
        0.0010630576328064004,
        0.0012978964705117355,
        0.000674623631251355,
        0.00081065144105297,
        0.0009154952040666507,
        0.0007008906311562491,
        0.0012318900977132015,
        0.0008209801110852923,
        0.0006271425272441572,
        0.0006010450390426235,
        0.0007448983605071488,
        0.0007076073360318939,
        0.0007652947931395223,
        0.00048387003157080875,
        0.0008923559177977344,
        0.0006378168324267285,
        0.000667968649779343,
        0.000702752297770025,
        0.0003584311815856722,
        0.0004348366249663134,
        0.000508104562241998,
        0.00038416155730374156,
        0.0004742221570470267,
        0.0006176009424962104,
        0.0005446118496668836,
        0.001064077980764624,
        0.0006108251988836046,
        0.0005804381126330958,
        0.0002623393809901447,
        0.0005958196477472989,
        0.00036806270024195936,
        0.0004920772962375647,
        0.00041361501466275917,
        0.0005613036901597942,
        0.0006243123579123574,
        0.00043672401095843976,
        0.0003183980892774545,
        0.00038130376973034196,
        0.00031296228343206977,
        0.0003274296397446758,
        0.000536159164443638,
        0.00034949433077902846,
        0.00039410178885898654
    ],