{
    "test_accuracy": 0.45,
    "test_f1": 0.35485103132161955,
    "train_accuracy_history": [
        0.26666666666666666,
        0.16666666666666666,
        0.38333333333333336,
        0.25,
        0.2833333333333333,
        0.43333333333333335,
        0.35,
        0.43333333333333335,
        0.5,
        0.4666666666666667,
        0.5166666666666667,
        0.5,
        0.45,
        0.65,
        0.7333333333333333,
        0.8,
        0.7333333333333333,
        0.8166666666666667,
        0.8666666666666667,
        0.8833333333333333,
        0.8166666666666667,
        0.9,
        0.8333333333333334,
        0.8833333333333333,
        0.9333333333333333,
        0.9833333333333333,
        0.9666666666666667,
        1.0,
        1.0,
        1.0,
        1.0,
        1.0,
        1.0,
        1.0,
        1.0,
        1.0,
        1.0,
        1.0,
        1.0,
        1.0,
        1.0,
        1.0,
        1.0,
        1.0,
        1.0,
        1.0,
        1.0,
        1.0,
        1.0,
        1.0,
        1.0,
        1.0,
        1.0,
        1.0,
        1.0,
        1.0,
        1.0,
        1.0,
        1.0,
        1.0,
        1.0,
        1.0,
        1.0,
        1.0,
        1.0,
        1.0,
        1.0,
        1.0,
        1.0,
        1.0,
        1.0,
        1.0,
        1.0,
        1.0,
        1.0,
        1.0,
        1.0,
        1.0,
        1.0,
        1.0,
        1.0,
        1.0,
        1.0,
        1.0,
        1.0,
        1.0,
        1.0,
        1.0,
        1.0,
        1.0,
        1.0,
        1.0,
        1.0,
        1.0,
        1.0,
        1.0,
        1.0,
        1.0,
        1.0,
        1.0
    ],
    "val_accuracy_history": [
        0.25,
        0.25,
        0.2,
        0.3,
        0.2,
        0.3,
        0.25,
        0.25,
        0.3,
        0.15,
        0.3,
        0.3,
        0.25,
        0.25,
        0.3,
        0.2,
        0.3,
        0.4,
        0.3,
        0.35,
        0.35,
        0.4,
        0.25,
        0.4,
        0.4,
        0.35,
        0.5,
        0.5,
        0.45,
        0.45,
        0.45,
        0.45,
        0.4,
        0.4,
        0.4,
        0.4,
        0.4,
        0.4,
        0.4,
        0.4,
        0.45,
        0.45,
        0.45,
        0.45,
        0.45,
        0.45,
        0.45,
        0.45,
        0.45,
        0.45,
        0.45,
        0.45,
        0.45,
        0.45,
        0.45,
        0.45,
        0.45,
        0.45,
        0.45,
        0.45,
        0.45,
        0.45,
        0.45,
        0.45,
        0.45,
        0.45,
        0.45,
        0.45,
        0.45,
        0.45,
        0.45,
        0.45,
        0.45,
        0.45,
        0.45,
        0.45,
        0.45,
        0.45,
        0.45,
        0.5,
        0.5,
        0.45,
        0.45,
        0.5,
        0.45,
        0.45,
        0.45,
        0.45,
        0.45,
        0.45,
        0.45,
        0.5,
        0.5,
        0.45,
        0.45,
        0.45,
        0.45,
        0.45,
        0.45,
        0.45
    ],
    "train_loss_history": [
        124.78196894327799,
        50.422235298156735,
        13.907868162790935,
        3.5958593984444938,
        3.861808702349663,
        3.4808101415634156,
        2.577261684338252,
        1.443550370261073,
        0.9530680932725469,
        0.9629085728277763,
        0.8273116265734036,
        0.8981936459740003,
        1.0107451125979423,
        0.3834574359158675,
        0.30731266556928555,
        0.1551612363041689,
        0.18687334051161694,
        0.14786516721360385,
        0.07054619634291157,
        0.10552354500008126,
        0.15385032671814164,
        0.04974878227803856,
        0.08022499192350854,
        0.05650456220222016,
        0.03671684912502921,
        0.027474748203530908,
        0.024615644779260037,
        0.009069008005826617,
        0.008090179960709066,
        0.0062505531527373625,
        0.004682906837357829,
        0.005407425326605638,
        0.004181867279112339,
        0.003906312146379302,
        0.0032684142221114597,
        0.003811983366419251,
        0.004345197013268868,
        0.0030571058159694076,
        0.0024454983162286227,
        0.002898587340799471,
        0.0028430021600797774,
        0.0028393923654220997,
        0.0026722594581466788,
        0.0025048149002638337,
        0.0020600294539084036,
        0.002729656356192815,
        0.002400889073032886,
        0.002147844937402018,
        0.0027743703375260036,
        0.0017155856005653428,
        0.0017409428289586989,
        0.001646532682934776,
        0.0014235124574042857,
        0.0017302349685148026,
        0.0022439284211335083,
        0.0021019056686782276,
        0.0027465791548214233,
        0.0015338766999775544,
        0.0016933697089067815,
        0.001050933453370817,
        0.0013353912043385207,
        0.0011164093094218211,
        0.001503779309859965,
        0.0014173956871673,
        0.0010205466996315712,
        0.0016308951472941166,
        0.0008793220076768193,
        0.001053651558807663,
        0.0007345762584009208,
        0.0010432633447635454,
        0.0010070477903354913,
        0.0007855709237143553,
        0.0012113994981821938,
        0.0007427136568973462,
        0.0009066178497353879,
        0.0007310511165997014,
        0.0008259707959950901,
        0.0012283542930769423,
        0.0008736364145685608,
        0.0007964413554873318,
        0.0006152067886432633,
        0.0008442117514884255,
        0.0007208347034368974,
        0.0008014356664110285,
        0.0006626128582865931,
        0.000665837630610137,
        0.0006758643304541086,
        0.0006630514263330649,
        0.0006349981396245615,
        0.000598006954533048,
        0.0006543994250629719,
        0.0004747146570783419,
        0.00048188824257522356,
        0.0005860559652016188,
        0.0006364752608836473,
        0.0005439333729251909,
        0.0004399264956494638,
        0.000641282395493666,
        0.0005406816237761328,
        0.0004018246783137632
    ],