{
    "test_accuracy": 0.25,
    "test_f1": 0.1,
    "train_accuracy_history": [
        0.22083333333333333,
        0.24166666666666667,
        0.2375,
        0.2,
        0.24583333333333332,
        0.20833333333333334,
        0.2,
        0.18333333333333332,
        0.22083333333333333,
        0.22083333333333333,
        0.23333333333333334,
        0.175,
        0.23333333333333334,
        0.19166666666666668,
        0.2375,
        0.22916666666666666,
        0.225,
        0.22916666666666666,
        0.2,
        0.19583333333333333,
        0.225,
        0.18333333333333332,
        0.21666666666666667,
        0.25,
        0.19166666666666668,
        0.20416666666666666,
        0.2125,
        0.225,
        0.2125,
        0.1875,
        0.2125,
        0.175,
        0.25,
        0.24166666666666667,
        0.20416666666666666,
        0.24166666666666667,
        0.225,
        0.24583333333333332,
        0.22083333333333333,
        0.2375,
        0.175,
        0.175,
        0.20416666666666666,
        0.2125,
        0.25,
        0.20833333333333334,
        0.20416666666666666,
        0.20833333333333334,
        0.24166666666666667,
        0.21666666666666667,
        0.22083333333333333,
        0.21666666666666667,
        0.20416666666666666,
        0.2,
        0.225,
        0.25,
        0.1875,
        0.21666666666666667,
        0.25,
        0.25,
        0.25,
        0.2,
        0.21666666666666667,
        0.24166666666666667,
        0.22916666666666666,
        0.23333333333333334,
        0.21666666666666667,
        0.2375,
        0.225,
        0.24166666666666667,
        0.25,
        0.25,
        0.21666666666666667,
        0.22083333333333333,
        0.2375,
        0.21666666666666667,
        0.25416666666666665,
        0.22083333333333333,
        0.1875,
        0.25,
        0.1875,
        0.25,
        0.25,
        0.22083333333333333,
        0.20833333333333334,
        0.22916666666666666,
        0.25,
        0.20416666666666666,
        0.1875,
        0.25,
        0.22916666666666666,
        0.25,
        0.2125,
        0.25416666666666665,
        0.25,
        0.2,
        0.21666666666666667,
        0.25,
        0.25,
        0.25
    ],
    "val_accuracy_history": [
        0.25,
        0.25,
        0.25,
        0.25,
        0.25,
        0.25,
        0.25,
        0.25,
        0.25,
        0.25,
        0.25,
        0.25,
        0.25,
        0.25,
        0.25,
        0.25,
        0.25,
        0.25,
        0.25,
        0.25,
        0.25,
        0.25,
        0.25,
        0.25,
        0.25,
        0.25,
        0.25,
        0.25,
        0.25,
        0.25,
        0.25,
        0.25,
        0.25,
        0.25,
        0.25,
        0.25,
        0.25,
        0.25,
        0.25,
        0.25,
        0.25,
        0.25,
        0.25,
        0.25,
        0.25,
        0.25,
        0.25,
        0.25,
        0.25,
        0.25,
        0.25,
        0.25,
        0.25,
        0.25,
        0.25,
        0.25,
        0.25,
        0.25,
        0.25,
        0.25,
        0.25,
        0.25,
        0.25,
        0.25,
        0.25,
        0.25,
        0.25,
        0.25,
        0.25,
        0.25,
        0.25,
        0.25,
        0.25,
        0.25,
        0.25,
        0.25,
        0.25,
        0.25,
        0.25,
        0.25,
        0.25,
        0.25,
        0.25,
        0.25,
        0.25,
        0.25,
        0.25,
        0.25,
        0.25,
        0.25,
        0.25,
        0.25,
        0.25,
        0.25,
        0.25,
        0.25,
        0.25,
        0.25,
        0.25,
        0.25
    ],
    "train_loss_history": [
        0.34874863823254904,
        0.3477846284707387,
        0.34850277155637743,
        0.34804948469003044,
        0.34786262959241865,
        0.34730271995067596,
        0.34728841731945675,
        0.3473901708920797,
        0.3472627987464269,
        0.34799235860506694,
        0.3473597005009651,
        0.3473285461465518,
        0.3473235577344894,
        0.3474723532795906,
        0.3474405735731125,
        0.34749115953842796,
        0.34738160073757174,
        0.3472533057133357,
        0.34742801040411,
        0.34693387647469837,
        0.34738741715749105,
        0.3475091546773911,
        0.3471329058210055,
        0.34709335466225943,
        0.34719019134839374,
        0.34709328413009644,
        0.3469188546140989,
        0.3469210530320803,
        0.3472394352157911,
        0.3470235432187716,
        0.3470810651779175,
        0.34689483443895974,
        0.34685011009375255,
        0.34694726864496866,
        0.3468823303778966,
        0.34684858471155167,
        0.346879414220651,
        0.3467955852548281,
        0.34707690179347994,
        0.34679910391569135,
        0.346864740550518,
        0.3470265090465546,
        0.3468959018588066,
        0.3469165116548538,
        0.34683173447847365,
        0.34683277358611425,
        0.3468611046671867,
        0.3467961500088374,
        0.34670698642730713,
        0.3468018531799316,
        0.3467527374625206,
        0.3468195786078771,
        0.3470341299970945,
        0.34694790790478386,
        0.3467177838087082,
        0.34673968801895777,
        0.3468456879258156,
        0.3467287907997767,
        0.3467296118537585,
        0.34681205948193866,
        0.3467257966597875,
        0.3468036398291588,
        0.34673056900501253,
        0.34673720796902974,
        0.3467254713177681,
        0.3466917340954145,
        0.3467279881238937,
        0.3467526291807493,
        0.34669222036997477,
        0.3467549428343773,
        0.3466925139228503,
        0.34668477475643156,
        0.3466888894637426,
        0.34675064037243525,
        0.3467096676429113,
        0.3467051605383555,
        0.3466950714588165,
        0.3466593498984973,
        0.3467487767338753,
        0.34668230364720026,
        0.3466567223270734,
        0.346657387415568,
        0.3467895448207855,
        0.3466890628139178,
        0.3466552222768466,
        0.3466583440701167,
        0.3466900254289309,
        0.3467849776148796,
        0.34667191207408904,
        0.34674439430236814,
        0.3466556961337725,
        0.34665546168883643,
        0.3466709519426028,
        0.34669118374586105,
        0.3466541901230812,
        0.3466867908835411,
        0.3466578061381976,
        0.3466846913099289,
        0.3466892451047897,
        0.3466708774367968
    ],