{
    "test_accuracy": 0.2,
    "test_f1": 0.08333333333333333,
    "train_accuracy_history": [
        0.23333333333333334,
        0.3,
        0.5166666666666667,
        0.65,
        0.6833333333333333,
        0.8166666666666667,
        0.8,
        0.8666666666666667,
        0.8833333333333333,
        0.9333333333333333,
        0.9166666666666666,
        0.9833333333333333,
        0.9666666666666667,
        0.9833333333333333,
        0.9833333333333333,
        1.0,
        1.0,
        0.9833333333333333,
        1.0,
        1.0,
        1.0,
        1.0,
        1.0,
        0.9833333333333333,
        1.0,
        1.0,
        1.0,
        1.0,
        1.0,
        1.0,
        1.0,
        1.0,
        1.0,
        1.0,
        1.0,
        1.0,
        1.0,
        1.0,
        1.0,
        1.0,
        1.0,
        1.0,
        1.0,
        1.0,
        1.0,
        1.0,
        1.0,
        1.0,
        1.0,
        1.0,
        1.0,
        1.0,
        1.0,
        1.0,
        1.0,
        1.0,
        1.0,
        1.0,
        1.0,
        1.0,
        1.0,
        1.0,
        1.0,
        1.0,
        1.0,
        1.0,
        1.0,
        1.0,
        1.0,
        1.0,
        1.0,
        1.0,
        1.0,
        1.0,
        1.0,
        1.0,
        1.0,
        1.0,
        1.0,
        1.0,
        1.0,
        1.0,
        1.0,
        1.0,
        1.0,
        1.0,
        1.0,
        1.0,
        1.0,
        1.0,
        1.0,
        1.0,
        1.0,
        1.0,
        1.0,
        1.0,
        1.0,
        1.0,
        1.0,
        1.0
    ],
    "val_accuracy_history": [
        0.35,
        0.35,
        0.2,
        0.25,
        0.35,
        0.35,
        0.35,
        0.2,
        0.2,
        0.2,
        0.2,
        0.2,
        0.2,
        0.15,
        0.25,
        0.2,
        0.15,
        0.25,
        0.15,
        0.1,
        0.2,
        0.2,
        0.25,
        0.25,
        0.2,
        0.3,
        0.25,
        0.15,
        0.2,
        0.2,
        0.3,
        0.3,
        0.25,
        0.15,
        0.25,
        0.15,
        0.1,
        0.25,
        0.15,
        0.15,
        0.2,
        0.15,
        0.15,
        0.2,
        0.2,
        0.2,
        0.15,
        0.1,
        0.15,
        0.15,
        0.2,
        0.1,
        0.15,
        0.15,
        0.3,
        0.2,
        0.05,
        0.15,
        0.2,
        0.2,
        0.2,
        0.2,
        0.25,
        0.15,
        0.35,
        0.25,
        0.15,
        0.1,
        0.2,
        0.1,
        0.1,
        0.15,
        0.15,
        0.25,
        0.1,
        0.2,
        0.15,
        0.25,
        0.3,
        0.25,
        0.15,
        0.15,
        0.25,
        0.15,
        0.1,
        0.2,
        0.15,
        0.2,
        0.2,
        0.2,
        0.15,
        0.15,
        0.15,
        0.15,
        0.1,
        0.15,
        0.15,
        0.15,
        0.1,
        0.15
    ],
    "train_loss_history": [
        0.3760578493277232,
        0.3326965490976969,
        0.28540646135807035,
        0.2581781461834908,
        0.22137281795342764,
        0.17932608226935068,
        0.1626001591483752,
        0.1449683095018069,
        0.12861920595169068,
        0.10153312459588051,
        0.09422332296768825,
        0.07290098431209723,
        0.07500749776760737,
        0.0628001535932223,
        0.053625120470921196,
        0.04880587719380856,
        0.04132960016528765,
        0.04073300945262114,
        0.02909175045788288,
        0.022896168008446693,
        0.02385630781451861,
        0.02011394426226616,
        0.015132838580757379,
        0.018437259054432314,
        0.014124580348531405,
        0.010672370437532663,
        0.009536537279685339,
        0.008414873263488214,
        0.008864414350440105,
        0.008225218315298358,
        0.006702852621674538,
        0.00581410995995005,
        0.005419629478516678,
        0.007483074534684419,
        0.005138428881764412,
        0.005543456878513098,
        0.003326782436730961,
        0.004607434974362453,
        0.00297039900906384,
        0.003156431073633333,
        0.004210162267554551,
        0.0044153795034314195,
        0.0028674187953583894,
        0.0035953827124709883,
        0.0026127497587973875,
        0.0031212226992162564,
        0.0024233603035099804,
        0.002208392252214253,
        0.0018435040721669794,
        0.002658522552034507,
        0.0020984742945681016,
        0.002006549361006667,
        0.001607197744306177,
        0.002612882146301369,
        0.0024888884858228267,
        0.0024956165308443207,
        0.002302636675691853,
        0.0012293641610691944,
        0.0017412158815811078,
        0.002928886147371183,
        0.0026223536813631656,
        0.002736050010814021,
        0.0020574974875974777,
        0.0014731066961151857,
        0.001783854141831398,
        0.0016405157977715135,
        0.0016738633402079964,
        0.0013429116108454764,
        0.001476676300323258,
        0.0008936787965164209,
        0.0010336303666311627,
        0.0010853440151549875,
        0.0014425700802045563,
        0.0009154449168515081,
        0.001678725473660355,
        0.0011815700233758738,
        0.0008520983799826353,
        0.0008740499130605409,
        0.000993146530042092,
        0.0010192374039130906,
        0.0010499471759734054,
        0.0007083742045021305,
        0.0006701089199244356,
        0.0005675022936581323,
        0.0010159274310960124,
        0.0008043351961532607,
        0.0007343310474728545,
        0.0007013920878913874,
        0.0009007509021709362,
        0.000745153843308799,
        0.0008412383710189412,
        0.0006145415628755776,
        0.0004676962300436571,
        0.0006731331639457494,
        0.0006433126885288706,
        0.0005385014713586619,
        0.0005748612835304812,
        0.0005032300599850714,
        0.0007881183410063386,
        0.0009594409930286929
    ],