{
    "test_accuracy": 0.25,
    "test_f1": 0.1,
    "train_accuracy_history": [
        0.25,
        0.25,
        0.25,
        0.26666666666666666,
        0.3333333333333333,
        0.36666666666666664,
        0.36666666666666664,
        0.36666666666666664,
        0.36666666666666664,
        0.36666666666666664,
        0.36666666666666664,
        0.36666666666666664,
        0.36666666666666664,
        0.36666666666666664,
        0.36666666666666664,
        0.36666666666666664,
        0.36666666666666664,
        0.36666666666666664,
        0.36666666666666664,
        0.36666666666666664,
        0.36666666666666664,
        0.3333333333333333,
        0.36666666666666664,
        0.36666666666666664,
        0.36666666666666664,
        0.36666666666666664,
        0.36666666666666664,
        0.36666666666666664,
        0.36666666666666664,
        0.35,
        0.36666666666666664,
        0.36666666666666664,
        0.36666666666666664,
        0.36666666666666664,
        0.36666666666666664,
        0.31666666666666665,
        0.35,
        0.36666666666666664,
        0.35,
        0.36666666666666664,
        0.36666666666666664,
        0.36666666666666664,
        0.36666666666666664,
        0.3333333333333333,
        0.35,
        0.36666666666666664,
        0.36666666666666664,
        0.36666666666666664,
        0.35,
        0.36666666666666664,
        0.38333333333333336,
        0.36666666666666664,
        0.36666666666666664,
        0.36666666666666664,
        0.36666666666666664,
        0.3333333333333333,
        0.3333333333333333,
        0.36666666666666664,
        0.35,
        0.35,
        0.36666666666666664,
        0.36666666666666664,
        0.36666666666666664,
        0.36666666666666664,
        0.36666666666666664,
        0.36666666666666664,
        0.2833333333333333,
        0.35,
        0.35,
        0.36666666666666664,
        0.26666666666666666,
        0.35,
        0.36666666666666664,
        0.36666666666666664,
        0.36666666666666664,
        0.35,
        0.31666666666666665,
        0.36666666666666664,
        0.38333333333333336,
        0.35,
        0.36666666666666664,
        0.36666666666666664,
        0.36666666666666664,
        0.36666666666666664,
        0.35,
        0.36666666666666664,
        0.36666666666666664,
        0.36666666666666664,
        0.36666666666666664,
        0.2833333333333333,
        0.3,
        0.35,
        0.3333333333333333,
        0.35,
        0.36666666666666664,
        0.36666666666666664,
        0.36666666666666664,
        0.31666666666666665,
        0.38333333333333336,
        0.31666666666666665
    ],
    "val_accuracy_history": [
        0.25,
        0.25,
        0.25,
        0.2,
        0.25,
        0.25,
        0.25,
        0.25,
        0.25,
        0.25,
        0.25,
        0.25,
        0.25,
        0.25,
        0.25,
        0.25,
        0.25,
        0.25,
        0.25,
        0.25,
        0.25,
        0.25,
        0.25,
        0.25,
        0.25,
        0.25,
        0.25,
        0.25,
        0.25,
        0.3,
        0.3,
        0.25,
        0.25,
        0.25,
        0.25,
        0.3,
        0.25,
        0.25,
        0.25,
        0.25,
        0.25,
        0.25,
        0.25,
        0.3,
        0.25,
        0.25,
        0.25,
        0.25,
        0.3,
        0.3,
        0.25,
        0.25,
        0.25,
        0.25,
        0.25,
        0.3,
        0.3,
        0.3,
        0.25,
        0.25,
        0.25,
        0.25,
        0.25,
        0.25,
        0.25,
        0.25,
        0.25,
        0.3,
        0.3,
        0.3,
        0.25,
        0.3,
        0.3,
        0.3,
        0.25,
        0.3,
        0.3,
        0.3,
        0.25,
        0.25,
        0.25,
        0.25,
        0.3,
        0.3,
        0.25,
        0.25,
        0.25,
        0.3,
        0.3,
        0.3,
        0.25,
        0.3,
        0.3,
        0.25,
        0.25,
        0.25,
        0.3,
        0.25,
        0.3,
        0.25
    ],
    "train_loss_history": [
        0.3515613456567129,
        0.3481198231379191,
        0.34642732540766397,
        0.34403975009918214,
        0.34424306551615397,
        0.3433041493097941,
        0.3426633437474569,
        0.3420456369717916,
        0.3419642448425293,
        0.3415146311124166,
        0.3406802237033844,
        0.34045774141947427,
        0.34001394708951316,
        0.33975413839022317,
        0.33909555872281394,
        0.3386038680871328,
        0.3380718986193339,
        0.33789369265238445,
        0.33742151856422425,
        0.3370227158069611,
        0.33684468070665996,
        0.3366997977097829,
        0.3361143708229065,
        0.33603971004486083,
        0.3352830449740092,
        0.33504991928736366,
        0.33514901796976726,
        0.3344482938448588,
        0.3347081422805786,
        0.3343623439470927,
        0.33463377157847085,
        0.3336352527141571,
        0.33312421043713886,
        0.33288601438204446,
        0.33255946040153506,
        0.3324677805105845,
        0.3323935886224111,
        0.3320566932360331,
        0.3315754493077596,
        0.3316304008165995,
        0.33095020055770874,
        0.3308044870694478,
        0.33102142810821533,
        0.3310622155666351,
        0.3306463897228241,
        0.3302869776884715,
        0.33013712167739867,
        0.32958974639574684,
        0.3307011028130849,
        0.3293568710486094,
        0.3292878448963165,
        0.32907260258992516,
        0.3291831612586975,
        0.32916229565938315,
        0.3288252532482147,
        0.3288065671920776,
        0.3284154236316681,
        0.3285796542962392,
        0.32839858730634053,
        0.32776946226755777,
        0.32850234508514403,
        0.32752320369084675,
        0.32755375107129414,
        0.3274997234344482,
        0.32725959420204165,
        0.32713571389516194,
        0.3273164172967275,
        0.32687095204989114,
        0.326961608727773,
        0.32705950538317363,
        0.3270837684472402,
        0.3265801668167114,
        0.32631792426109313,
        0.32619367440541586,
        0.32606359918912253,
        0.3262283305327098,
        0.32613395651181537,
        0.32602880597114564,
        0.32558576464653016,
        0.32559155027071635,
        0.3256132702032725,
        0.32554686864217125,
        0.3254794716835022,
        0.32532909909884133,
        0.32542847593625385,
        0.32533365885416665,
        0.3252482930819193,
        0.32494739492734276,
        0.32510572373867036,
        0.32531816760698956,
        0.32523053884506226,
        0.32484455506006876,
        0.32457198897997536,
        0.3244951248168945,
        0.32513035933176676,
        0.3242692689100901,
        0.3248587230841319,
        0.32447367111841835,
        0.32418781717618306,
        0.3242655595143636
    ],