{
    "test_accuracy": 0.25,
    "test_f1": 0.1,
    "train_accuracy_history": [
        0.21666666666666667,
        0.25,
        0.2375,
        0.225,
        0.23333333333333334,
        0.225,
        0.2375,
        0.25,
        0.22083333333333333,
        0.20833333333333334,
        0.25,
        0.21666666666666667,
        0.17916666666666667,
        0.24166666666666667,
        0.24583333333333332,
        0.25,
        0.22916666666666666,
        0.25,
        0.24583333333333332,
        0.20833333333333334,
        0.20833333333333334,
        0.24166666666666667,
        0.2,
        0.18333333333333332,
        0.25,
        0.21666666666666667,
        0.22083333333333333,
        0.24166666666666667,
        0.22083333333333333,
        0.1875,
        0.2375,
        0.225,
        0.22916666666666666,
        0.22083333333333333,
        0.24166666666666667,
        0.25,
        0.17083333333333334,
        0.2,
        0.25,
        0.25,
        0.225,
        0.25,
        0.21666666666666667,
        0.20416666666666666,
        0.22083333333333333,
        0.225,
        0.22916666666666666,
        0.20833333333333334,
        0.2125,
        0.21666666666666667,
        0.20833333333333334,
        0.25,
        0.22916666666666666,
        0.17083333333333334,
        0.25,
        0.2375,
        0.20416666666666666,
        0.2125,
        0.2,
        0.21666666666666667,
        0.22083333333333333,
        0.17083333333333334,
        0.21666666666666667,
        0.22083333333333333,
        0.21666666666666667,
        0.2125,
        0.20833333333333334,
        0.23333333333333334,
        0.23333333333333334,
        0.2125,
        0.2,
        0.23333333333333334,
        0.22083333333333333,
        0.175,
        0.22083333333333333,
        0.19583333333333333,
        0.22916666666666666,
        0.225,
        0.25,
        0.21666666666666667,
        0.20833333333333334,
        0.2375,
        0.19583333333333333,
        0.225,
        0.19166666666666668,
        0.20416666666666666,
        0.24583333333333332,
        0.2375,
        0.2125,
        0.20416666666666666,
        0.25,
        0.21666666666666667,
        0.25,
        0.225,
        0.16666666666666666,
        0.225,
        0.23333333333333334,
        0.22083333333333333,
        0.24583333333333332,
        0.25
    ],
    "val_accuracy_history": [
        0.25,
        0.25,
        0.25,
        0.25,
        0.25,
        0.25,
        0.25,
        0.25,
        0.25,
        0.25,
        0.25,
        0.25,
        0.25,
        0.25,
        0.25,
        0.25,
        0.25,
        0.25,
        0.25,
        0.25,
        0.25,
        0.25,
        0.25,
        0.25,
        0.25,
        0.25,
        0.25,
        0.25,
        0.25,
        0.25,
        0.25,
        0.25,
        0.25,
        0.25,
        0.25,
        0.25,
        0.25,
        0.25,
        0.25,
        0.25,
        0.25,
        0.25,
        0.25,
        0.25,
        0.25,
        0.25,
        0.25,
        0.25,
        0.25,
        0.25,
        0.25,
        0.25,
        0.25,
        0.25,
        0.25,
        0.25,
        0.25,
        0.25,
        0.25,
        0.25,
        0.25,
        0.25,
        0.25,
        0.25,
        0.25,
        0.25,
        0.25,
        0.25,
        0.25,
        0.25,
        0.25,
        0.25,
        0.25,
        0.25,
        0.25,
        0.25,
        0.25,
        0.25,
        0.25,
        0.25,
        0.25,
        0.25,
        0.25,
        0.25,
        0.25,
        0.25,
        0.25,
        0.25,
        0.25,
        0.25,
        0.25,
        0.25,
        0.25,
        0.25,
        0.25,
        0.25,
        0.25,
        0.25,
        0.25,
        0.25
    ],
    "train_loss_history": [
        0.3739054297407468,
        0.34735432267189026,
        0.3473154524962107,
        0.3487454275290171,
        0.3480494812130928,
        0.34741231352090834,
        0.34755096435546873,
        0.34776023775339127,
        0.347860257824262,
        0.3473242074251175,
        0.34714822967847186,
        0.34742741485436757,
        0.34752784421046573,
        0.3471110999584198,
        0.34693428526322045,
        0.3470465863744418,
        0.3469678764541944,
        0.3470692247152328,
        0.34678922295570375,
        0.3468453034758568,
        0.34679160664478936,
        0.34689511309067406,
        0.3467464879155159,
        0.3467863063017527,
        0.34682450741529464,
        0.34681295504172643,
        0.3468050425251325,
        0.34676559617122016,
        0.34671040227015815,
        0.3467477738857269,
        0.34669468700885775,
        0.34669486234585445,
        0.3467008948326111,
        0.3466768617431323,
        0.3467003141840299,
        0.34665347983439765,
        0.34672437558571495,
        0.346660977602005,
        0.34666304985682167,
        0.34665064911047616,
        0.346673750380675,
        0.3466187099615733,
        0.3466613069176674,
        0.34663086434205376,
        0.3466366002957026,
        0.3466615309317907,
        0.3466374243299166,
        0.34669473121563593,
        0.34672591189543406,
        0.3466790204246839,
        0.3466878746946653,
        0.34664837568998336,
        0.3466260602076848,
        0.3466401403148969,
        0.34662883629401525,
        0.3466198965907097,
        0.3466600100199381,
        0.3466540237267812,
        0.3467088500658671,
        0.34668073306481045,
        0.346617299815019,
        0.3466906209786733,
        0.3466913635532061,
        0.34664222846428555,
        0.3466855024298032,
        0.3466221630573273,
        0.34671089599529903,
        0.3466519703467687,
        0.3466445023814837,
        0.3466195434331894,
        0.34664629250764845,
        0.3466340293486913,
        0.3466540356477102,
        0.34668591717878977,
        0.3466377551356951,
        0.3466312438249588,
        0.34663178672393163,
        0.34669231822093327,
        0.346659583846728,
        0.3466877693931262,
        0.34665876229604087,
        0.3466560855507851,
        0.3466490541895231,
        0.3466708645224571,
        0.3466446056962013,
        0.34666937639315926,
        0.34664186835289,
        0.346648013095061,
        0.34670989513397216,
        0.34668218791484834,
        0.3466615478197734,
        0.34664002458254495,
        0.346708915134271,
        0.3466153492530187,
        0.34661217828591667,
        0.34668200264374416,
        0.3466334273417791,
        0.346623831987381,
        0.34661770711342493,
        0.34667584151029585
    ],