{
    "test_accuracy": 0.5875,
    "test_f1": 0.5937311981803508,
    "train_accuracy_history": [
        0.3541666666666667,
        0.4583333333333333,
        0.5,
        0.5125,
        0.575,
        0.6166666666666667,
        0.6583333333333333,
        0.7041666666666667,
        0.6875,
        0.7666666666666667,
        0.7916666666666666,
        0.8041666666666667,
        0.7708333333333334,
        0.8708333333333333,
        0.8125,
        0.8458333333333333,
        0.8666666666666667,
        0.825,
        0.8583333333333333,
        0.8583333333333333,
        0.8625,
        0.9041666666666667,
        0.9125,
        0.8958333333333334,
        0.8916666666666667,
        0.9166666666666666,
        0.8958333333333334,
        0.8958333333333334,
        0.85,
        0.9208333333333333,
        0.9166666666666666,
        0.9416666666666667,
        0.9041666666666667,
        0.9,
        0.9083333333333333,
        0.9208333333333333,
        0.9375,
        0.8791666666666667,
        0.9333333333333333,
        0.9333333333333333,
        0.9,
        0.875,
        0.9291666666666667,
        0.9,
        0.9416666666666667,
        0.9333333333333333,
        0.9458333333333333,
        0.9583333333333334,
        0.9208333333333333,
        0.9291666666666667,
        0.9583333333333334,
        0.9458333333333333,
        0.9041666666666667,
        0.9083333333333333,
        0.8875,
        0.9,
        0.9,
        0.9291666666666667,
        0.925,
        0.9416666666666667,
        0.95,
        0.9541666666666667,
        0.95,
        0.9208333333333333,
        0.9166666666666666,
        0.9541666666666667,
        0.9666666666666667,
        0.9291666666666667,
        0.9708333333333333,
        0.9416666666666667,
        0.9333333333333333,
        0.9458333333333333,
        0.9541666666666667,
        0.9833333333333333,
        0.9875,
        0.95,
        0.9583333333333334,
        0.9583333333333334,
        0.9583333333333334,
        0.9416666666666667,
        0.9583333333333334,
        0.9375,
        0.9458333333333333,
        0.9541666666666667,
        0.9666666666666667,
        0.9625,
        0.9541666666666667,
        0.975,
        0.9666666666666667,
        0.9708333333333333,
        0.925,
        0.9541666666666667,
        0.9666666666666667,
        0.9666666666666667,
        0.9375,
        0.95,
        0.9541666666666667,
        0.9375,
        0.975,
        0.9666666666666667
    ],
    "val_accuracy_history": [
        0.425,
        0.3625,
        0.3375,
        0.425,
        0.4125,
        0.3125,
        0.4125,
        0.325,
        0.25,
        0.5125,
        0.5,
        0.525,
        0.425,
        0.5875,
        0.45,
        0.525,
        0.5125,
        0.5375,
        0.525,
        0.45,
        0.45,
        0.5625,
        0.5375,
        0.65,
        0.5875,
        0.35,
        0.6625,
        0.5875,
        0.6625,
        0.425,
        0.45,
        0.5875,
        0.3875,
        0.25,
        0.65,
        0.6,
        0.6,
        0.6875,
        0.5375,
        0.65,
        0.275,
        0.5875,
        0.5625,
        0.625,
        0.625,
        0.375,
        0.6625,
        0.65,
        0.6375,
        0.5625,
        0.65,
        0.55,
        0.275,
        0.4125,
        0.25,
        0.475,
        0.65,
        0.6875,
        0.6125,
        0.625,
        0.5875,
        0.55,
        0.6,
        0.4125,
        0.575,
        0.675,
        0.55,
        0.4875,
        0.6125,
        0.6375,
        0.6625,
        0.6625,
        0.6625,
        0.6625,
        0.4125,
        0.3625,
        0.6375,
        0.675,
        0.65,
        0.6,
        0.6625,
        0.5625,
        0.6625,
        0.6,
        0.5,
        0.4875,
        0.6625,
        0.6375,
        0.7125,
        0.65,
        0.4875,
        0.6625,
        0.55,
        0.625,
        0.675,
        0.625,
        0.6125,
        0.6375,
        0.65,
        0.6125
    ],
    "train_loss_history": [
        0.3239381509522597,
        0.276350716004769,
        0.2675256652136644,
        0.25640107654035094,
        0.22775002295772234,
        0.2285335366614163,
        0.22055876503388086,
        0.1994697529822588,
        0.19423936198775968,
        0.15519955741862457,
        0.13993041386517385,
        0.16284782625734806,
        0.14520121314562856,
        0.12015424433629959,
        0.14382878403800228,
        0.11562126888117442,
        0.10528167308948469,
        0.12457870785146952,
        0.10819787986401934,
        0.10481592858553389,
        0.10191647210740484,
        0.08843560383441702,
        0.08238591324770823,
        0.075481837617311,
        0.07742900200731431,
        0.06146854709950276,
        0.08817233111597791,
        0.06825621160872591,
        0.10506286099165058,
        0.07095413409479079,
        0.06350579750918163,
        0.05899979132882436,
        0.08336487207786074,
        0.08078190631010027,
        0.06652897469563565,
        0.060258330311626196,
        0.04469894910798757,
        0.09238355325845381,
        0.05476981469837483,
        0.07820893015674907,
        0.06422445251106788,
        0.09862149069983085,
        0.06254635892400984,
        0.05577141033233299,
        0.04586647248731121,
        0.04313993760426911,
        0.0381762227983927,
        0.03877797029545036,
        0.04372868220789598,
        0.04366103127498112,
        0.03380261201412698,
        0.03748141669235754,
        0.06581173879603738,
        0.0744615696953891,
        0.11071239470099196,
        0.08270941163639994,
        0.06349041786840341,
        0.05755669809083581,
        0.05560586714163947,
        0.04125533315901369,
        0.03176642272965182,
        0.03425121199519102,
        0.04779052911292941,
        0.053256441689730614,
        0.05609737286364786,
        0.03595152211249406,
        0.033228298849236636,
        0.04685030543422405,
        0.027919867861961243,
        0.03794770964880172,
        0.04976295396982096,
        0.03685842719278298,
        0.030557043487440202,
        0.016784598593871655,
        0.01506618454080731,
        0.03761061652967328,
        0.027623666553199654,
        0.03430676968291664,
        0.026982529275520997,
        0.040519062072932384,
        0.034816498412934986,
        0.05378603255943138,
        0.03747661722160653,
        0.04271564172825795,
        0.023890908806714607,
        0.029081350963580613,
        0.029187592801313635,
        0.019888610562694944,
        0.02490033629662302,
        0.01964173650090449,
        0.09425087021111267,
        0.040145724993279445,
        0.023521782999902523,
        0.02482449955687116,
        0.043555428263486344,
        0.03624966808818992,
        0.032252669311140875,
        0.03848300417304529,
        0.0198614674103221,
        0.02007203490907917
    ],