{
    "test_accuracy": 0.25,
    "test_f1": 0.1,
    "train_accuracy_history": [
        0.21666666666666667,
        0.18333333333333332,
        0.2125,
        0.225,
        0.21666666666666667,
        0.225,
        0.22916666666666666,
        0.225,
        0.20416666666666666,
        0.21666666666666667,
        0.25416666666666665,
        0.20416666666666666,
        0.225,
        0.1625,
        0.21666666666666667,
        0.20416666666666666,
        0.25833333333333336,
        0.20416666666666666,
        0.20416666666666666,
        0.23333333333333334,
        0.19583333333333333,
        0.225,
        0.20833333333333334,
        0.225,
        0.20416666666666666,
        0.2125,
        0.22916666666666666,
        0.20416666666666666,
        0.20416666666666666,
        0.20416666666666666,
        0.2,
        0.24583333333333332,
        0.21666666666666667,
        0.19583333333333333,
        0.19166666666666668,
        0.22916666666666666,
        0.20416666666666666,
        0.22916666666666666,
        0.225,
        0.1875,
        0.2375,
        0.19583333333333333,
        0.2125,
        0.22916666666666666,
        0.22916666666666666,
        0.22916666666666666,
        0.23333333333333334,
        0.225,
        0.20833333333333334,
        0.25,
        0.23333333333333334,
        0.19166666666666668,
        0.1875,
        0.21666666666666667,
        0.18333333333333332,
        0.24166666666666667,
        0.22083333333333333,
        0.225,
        0.23333333333333334,
        0.23333333333333334,
        0.19583333333333333,
        0.24166666666666667,
        0.23333333333333334,
        0.19583333333333333,
        0.21666666666666667,
        0.2375,
        0.2125,
        0.2375,
        0.18333333333333332,
        0.21666666666666667,
        0.22916666666666666,
        0.21666666666666667,
        0.20833333333333334,
        0.1875,
        0.225,
        0.2375,
        0.23333333333333334,
        0.2,
        0.25416666666666665,
        0.225,
        0.2125,
        0.24583333333333332,
        0.22083333333333333,
        0.2375,
        0.2125,
        0.20416666666666666,
        0.1875,
        0.19166666666666668,
        0.25,
        0.20833333333333334,
        0.19583333333333333,
        0.25,
        0.17916666666666667,
        0.22083333333333333,
        0.225,
        0.19166666666666668,
        0.225,
        0.225,
        0.23333333333333334,
        0.225
    ],
    "val_accuracy_history": [
        0.25,
        0.25,
        0.25,
        0.25,
        0.25,
        0.25,
        0.25,
        0.25,
        0.25,
        0.25,
        0.25,
        0.25,
        0.25,
        0.25,
        0.25,
        0.25,
        0.25,
        0.25,
        0.25,
        0.25,
        0.25,
        0.25,
        0.25,
        0.25,
        0.25,
        0.25,
        0.25,
        0.25,
        0.25,
        0.25,
        0.25,
        0.25,
        0.25,
        0.25,
        0.25,
        0.25,
        0.25,
        0.25,
        0.25,
        0.25,
        0.25,
        0.25,
        0.25,
        0.25,
        0.25,
        0.25,
        0.25,
        0.25,
        0.25,
        0.25,
        0.25,
        0.25,
        0.25,
        0.25,
        0.25,
        0.25,
        0.25,
        0.25,
        0.25,
        0.25,
        0.25,
        0.25,
        0.25,
        0.25,
        0.25,
        0.25,
        0.25,
        0.25,
        0.25,
        0.25,
        0.25,
        0.25,
        0.25,
        0.25,
        0.25,
        0.25,
        0.25,
        0.25,
        0.25,
        0.25,
        0.25,
        0.25,
        0.25,
        0.25,
        0.25,
        0.25,
        0.25,
        0.25,
        0.25,
        0.25,
        0.25,
        0.25,
        0.25,
        0.25,
        0.25,
        0.25,
        0.25,
        0.25,
        0.25,
        0.25
    ],
    "train_loss_history": [
        0.3487516358494759,
        0.34817404796679813,
        0.34773051291704177,
        0.34720452427864074,
        0.3480250428120295,
        0.34805250813563665,
        0.3479479029774666,
        0.34748129844665526,
        0.34783812413613,
        0.34783925861120224,
        0.3476547916730245,
        0.34786975135405857,
        0.3477792153755824,
        0.3477140888571739,
        0.34761004547278085,
        0.3476861094435056,
        0.34757231871287025,
        0.3471642553806305,
        0.3478500554958979,
        0.3479553093512853,
        0.3478299329678218,
        0.3473176340262095,
        0.3474053040146828,
        0.3483592281738917,
        0.34804809441169104,
        0.3478811323642731,
        0.3475205471118291,
        0.34739876091480254,
        0.3478959232568741,
        0.34775535613298414,
        0.34812668015559517,
        0.34758785118659336,
        0.34741394023100536,
        0.3473475183049838,
        0.34791660656531653,
        0.34794251024723055,
        0.3474026615420977,
        0.34781816601753235,
        0.34895981500546136,
        0.3477362955609957,
        0.3474444662531217,
        0.34792493333419167,
        0.34781001309553783,
        0.3477375874916712,
        0.34774413605531057,
        0.347594878077507,
        0.34726792623599373,
        0.34733104755481087,
        0.34757226506869,
        0.34776388555765153,
        0.3472125083208084,
        0.34726663132508595,
        0.348892347017924,
        0.34795265793800356,
        0.3475764234860738,
        0.3474132165312767,
        0.3475970387458801,
        0.34759950935840606,
        0.3477643335858981,
        0.3473279645045598,
        0.3481216698884964,
        0.3475234091281891,
        0.3473814715941747,
        0.3474394217133522,
        0.3476052423318227,
        0.347711477180322,
        0.34737708419561386,
        0.34776018261909486,
        0.34785505135854083,
        0.347559695939223,
        0.34724962611993154,
        0.3480782315135002,
        0.3474548851450284,
        0.3475351870059967,
        0.3479711393515269,
        0.3478450581431389,
        0.34722924679517747,
        0.3478755667805672,
        0.3478766605257988,
        0.34750777383645376,
        0.34747622460126876,
        0.3471929649511973,
        0.34733137289683025,
        0.3477062200506528,
        0.34725382377703984,
        0.34737501889467237,
        0.34752398133277895,
        0.3475469117363294,
        0.34844972789287565,
        0.3477885156869888,
        0.34774401783943176,
        0.3474900295337041,
        0.3474543780088425,
        0.3473845660686493,
        0.34764369229475656,
        0.34821876933177315,
        0.34714976499478023,
        0.3477336749434471,
        0.3473184883594513,
        0.3477530981103579
    ],