{
    "test_accuracy": 0.35,
    "test_f1": 0.19642857142857142,
    "train_accuracy_history": [
        0.31666666666666665,
        0.4666666666666667,
        0.48333333333333334,
        0.6833333333333333,
        0.7833333333333333,
        0.8833333333333333,
        0.95,
        0.8833333333333333,
        0.8833333333333333,
        0.8833333333333333,
        0.9666666666666667,
        0.9666666666666667,
        1.0,
        1.0,
        0.9833333333333333,
        1.0,
        1.0,
        0.9833333333333333,
        1.0,
        1.0,
        1.0,
        1.0,
        1.0,
        1.0,
        0.9833333333333333,
        0.9833333333333333,
        0.9333333333333333,
        0.9333333333333333,
        0.9666666666666667,
        1.0,
        1.0,
        1.0,
        0.9333333333333333,
        0.9833333333333333,
        1.0,
        1.0,
        1.0,
        1.0,
        1.0,
        0.9833333333333333,
        0.9833333333333333,
        1.0,
        1.0,
        1.0,
        1.0,
        1.0,
        1.0,
        1.0,
        1.0,
        1.0,
        1.0,
        1.0,
        1.0,
        1.0,
        1.0,
        1.0,
        1.0,
        1.0,
        1.0,
        1.0,
        1.0,
        1.0,
        1.0,
        1.0,
        1.0,
        1.0,
        1.0,
        1.0,
        1.0,
        1.0,
        1.0,
        1.0,
        1.0,
        1.0,
        1.0,
        1.0,
        1.0,
        1.0,
        1.0,
        1.0,
        1.0,
        1.0,
        1.0,
        1.0,
        1.0,
        1.0,
        1.0,
        1.0,
        1.0,
        1.0,
        1.0,
        1.0,
        1.0,
        1.0,
        1.0,
        1.0,
        1.0,
        1.0,
        1.0,
        1.0
    ],
    "val_accuracy_history": [
        0.25,
        0.2,
        0.2,
        0.2,
        0.2,
        0.2,
        0.2,
        0.2,
        0.2,
        0.2,
        0.2,
        0.2,
        0.25,
        0.25,
        0.25,
        0.25,
        0.25,
        0.2,
        0.2,
        0.2,
        0.25,
        0.25,
        0.25,
        0.25,
        0.35,
        0.2,
        0.25,
        0.2,
        0.2,
        0.2,
        0.2,
        0.2,
        0.2,
        0.2,
        0.2,
        0.25,
        0.25,
        0.2,
        0.25,
        0.3,
        0.25,
        0.4,
        0.35,
        0.35,
        0.35,
        0.3,
        0.35,
        0.25,
        0.25,
        0.25,
        0.3,
        0.25,
        0.4,
        0.3,
        0.35,
        0.35,
        0.2,
        0.25,
        0.3,
        0.25,
        0.35,
        0.3,
        0.3,
        0.35,
        0.25,
        0.25,
        0.35,
        0.3,
        0.4,
        0.3,
        0.35,
        0.25,
        0.2,
        0.35,
        0.45,
        0.25,
        0.3,
        0.3,
        0.3,
        0.4,
        0.25,
        0.25,
        0.2,
        0.3,
        0.3,
        0.4,
        0.25,
        0.3,
        0.35,
        0.3,
        0.25,
        0.35,
        0.35,
        0.3,
        0.3,
        0.3,
        0.3,
        0.3,
        0.25,
        0.3
    ],
    "train_loss_history": [
        0.34663377006848656,
        0.2903087675571442,
        0.28748271564642586,
        0.210128985842069,
        0.18453867981831232,
        0.12923462465405464,
        0.09409870008627573,
        0.09670713146527608,
        0.10068209717671077,
        0.10045203814903896,
        0.06908258087933064,
        0.06825257471452156,
        0.04650889399151007,
        0.039678963273763655,
        0.0334345355629921,
        0.028721948340535163,
        0.021451725997030734,
        0.026307942842443786,
        0.019911894264320534,
        0.025148463808000086,
        0.01605236850058039,
        0.014033844911803801,
        0.022931841760873796,
        0.012239321259160836,
        0.01898340182378888,
        0.02054671977336208,
        0.0707062054425478,
        0.06691113002598285,
        0.04690543202062448,
        0.027528462807337443,
        0.03135632791866859,
        0.028458893485367297,
        0.05955556121965249,
        0.042296995005259914,
        0.026514624462773403,
        0.01757197951277097,
        0.015679184719920157,
        0.013166815197716156,
        0.012136084330268204,
        0.014587292222616573,
        0.018076763891925415,
        0.012251058313995599,
        0.009889449582745631,
        0.010266893062119682,
        0.00754321930774798,
        0.0076048473051438725,
        0.006339788297191262,
        0.006975290924310684,
        0.007049827448402842,
        0.004765892269400259,
        0.006847379077225923,
        0.008532682185371716,
        0.00572492388697962,
        0.004505590659876665,
        0.004085663131748637,
        0.0049441740072021885,
        0.005079831237283846,
        0.0037604205620785556,
        0.004403351115373274,
        0.0031361363634156685,
        0.0031475356197915973,
        0.0023171498071557534,
        0.002844677192236607,
        0.002770848075548808,
        0.002995660798236107,
        0.0025823756974811354,
        0.0018286561651621013,
        0.001896596527270352,
        0.0017120703395145634,
        0.001526395947439596,
        0.0017627247686808308,
        0.0016419491653020184,
        0.0013450738954513023,
        0.0009528560331091285,
        0.001597227103775367,
        0.0011240531671016167,
        0.00106509886488008,
        0.0015101400485339886,
        0.0015048713927778106,
        0.003100477640206615,
        0.0022059716885754217,
        0.0018476384100116169,
        0.001456141053737762,
        0.0009764825139427557,
        0.0009155161523570617,
        0.0010587651680301253,
        0.0010213946525861198,
        0.0010083488780461872,
        0.0006206597570174684,
        0.0006949965909977134,
        0.0008395547401354027,
        0.0008126252903214966,
        0.0007658730610273778,
        0.0007891196359802659,
        0.000613563732864956,
        0.000704602567323794,
        0.00043294245939857015,
        0.0005370978561889691,
        0.0004463046381715685,
        0.0007523361748705307
    ],