{
    "test_accuracy": 0.275,
    "test_f1": 0.14749536178107608,
    "train_accuracy_history": [
        0.25416666666666665,
        0.2,
        0.24166666666666667,
        0.2375,
        0.2791666666666667,
        0.23333333333333334,
        0.2708333333333333,
        0.22916666666666666,
        0.1875,
        0.21666666666666667,
        0.19166666666666668,
        0.2,
        0.225,
        0.2,
        0.20416666666666666,
        0.22083333333333333,
        0.2375,
        0.175,
        0.24166666666666667,
        0.22916666666666666,
        0.24166666666666667,
        0.20416666666666666,
        0.20833333333333334,
        0.22916666666666666,
        0.20833333333333334,
        0.25833333333333336,
        0.2125,
        0.225,
        0.19166666666666668,
        0.25416666666666665,
        0.25833333333333336,
        0.2125,
        0.22916666666666666,
        0.2125,
        0.22916666666666666,
        0.21666666666666667,
        0.2708333333333333,
        0.18333333333333332,
        0.2,
        0.19166666666666668,
        0.25,
        0.23333333333333334,
        0.225,
        0.23333333333333334,
        0.2125,
        0.2375,
        0.23333333333333334,
        0.24166666666666667,
        0.2708333333333333,
        0.22916666666666666,
        0.18333333333333332,
        0.23333333333333334,
        0.25833333333333336,
        0.25833333333333336,
        0.24166666666666667,
        0.2125,
        0.20833333333333334,
        0.2125,
        0.23333333333333334,
        0.23333333333333334,
        0.225,
        0.21666666666666667,
        0.20833333333333334,
        0.2,
        0.22083333333333333,
        0.22083333333333333,
        0.22083333333333333,
        0.19583333333333333,
        0.24583333333333332,
        0.2375,
        0.25833333333333336,
        0.25,
        0.2375,
        0.2125,
        0.2,
        0.19583333333333333,
        0.22916666666666666,
        0.20416666666666666,
        0.2,
        0.25,
        0.25,
        0.25416666666666665,
        0.225,
        0.23333333333333334,
        0.225,
        0.20416666666666666,
        0.22916666666666666,
        0.22083333333333333,
        0.23333333333333334,
        0.19583333333333333,
        0.25,
        0.225,
        0.20833333333333334,
        0.225,
        0.23333333333333334,
        0.19583333333333333,
        0.22083333333333333,
        0.20416666666666666,
        0.225,
        0.2125
    ],
    "val_accuracy_history": [
        0.25,
        0.25,
        0.25,
        0.25,
        0.25,
        0.25,
        0.25,
        0.275,
        0.25,
        0.25,
        0.25,
        0.25,
        0.25,
        0.275,
        0.25,
        0.25,
        0.25,
        0.25,
        0.25,
        0.25,
        0.25,
        0.25,
        0.25,
        0.25,
        0.25,
        0.25,
        0.25,
        0.25,
        0.275,
        0.25,
        0.25,
        0.25,
        0.25,
        0.25,
        0.25,
        0.275,
        0.25,
        0.25,
        0.25,
        0.25,
        0.25,
        0.25,
        0.25,
        0.25,
        0.25,
        0.25,
        0.275,
        0.25,
        0.275,
        0.25,
        0.25,
        0.25,
        0.25,
        0.25,
        0.25,
        0.275,
        0.25,
        0.25,
        0.25,
        0.25,
        0.25,
        0.25,
        0.25,
        0.25,
        0.25,
        0.25,
        0.25,
        0.25,
        0.25,
        0.25,
        0.25,
        0.25,
        0.25,
        0.25,
        0.25,
        0.25,
        0.25,
        0.25,
        0.25,
        0.25,
        0.25,
        0.25,
        0.25,
        0.25,
        0.25,
        0.25,
        0.25,
        0.25,
        0.25,
        0.25,
        0.25,
        0.25,
        0.25,
        0.275,
        0.275,
        0.25,
        0.25,
        0.25,
        0.25,
        0.25
    ],
    "train_loss_history": [
        0.3527053122719129,
        0.3516948287685712,
        0.35099582324425377,
        0.3515331675608953,
        0.3486153210202853,
        0.35158951630194984,
        0.34958410064379375,
        0.35098654876152674,
        0.3506665776173274,
        0.35165862093369166,
        0.349863708515962,
        0.35209400455156964,
        0.3504002094268799,
        0.3516473785042763,
        0.34841766556104026,
        0.3525781497359276,
        0.35153920302788416,
        0.3500981499751409,
        0.35178648829460146,
        0.3514293238520622,
        0.350644917289416,
        0.3500463162859281,
        0.35110976646343867,
        0.35166538109381995,
        0.3512969255447388,
        0.3504751409093539,
        0.3510839050014814,
        0.35115682184696195,
        0.3524407754341761,
        0.35040323436260223,
        0.35178641478220624,
        0.3525819073120753,
        0.3514506946007411,
        0.3519104356567065,
        0.35260678430398307,
        0.34935305416584017,
        0.3536568686366081,
        0.3532299786806107,
        0.3500260223944982,
        0.35340778082609176,
        0.351524917781353,
        0.3528319721420606,
        0.35026742418607076,
        0.3500867928067843,
        0.3499592105547587,
        0.3515049268802007,
        0.35126488357782365,
        0.35330686370531716,
        0.35030812869469324,
        0.3498848562439283,
        0.35194365729888283,
        0.3493054365118345,
        0.3495347147186597,
        0.348736206193765,
        0.3496417423089345,
        0.3498108257850011,
        0.35203308761119845,
        0.35230413377285,
        0.34927068700393044,
        0.34971048484245937,
        0.3506207962830861,
        0.3510056033730507,
        0.3505882834394773,
        0.3523363391558329,
        0.35101787696282066,
        0.3513479843735695,
        0.3502771059672038,
        0.35129445840915047,
        0.34977023551861447,
        0.35218819280465447,
        0.3513860434293747,
        0.3505547101298968,
        0.3509754513700803,
        0.35075571238994596,
        0.3500000908970833,
        0.3541255921125412,
        0.35067440072695416,
        0.3527423853675524,
        0.3504477043946584,
        0.3493141462405523,
        0.35066859672466916,
        0.3494746958216031,
        0.35001411139965055,
        0.3503168473641078,
        0.350690266986688,
        0.35325828194618225,
        0.34923445085684457,
        0.35297239273786546,
        0.3495701149106026,
        0.3539547974864642,
        0.3507480671008428,
        0.35245301326115924,
        0.3500311856468519,
        0.3519039139151573,
        0.3502129852771759,
        0.34991520941257476,
        0.3503394012649854,
        0.35170149952173235,
        0.35244409342606864,
        0.35240777134895324
    ],