{
    "test_accuracy": 0.4375,
    "test_f1": 0.42113850012276827,
    "train_accuracy_history": [
        0.22083333333333333,
        0.2791666666666667,
        0.3,
        0.25,
        0.3125,
        0.30416666666666664,
        0.4083333333333333,
        0.3458333333333333,
        0.30833333333333335,
        0.3625,
        0.44583333333333336,
        0.45416666666666666,
        0.4,
        0.5083333333333333,
        0.49166666666666664,
        0.5041666666666667,
        0.6083333333333333,
        0.625,
        0.575,
        0.5791666666666667,
        0.5833333333333334,
        0.5458333333333333,
        0.6833333333333333,
        0.7083333333333334,
        0.725,
        0.7125,
        0.775,
        0.7416666666666667,
        0.7666666666666667,
        0.7333333333333333,
        0.6,
        0.7625,
        0.7916666666666666,
        0.7958333333333333,
        0.6625,
        0.775,
        0.8083333333333333,
        0.7125,
        0.5,
        0.4625,
        0.6083333333333333,
        0.7291666666666666,
        0.7291666666666666,
        0.7958333333333333,
        0.8166666666666667,
        0.85,
        0.8541666666666666,
        0.8791666666666667,
        0.8291666666666667,
        0.8791666666666667,
        0.8666666666666667,
        0.8625,
        0.8791666666666667,
        0.8958333333333334,
        0.8875,
        0.8708333333333333,
        0.8291666666666667,
        0.875,
        0.8583333333333333,
        0.9208333333333333,
        0.8791666666666667,
        0.9166666666666666,
        0.8833333333333333,
        0.8333333333333334,
        0.8875,
        0.8833333333333333,
        0.85,
        0.8,
        0.6541666666666667,
        0.7625,
        0.675,
        0.7458333333333333,
        0.8333333333333334,
        0.8625,
        0.875,
        0.8833333333333333,
        0.8958333333333334,
        0.9,
        0.9166666666666666,
        0.9375,
        0.9375,
        0.9375,
        0.925,
        0.9416666666666667,
        0.9041666666666667,
        0.9375,
        0.8666666666666667,
        0.85,
        0.8291666666666667,
        0.8625,
        0.8791666666666667,
        0.8291666666666667,
        0.8458333333333333,
        0.925,
        0.8833333333333333,
        0.825,
        0.9,
        0.925,
        0.9083333333333333,
        0.9333333333333333
    ],
    "val_accuracy_history": [
        0.2625,
        0.25,
        0.2375,
        0.2625,
        0.25,
        0.2625,
        0.3,
        0.2125,
        0.275,
        0.2625,
        0.3625,
        0.1875,
        0.25,
        0.25,
        0.25,
        0.2125,
        0.275,
        0.225,
        0.225,
        0.2375,
        0.2875,
        0.275,
        0.2875,
        0.3125,
        0.25,
        0.25,
        0.3625,
        0.25,
        0.25,
        0.225,
        0.225,
        0.2875,
        0.275,
        0.2625,
        0.2875,
        0.25,
        0.25,
        0.2125,
        0.25,
        0.25,
        0.2625,
        0.2375,
        0.2625,
        0.2875,
        0.3125,
        0.375,
        0.3375,
        0.325,
        0.4,
        0.3875,
        0.2625,
        0.425,
        0.4,
        0.45,
        0.2875,
        0.225,
        0.25,
        0.2875,
        0.2875,
        0.275,
        0.275,
        0.35,
        0.275,
        0.375,
        0.3625,
        0.4,
        0.2875,
        0.25,
        0.25,
        0.2625,
        0.25,
        0.2375,
        0.25,
        0.3625,
        0.3125,
        0.325,
        0.25,
        0.4,
        0.4125,
        0.3,
        0.4125,
        0.4625,
        0.3125,
        0.275,
        0.2,
        0.3,
        0.25,
        0.25,
        0.2875,
        0.2375,
        0.2375,
        0.25,
        0.2375,
        0.3375,
        0.25,
        0.2625,
        0.3375,
        0.3,
        0.2625,
        0.2875
    ],
    "train_loss_history": [
        10.581056184569995,
        0.9292825311422348,
        1.2084977815548579,
        0.9764960775772731,
        0.7145154731969039,
        0.6516767906645934,
        0.46560039607187115,
        0.6320560572048028,
        0.8105092336734135,
        0.4898580476641655,
        0.39514398674170176,
        0.3681891851748029,
        0.5574071761220694,
        0.324338997527957,
        0.3394123330091437,
        0.3259582446888089,
        0.24781565169493358,
        0.2473473910863201,
        0.2857034565260013,
        0.3120520394605895,
        0.332836198930939,
        0.38638913274432224,
        0.22275982995827992,
        0.1889352702225248,
        0.2011567499022931,
        0.1919746368502577,
        0.15436095978754263,
        0.17081976043991745,
        0.1636127278752004,
        0.17565663067313533,
        0.35012017260305583,
        0.17220092754190167,
        0.14831443874475855,
        0.1547971697989851,
        0.23658676408231258,
        0.15362038932507857,
        0.1461847430638348,
        0.2513447057184142,
        1.0490893768961542,
        1.3025173920361945,
        0.7664731595961105,
        0.29628948196186683,
        0.2932218158462395,
        0.1838110831769882,
        0.11833707829937339,
        0.13294223529519514,
        0.09364067494364765,
        0.07228946337418166,
        0.10871803346090018,
        0.0818722777592484,
        0.0970429807974142,
        0.0997815527759182,
        0.07008048845067,
        0.06803280501626432,
        0.06784625459113158,
        0.08125590117900477,
        0.11804938271234278,
        0.08274095395026962,
        0.0949905888560655,
        0.06317031380409996,
        0.07894002352259122,
        0.058139003671628116,
        0.09340315717618068,
        0.10552697109427148,
        0.07977870679072414,
        0.09309823348012287,
        0.0966699921390197,
        0.16450376894402627,
        0.4799648596099966,
        0.2574428185684762,
        0.3694079437487138,
        0.25261403953966993,
        0.17932903724249627,
        0.1088552783735698,
        0.08837140250107041,
        0.07661750437594796,
        0.07553073756268229,
        0.06585100997399422,
        0.057189862327262135,
        0.04002696751340409,
        0.047382228574133475,
        0.043684032955691995,
        0.04963738250808092,
        0.0474947715356393,
        0.051162032514306094,
        0.04314994142599365,
        0.09600570457381158,
        0.11610309140063085,
        0.12011697488972763,
        0.1295996738453444,
        0.08718261681879085,
        0.15459607665446432,
        0.15382010849655975,
        0.06640919714209303,
        0.08150822908131279,
        0.1585448568775367,
        0.07308281785735744,
        0.08186217519667784,
        0.08249831565402323,
        0.05532916245303454
    ],