{
    "test_accuracy": 0.35,
    "test_f1": 0.3411255411255411,
    "train_accuracy_history": [
        0.21666666666666667,
        0.38333333333333336,
        0.4666666666666667,
        0.7,
        0.8166666666666667,
        0.7833333333333333,
        0.8666666666666667,
        0.85,
        0.9,
        0.9166666666666666,
        0.8833333333333333,
        0.9333333333333333,
        0.95,
        1.0,
        0.9666666666666667,
        1.0,
        1.0,
        1.0,
        1.0,
        1.0,
        0.9833333333333333,
        1.0,
        1.0,
        1.0,
        1.0,
        1.0,
        1.0,
        1.0,
        1.0,
        1.0,
        1.0,
        1.0,
        1.0,
        1.0,
        1.0,
        1.0,
        1.0,
        1.0,
        1.0,
        1.0,
        1.0,
        1.0,
        0.9833333333333333,
        1.0,
        1.0,
        1.0,
        1.0,
        1.0,
        1.0,
        1.0,
        1.0,
        1.0,
        1.0,
        1.0,
        1.0,
        1.0,
        1.0,
        1.0,
        1.0,
        1.0,
        1.0,
        1.0,
        1.0,
        1.0,
        1.0,
        1.0,
        1.0,
        1.0,
        1.0,
        1.0,
        1.0,
        1.0,
        1.0,
        1.0,
        1.0,
        1.0,
        1.0,
        1.0,
        1.0,
        1.0,
        1.0,
        1.0,
        1.0,
        1.0,
        1.0,
        1.0,
        1.0,
        1.0,
        1.0,
        1.0,
        1.0,
        1.0,
        1.0,
        1.0,
        1.0,
        1.0,
        1.0,
        1.0,
        1.0,
        1.0
    ],
    "val_accuracy_history": [
        0.05,
        0.4,
        0.3,
        0.2,
        0.4,
        0.35,
        0.3,
        0.35,
        0.3,
        0.35,
        0.4,
        0.35,
        0.35,
        0.35,
        0.05,
        0.05,
        0.35,
        0.05,
        0.05,
        0.3,
        0.3,
        0.4,
        0.3,
        0.35,
        0.05,
        0.35,
        0.4,
        0.25,
        0.35,
        0.05,
        0.05,
        0.2,
        0.05,
        0.35,
        0.3,
        0.35,
        0.2,
        0.15,
        0.05,
        0.25,
        0.25,
        0.15,
        0.35,
        0.35,
        0.05,
        0.05,
        0.05,
        0.05,
        0.35,
        0.05,
        0.15,
        0.15,
        0.2,
        0.25,
        0.1,
        0.05,
        0.05,
        0.15,
        0.25,
        0.05,
        0.1,
        0.05,
        0.25,
        0.15,
        0.3,
        0.3,
        0.35,
        0.25,
        0.3,
        0.25,
        0.05,
        0.35,
        0.3,
        0.35,
        0.05,
        0.05,
        0.05,
        0.05,
        0.15,
        0.2,
        0.2,
        0.25,
        0.2,
        0.1,
        0.1,
        0.05,
        0.0,
        0.25,
        0.3,
        0.3,
        0.3,
        0.25,
        0.3,
        0.15,
        0.45,
        0.3,
        0.05,
        0.05,
        0.25,
        0.2
    ],
    "train_loss_history": [
        0.3682477315266927,
        0.3363536477088928,
        0.2991024245818456,
        0.2603841016689936,
        0.22358424663543702,
        0.1966018776098887,
        0.17036242683728536,
        0.13813826988140743,
        0.12125794341166814,
        0.1136213352282842,
        0.09633379330237707,
        0.0732743168870608,
        0.05914558575799068,
        0.04758463154236476,
        0.049508458003401756,
        0.03459601340194543,
        0.027118990818659466,
        0.024944400445868573,
        0.021894261551400025,
        0.018262956477701663,
        0.02690628869459033,
        0.015588796293983857,
        0.012921375377724567,
        0.011857629753649235,
        0.0106321655989935,
        0.01236371936586996,
        0.008306373966236909,
        0.009355247300118209,
        0.007730696427946289,
        0.006848746623533467,
        0.007738828007131815,
        0.006901736588527759,
        0.005123431344206134,
        0.004680386247734229,
        0.004813225256899993,
        0.0033311287872493265,
        0.00387153005382667,
        0.00283958469517529,
        0.00313141403409342,
        0.002874857132943968,
        0.0022557588992640374,
        0.0035308369086124005,
        0.011452758997135486,
        0.007548993267118931,
        0.006596863882926603,
        0.0062111546498878544,
        0.009965454748210808,
        0.008564237412065268,
        0.005257255646089713,
        0.006984102772548795,
        0.0035413954368171594,
        0.003207716264296323,
        0.005456598399905488,
        0.0029630111763253807,
        0.002913483294347922,
        0.0026285275894527634,
        0.002001487370580435,
        0.0018793534914342065,
        0.003340086251652489,
        0.0025119444200148184,
        0.0025386683623461674,
        0.0016440693832313021,
        0.0019019010243937374,
        0.0018353623629081995,
        0.001514987369106772,
        0.0014312185385885337,
        0.0018629196371572714,
        0.0012927516324756046,
        0.0015607242200834056,
        0.0015633455943316222,
        0.0013646149775013328,
        0.003274425164757607,
        0.0010053016672221323,
        0.0012618688691873104,
        0.0021348748162078363,
        0.001118955154864428,
        0.0009936418869377424,
        0.0010770726037056496,
        0.000797397594821329,
        0.0007751622712627674,
        0.0008668595973479871,
        0.0011167590836218247,
        0.0007814088050508872,
        0.0008525462355464697,
        0.0008073298376984894,
        0.0009164019390785446,
        0.0006319179471271733,
        0.0006828921817941591,
        0.0004931622194514299,
        0.000560602280893363,
        0.00040808752576898164,
        0.0005782161004996548,
        0.0006124262096515546,
        0.0006767938049354901,
        0.0005301824993997191,
        0.000590651310631074,
        0.0007391098253719975,
        0.0005759968989877962,
        0.0005105695823052277,
        0.0006188596433882291
    ],