{
    "test_accuracy": 0.8,
    "test_f1": 0.7916666666666667,
    "train_accuracy_history": [
        0.5666666666666667,
        0.8666666666666667,
        0.9,
        0.9333333333333333,
        0.9333333333333333,
        0.9333333333333333,
        0.9333333333333333,
        0.9666666666666667,
        0.9666666666666667,
        0.9666666666666667,
        0.9333333333333333,
        1.0,
        0.9666666666666667,
        0.9666666666666667,
        1.0,
        0.9666666666666667,
        1.0,
        1.0,
        1.0,
        1.0,
        1.0,
        1.0,
        1.0,
        1.0,
        1.0,
        1.0,
        1.0,
        1.0,
        1.0,
        1.0,
        1.0,
        1.0,
        1.0,
        1.0,
        1.0,
        1.0,
        1.0,
        1.0,
        1.0,
        1.0,
        1.0,
        1.0,
        1.0,
        1.0,
        1.0,
        1.0,
        1.0,
        1.0,
        1.0,
        1.0,
        1.0,
        1.0,
        1.0,
        1.0,
        1.0,
        1.0,
        1.0,
        1.0,
        1.0,
        1.0,
        1.0,
        1.0,
        1.0,
        1.0,
        1.0,
        1.0,
        1.0,
        1.0,
        1.0,
        1.0,
        1.0,
        1.0,
        1.0,
        1.0,
        1.0,
        1.0,
        1.0,
        1.0,
        1.0,
        1.0,
        1.0,
        1.0,
        1.0,
        1.0,
        1.0,
        1.0,
        1.0,
        1.0,
        1.0,
        1.0,
        1.0,
        1.0,
        1.0,
        1.0,
        1.0,
        1.0,
        1.0,
        1.0,
        1.0,
        1.0
    ],
    "val_accuracy_history": [
        0.4,
        0.4,
        0.6,
        0.6,
        0.6,
        0.6,
        0.6,
        0.6,
        0.6,
        0.6,
        0.6,
        0.6,
        0.6,
        0.6,
        0.6,
        0.6,
        0.6,
        0.6,
        0.6,
        0.6,
        0.6,
        0.6,
        0.6,
        0.6,
        0.6,
        0.6,
        0.6,
        0.6,
        0.6,
        0.7,
        0.6,
        0.5,
        0.5,
        0.6,
        0.6,
        0.6,
        0.6,
        0.6,
        0.6,
        0.6,
        1.0,
        0.7,
        0.6,
        0.8,
        0.6,
        0.6,
        0.7,
        0.7,
        0.9,
        1.0,
        1.0,
        1.0,
        0.8,
        1.0,
        1.0,
        1.0,
        1.0,
        1.0,
        0.6,
        0.6,
        0.6,
        0.9,
        1.0,
        0.9,
        0.9,
        1.0,
        0.9,
        0.9,
        0.5,
        1.0,
        1.0,
        1.0,
        1.0,
        1.0,
        1.0,
        1.0,
        0.9,
        0.9,
        0.9,
        1.0,
        1.0,
        1.0,
        1.0,
        1.0,
        1.0,
        0.9,
        1.0,
        1.0,
        1.0,
        1.0,
        1.0,
        1.0,
        1.0,
        0.9,
        0.9,
        1.0,
        1.0,
        1.0,
        1.0,
        1.0
    ],
    "train_loss_history": [
        0.19843693772951762,
        0.12893345455328623,
        0.09914541095495225,
        0.06040388109783332,
        0.04527652397130926,
        0.0484670794258515,
        0.04620360067735116,
        0.05035779078801473,
        0.06079866786797841,
        0.055600670725107194,
        0.0454991590231657,
        0.04404918849468231,
        0.035364502606292564,
        0.03040338760862748,
        0.02545981581012408,
        0.021389850415289402,
        0.02134796647975842,
        0.02021774301926295,
        0.010988475421133142,
        0.011912638399129113,
        0.009600739250890911,
        0.010488037943529586,
        0.00621748948469758,
        0.0048797749817216145,
        0.00862668538466096,
        0.00574979311786592,
        0.007376460436110695,
        0.005567408570398887,
        0.004785486985929311,
        0.0054696750361472365,
        0.004364318354055286,
        0.0029060875376065573,
        0.003018601316337784,
        0.007687755317116777,
        0.0031975434394553304,
        0.0024190369488981864,
        0.0035968972137197853,
        0.0043374535045586525,
        0.002476100763306022,
        0.001580268763549005,
        0.002829482196830213,
        0.0012681513762800023,
        0.0013198554263605426,
        0.0018615420597294966,
        0.0010429828039680918,
        0.000834281033409449,
        0.0010141334973013728,
        0.0013267710460543943,
        0.0010895607449735204,
        0.0011309497388234983,
        0.0011066990860854275,
        0.0008319282710241775,
        0.0009297004415808866,
        0.0010359819749282905,
        0.0010076022440140757,
        0.000911974753641213,
        0.0005314269665783893,
        0.0009426013702371468,
        0.0005379822629038245,
        0.00035018188743075976,
        0.0008169496548362076,
        0.0005608960799387811,
        0.0004548021407875543,
        0.0007679792916557442,
        0.0012408320646500215,
        0.0006900710529104496,
        0.000530338182579726,
        0.0006712202923760439,
        0.0006781797642664363,
        0.00044425075854330015,
        0.00020151124432838213,
        0.0003939775003042693,
        0.00024237562514220674,
        0.00022028661624062806,
        0.0001667434657671644,
        0.0003257542033679783,
        0.00027652433782350273,
        0.0003486120287561789,
        0.0001664461029577069,
        0.00026258253589427717,
        0.00020576289607561194,
        0.00017750028588731464,
        0.0002266273770752984,
        0.00020044691320132794,
        0.0001392973722734799,
        0.00020140921405982227,
        0.00018939770867897702,
        0.00022169531366671434,
        0.00017237981810467318,
        0.000165929704720232,
        0.00012335512352971514,
        0.00020435634863436765,
        0.00023620005916503335,
        0.0001223405454463015,
        9.13010513613699e-05,
        0.0002496372357806346,
        0.00012453263486046732,
        0.00011433734519717594,
        0.00013621715575406294,
        9.613294763160714e-05
    ],