{
    "test_accuracy": 0.35,
    "test_f1": 0.2222222222222222,
    "train_accuracy_history": [
        0.26666666666666666,
        0.25,
        0.25,
        0.25,
        0.25,
        0.2,
        0.25,
        0.23333333333333334,
        0.21666666666666667,
        0.15,
        0.15,
        0.2,
        0.2,
        0.21666666666666667,
        0.16666666666666666,
        0.15,
        0.25,
        0.21666666666666667,
        0.16666666666666666,
        0.25,
        0.18333333333333332,
        0.21666666666666667,
        0.21666666666666667,
        0.25,
        0.23333333333333334,
        0.18333333333333332,
        0.25,
        0.16666666666666666,
        0.18333333333333332,
        0.23333333333333334,
        0.21666666666666667,
        0.25,
        0.21666666666666667,
        0.21666666666666667,
        0.21666666666666667,
        0.21666666666666667,
        0.25,
        0.18333333333333332,
        0.15,
        0.2,
        0.11666666666666667,
        0.2,
        0.18333333333333332,
        0.16666666666666666,
        0.16666666666666666,
        0.23333333333333334,
        0.25,
        0.2,
        0.18333333333333332,
        0.15,
        0.21666666666666667,
        0.25,
        0.13333333333333333,
        0.25,
        0.23333333333333334,
        0.25,
        0.21666666666666667,
        0.18333333333333332,
        0.25,
        0.16666666666666666,
        0.25,
        0.2,
        0.18333333333333332,
        0.2,
        0.2,
        0.25,
        0.21666666666666667,
        0.16666666666666666,
        0.15,
        0.25,
        0.18333333333333332,
        0.25,
        0.2,
        0.15,
        0.18333333333333332,
        0.13333333333333333,
        0.15,
        0.21666666666666667,
        0.15,
        0.11666666666666667,
        0.21666666666666667,
        0.16666666666666666,
        0.21666666666666667,
        0.21666666666666667,
        0.21666666666666667,
        0.2,
        0.25,
        0.18333333333333332,
        0.25,
        0.18333333333333332,
        0.18333333333333332,
        0.18333333333333332,
        0.25,
        0.21666666666666667,
        0.18333333333333332,
        0.2,
        0.16666666666666666,
        0.2,
        0.21666666666666667,
        0.25
    ],
    "val_accuracy_history": [
        0.25,
        0.25,
        0.25,
        0.25,
        0.25,
        0.25,
        0.25,
        0.25,
        0.25,
        0.3,
        0.25,
        0.25,
        0.25,
        0.25,
        0.25,
        0.25,
        0.25,
        0.3,
        0.25,
        0.25,
        0.25,
        0.3,
        0.25,
        0.25,
        0.25,
        0.25,
        0.25,
        0.25,
        0.25,
        0.25,
        0.25,
        0.3,
        0.25,
        0.25,
        0.25,
        0.25,
        0.25,
        0.25,
        0.25,
        0.3,
        0.25,
        0.3,
        0.25,
        0.25,
        0.25,
        0.25,
        0.25,
        0.25,
        0.3,
        0.25,
        0.25,
        0.25,
        0.25,
        0.25,
        0.3,
        0.35,
        0.25,
        0.25,
        0.25,
        0.3,
        0.3,
        0.25,
        0.3,
        0.25,
        0.25,
        0.3,
        0.25,
        0.3,
        0.25,
        0.25,
        0.25,
        0.25,
        0.25,
        0.25,
        0.25,
        0.25,
        0.25,
        0.3,
        0.25,
        0.25,
        0.3,
        0.25,
        0.25,
        0.25,
        0.25,
        0.25,
        0.25,
        0.25,
        0.25,
        0.25,
        0.25,
        0.35,
        0.3,
        0.25,
        0.25,
        0.25,
        0.3,
        0.3,
        0.25,
        0.25
    ],
    "train_loss_history": [
        0.35000415245691935,
        0.34978232185045877,
        0.3480734924475352,
        0.34751954277356467,
        0.34746185739835106,
        0.34743599891662597,
        0.3477010329564412,
        0.3473357558250427,
        0.34853269457817077,
        0.34705033103624977,
        0.3474135378996531,
        0.3470955232779185,
        0.3474332749843597,
        0.3472455302874247,
        0.34708360632260643,
        0.3471936265627543,
        0.34754241108894346,
        0.3468705614407857,
        0.3491210679213206,
        0.3470290780067444,
        0.34713952938715614,
        0.34750204483668007,
        0.3484192391236623,
        0.3470898628234863,
        0.34728875756263733,
        0.34820900559425355,
        0.34701398412386575,
        0.34725489815076194,
        0.3473980645338694,
        0.3470755855242411,
        0.34789395531018574,
        0.34708416859308877,
        0.3473641037940979,
        0.34756579200426735,
        0.34710675676663716,
        0.34760846495628356,
        0.34730541706085205,
        0.3479255636533101,
        0.3479272822539012,
        0.3472946286201477,
        0.34811903834342955,
        0.34686195055643715,
        0.3469497799873352,
        0.3470827221870422,
        0.3490500748157501,
        0.34749075770378113,
        0.3475096603234609,
        0.34750349322954815,
        0.34732969601949054,
        0.3472148597240448,
        0.3471962253252665,
        0.347409725189209,
        0.34740785161654153,
        0.3469819724559784,
        0.3474794069925944,
        0.3475644111633301,
        0.3471190830071767,
        0.3482109467188517,
        0.3468762695789337,
        0.3473700225353241,
        0.3472807923952738,
        0.3471235930919647,
        0.3471343874931335,
        0.3478469491004944,
        0.3477540075778961,
        0.3470837612946828,
        0.348130609591802,
        0.34792243043581644,
        0.3476724048455556,
        0.34708707928657534,
        0.3475561837355296,
        0.34696248173713684,
        0.347503920396169,
        0.3479966918627421,
        0.3475474536418915,
        0.3471780757109324,
        0.3478468755880992,
        0.3471576452255249,
        0.3475950499375661,
        0.3470660150051117,
        0.34709073503812155,
        0.34767778515815734,
        0.3473108887672424,
        0.3476578931013743,
        0.3474456250667572,
        0.34730652570724485,
        0.3475058356920878,
        0.34709736704826355,
        0.3477665901184082,
        0.3482981483141581,
        0.34723994731903074,
        0.34722393155097964,
        0.34811548590660096,
        0.34705263177553813,
        0.3482014358043671,
        0.34774474501609803,
        0.3475812653700511,
        0.34705228805541993,
        0.34705846309661864,
        0.3473451594511668
    ],