{
    "test_accuracy": 0.1875,
    "test_f1": 0.14993378214325132,
    "train_accuracy_history": [
        0.2708333333333333,
        0.24166666666666667,
        0.2708333333333333,
        0.2916666666666667,
        0.30416666666666664,
        0.29583333333333334,
        0.3416666666666667,
        0.3,
        0.3458333333333333,
        0.25,
        0.2833333333333333,
        0.30416666666666664,
        0.23333333333333334,
        0.25833333333333336,
        0.2625,
        0.3,
        0.3,
        0.25,
        0.25,
        0.25,
        0.25,
        0.25,
        0.25,
        0.25,
        0.25,
        0.25,
        0.25,
        0.25,
        0.25,
        0.25,
        0.25,
        0.25,
        0.25,
        0.25,
        0.25,
        0.22916666666666666,
        0.20416666666666666,
        0.25,
        0.25,
        0.25,
        0.23333333333333334,
        0.25,
        0.23333333333333334,
        0.23333333333333334,
        0.22083333333333333,
        0.25,
        0.18333333333333332,
        0.19583333333333333,
        0.22083333333333333,
        0.19583333333333333,
        0.20416666666666666,
        0.2125,
        0.2375,
        0.225,
        0.25,
        0.25,
        0.23333333333333334,
        0.24166666666666667,
        0.24166666666666667,
        0.20416666666666666,
        0.225,
        0.20833333333333334,
        0.22916666666666666,
        0.19583333333333333,
        0.20416666666666666,
        0.2125,
        0.22083333333333333,
        0.22083333333333333,
        0.225,
        0.20416666666666666,
        0.25,
        0.20833333333333334,
        0.25,
        0.2125,
        0.22083333333333333,
        0.2125,
        0.18333333333333332,
        0.175,
        0.22916666666666666,
        0.20416666666666666,
        0.24166666666666667,
        0.20833333333333334,
        0.21666666666666667,
        0.19583333333333333,
        0.23333333333333334,
        0.2375,
        0.23333333333333334,
        0.23333333333333334,
        0.15833333333333333,
        0.225,
        0.21666666666666667,
        0.225,
        0.14583333333333334,
        0.22083333333333333,
        0.19166666666666668,
        0.225,
        0.24166666666666667,
        0.2375,
        0.22083333333333333,
        0.15416666666666667
    ],
    "val_accuracy_history": [
        0.225,
        0.2625,
        0.2125,
        0.225,
        0.25,
        0.25,
        0.25,
        0.225,
        0.25,
        0.25,
        0.25,
        0.2625,
        0.275,
        0.25,
        0.2125,
        0.25,
        0.25,
        0.25,
        0.25,
        0.25,
        0.25,
        0.25,
        0.25,
        0.25,
        0.25,
        0.2625,
        0.2625,
        0.2625,
        0.2625,
        0.2625,
        0.2625,
        0.2625,
        0.2625,
        0.2625,
        0.2625,
        0.25,
        0.2625,
        0.2625,
        0.2375,
        0.3,
        0.2375,
        0.2375,
        0.2625,
        0.2625,
        0.275,
        0.2625,
        0.275,
        0.275,
        0.2625,
        0.25,
        0.275,
        0.2375,
        0.2625,
        0.275,
        0.2375,
        0.2625,
        0.2625,
        0.25,
        0.225,
        0.275,
        0.2375,
        0.25,
        0.3,
        0.2625,
        0.2625,
        0.25,
        0.25,
        0.25,
        0.275,
        0.25,
        0.2375,
        0.275,
        0.2625,
        0.25,
        0.2625,
        0.25,
        0.25,
        0.25,
        0.2625,
        0.2375,
        0.2625,
        0.25,
        0.25,
        0.25,
        0.275,
        0.25,
        0.2625,
        0.25,
        0.25,
        0.275,
        0.25,
        0.2375,
        0.2625,
        0.25,
        0.275,
        0.25,
        0.275,
        0.25,
        0.2375,
        0.25
    ],
    "train_loss_history": [
        15.143718363841375,
        0.38882456918557484,
        0.3750706677635511,
        0.35907919704914093,
        0.3568132624030113,
        0.3446646670500437,
        0.3345319847265879,
        0.3394146348039309,
        0.34965261866648994,
        0.3545215422908465,
        0.34520954539378484,
        0.3460621918241183,
        0.3497108981013298,
        0.34936293015877407,
        0.34668231159448626,
        0.3463613912463188,
        0.3468006437023481,
        0.3472054253021876,
        0.3470583766698837,
        0.34697109858194985,
        0.34692424635092417,
        0.3469059387842814,
        0.3468671441078186,
        0.3467838540673256,
        0.3468400865793228,
        0.3467959721883138,
        0.34682901700337726,
        0.3467897658546766,
        0.34669193079074223,
        0.34669914096593857,
        0.34676133543252946,
        0.34675037960211436,
        0.34672264258066815,
        0.34669392655293146,
        0.3466618667046229,
        0.34674507280190786,
        0.34673891415198643,
        0.3467477381229401,
        0.34672572861115136,
        0.34677472909291585,
        0.3467029303312302,
        0.3467038984100024,
        0.3466758022705714,
        0.34669253329435984,
        0.34671806047360104,
        0.3466763784488042,
        0.34669692516326905,
        0.3467179869612058,
        0.3466864253083865,
        0.34681208481391274,
        0.3466847613453865,
        0.34667196273803713,
        0.3466545447707176,
        0.34665390650431316,
        0.34674020608266193,
        0.3467011819283167,
        0.3466858059167862,
        0.34671903351942696,
        0.3466537316640218,
        0.3466977283358574,
        0.34665184567372004,
        0.34668324887752533,
        0.34666571815808617,
        0.3467054476340612,
        0.346711361904939,
        0.34682031025489174,
        0.3466423824429512,
        0.3466525306304296,
        0.34676227569580076,
        0.34676117499669395,
        0.34670636653900144,
        0.346769938369592,
        0.34670688907305397,
        0.34664377868175505,
        0.34665825466314953,
        0.3467407782872518,
        0.34673098077376685,
        0.34671163111925124,
        0.3467349355419477,
        0.34673435042301815,
        0.34673040757576623,
        0.34670052578051885,
        0.3466482738653819,
        0.34666843662659325,
        0.34675284872452417,
        0.3467308868964513,
        0.34667669932047523,
        0.346646008392175,
        0.3467105875412623,
        0.34671494712432227,
        0.3466804693142573,
        0.34664418200651803,
        0.3467524329821269,
        0.3466778412461281,
        0.3467030917604764,
        0.3466862718264262,
        0.3466973751783371,
        0.34670183608929317,
        0.346639080842336,
        0.3467692534128825
    ],