{
    "test_accuracy": 0.25,
    "test_f1": 0.1,
    "train_accuracy_history": [
        0.2375,
        0.20416666666666666,
        0.20833333333333334,
        0.225,
        0.25,
        0.21666666666666667,
        0.18333333333333332,
        0.24583333333333332,
        0.24166666666666667,
        0.19583333333333333,
        0.2708333333333333,
        0.25416666666666665,
        0.19583333333333333,
        0.20833333333333334,
        0.22916666666666666,
        0.20833333333333334,
        0.2375,
        0.21666666666666667,
        0.24166666666666667,
        0.17916666666666667,
        0.21666666666666667,
        0.225,
        0.20416666666666666,
        0.1875,
        0.22916666666666666,
        0.225,
        0.21666666666666667,
        0.2125,
        0.22916666666666666,
        0.24166666666666667,
        0.22083333333333333,
        0.24166666666666667,
        0.20416666666666666,
        0.18333333333333332,
        0.21666666666666667,
        0.24583333333333332,
        0.2125,
        0.25,
        0.2,
        0.2125,
        0.19166666666666668,
        0.21666666666666667,
        0.25416666666666665,
        0.21666666666666667,
        0.2375,
        0.2125,
        0.225,
        0.20833333333333334,
        0.24166666666666667,
        0.20416666666666666,
        0.22083333333333333,
        0.22083333333333333,
        0.25,
        0.2,
        0.22916666666666666,
        0.24583333333333332,
        0.22083333333333333,
        0.20416666666666666,
        0.2375,
        0.225,
        0.22916666666666666,
        0.225,
        0.25,
        0.25,
        0.2125,
        0.25,
        0.20416666666666666,
        0.19166666666666668,
        0.22083333333333333,
        0.25,
        0.25,
        0.25,
        0.22916666666666666,
        0.22916666666666666,
        0.21666666666666667,
        0.25,
        0.25,
        0.24166666666666667,
        0.25,
        0.25,
        0.25,
        0.25,
        0.25,
        0.22916666666666666,
        0.25,
        0.22083333333333333,
        0.20833333333333334,
        0.25,
        0.25,
        0.25,
        0.22916666666666666,
        0.21666666666666667,
        0.22916666666666666,
        0.25,
        0.25,
        0.25,
        0.25,
        0.2,
        0.25,
        0.225
    ],
    "val_accuracy_history": [
        0.25,
        0.25,
        0.25,
        0.25,
        0.25,
        0.25,
        0.25,
        0.25,
        0.25,
        0.25,
        0.25,
        0.25,
        0.25,
        0.25,
        0.25,
        0.25,
        0.25,
        0.25,
        0.25,
        0.25,
        0.25,
        0.25,
        0.25,
        0.25,
        0.25,
        0.25,
        0.25,
        0.25,
        0.25,
        0.25,
        0.25,
        0.25,
        0.25,
        0.25,
        0.25,
        0.25,
        0.25,
        0.25,
        0.25,
        0.25,
        0.25,
        0.25,
        0.25,
        0.25,
        0.25,
        0.25,
        0.25,
        0.25,
        0.25,
        0.25,
        0.25,
        0.25,
        0.25,
        0.25,
        0.25,
        0.25,
        0.25,
        0.25,
        0.25,
        0.25,
        0.25,
        0.25,
        0.25,
        0.25,
        0.25,
        0.25,
        0.25,
        0.25,
        0.25,
        0.25,
        0.25,
        0.25,
        0.25,
        0.25,
        0.25,
        0.25,
        0.25,
        0.25,
        0.25,
        0.25,
        0.25,
        0.25,
        0.25,
        0.25,
        0.25,
        0.25,
        0.25,
        0.25,
        0.25,
        0.25,
        0.25,
        0.25,
        0.25,
        0.25,
        0.25,
        0.25,
        0.25,
        0.25,
        0.25,
        0.25
    ],
    "train_loss_history": [
        0.4339230532447497,
        0.3481528028845787,
        0.34794571399688723,
        0.3475382929046949,
        0.3476870412627856,
        0.3478266760706902,
        0.3482096513112386,
        0.34747994095087054,
        0.3476594815651576,
        0.34761721789836886,
        0.34768083443244296,
        0.347202804684639,
        0.34786390215158464,
        0.3473996430635452,
        0.3478088726600011,
        0.34751889705657957,
        0.34743318855762484,
        0.3473154758413633,
        0.3470966935157776,
        0.347016911705335,
        0.34706810067097343,
        0.34732298950354257,
        0.34704747249682744,
        0.34752575953801473,
        0.3469899520277977,
        0.3472368543346723,
        0.3472428272167842,
        0.34698443065087,
        0.3471805855631828,
        0.3468201011419296,
        0.3470319370428721,
        0.34736409137646357,
        0.3468051582574844,
        0.3470662405093511,
        0.3468608339627584,
        0.34691703965266546,
        0.3469666694601377,
        0.3468577668070793,
        0.3470747858285904,
        0.3468204528093338,
        0.34682674407958985,
        0.3467918947339058,
        0.3467234238982201,
        0.34685422231753665,
        0.346726281940937,
        0.3468037575483322,
        0.34680616358915967,
        0.34689281235138575,
        0.3466939022143682,
        0.3468102475007375,
        0.34678682734568916,
        0.34673940390348434,
        0.3468202913800875,
        0.34666963120301564,
        0.3467791398366292,
        0.34683611591657004,
        0.346700431406498,
        0.3467772757013639,
        0.34668754239877064,
        0.3467054973045985,
        0.3467726707458496,
        0.3467227011919022,
        0.3466653565565745,
        0.3467640221118927,
        0.3468029697736104,
        0.346677170197169,
        0.34673041651646297,
        0.3468742609024048,
        0.3466603487730026,
        0.34667398581902187,
        0.3466696202754974,
        0.3466753388444583,
        0.34665395667155585,
        0.3466770152250926,
        0.3466643785436948,
        0.346701883773009,
        0.34669480423132576,
        0.3467488676309586,
        0.3466856345534325,
        0.34669401745001477,
        0.346646918853124,
        0.3466772933801015,
        0.346646873652935,
        0.34663072625796,
        0.3466735576589902,
        0.3466316486398379,
        0.3467067321141561,
        0.3466888810197512,
        0.34665561467409134,
        0.34669755498568217,
        0.34666550705830257,
        0.3466548830270767,
        0.34672093639771145,
        0.34666810085376104,
        0.34662068287531533,
        0.3466539223988851,
        0.34663317203521726,
        0.3466553424795469,
        0.3466233104467392,
        0.3466594621539116
    ],