{
    "test_accuracy": 0.2875,
    "test_f1": 0.1762246117084827,
    "train_accuracy_history": [
        0.2125,
        0.2125,
        0.21666666666666667,
        0.20416666666666666,
        0.23333333333333334,
        0.2125,
        0.2,
        0.22083333333333333,
        0.25416666666666665,
        0.24166666666666667,
        0.21666666666666667,
        0.2708333333333333,
        0.22083333333333333,
        0.23333333333333334,
        0.20833333333333334,
        0.20833333333333334,
        0.25,
        0.25416666666666665,
        0.22916666666666666,
        0.2375,
        0.21666666666666667,
        0.2375,
        0.20416666666666666,
        0.20416666666666666,
        0.225,
        0.25,
        0.2375,
        0.22916666666666666,
        0.23333333333333334,
        0.20416666666666666,
        0.24166666666666667,
        0.20833333333333334,
        0.25833333333333336,
        0.17916666666666667,
        0.2125,
        0.25833333333333336,
        0.2,
        0.19166666666666668,
        0.20416666666666666,
        0.23333333333333334,
        0.24583333333333332,
        0.22083333333333333,
        0.21666666666666667,
        0.20416666666666666,
        0.20833333333333334,
        0.19166666666666668,
        0.22083333333333333,
        0.21666666666666667,
        0.20833333333333334,
        0.22083333333333333,
        0.24166666666666667,
        0.22083333333333333,
        0.2625,
        0.225,
        0.2375,
        0.21666666666666667,
        0.22083333333333333,
        0.19166666666666668,
        0.225,
        0.22916666666666666,
        0.2,
        0.17916666666666667,
        0.19583333333333333,
        0.2125,
        0.225,
        0.20416666666666666,
        0.21666666666666667,
        0.23333333333333334,
        0.2125,
        0.225,
        0.225,
        0.175,
        0.23333333333333334,
        0.225,
        0.22083333333333333,
        0.2,
        0.2375,
        0.20416666666666666,
        0.22083333333333333,
        0.25,
        0.23333333333333334,
        0.20833333333333334,
        0.18333333333333332,
        0.2375,
        0.2625,
        0.25,
        0.175,
        0.25,
        0.23333333333333334,
        0.21666666666666667,
        0.2375,
        0.23333333333333334,
        0.2,
        0.225,
        0.2125,
        0.22916666666666666,
        0.21666666666666667,
        0.17916666666666667,
        0.24166666666666667,
        0.175
    ],
    "val_accuracy_history": [
        0.25,
        0.25,
        0.25,
        0.25,
        0.25,
        0.25,
        0.25,
        0.25,
        0.25,
        0.25,
        0.25,
        0.275,
        0.25,
        0.25,
        0.25,
        0.25,
        0.25,
        0.25,
        0.25,
        0.25,
        0.25,
        0.25,
        0.275,
        0.25,
        0.25,
        0.275,
        0.25,
        0.25,
        0.25,
        0.25,
        0.25,
        0.25,
        0.25,
        0.25,
        0.25,
        0.25,
        0.25,
        0.25,
        0.25,
        0.275,
        0.25,
        0.225,
        0.25,
        0.25,
        0.25,
        0.25,
        0.25,
        0.25,
        0.25,
        0.225,
        0.25,
        0.25,
        0.25,
        0.25,
        0.25,
        0.225,
        0.25,
        0.25,
        0.225,
        0.25,
        0.25,
        0.275,
        0.25,
        0.25,
        0.25,
        0.25,
        0.25,
        0.25,
        0.25,
        0.25,
        0.25,
        0.25,
        0.25,
        0.225,
        0.25,
        0.25,
        0.25,
        0.25,
        0.25,
        0.25,
        0.25,
        0.25,
        0.25,
        0.25,
        0.25,
        0.25,
        0.25,
        0.25,
        0.25,
        0.25,
        0.25,
        0.25,
        0.25,
        0.25,
        0.25,
        0.275,
        0.25,
        0.25,
        0.25,
        0.25
    ],
    "train_loss_history": [
        0.3551496058702469,
        0.35041750520467757,
        0.35122855405012765,
        0.3520867218573888,
        0.3504078055421511,
        0.3516867761810621,
        0.3530217960476875,
        0.34890926281611123,
        0.3521001691619555,
        0.35239959706862767,
        0.3508558511734009,
        0.3497681558132172,
        0.35050482948621114,
        0.3515200694402059,
        0.35181142687797545,
        0.35127264708280564,
        0.35180557121833167,
        0.34767025411129,
        0.355656406780084,
        0.35141575932502744,
        0.35193439523379005,
        0.34913871188958484,
        0.3515416294336319,
        0.35118902872006097,
        0.35331204334894817,
        0.35213878452777864,
        0.35033173809448875,
        0.3505400155981382,
        0.3489758004744848,
        0.3511534705758095,
        0.3489661102493604,
        0.35666743765274683,
        0.3493872051437696,
        0.35192726701498034,
        0.3518978993097941,
        0.35010931541522344,
        0.3549990728497505,
        0.3528988093137741,
        0.35247526317834854,
        0.3492905189593633,
        0.3510355134805044,
        0.3488119353850683,
        0.3514557833472888,
        0.3502515082557996,
        0.35308203647534053,
        0.3531275307138761,
        0.35107717514038084,
        0.35188359369834266,
        0.3513365775346756,
        0.3500755826632182,
        0.3497074693441391,
        0.35055939803520836,
        0.35153502772251766,
        0.35102725476026536,
        0.3518032689889272,
        0.3499317288398743,
        0.35276069641113283,
        0.35104573170344033,
        0.3547291417916616,
        0.3501685028274854,
        0.3514556914567947,
        0.3503900125622749,
        0.350732059776783,
        0.3504593382279078,
        0.3536169941226641,
        0.351471442480882,
        0.35076095213492714,
        0.3497589518626531,
        0.3510098914305369,
        0.3497048099835714,
        0.3495021273692449,
        0.35332010289033255,
        0.35204975455999377,
        0.3503853524724642,
        0.35186550120512644,
        0.3513422191143036,
        0.3490914762020111,
        0.35137856006622314,
        0.35046883175770444,
        0.35000351121028267,
        0.3524386276801427,
        0.35252377539873125,
        0.35025503784418105,
        0.3514128749569257,
        0.35105621417363486,
        0.34954166114330293,
        0.3521937703092893,
        0.34937660694122313,
        0.35005616197983425,
        0.3504501938819885,
        0.35093168119589485,
        0.34915824731191,
        0.35099162509044013,
        0.35104783326387407,
        0.35014011760552727,
        0.3517541085680326,
        0.3528877894083659,
        0.3542099510629972,
        0.3494133621454239,
        0.3513366401195526
    ],