{
    "test_accuracy": 0.5,
    "test_f1": 0.3333333333333333,
    "train_accuracy_history": [
        0.36666666666666664,
        0.8333333333333334,
        0.9,
        0.9,
        0.9333333333333333,
        1.0,
        1.0,
        0.9666666666666667,
        1.0,
        0.9666666666666667,
        1.0,
        1.0,
        1.0,
        1.0,
        1.0,
        1.0,
        1.0,
        1.0,
        1.0,
        1.0,
        1.0,
        1.0,
        1.0,
        1.0,
        1.0,
        1.0,
        1.0,
        1.0,
        1.0,
        1.0,
        1.0,
        1.0,
        1.0,
        1.0,
        1.0,
        1.0,
        1.0,
        1.0,
        1.0,
        1.0,
        1.0,
        1.0,
        1.0,
        1.0,
        1.0,
        1.0,
        1.0,
        1.0,
        1.0,
        1.0,
        1.0,
        1.0,
        1.0,
        1.0,
        1.0,
        1.0,
        1.0,
        1.0,
        1.0,
        1.0,
        1.0,
        1.0,
        1.0,
        1.0,
        1.0,
        1.0,
        1.0,
        1.0,
        1.0,
        1.0,
        1.0,
        1.0,
        1.0,
        1.0,
        1.0,
        1.0,
        1.0,
        1.0,
        1.0,
        1.0,
        1.0,
        1.0,
        1.0,
        1.0,
        1.0,
        1.0,
        1.0,
        1.0,
        1.0,
        1.0,
        1.0,
        1.0,
        1.0,
        1.0,
        1.0,
        1.0,
        1.0,
        1.0,
        1.0,
        1.0
    ],
    "val_accuracy_history": [
        0.6,
        0.4,
        0.6,
        0.6,
        0.6,
        0.6,
        0.6,
        0.6,
        0.6,
        0.6,
        0.6,
        0.4,
        0.4,
        0.6,
        0.6,
        0.6,
        0.5,
        0.5,
        0.4,
        0.4,
        0.5,
        0.6,
        0.5,
        0.4,
        0.3,
        0.4,
        0.4,
        0.3,
        0.6,
        0.5,
        0.5,
        0.6,
        0.6,
        0.3,
        0.5,
        0.5,
        0.4,
        0.5,
        0.4,
        0.4,
        0.5,
        0.4,
        0.3,
        0.5,
        0.5,
        0.6,
        0.3,
        0.3,
        0.4,
        0.4,
        0.4,
        0.5,
        0.6,
        0.6,
        0.4,
        0.4,
        0.5,
        0.6,
        0.5,
        0.6,
        0.4,
        0.4,
        0.4,
        0.4,
        0.4,
        0.5,
        0.4,
        0.6,
        0.6,
        0.3,
        0.4,
        0.4,
        0.4,
        0.6,
        0.6,
        0.4,
        0.3,
        0.4,
        0.3,
        0.3,
        0.4,
        0.4,
        0.4,
        0.4,
        0.4,
        0.5,
        0.5,
        0.5,
        0.5,
        0.6,
        0.5,
        0.4,
        0.5,
        0.4,
        0.4,
        0.4,
        0.4,
        0.4,
        0.3,
        0.4
    ],
    "train_loss_history": [
        0.2134586791197459,
        0.1531136929988861,
        0.11861813068389893,
        0.08860774089892705,
        0.05601305142045021,
        0.04517519101500511,
        0.03633361322184404,
        0.030859033887585003,
        0.014161747259398302,
        0.017683723631004494,
        0.01422996548935771,
        0.008588418023039897,
        0.010068814208110174,
        0.004182131743679444,
        0.005776966984073321,
        0.004352285813850661,
        0.003856231993995607,
        0.004300176065104703,
        0.004397148778662085,
        0.003570559279372295,
        0.004640434007160366,
        0.003937763456876079,
        0.002232500600318114,
        0.0017636044649407268,
        0.002138357632793486,
        0.0011720829100037614,
        0.0013094507972709834,
        0.00141010081085066,
        0.0012371078793269894,
        0.0010040800009543697,
        0.000855862240617474,
        0.0008432126138359308,
        0.0007189798130032917,
        0.0012634117912966758,
        0.0007195024207855264,
        0.0011590623665445794,
        0.0006926344222544383,
        0.0006282899683962266,
        0.001476318680215627,
        0.0006853125873021781,
        0.0006950645076964671,
        0.0004228350871320193,
        0.0004658322005222241,
        0.0005891670240089298,
        0.0008959798249028002,
        0.0006913802489483108,
        0.0004224012838676572,
        0.0005564869721032058,
        0.0005050010610527048,
        0.0002688945271074772,
        0.0002690349443582818,
        0.00031248776940628886,
        0.00044579905224964025,
        0.00028704706443628917,
        0.0002669358388326752,
        0.0003538962599122897,
        0.0004248111149839436,
        0.00021546084608417004,
        0.00029060801510543874,
        0.00022673185740131884,
        0.00044156380584657503,
        0.00016174370830412954,
        0.00024724790418986233,
        0.00014195686283831796,
        0.0001852113928180188,
        0.00025858120643533765,
        0.0002245487337252901,
        0.001038210936045895,
        0.00027260393423299923,
        0.000699296763438421,
        0.0003920440084281533,
        0.0003263463891926222,
        0.0005844066588906571,
        0.0002782385447062552,
        0.00021879217335178205,
        0.00020952701452188195,
        0.00012890510358071577,
        0.0003016204883654912,
        0.0001661798763961997,
        0.00017505117575637995,
        0.00018338679510634392,
        0.0001298563884726415,
        0.0001803509541787207,
        0.00022791952651459723,
        0.0002769876960276937,
        9.776729566510767e-05,
        0.000224967200968725,
        8.31669730056698e-05,
        8.607299096183852e-05,
        0.00019212873667129315,
        8.705625562773396e-05,
        0.0001235317698350021,
        0.00020562107723283893,
        0.00011949378531426192,
        0.0001513546749871845,
        9.863224307385584e-05,
        0.00012056669850911325,
        0.00010135345655726269,
        9.732281711573402e-05,
        0.00014955147344153374
    ],