{
    "test_accuracy": 0.3,
    "test_f1": 0.29329004329004327,
    "train_accuracy_history": [
        0.45,
        0.7,
        0.8166666666666667,
        0.9166666666666666,
        0.9333333333333333,
        0.9833333333333333,
        0.9833333333333333,
        1.0,
        1.0,
        1.0,
        1.0,
        1.0,
        1.0,
        1.0,
        1.0,
        1.0,
        1.0,
        1.0,
        1.0,
        0.9833333333333333,
        1.0,
        1.0,
        1.0,
        1.0,
        1.0,
        1.0,
        1.0,
        1.0,
        1.0,
        1.0,
        1.0,
        1.0,
        1.0,
        1.0,
        1.0,
        1.0,
        1.0,
        1.0,
        1.0,
        1.0,
        1.0,
        1.0,
        1.0,
        1.0,
        1.0,
        1.0,
        1.0,
        1.0,
        1.0,
        1.0,
        1.0,
        1.0,
        1.0,
        1.0,
        1.0,
        1.0,
        1.0,
        1.0,
        1.0,
        1.0,
        1.0,
        1.0,
        1.0,
        1.0,
        1.0,
        1.0,
        1.0,
        1.0,
        1.0,
        1.0,
        1.0,
        1.0,
        1.0,
        1.0,
        1.0,
        1.0,
        1.0,
        1.0,
        1.0,
        1.0,
        1.0,
        1.0,
        1.0,
        1.0,
        1.0,
        1.0,
        1.0,
        1.0,
        1.0,
        1.0,
        1.0,
        1.0,
        1.0,
        1.0,
        1.0,
        1.0,
        1.0,
        1.0,
        1.0,
        1.0
    ],
    "val_accuracy_history": [
        0.15,
        0.15,
        0.35,
        0.35,
        0.35,
        0.25,
        0.35,
        0.35,
        0.3,
        0.35,
        0.35,
        0.35,
        0.35,
        0.45,
        0.25,
        0.3,
        0.4,
        0.35,
        0.2,
        0.1,
        0.35,
        0.5,
        0.25,
        0.2,
        0.4,
        0.35,
        0.35,
        0.2,
        0.3,
        0.2,
        0.4,
        0.4,
        0.3,
        0.4,
        0.45,
        0.45,
        0.4,
        0.3,
        0.4,
        0.5,
        0.35,
        0.35,
        0.35,
        0.5,
        0.4,
        0.5,
        0.4,
        0.4,
        0.4,
        0.4,
        0.4,
        0.15,
        0.4,
        0.5,
        0.45,
        0.45,
        0.4,
        0.4,
        0.35,
        0.45,
        0.35,
        0.35,
        0.45,
        0.4,
        0.45,
        0.5,
        0.4,
        0.35,
        0.35,
        0.5,
        0.4,
        0.45,
        0.45,
        0.4,
        0.3,
        0.4,
        0.35,
        0.45,
        0.5,
        0.4,
        0.45,
        0.4,
        0.4,
        0.35,
        0.45,
        0.45,
        0.45,
        0.45,
        0.45,
        0.35,
        0.4,
        0.35,
        0.45,
        0.4,
        0.3,
        0.15,
        0.15,
        0.15,
        0.15,
        0.15
    ],
    "train_loss_history": [
        0.3225389113028844,
        0.1936078076561292,
        0.13641169083615143,
        0.08471530949076017,
        0.07089760626355807,
        0.04093326187382142,
        0.03072540108114481,
        0.022445210504035154,
        0.013383794824282329,
        0.011007512259917954,
        0.008724298879193763,
        0.005706051473195354,
        0.004915715691943963,
        0.004404884382771949,
        0.004039457192023596,
        0.003384526167064905,
        0.004268623539246619,
        0.0027311120531521736,
        0.002814590496321519,
        0.006244112461960564,
        0.004678464206517674,
        0.003012937113332252,
        0.0015810818023358783,
        0.0020975866549027464,
        0.0015235374487626056,
        0.0013406425113013634,
        0.0015729774701564263,
        0.0010970157862175256,
        0.001354702238071089,
        0.0011805049774314587,
        0.0012079382392888268,
        0.0011671877019883445,
        0.0009690354272606783,
        0.000868801226412567,
        0.0004618215030253244,
        0.0005456764435317988,
        0.0006634113364270888,
        0.0005839427467435598,
        0.0005958882131380961,
        0.0006554237227343644,
        0.0005817003742170831,
        0.00046784601581748573,
        0.0004752801372281586,
        0.0005734827417957906,
        0.00038719077080410597,
        0.0003562767601882418,
        0.000870851240082023,
        0.0006424770719604567,
        0.0008455472813996797,
        0.000767161241916862,
        0.0004695157772706201,
        0.0005378811266079235,
        0.0005620661116457389,
        0.0004518728135735728,
        0.000323017825333712,
        0.00038805036504830547,
        0.00034254031585684666,
        0.00029396026220638303,
        0.0004229233231550703,
        0.0002881851003621705,
        0.00027207157084679543,
        0.0004413919145008549,
        0.00036703786499856503,
        0.000265365977975307,
        0.00024174122348388967,
        0.00026160500431918383,
        0.0003378325496062947,
        0.0005250483955630141,
        0.0005829289798081542,
        0.00023054416184701645,
        0.00027196915980312044,
        0.0002277923351357458,
        0.00015360945362772327,
        0.00016438078940457976,
        0.0002952326743979938,
        0.00020889648609833482,
        0.00015666228573536501,
        0.0001797877378218497,
        0.00016706534224795178,
        0.00014458050961062933,
        0.00011493992933537811,
        0.00014437883558760707,
        0.00019436710002385856,
        0.00020605878441225893,
        0.0001444193613375925,
        0.00018927459162417412,
        0.00034754671966463014,
        0.00011547735945593255,
        0.0001420673383108806,
        0.00011741412132929933,
        0.00019842246711050394,
        0.00015300900013244246,
        0.00013825650748913176,
        0.0001388762223844727,
        0.00017744911310728638,
        0.0002346769126840324,
        0.00044465511843251685,
        0.00014658765503554604,
        0.00031674767524236813,
        0.00023294670196870963
    ],