{
    "test_accuracy": 0.6,
    "test_f1": 0.5833333333333333,
    "train_accuracy_history": [
        0.5666666666666667,
        0.8,
        0.9666666666666667,
        0.9333333333333333,
        0.9333333333333333,
        0.9333333333333333,
        0.9666666666666667,
        1.0,
        1.0,
        1.0,
        1.0,
        1.0,
        1.0,
        1.0,
        1.0,
        1.0,
        1.0,
        1.0,
        1.0,
        1.0,
        1.0,
        1.0,
        1.0,
        1.0,
        1.0,
        1.0,
        1.0,
        1.0,
        1.0,
        1.0,
        1.0,
        1.0,
        1.0,
        1.0,
        1.0,
        1.0,
        1.0,
        1.0,
        1.0,
        1.0,
        1.0,
        1.0,
        1.0,
        1.0,
        1.0,
        1.0,
        1.0,
        1.0,
        1.0,
        1.0,
        1.0,
        1.0,
        1.0,
        1.0,
        1.0,
        1.0,
        1.0,
        1.0,
        1.0,
        1.0,
        1.0,
        1.0,
        1.0,
        1.0,
        1.0,
        1.0,
        1.0,
        1.0,
        1.0,
        1.0,
        1.0,
        1.0,
        1.0,
        1.0,
        1.0,
        1.0,
        1.0,
        1.0,
        1.0,
        1.0,
        1.0,
        1.0,
        1.0,
        1.0,
        1.0,
        1.0,
        1.0,
        1.0,
        1.0,
        1.0,
        1.0,
        1.0,
        1.0,
        1.0,
        1.0,
        1.0,
        1.0,
        1.0,
        1.0,
        1.0
    ],
    "val_accuracy_history": [
        0.6,
        0.6,
        0.6,
        0.6,
        0.6,
        0.6,
        0.6,
        0.6,
        0.6,
        0.6,
        0.6,
        0.6,
        0.6,
        0.6,
        0.6,
        0.6,
        0.6,
        0.7,
        0.7,
        0.9,
        0.8,
        0.9,
        0.8,
        0.9,
        0.8,
        0.9,
        0.9,
        0.9,
        0.9,
        0.8,
        0.9,
        0.9,
        0.9,
        0.9,
        0.8,
        0.8,
        0.8,
        0.8,
        0.9,
        0.9,
        0.9,
        0.9,
        0.9,
        0.9,
        0.9,
        0.9,
        0.9,
        0.8,
        0.8,
        0.9,
        0.9,
        0.9,
        0.9,
        0.9,
        0.9,
        0.9,
        0.9,
        0.9,
        0.9,
        0.9,
        0.9,
        0.8,
        0.9,
        0.8,
        0.9,
        0.9,
        0.9,
        0.9,
        0.9,
        0.9,
        0.9,
        0.9,
        0.9,
        0.9,
        0.9,
        0.9,
        0.8,
        0.8,
        0.8,
        0.9,
        0.9,
        0.9,
        0.9,
        0.9,
        0.9,
        0.9,
        0.9,
        0.9,
        0.9,
        0.9,
        0.9,
        0.9,
        0.9,
        0.8,
        0.8,
        0.9,
        0.9,
        0.9,
        0.9,
        0.8
    ],
    "train_loss_history": [
        0.182423801223437,
        0.13801412681738537,
        0.09694066991408666,
        0.06495733956495921,
        0.06909048532446226,
        0.03632768665750821,
        0.02484981200347344,
        0.017206093451629084,
        0.009260001623382171,
        0.006971673178486526,
        0.004848142868528763,
        0.003916262734370927,
        0.003465359890833497,
        0.002094640377132843,
        0.002873120739241131,
        0.0012894689338281752,
        0.0013202628081974883,
        0.0015273580162708338,
        0.0011348037068576863,
        0.001320628623943776,
        0.0016233745690745613,
        0.0007810038941291471,
        0.0006034377419079344,
        0.0006068066984880715,
        0.0008742095514511068,
        0.0011753063629536579,
        0.0009392094565555453,
        0.0009376669865256796,
        0.0007856320386053995,
        0.0003951572570561742,
        0.0007167235744418576,
        0.0005308866486302577,
        0.000561491593058842,
        0.0003723694824050957,
        0.0003661114654581373,
        0.0006344522310731312,
        0.0003216396590384344,
        0.0002591740664987204,
        0.0002897195042654251,
        0.00026205360369810176,
        0.00027423216961324214,
        0.00027204629538270334,
        0.00022453476946490507,
        0.00027088320154386263,
        0.0004811828892949658,
        0.00028241425898158925,
        0.00034520581539254636,
        0.00019603011072225247,
        0.00021487226767931135,
        0.0004798574339171561,
        0.0002787077315588249,
        0.00018367594748269767,
        0.00018925651335545505,
        0.0002853531933700045,
        0.0002047569869318977,
        0.00020243487476060787,
        0.00016746311254488925,
        0.00023074946366250516,
        0.00015195552271810204,
        0.0001791274411213332,
        0.0001322975464669677,
        0.00011042932989463831,
        0.0001732157126146679,
        0.00011461353181706121,
        9.982932727628699e-05,
        8.254085114458575e-05,
        0.00011866004157733793,
        0.00011822733431472443,
        0.00021978154333434456,
        0.00019590604557985595,
        0.00012495917083773142,
        9.255788948697349e-05,
        0.00025469219205357757,
        0.00014640321084395205,
        9.548935340717435e-05,
        9.965192681799332e-05,
        7.518845535135673e-05,
        9.085696753269682e-05,
        7.776159206211257e-05,
        8.703244990707996e-05,
        8.313564661269387e-05,
        0.0001036929830055063,
        7.896648918782981e-05,
        7.707317539219123e-05,
        0.00010443118341451433,
        0.00010052638948157741,
        7.261790936657538e-05,
        0.00011678040221643945,
        7.930256845914604e-05,
        4.77391292709702e-05,
        7.711749579660439e-05,
        6.070171984902117e-05,
        6.088551623785558e-05,
        6.38787724407545e-05,
        6.509603711795838e-05,
        8.572026066152223e-05,
        7.596309975876163e-05,
        5.250452159089036e-05,
        7.603654133466382e-05,
        5.980837195238564e-05
    ],