{
    "test_accuracy": 0.575,
    "test_f1": 0.5568808569247551,
    "train_accuracy_history": [
        0.32083333333333336,
        0.44166666666666665,
        0.37083333333333335,
        0.4375,
        0.43333333333333335,
        0.4583333333333333,
        0.4375,
        0.45416666666666666,
        0.4,
        0.5041666666666667,
        0.5166666666666667,
        0.5541666666666667,
        0.525,
        0.5,
        0.6125,
        0.6208333333333333,
        0.5791666666666667,
        0.6375,
        0.6041666666666666,
        0.625,
        0.6416666666666667,
        0.6,
        0.6416666666666667,
        0.5708333333333333,
        0.6208333333333333,
        0.625,
        0.6666666666666666,
        0.65,
        0.6875,
        0.5625,
        0.6583333333333333,
        0.625,
        0.6666666666666666,
        0.6291666666666667,
        0.675,
        0.6875,
        0.6375,
        0.6708333333333333,
        0.6458333333333334,
        0.6666666666666666,
        0.6541666666666667,
        0.65,
        0.6,
        0.625,
        0.6958333333333333,
        0.6916666666666667,
        0.6791666666666667,
        0.725,
        0.6541666666666667,
        0.6666666666666666,
        0.6375,
        0.6666666666666666,
        0.6666666666666666,
        0.6708333333333333,
        0.6791666666666667,
        0.65,
        0.6625,
        0.6583333333333333,
        0.6875,
        0.6583333333333333,
        0.6666666666666666,
        0.6666666666666666,
        0.6291666666666667,
        0.6875,
        0.6708333333333333,
        0.6875,
        0.675,
        0.6708333333333333,
        0.7041666666666667,
        0.6916666666666667,
        0.725,
        0.7375,
        0.7041666666666667,
        0.7458333333333333,
        0.7583333333333333,
        0.7375,
        0.6666666666666666,
        0.6916666666666667,
        0.7375,
        0.6916666666666667,
        0.6541666666666667,
        0.7416666666666667,
        0.6333333333333333,
        0.7041666666666667,
        0.7041666666666667,
        0.725,
        0.7416666666666667,
        0.725,
        0.6958333333333333,
        0.7666666666666667,
        0.7666666666666667,
        0.7375,
        0.7958333333333333,
        0.7541666666666667,
        0.8041666666666667,
        0.85,
        0.8083333333333333,
        0.8166666666666667,
        0.825,
        0.775
    ],
    "val_accuracy_history": [
        0.225,
        0.2875,
        0.25,
        0.25,
        0.25,
        0.25,
        0.3875,
        0.4,
        0.25,
        0.2875,
        0.3875,
        0.4375,
        0.3625,
        0.3375,
        0.4375,
        0.4375,
        0.3375,
        0.525,
        0.3875,
        0.4875,
        0.55,
        0.4875,
        0.5625,
        0.4875,
        0.625,
        0.5125,
        0.5625,
        0.4375,
        0.45,
        0.45,
        0.3875,
        0.4625,
        0.575,
        0.5625,
        0.5875,
        0.525,
        0.5625,
        0.3875,
        0.6,
        0.5875,
        0.5125,
        0.6,
        0.2625,
        0.25,
        0.5375,
        0.2875,
        0.25,
        0.5875,
        0.4375,
        0.5,
        0.3875,
        0.5125,
        0.425,
        0.425,
        0.5,
        0.4875,
        0.3875,
        0.25,
        0.4375,
        0.5625,
        0.4375,
        0.4375,
        0.4375,
        0.5,
        0.25,
        0.5625,
        0.3875,
        0.5,
        0.5875,
        0.25,
        0.5125,
        0.4125,
        0.5125,
        0.3625,
        0.5125,
        0.3375,
        0.525,
        0.25,
        0.25,
        0.45,
        0.2625,
        0.3375,
        0.25,
        0.3,
        0.425,
        0.3375,
        0.425,
        0.4375,
        0.3625,
        0.3625,
        0.25,
        0.375,
        0.5125,
        0.5375,
        0.575,
        0.5125,
        0.275,
        0.5125,
        0.25,
        0.25
    ],
    "train_loss_history": [
        0.34268530160188676,
        0.3119940606256326,
        0.316343941539526,
        0.3113677042225997,
        0.29172913283109664,
        0.29610465665658314,
        0.2913307776053747,
        0.2746005517741044,
        0.2932318411767483,
        0.2543787772456805,
        0.26124194363753,
        0.23585773073136806,
        0.2626406195263068,
        0.25720716739694277,
        0.2057631151129802,
        0.20780521978934605,
        0.22293232530355453,
        0.20979122867186864,
        0.22661516560862463,
        0.21455407217144967,
        0.18620850561807553,
        0.19754330466190975,
        0.19154857235650222,
        0.22964551871021588,
        0.195264385578533,
        0.20572383937736352,
        0.18285300011436145,
        0.16918525292227665,
        0.16490464887271325,
        0.23550554246952135,
        0.1692383495469888,
        0.18165884061406057,
        0.18361214306205512,
        0.17091211186101038,
        0.161864549977084,
        0.1508645463734865,
        0.1740905661135912,
        0.1714668515448769,
        0.18678247705101966,
        0.17420881222933532,
        0.16422242981692156,
        0.1705529318501552,
        0.16948267550518115,
        0.17733265000085036,
        0.14525640066713094,
        0.1533159887418151,
        0.1421781586483121,
        0.15479403926680485,
        0.1676304766908288,
        0.18655475514630476,
        0.18935885323832433,
        0.17027963548898697,
        0.1792746501043439,
        0.15716833056261142,
        0.14708547710130612,
        0.1640172847857078,
        0.17313377285997072,
        0.1639123916005095,
        0.16149321186045806,
        0.1578484583646059,
        0.2004988009110093,
        0.16539473881324132,
        0.15889554377645254,
        0.15216519851237537,
        0.15808253834644953,
        0.14149871698270242,
        0.1654920137176911,
        0.16833530471970637,
        0.16231107289592425,
        0.15475078212718169,
        0.1600846106807391,
        0.1457225913181901,
        0.15364952953532338,
        0.14265270326286555,
        0.14206421030685307,
        0.14326429022476078,
        0.16148030801365773,
        0.15311710356424252,
        0.13201184272766114,
        0.17097544794281325,
        0.1820786083738009,
        0.13911745411654314,
        0.202297748811543,
        0.15858987886458636,
        0.15539244438211122,
        0.15512421565751236,
        0.13560612338284653,
        0.17592545691877604,
        0.15418817140161992,
        0.13523063467194638,
        0.12688072646657625,
        0.1468292098492384,
        0.13968438226729632,
        0.12754282945146164,
        0.13156851511448622,
        0.13289298405870795,
        0.14407397471368313,
        0.12850865485767524,
        0.11676755997662742,
        0.1347606165179362
    ],