{
    "test_accuracy": 0.25,
    "test_f1": 0.1,
    "train_accuracy_history": [
        0.2625,
        0.22916666666666666,
        0.23333333333333334,
        0.22083333333333333,
        0.225,
        0.21666666666666667,
        0.2125,
        0.2125,
        0.225,
        0.1875,
        0.19583333333333333,
        0.225,
        0.22083333333333333,
        0.22083333333333333,
        0.22916666666666666,
        0.21666666666666667,
        0.20416666666666666,
        0.19166666666666668,
        0.20833333333333334,
        0.22083333333333333,
        0.20416666666666666,
        0.21666666666666667,
        0.22083333333333333,
        0.24583333333333332,
        0.1875,
        0.22916666666666666,
        0.20833333333333334,
        0.24583333333333332,
        0.22916666666666666,
        0.25,
        0.2375,
        0.1875,
        0.225,
        0.22083333333333333,
        0.225,
        0.25,
        0.19166666666666668,
        0.25,
        0.2375,
        0.23333333333333334,
        0.2,
        0.22916666666666666,
        0.2,
        0.1875,
        0.20833333333333334,
        0.17083333333333334,
        0.25,
        0.22916666666666666,
        0.22083333333333333,
        0.24166666666666667,
        0.20416666666666666,
        0.2375,
        0.25,
        0.2125,
        0.2,
        0.17916666666666667,
        0.25,
        0.21666666666666667,
        0.25,
        0.21666666666666667,
        0.225,
        0.22083333333333333,
        0.2125,
        0.22916666666666666,
        0.1875,
        0.21666666666666667,
        0.20833333333333334,
        0.17083333333333334,
        0.17916666666666667,
        0.20416666666666666,
        0.22916666666666666,
        0.20416666666666666,
        0.2,
        0.23333333333333334,
        0.20416666666666666,
        0.18333333333333332,
        0.225,
        0.24583333333333332,
        0.2,
        0.22083333333333333,
        0.17916666666666667,
        0.20416666666666666,
        0.25,
        0.20416666666666666,
        0.22083333333333333,
        0.20833333333333334,
        0.25,
        0.19166666666666668,
        0.25,
        0.20416666666666666,
        0.23333333333333334,
        0.24583333333333332,
        0.225,
        0.25,
        0.2,
        0.25,
        0.225,
        0.19583333333333333,
        0.25,
        0.22083333333333333
    ],
    "val_accuracy_history": [
        0.25,
        0.25,
        0.25,
        0.25,
        0.25,
        0.25,
        0.25,
        0.25,
        0.25,
        0.25,
        0.25,
        0.25,
        0.25,
        0.25,
        0.25,
        0.25,
        0.25,
        0.25,
        0.25,
        0.25,
        0.25,
        0.25,
        0.25,
        0.25,
        0.25,
        0.25,
        0.25,
        0.25,
        0.25,
        0.25,
        0.25,
        0.25,
        0.25,
        0.25,
        0.25,
        0.25,
        0.25,
        0.25,
        0.25,
        0.25,
        0.25,
        0.25,
        0.25,
        0.25,
        0.25,
        0.25,
        0.25,
        0.25,
        0.25,
        0.25,
        0.25,
        0.25,
        0.25,
        0.25,
        0.25,
        0.25,
        0.25,
        0.25,
        0.25,
        0.25,
        0.25,
        0.25,
        0.25,
        0.25,
        0.25,
        0.25,
        0.25,
        0.25,
        0.25,
        0.25,
        0.25,
        0.25,
        0.25,
        0.25,
        0.25,
        0.25,
        0.25,
        0.25,
        0.25,
        0.25,
        0.25,
        0.25,
        0.25,
        0.25,
        0.25,
        0.25,
        0.25,
        0.25,
        0.25,
        0.25,
        0.25,
        0.25,
        0.25,
        0.25,
        0.25,
        0.25,
        0.25,
        0.25,
        0.25,
        0.25
    ],
    "train_loss_history": [
        0.942050164937973,
        0.3474987104535103,
        0.3472111855943998,
        0.34781123598416647,
        0.34735485464334487,
        0.34748146881659825,
        0.3474855124950409,
        0.3472890386978785,
        0.3472608586152395,
        0.34740933229525883,
        0.3474966029326121,
        0.3472167104482651,
        0.3469514573613803,
        0.3472606807947159,
        0.3471446305513382,
        0.3470349277059237,
        0.3471449946363767,
        0.34699774732192357,
        0.34708030621210734,
        0.3470164224505424,
        0.3468139668305715,
        0.3469397986928622,
        0.34708568106094995,
        0.3471184561649958,
        0.3469553038477898,
        0.34702835778395336,
        0.34688665469487506,
        0.3469615677992503,
        0.3469822213053703,
        0.34690773487091064,
        0.3467759430408478,
        0.3468506862719854,
        0.34700121680895485,
        0.34691058496634164,
        0.3470214784145355,
        0.34690896372000374,
        0.34693259596824644,
        0.34697781403859457,
        0.3467702637116114,
        0.34676848401625954,
        0.3468031962712606,
        0.3467716674009959,
        0.34684768368800484,
        0.346840663254261,
        0.3467588951190313,
        0.3468636179963748,
        0.34673005243142446,
        0.34682644307613375,
        0.3468331307172775,
        0.3467783396442731,
        0.3467515562971433,
        0.3467848981420199,
        0.34684284528096515,
        0.34676144073406856,
        0.3468247706691424,
        0.34681266198555627,
        0.34668342272440594,
        0.34678339660167695,
        0.3467383772134781,
        0.34683442761500677,
        0.3469233969847361,
        0.34679126689831413,
        0.34676506419976555,
        0.3466730232040087,
        0.3467528129617373,
        0.346712152659893,
        0.3467858056227366,
        0.3468017756938934,
        0.34674149254957837,
        0.3467543204625448,
        0.34668163806200025,
        0.3467427149415016,
        0.3467358296116193,
        0.3467517405748367,
        0.3467303454875946,
        0.3467341050505638,
        0.3471384823322296,
        0.3468913480639458,
        0.3468394294381142,
        0.3467076053222021,
        0.34684483607610067,
        0.3467646285891533,
        0.34679295470317206,
        0.34695932070414226,
        0.34678762704133986,
        0.34674599568049114,
        0.34677058110634484,
        0.346804345647494,
        0.34678791612386706,
        0.3467230980594953,
        0.3468711510300636,
        0.34684350043535234,
        0.3467207739750544,
        0.3467828224102656,
        0.3467239737510681,
        0.346737111111482,
        0.34672030359506606,
        0.3468195706605911,
        0.3466998770833015,
        0.34674809823433556
    ],