{
    "test_accuracy": 0.5,
    "test_f1": 0.40064102564102566,
    "train_accuracy_history": [
        0.26666666666666666,
        0.7,
        0.9,
        0.95,
        0.9666666666666667,
        1.0,
        1.0,
        0.95,
        0.9833333333333333,
        0.9,
        0.9833333333333333,
        0.9833333333333333,
        0.9833333333333333,
        1.0,
        1.0,
        1.0,
        1.0,
        1.0,
        1.0,
        1.0,
        1.0,
        1.0,
        1.0,
        1.0,
        1.0,
        1.0,
        1.0,
        1.0,
        1.0,
        1.0,
        1.0,
        1.0,
        1.0,
        1.0,
        1.0,
        1.0,
        1.0,
        1.0,
        1.0,
        1.0,
        1.0,
        1.0,
        1.0,
        1.0,
        1.0,
        1.0,
        1.0,
        1.0,
        0.9666666666666667,
        0.9833333333333333,
        0.9666666666666667,
        0.9833333333333333,
        0.9333333333333333,
        0.9333333333333333,
        0.95,
        0.9833333333333333,
        0.9833333333333333,
        0.9333333333333333,
        0.95,
        0.9666666666666667,
        0.9833333333333333,
        0.9833333333333333,
        1.0,
        1.0,
        1.0,
        1.0,
        1.0,
        1.0,
        1.0,
        0.9833333333333333,
        1.0,
        1.0,
        1.0,
        1.0,
        1.0,
        1.0,
        0.9833333333333333,
        1.0,
        1.0,
        1.0,
        1.0,
        1.0,
        1.0,
        1.0,
        1.0,
        1.0,
        1.0,
        1.0,
        1.0,
        1.0,
        1.0,
        1.0,
        1.0,
        1.0,
        1.0,
        1.0,
        1.0,
        1.0,
        1.0,
        1.0
    ],
    "val_accuracy_history": [
        0.25,
        0.25,
        0.3,
        0.25,
        0.25,
        0.25,
        0.25,
        0.25,
        0.25,
        0.25,
        0.25,
        0.25,
        0.25,
        0.35,
        0.4,
        0.5,
        0.6,
        0.45,
        0.55,
        0.5,
        0.45,
        0.6,
        0.6,
        0.6,
        0.65,
        0.6,
        0.6,
        0.5,
        0.5,
        0.6,
        0.45,
        0.65,
        0.45,
        0.45,
        0.55,
        0.55,
        0.3,
        0.35,
        0.35,
        0.45,
        0.25,
        0.25,
        0.25,
        0.35,
        0.4,
        0.25,
        0.25,
        0.4,
        0.25,
        0.25,
        0.25,
        0.25,
        0.25,
        0.25,
        0.25,
        0.3,
        0.3,
        0.05,
        0.15,
        0.2,
        0.4,
        0.4,
        0.45,
        0.5,
        0.5,
        0.5,
        0.55,
        0.5,
        0.5,
        0.45,
        0.35,
        0.2,
        0.2,
        0.5,
        0.5,
        0.5,
        0.2,
        0.45,
        0.6,
        0.45,
        0.45,
        0.45,
        0.4,
        0.45,
        0.45,
        0.45,
        0.45,
        0.45,
        0.45,
        0.45,
        0.45,
        0.45,
        0.45,
        0.45,
        0.45,
        0.45,
        0.45,
        0.45,
        0.45,
        0.45
    ],
    "train_loss_history": [
        0.3703082203865051,
        0.18658852378527324,
        0.08461737496157487,
        0.05317978002130985,
        0.03083168442050616,
        0.019788409459094207,
        0.00903991305967793,
        0.022404483255619802,
        0.02670903449567656,
        0.03878443851911773,
        0.024276732412787775,
        0.0130135178565979,
        0.01610053793216745,
        0.003038266532045479,
        0.0017335057132489358,
        0.001456004697441434,
        0.0010787085445675378,
        0.0015962213966607428,
        0.0005948271689703688,
        0.0010582627689776321,
        0.0008046398688748013,
        0.00029869952122680844,
        0.0005078264542438168,
        0.0004354554146023778,
        0.0002577391011072905,
        0.00034337292745476586,
        0.00027359470526183336,
        0.0003973067255477266,
        0.00036597214129869827,
        0.0001096505230331483,
        0.0008879429427906871,
        0.00014590357289610741,
        0.00042404547275509685,
        0.00025592903402866797,
        0.0001669053121683343,
        9.98356955581888e-05,
        0.001832361914421199,
        0.0010239959723548965,
        0.0004668859432664855,
        0.00523445971387749,
        0.00859471508738352,
        0.005004492744167995,
        0.0018394443759461865,
        0.0023651085085778806,
        0.0027298042288748546,
        0.0011199521977687255,
        0.002136418347557386,
        0.0007322668364698378,
        0.011458710749502643,
        0.01365761785224701,
        0.019811170321918325,
        0.023918968937020207,
        0.050187645990323895,
        0.05597726709384006,
        0.06300689359583582,
        0.01936328556233396,
        0.028135613389410234,
        0.03343633135470251,
        0.0380670905666193,
        0.04784243341831219,
        0.01841879370525324,
        0.01436976599531287,
        0.00176875524072481,
        0.0056384126429482725,
        0.0004348719851577698,
        0.0007019806172877452,
        0.001553312869812847,
        0.00032994259123976614,
        0.0006133305306851374,
        0.01175338274394259,
        0.0024549991445383056,
        0.0029604109249400305,
        0.000337368073739223,
        0.0007108863198178975,
        0.000277320743468105,
        0.000516274204619549,
        0.005745430092611059,
        0.0017755235072021,
        0.0002821917684627806,
        0.00016817385106454214,
        0.00023656230265866422,
        0.0007700002574210884,
        0.0007134417566703633,
        7.671306962796128e-05,
        5.825444900059059e-05,
        7.574586759346857e-05,
        9.18564194762439e-05,
        6.43550474743885e-05,
        9.388699727423955e-05,
        5.378310608345297e-05,
        8.221745794116942e-05,
        0.00010456162508489796,
        6.057007705445964e-05,
        5.2133911871502885e-05,
        2.1713376554544084e-05,
        5.550157311517978e-05,
        4.304611347833997e-05,
        4.5428253967353765e-05,
        2.6852451689289107e-05,
        9.415164383123435e-05
    ],