{
    "test_accuracy": 0.6125,
    "test_f1": 0.6177238379684032,
    "train_accuracy_history": [
        0.2125,
        0.35833333333333334,
        0.4083333333333333,
        0.4625,
        0.5416666666666666,
        0.525,
        0.5125,
        0.5916666666666667,
        0.6666666666666666,
        0.6208333333333333,
        0.6333333333333333,
        0.5833333333333334,
        0.6583333333333333,
        0.7208333333333333,
        0.7916666666666666,
        0.8083333333333333,
        0.7958333333333333,
        0.8291666666666667,
        0.7833333333333333,
        0.7333333333333333,
        0.8708333333333333,
        0.8458333333333333,
        0.875,
        0.75,
        0.49583333333333335,
        0.7541666666666667,
        0.8166666666666667,
        0.8,
        0.8333333333333334,
        0.875,
        0.8916666666666667,
        0.85,
        0.85,
        0.8625,
        0.925,
        0.9083333333333333,
        0.8833333333333333,
        0.9041666666666667,
        0.9166666666666666,
        0.9166666666666666,
        0.8583333333333333,
        0.6916666666666667,
        0.6791666666666667,
        0.8875,
        0.8916666666666667,
        0.9041666666666667,
        0.9208333333333333,
        0.9416666666666667,
        0.9333333333333333,
        0.9333333333333333,
        0.9375,
        0.9416666666666667,
        0.95,
        0.9541666666666667,
        0.9458333333333333,
        0.9708333333333333,
        0.9666666666666667,
        0.7666666666666667,
        0.4875,
        0.575,
        0.7625,
        0.8291666666666667,
        0.8416666666666667,
        0.8875,
        0.9166666666666666,
        0.9375,
        0.9375,
        0.9375,
        0.9666666666666667,
        0.95,
        0.9625,
        0.9458333333333333,
        0.9666666666666667,
        0.9625,
        0.9708333333333333,
        0.9333333333333333,
        0.9708333333333333,
        0.9333333333333333,
        0.8708333333333333,
        0.9375,
        0.975,
        0.9666666666666667,
        0.9833333333333333,
        0.9791666666666666,
        0.9666666666666667,
        0.9583333333333334,
        0.9541666666666667,
        0.9708333333333333,
        0.9458333333333333,
        0.975,
        0.9875,
        0.975,
        0.9875,
        0.9875,
        0.9875,
        0.9625,
        0.7166666666666667,
        0.6125,
        0.7125,
        0.8625
    ],
    "val_accuracy_history": [
        0.3375,
        0.3,
        0.325,
        0.4125,
        0.3375,
        0.4375,
        0.4125,
        0.5125,
        0.475,
        0.525,
        0.35,
        0.4875,
        0.5,
        0.475,
        0.5125,
        0.45,
        0.55,
        0.5375,
        0.5375,
        0.55,
        0.575,
        0.625,
        0.625,
        0.4125,
        0.5625,
        0.5875,
        0.5625,
        0.5875,
        0.5,
        0.55,
        0.6,
        0.6,
        0.5875,
        0.5875,
        0.625,
        0.625,
        0.5875,
        0.575,
        0.65,
        0.5125,
        0.625,
        0.45,
        0.55,
        0.6375,
        0.575,
        0.6,
        0.6625,
        0.6375,
        0.525,
        0.6,
        0.6375,
        0.625,
        0.6375,
        0.5125,
        0.65,
        0.5875,
        0.55,
        0.5,
        0.2875,
        0.525,
        0.5625,
        0.525,
        0.575,
        0.5875,
        0.6,
        0.625,
        0.5875,
        0.6125,
        0.5875,
        0.5875,
        0.6375,
        0.625,
        0.6125,
        0.6375,
        0.6125,
        0.6,
        0.5875,
        0.5625,
        0.575,
        0.6375,
        0.6,
        0.6625,
        0.6125,
        0.6,
        0.6125,
        0.6375,
        0.625,
        0.65,
        0.6375,
        0.6375,
        0.625,
        0.6125,
        0.65,
        0.6375,
        0.65,
        0.575,
        0.4625,
        0.4625,
        0.5375,
        0.6
    ],
    "train_loss_history": [
        5.035459458827972,
        0.5011664647608995,
        0.3730177007615566,
        0.39924033551166455,
        0.3242954162259897,
        0.2903595958525936,
        0.33738764375448227,
        0.22425332131485146,
        0.21245911996035527,
        0.23277863897383214,
        0.2240941194506983,
        0.3233932795313497,
        0.2430414787804087,
        0.17008841595767688,
        0.15023689198618134,
        0.12878949446603655,
        0.13375793127343058,
        0.12294052805906783,
        0.1525498616276309,
        0.18528278217030067,
        0.11840162756852805,
        0.1095318858201305,
        0.09190370745103185,
        0.260751552489819,
        0.7470032178030427,
        0.17630260107689538,
        0.1405467585893348,
        0.12184330334421248,
        0.10890979219111614,
        0.09242479423992336,
        0.09223160846546913,
        0.1038633619415729,
        0.09945079983056833,
        0.08782636649751414,
        0.07151362340082415,
        0.0752958911053914,
        0.08234310993575492,
        0.08181314383012553,
        0.0755513115148157,
        0.06380558009259403,
        0.09522918633959611,
        0.27202294739254285,
        0.33079979550093414,
        0.11166278283732632,
        0.08207114359053473,
        0.06285875610968408,
        0.0650673204305349,
        0.0510272317546575,
        0.05083545851521194,
        0.05879485594847817,
        0.05012716247535233,
        0.04673696704715743,
        0.04236536498647183,
        0.04369618298375523,
        0.04425917596672661,
        0.032162085315212606,
        0.03791143812049995,
        0.32950246218630735,
        2.406646043145641,
        1.0868834729510821,
        0.17954913806715897,
        0.11135966208142539,
        0.0984303738931582,
        0.08532429280069967,
        0.060211362032957065,
        0.05337881940261771,
        0.0573336198697992,
        0.04876974100031172,
        0.03795685647589077,
        0.03751560728366409,
        0.040281996303504757,
        0.041299946394353054,
        0.03315258987398314,
        0.03130608763894997,
        0.030873765286135797,
        0.04268118250693078,
        0.0340055926047171,
        0.06186844089966144,
        0.09619664045505184,
        0.034835433942256105,
        0.024442664414679408,
        0.022845942923110367,
        0.01749059179928736,
        0.027874621141774962,
        0.026451788720532932,
        0.05115616626244446,
        0.045957824659728884,
        0.028402382351528862,
        0.039312909189084165,
        0.027483173939822338,
        0.013535994181732392,
        0.015863650067876732,
        0.01340344516067186,
        0.012459395956102525,
        0.010417006242402256,
        0.02448426945076392,
        0.48046815144277844,
        1.3223745116878547,
        0.494687801790978,
        0.17355823555747066
    ],