{
    "test_accuracy": 0.45,
    "test_f1": 0.4388888888888889,
    "train_accuracy_history": [
        0.2833333333333333,
        0.45,
        0.45,
        0.7166666666666667,
        0.8,
        0.7333333333333333,
        0.85,
        0.9,
        0.8333333333333334,
        0.9333333333333333,
        0.9333333333333333,
        0.9,
        0.95,
        0.9833333333333333,
        0.95,
        1.0,
        0.9833333333333333,
        0.9833333333333333,
        1.0,
        1.0,
        1.0,
        1.0,
        1.0,
        1.0,
        1.0,
        1.0,
        1.0,
        1.0,
        1.0,
        1.0,
        1.0,
        1.0,
        1.0,
        1.0,
        1.0,
        1.0,
        1.0,
        1.0,
        0.9833333333333333,
        1.0,
        1.0,
        1.0,
        1.0,
        1.0,
        1.0,
        1.0,
        1.0,
        1.0,
        0.9833333333333333,
        1.0,
        1.0,
        1.0,
        1.0,
        1.0,
        1.0,
        1.0,
        1.0,
        1.0,
        1.0,
        1.0,
        1.0,
        1.0,
        1.0,
        1.0,
        1.0,
        1.0,
        1.0,
        1.0,
        1.0,
        1.0,
        1.0,
        1.0,
        1.0,
        1.0,
        1.0,
        1.0,
        1.0,
        1.0,
        1.0,
        1.0,
        1.0,
        1.0,
        1.0,
        1.0,
        1.0,
        1.0,
        1.0,
        1.0,
        1.0,
        1.0,
        1.0,
        1.0,
        1.0,
        1.0,
        1.0,
        1.0,
        1.0,
        1.0,
        1.0,
        1.0
    ],
    "val_accuracy_history": [
        0.05,
        0.05,
        0.05,
        0.05,
        0.45,
        0.05,
        0.05,
        0.05,
        0.3,
        0.3,
        0.3,
        0.3,
        0.35,
        0.3,
        0.05,
        0.3,
        0.3,
        0.1,
        0.15,
        0.4,
        0.2,
        0.15,
        0.1,
        0.3,
        0.2,
        0.35,
        0.45,
        0.05,
        0.35,
        0.4,
        0.3,
        0.4,
        0.05,
        0.2,
        0.65,
        0.45,
        0.4,
        0.35,
        0.05,
        0.15,
        0.05,
        0.45,
        0.4,
        0.5,
        0.3,
        0.35,
        0.45,
        0.3,
        0.05,
        0.2,
        0.25,
        0.3,
        0.3,
        0.35,
        0.35,
        0.35,
        0.2,
        0.45,
        0.55,
        0.55,
        0.4,
        0.55,
        0.5,
        0.4,
        0.4,
        0.4,
        0.3,
        0.35,
        0.4,
        0.55,
        0.4,
        0.4,
        0.45,
        0.35,
        0.4,
        0.55,
        0.5,
        0.35,
        0.6,
        0.3,
        0.5,
        0.5,
        0.4,
        0.55,
        0.4,
        0.6,
        0.55,
        0.4,
        0.6,
        0.5,
        0.5,
        0.5,
        0.6,
        0.45,
        0.35,
        0.5,
        0.5,
        0.55,
        0.35,
        0.4
    ],
    "train_loss_history": [
        0.35277934074401857,
        0.30967257022857664,
        0.2904687951008479,
        0.23205641210079192,
        0.19261911461750666,
        0.18111065278450647,
        0.1772015819946925,
        0.15116574118534723,
        0.15448491076628368,
        0.11300468444824219,
        0.1025072030723095,
        0.08831159137189389,
        0.07254626378417015,
        0.05874754215280215,
        0.05262774551908175,
        0.05262175773580869,
        0.04017598972034951,
        0.03753402574608723,
        0.026520381743709246,
        0.026512391306459902,
        0.017202806565910576,
        0.016645901122440895,
        0.017206349658469358,
        0.011620527319610118,
        0.01438367993881305,
        0.00884516821242869,
        0.008424659864977002,
        0.00692737807209293,
        0.00525878241751343,
        0.006736680865287781,
        0.006263789643223087,
        0.006098189468805988,
        0.0060092702081116535,
        0.003804060040662686,
        0.0038264230669786533,
        0.003532113127099971,
        0.0025032720955399175,
        0.004078376865557705,
        0.006777332428221901,
        0.004332234673590089,
        0.002728656935505569,
        0.003523053857497871,
        0.0022183395146081844,
        0.0022387506949598903,
        0.0022599505221781633,
        0.0020340075308922676,
        0.0014866547678442051,
        0.001589579344727099,
        0.0062169646514424436,
        0.005574611838286122,
        0.004949831225288411,
        0.002049577220653494,
        0.0019222982528541857,
        0.001159132007160224,
        0.0022237812518142164,
        0.0010024179660831577,
        0.001682652739691548,
        0.0012552893885488933,
        0.001009588069670523,
        0.001297841476237712,
        0.0007886844056580836,
        0.0006106464638529967,
        0.0009353707466895381,
        0.0006834626488853246,
        0.0011103636248056621,
        0.0008656299124898699,
        0.000820895974902669,
        0.0011145769186744778,
        0.0007149562045621375,
        0.0006239199356059544,
        0.0007092587493389146,
        0.0006734805298037827,
        0.0004909124909318052,
        0.0005404696867723639,
        0.0006949781459600975,
        0.0007968539313878864,
        0.0006989056860523609,
        0.00043231421659584157,
        0.0004088677136072268,
        0.000676451781570601,
        0.0005581218754135383,
        0.00039680825623994074,
        0.0006595815119605201,
        0.0004480957672058139,
        0.000361202912851392,
        0.00031992291236141075,
        0.0003878824296407402,
        0.00032060436715255494,
        0.00034149967226161003,
        0.00027973441271266587,
        0.00027829782435825716,
        0.0004625187214211716,
        0.00029996517187100833,
        0.00028399079358981303,
        0.0002929008861732048,
        0.00039022637356538324,
        0.00031975537203834394,
        0.0003208700979788167,
        0.0003446770921679369,
        0.000302845109157109
    ],