{
    "test_accuracy": 0.55,
    "test_f1": 0.4833333333333333,
    "train_accuracy_history": [
        0.2833333333333333,
        0.7,
        0.7166666666666667,
        0.7166666666666667,
        0.7833333333333333,
        0.8666666666666667,
        0.8833333333333333,
        0.95,
        0.9166666666666666,
        0.9,
        0.9833333333333333,
        0.9833333333333333,
        0.9666666666666667,
        0.9833333333333333,
        0.95,
        0.9333333333333333,
        0.9166666666666666,
        0.9166666666666666,
        0.9166666666666666,
        0.9833333333333333,
        0.9833333333333333,
        1.0,
        1.0,
        1.0,
        1.0,
        0.9833333333333333,
        1.0,
        0.9833333333333333,
        1.0,
        1.0,
        0.9666666666666667,
        0.9,
        0.9833333333333333,
        0.9666666666666667,
        0.9833333333333333,
        0.9666666666666667,
        0.9,
        0.9666666666666667,
        0.95,
        0.9166666666666666,
        0.95,
        0.9833333333333333,
        0.9333333333333333,
        0.8833333333333333,
        0.9666666666666667,
        0.9666666666666667,
        0.9333333333333333,
        1.0,
        1.0,
        0.9833333333333333,
        1.0,
        0.9833333333333333,
        1.0,
        0.9666666666666667,
        0.95,
        0.9833333333333333,
        0.9833333333333333,
        0.9833333333333333,
        0.9333333333333333,
        1.0,
        0.9833333333333333,
        0.9833333333333333,
        0.9833333333333333,
        0.9833333333333333,
        1.0,
        0.9666666666666667,
        1.0,
        1.0,
        1.0,
        0.9833333333333333,
        1.0,
        1.0,
        1.0,
        0.9833333333333333,
        1.0,
        1.0,
        1.0,
        1.0,
        1.0,
        1.0,
        1.0,
        1.0,
        1.0,
        1.0,
        1.0,
        1.0,
        1.0,
        1.0,
        1.0,
        1.0,
        1.0,
        1.0,
        1.0,
        1.0,
        1.0,
        1.0,
        1.0,
        1.0,
        1.0,
        1.0
    ],
    "val_accuracy_history": [
        0.25,
        0.35,
        0.3,
        0.25,
        0.3,
        0.55,
        0.45,
        0.45,
        0.4,
        0.45,
        0.6,
        0.6,
        0.6,
        0.7,
        0.25,
        0.3,
        0.4,
        0.4,
        0.15,
        0.15,
        0.35,
        0.45,
        0.5,
        0.5,
        0.45,
        0.2,
        0.25,
        0.4,
        0.4,
        0.35,
        0.3,
        0.45,
        0.4,
        0.35,
        0.35,
        0.45,
        0.3,
        0.3,
        0.35,
        0.3,
        0.4,
        0.35,
        0.25,
        0.3,
        0.5,
        0.4,
        0.3,
        0.45,
        0.55,
        0.5,
        0.4,
        0.5,
        0.55,
        0.4,
        0.3,
        0.25,
        0.4,
        0.5,
        0.6,
        0.55,
        0.5,
        0.6,
        0.35,
        0.35,
        0.25,
        0.25,
        0.35,
        0.5,
        0.4,
        0.4,
        0.4,
        0.25,
        0.35,
        0.35,
        0.4,
        0.3,
        0.45,
        0.35,
        0.35,
        0.35,
        0.35,
        0.35,
        0.4,
        0.4,
        0.4,
        0.4,
        0.4,
        0.4,
        0.4,
        0.4,
        0.3,
        0.35,
        0.35,
        0.4,
        0.4,
        0.35,
        0.4,
        0.35,
        0.35,
        0.35
    ],
    "train_loss_history": [
        0.4707039634386698,
        0.20156448632478713,
        0.1828463743130366,
        0.16370335842172304,
        0.13920775316655637,
        0.09273947812616826,
        0.07528668915232023,
        0.047953421932955584,
        0.03916942874590556,
        0.0704473688888053,
        0.010320134105859325,
        0.016786603208068605,
        0.03778101189139609,
        0.019211554463254288,
        0.04260895226034336,
        0.08469445533701218,
        0.09913279969089975,
        0.034353422267789334,
        0.048943688732106236,
        0.012420169944501442,
        0.0074077015422517435,
        0.004920199903426692,
        0.004376011401958143,
        0.003760584892643237,
        0.0015663705513967823,
        0.004320696824045929,
        0.009753586608955327,
        0.010570173452530677,
        0.002279262294602328,
        0.002324550714911311,
        0.01736660265790609,
        0.04918985211285568,
        0.018743586708448372,
        0.017916821352749444,
        0.017222442658082097,
        0.03402787178971873,
        0.057862933627135744,
        0.018401785132664373,
        0.041237492522971785,
        0.023483189475518883,
        0.02539939208351522,
        0.013189605482572612,
        0.06603226230176915,
        0.17484263268822056,
        0.017690755400932782,
        0.018959121577912203,
        0.05979321759332379,
        0.007665277414950348,
        0.002673677080019843,
        0.025553773991396155,
        0.005547900660651332,
        0.009039268015506726,
        0.0005531262209766889,
        0.020877975530189965,
        0.026847585314681056,
        0.04053325435631147,
        0.008397979127524498,
        0.005694154347171813,
        0.07822072690243355,
        0.005787192428003074,
        0.014046612873213841,
        0.007393783688000136,
        0.005303818701414305,
        0.020275473936044362,
        0.0034073544762122767,
        0.008822864911793241,
        0.0008434799159890834,
        0.0007259547810482066,
        0.0005656106480766235,
        0.003736169819302404,
        0.0012643850955024996,
        0.002379858181605717,
        0.001079147164191833,
        0.009630399892980297,
        0.0004328552499127151,
        0.0029460716607919344,
        0.0019421409955524402,
        1.1888046573934237e-05,
        4.618035048501075e-05,
        5.2595599977411923e-05,
        5.1044773824552675e-05,
        0.0004282760469209279,
        2.5673686576036895e-05,
        0.00011269221618306346,
        1.4082151874580025e-05,
        7.117016633628737e-06,
        2.9212044170308833e-05,
        4.30758371166462e-05,
        5.5595612362206263e-05,
        0.0028775486847706293,
        0.0009082787730828083,
        0.0015741333489695346,
        0.00011640370484495103,
        8.192028273571832e-05,
        5.588929732596171e-05,
        3.34660460670951e-05,
        1.657514022591992e-05,
        0.0002204939233403221,
        5.671030946245992e-05,
        3.685611906997603e-05
    ],