{
    "test_accuracy": 0.3,
    "test_f1": 0.29292929292929293,
    "train_accuracy_history": [
        0.5333333333333333,
        0.6666666666666666,
        0.6666666666666666,
        0.8,
        0.8333333333333334,
        0.9,
        0.8666666666666667,
        0.9333333333333333,
        0.9333333333333333,
        1.0,
        0.9666666666666667,
        1.0,
        1.0,
        1.0,
        0.9666666666666667,
        1.0,
        0.9333333333333333,
        0.9666666666666667,
        1.0,
        1.0,
        1.0,
        1.0,
        1.0,
        0.9666666666666667,
        1.0,
        1.0,
        0.9333333333333333,
        1.0,
        1.0,
        1.0,
        1.0,
        1.0,
        1.0,
        1.0,
        1.0,
        1.0,
        1.0,
        1.0,
        1.0,
        1.0,
        1.0,
        1.0,
        1.0,
        1.0,
        1.0,
        1.0,
        1.0,
        1.0,
        1.0,
        1.0,
        1.0,
        1.0,
        1.0,
        1.0,
        1.0,
        1.0,
        1.0,
        1.0,
        1.0,
        1.0,
        1.0,
        1.0,
        1.0,
        1.0,
        1.0,
        1.0,
        1.0,
        1.0,
        1.0,
        1.0,
        1.0,
        1.0,
        1.0,
        1.0,
        1.0,
        1.0,
        1.0,
        1.0,
        1.0,
        1.0,
        1.0,
        1.0,
        1.0,
        1.0,
        1.0,
        1.0,
        1.0,
        1.0,
        1.0,
        1.0,
        1.0,
        1.0,
        1.0,
        1.0,
        1.0,
        1.0,
        1.0,
        1.0,
        1.0,
        1.0
    ],
    "val_accuracy_history": [
        0.4,
        0.6,
        0.6,
        0.6,
        0.6,
        0.6,
        0.6,
        0.6,
        0.6,
        0.6,
        0.6,
        0.4,
        0.6,
        0.6,
        0.6,
        0.6,
        0.6,
        0.6,
        0.6,
        0.6,
        0.2,
        0.6,
        0.4,
        0.4,
        0.4,
        0.4,
        0.2,
        0.3,
        0.3,
        0.6,
        0.6,
        0.6,
        0.6,
        0.2,
        0.4,
        0.4,
        0.4,
        0.5,
        0.5,
        0.4,
        0.3,
        0.4,
        0.4,
        0.4,
        0.3,
        0.4,
        0.6,
        0.7,
        0.4,
        0.7,
        0.6,
        0.6,
        0.6,
        0.4,
        0.4,
        0.6,
        0.6,
        0.6,
        0.6,
        0.7,
        0.4,
        0.4,
        0.4,
        0.6,
        0.6,
        0.6,
        0.6,
        0.6,
        0.6,
        0.6,
        0.6,
        0.5,
        0.5,
        0.4,
        0.4,
        0.4,
        0.4,
        0.4,
        0.5,
        0.5,
        0.5,
        0.6,
        0.6,
        0.5,
        0.4,
        0.3,
        0.3,
        0.2,
        0.2,
        0.5,
        0.6,
        0.7,
        0.6,
        0.6,
        0.4,
        0.2,
        0.4,
        0.3,
        0.3,
        0.7
    ],
    "train_loss_history": [
        0.19439156154791515,
        0.15026666124661764,
        0.15642771124839783,
        0.13088418145974476,
        0.11315235495567322,
        0.10020651121934256,
        0.092359858751297,
        0.07330973719557127,
        0.0682666244606177,
        0.05322673420111338,
        0.06293999453385671,
        0.058768542607625325,
        0.041929258654514946,
        0.03277615209420522,
        0.03206813881794612,
        0.02236700455347697,
        0.02977060303092003,
        0.030929564063747726,
        0.019155736081302166,
        0.017987180314958096,
        0.013426499627530574,
        0.014185639284551143,
        0.014733651590843996,
        0.02820489549388488,
        0.023180900358905396,
        0.013833929070581992,
        0.03061937913298607,
        0.012783942775179942,
        0.012917294353246688,
        0.009194994873056809,
        0.008916226821020246,
        0.007496914453804493,
        0.01507992638895909,
        0.008027698223789534,
        0.006969064163664977,
        0.016885812394320965,
        0.010730369513233503,
        0.012476824425781767,
        0.005864896268273394,
        0.005449916950116555,
        0.009782369170958797,
        0.006015113228932023,
        0.009418636932969094,
        0.003904281510040164,
        0.0052895201680560906,
        0.006011543810988466,
        0.003479416761547327,
        0.005667080419758956,
        0.00422792648896575,
        0.005254418259331335,
        0.0029168339756627877,
        0.005887671676464379,
        0.0046373321829984585,
        0.003288993410145243,
        0.0019635418662801384,
        0.0030251700741549333,
        0.0018860289555353424,
        0.004992393761252364,
        0.002316210729380449,
        0.0030592600737387936,
        0.005902378222284218,
        0.0028493734387060004,
        0.0025254393306871257,
        0.00456716992581884,
        0.0027319046203047037,
        0.0020445102825760843,
        0.0034030696386859443,
        0.0017994282282112787,
        0.0012468574335798622,
        0.00230369131701688,
        0.002782433677930385,
        0.0016925781732425095,
        0.0029853811642775933,
        0.004879474037443288,
        0.0024841374174381296,
        0.002993440111943831,
        0.0015054720376307766,
        0.0022328377856562537,
        0.0021957061913174887,
        0.0015728985347474615,
        0.0020752268532911937,
        0.0026112086799306173,
        0.001387870511583363,
        0.005386654698910812,
        0.0010372390504926443,
        0.001934809680096805,
        0.001693703536875546,
        0.001301762838071833,
        0.0014737540079901616,
        0.001309947861591354,
        0.0011025527841411532,
        0.001309247148068001,
        0.00073648871621117,
        0.0006358968171601494,
        0.001078615077616026,
        0.002311125578125939,
        0.0011094252617719273,
        0.0008767076535150409,
        0.0009376500849612058,
        0.0006887644267408177
    ],