{
    "test_accuracy": 0.25,
    "test_f1": 0.11904761904761904,
    "train_accuracy_history": [
        0.4166666666666667,
        0.5666666666666667,
        0.7,
        0.7833333333333333,
        0.7666666666666667,
        0.75,
        0.7833333333333333,
        0.8333333333333334,
        0.8,
        0.9833333333333333,
        0.9,
        1.0,
        0.8833333333333333,
        0.9833333333333333,
        1.0,
        0.9833333333333333,
        1.0,
        0.9833333333333333,
        1.0,
        0.9833333333333333,
        0.9333333333333333,
        0.9833333333333333,
        0.9833333333333333,
        1.0,
        0.9833333333333333,
        0.95,
        0.95,
        0.9166666666666666,
        0.9333333333333333,
        1.0,
        0.9833333333333333,
        0.8666666666666667,
        0.9,
        0.9333333333333333,
        0.9333333333333333,
        0.9833333333333333,
        0.9666666666666667,
        1.0,
        1.0,
        1.0,
        1.0,
        1.0,
        1.0,
        0.9666666666666667,
        0.9833333333333333,
        0.9833333333333333,
        0.9833333333333333,
        1.0,
        0.9666666666666667,
        0.9833333333333333,
        0.9666666666666667,
        0.9666666666666667,
        0.9666666666666667,
        0.9833333333333333,
        0.95,
        0.9666666666666667,
        1.0,
        0.9833333333333333,
        1.0,
        0.9666666666666667,
        0.9833333333333333,
        1.0,
        1.0,
        0.9833333333333333,
        0.9833333333333333,
        0.9833333333333333,
        0.9833333333333333,
        0.9833333333333333,
        0.9833333333333333,
        0.9666666666666667,
        0.9666666666666667,
        0.9666666666666667,
        0.9833333333333333,
        0.9833333333333333,
        0.9666666666666667,
        0.9666666666666667,
        0.9666666666666667,
        0.9333333333333333,
        0.9666666666666667,
        0.95,
        0.95,
        0.9666666666666667,
        0.9833333333333333,
        0.9833333333333333,
        0.9833333333333333,
        0.9833333333333333,
        1.0,
        0.9833333333333333,
        1.0,
        1.0,
        1.0,
        1.0,
        1.0,
        1.0,
        1.0,
        1.0,
        1.0,
        1.0,
        1.0,
        1.0
    ],
    "val_accuracy_history": [
        0.25,
        0.25,
        0.3,
        0.3,
        0.4,
        0.4,
        0.3,
        0.35,
        0.45,
        0.25,
        0.4,
        0.45,
        0.6,
        0.5,
        0.4,
        0.4,
        0.45,
        0.45,
        0.4,
        0.45,
        0.25,
        0.35,
        0.35,
        0.3,
        0.5,
        0.3,
        0.25,
        0.55,
        0.5,
        0.55,
        0.55,
        0.3,
        0.25,
        0.45,
        0.3,
        0.25,
        0.35,
        0.45,
        0.45,
        0.45,
        0.55,
        0.55,
        0.55,
        0.55,
        0.4,
        0.3,
        0.3,
        0.4,
        0.4,
        0.35,
        0.4,
        0.5,
        0.25,
        0.5,
        0.4,
        0.35,
        0.55,
        0.45,
        0.55,
        0.35,
        0.45,
        0.5,
        0.6,
        0.35,
        0.35,
        0.3,
        0.3,
        0.35,
        0.55,
        0.4,
        0.25,
        0.35,
        0.4,
        0.45,
        0.4,
        0.25,
        0.45,
        0.2,
        0.4,
        0.5,
        0.2,
        0.35,
        0.35,
        0.3,
        0.55,
        0.45,
        0.5,
        0.35,
        0.4,
        0.4,
        0.45,
        0.55,
        0.4,
        0.4,
        0.45,
        0.4,
        0.35,
        0.4,
        0.45,
        0.4
    ],
    "train_loss_history": [
        0.43131649593512217,
        0.24450423220793407,
        0.2231784333785375,
        0.12230275593077143,
        0.13714493655910096,
        0.16510376520454884,
        0.17900190595537424,
        0.20652038093345862,
        0.15462322672829032,
        0.030052459961734713,
        0.05946111663555106,
        0.017152370939341684,
        0.06343866149351622,
        0.02148669334128499,
        0.006924089723421882,
        0.008118285289674532,
        0.0037659104525422054,
        0.011617831694699514,
        0.002534123108489439,
        0.01609436594202028,
        0.04411581837339327,
        0.02454957207907379,
        0.00634450900737041,
        0.004646140022668987,
        0.008127793575840769,
        0.08500003528224624,
        0.03647941823049526,
        0.06891049826032637,
        0.044348880429849184,
        0.005450659678657151,
        0.008221300715983185,
        0.08214112883406414,
        0.07915401181574756,
        0.046311219894172,
        0.04678131024896478,
        0.013708948449281404,
        0.01186256290475285,
        0.0030898596965319787,
        0.0018881146352214273,
        0.0014524715553610199,
        0.000790063754137312,
        0.00031946216173916276,
        0.00044361453104405275,
        0.02961721963929449,
        0.020536179529153743,
        0.02889549377481065,
        0.0070482517204557855,
        0.0011844074047075992,
        0.011126833058119701,
        0.019642739856014182,
        0.02144992758421722,
        0.039157339980344354,
        0.026710696038693034,
        0.01283494723199207,
        0.0392665597484059,
        0.022560316951232076,
        0.0023218257469504048,
        0.016825728916698306,
        0.004583680451249469,
        0.010716981377026969,
        0.0068197479327560965,
        0.0031836648529861124,
        0.00020279029129900057,
        0.0072997819325034165,
        0.018390489950722136,
        0.006472909663155709,
        0.005995793626364806,
        0.01303984847815324,
        0.06240955037586294,
        0.026310442117634617,
        0.027211172844060154,
        0.030129386699960983,
        0.005576130050728049,
        0.008998180543494527,
        0.03195150792677547,
        0.019014800635462355,
        0.015975317455013283,
        0.05069931285155083,
        0.04903078066199669,
        0.03466009302039386,
        0.06446013386993552,
        0.021321525498766883,
        0.013100801588795246,
        0.010674115548351893,
        0.020004191606569084,
        0.009243826047259063,
        0.006457578452845307,
        0.004438369655410194,
        0.0026255303489354747,
        0.000989134422926933,
        0.00023733811124960387,
        0.00019963337836088614,
        0.000183457092939913,
        0.00025778372131715817,
        0.00011383574042156397,
        6.230013106005572e-05,
        4.146635979509483e-05,
        0.000626707623839214,
        7.458466787018855e-05,
        0.00011638871960286678
    ],