{
    "test_accuracy": 0.6,
    "test_f1": 0.5874183006535948,
    "train_accuracy_history": [
        0.34444444444444444,
        0.6666666666666666,
        0.8111111111111111,
        0.8444444444444444,
        0.8888888888888888,
        0.9333333333333333,
        0.9555555555555556,
        0.9555555555555556,
        0.9666666666666667,
        0.9666666666666667,
        0.9777777777777777,
        0.9888888888888889,
        0.9777777777777777,
        0.9777777777777777,
        0.9333333333333333,
        0.9666666666666667,
        0.9555555555555556,
        0.9222222222222223,
        1.0,
        1.0,
        0.9777777777777777,
        0.9888888888888889,
        0.9888888888888889,
        0.9888888888888889,
        1.0,
        0.9888888888888889,
        0.9888888888888889,
        0.9777777777777777,
        1.0,
        1.0,
        1.0,
        1.0,
        0.9888888888888889,
        1.0,
        0.9888888888888889,
        0.9888888888888889,
        1.0,
        1.0,
        1.0,
        1.0,
        1.0,
        1.0,
        1.0,
        1.0,
        1.0,
        1.0,
        1.0,
        1.0,
        1.0,
        1.0,
        1.0,
        1.0,
        1.0,
        1.0,
        1.0,
        1.0,
        1.0,
        1.0,
        1.0,
        1.0,
        1.0,
        1.0,
        1.0,
        1.0,
        1.0,
        1.0,
        1.0,
        1.0,
        1.0,
        1.0,
        1.0,
        1.0,
        1.0,
        1.0,
        1.0,
        1.0,
        1.0,
        1.0,
        1.0,
        1.0,
        1.0,
        1.0,
        1.0,
        1.0,
        1.0,
        1.0,
        1.0,
        1.0,
        1.0,
        1.0,
        1.0,
        1.0,
        1.0,
        1.0,
        1.0,
        1.0,
        1.0,
        1.0,
        1.0,
        1.0
    ],
    "val_accuracy_history": [
        0.3333333333333333,
        0.3333333333333333,
        0.3333333333333333,
        0.3,
        0.5666666666666667,
        0.3333333333333333,
        0.43333333333333335,
        0.3,
        0.5,
        0.6,
        0.5666666666666667,
        0.5666666666666667,
        0.6,
        0.7666666666666667,
        0.3333333333333333,
        0.5666666666666667,
        0.5666666666666667,
        0.4666666666666667,
        0.6333333333333333,
        0.6333333333333333,
        0.5666666666666667,
        0.5666666666666667,
        0.7,
        0.8333333333333334,
        0.6666666666666666,
        0.4,
        0.5666666666666667,
        0.5,
        0.6666666666666666,
        0.6,
        0.8,
        0.4666666666666667,
        0.36666666666666664,
        0.6,
        0.7,
        0.3,
        0.8,
        0.6333333333333333,
        0.8666666666666667,
        0.8333333333333334,
        0.6,
        0.8666666666666667,
        0.5666666666666667,
        0.6,
        0.8333333333333334,
        0.8,
        0.9,
        0.6333333333333333,
        0.8666666666666667,
        0.6,
        0.5333333333333333,
        0.8666666666666667,
        0.6333333333333333,
        0.7666666666666667,
        0.6,
        0.6,
        0.5333333333333333,
        0.43333333333333335,
        0.6,
        0.6333333333333333,
        0.6,
        0.5333333333333333,
        0.8333333333333334,
        0.8666666666666667,
        0.8333333333333334,
        0.8666666666666667,
        0.7,
        0.8,
        0.8333333333333334,
        0.8333333333333334,
        0.5333333333333333,
        0.8333333333333334,
        0.8333333333333334,
        0.9,
        0.8333333333333334,
        0.8,
        0.7666666666666667,
        0.9,
        0.6333333333333333,
        0.4666666666666667,
        0.8666666666666667,
        0.9,
        0.9,
        0.6,
        0.7666666666666667,
        0.9,
        0.8666666666666667,
        0.6,
        0.5333333333333333,
        0.8,
        0.7,
        0.9,
        0.8,
        0.8666666666666667,
        0.8666666666666667,
        0.8666666666666667,
        0.8333333333333334,
        0.9,
        0.8333333333333334,
        0.8666666666666667
    ],
    "train_loss_history": [
        0.28617989155981277,
        0.19748430914349027,
        0.1329316144188245,
        0.09900651996334393,
        0.08090659487578604,
        0.06533268599046602,
        0.04535075794491503,
        0.05127872817425264,
        0.036187377220226656,
        0.034793286129004425,
        0.037109485992954834,
        0.02450482331785477,
        0.02418605161106421,
        0.021660975201262367,
        0.042239062653647526,
        0.03785576358851459,
        0.051360205395354165,
        0.045125546947949464,
        0.020923595513320632,
        0.023599370600034794,
        0.020560130797740488,
        0.021857318437347808,
        0.01648165232812365,
        0.018511730660167005,
        0.01746559439537426,
        0.014161924779829051,
        0.015096260745647468,
        0.0160928376019001,
        0.010570634089203345,
        0.010537052333044509,
        0.007092630588966939,
        0.010286939451988372,
        0.009254715604604119,
        0.008021156003491747,
        0.008675656545286377,
        0.017281368618003196,
        0.006751041295420792,
        0.0069654396631651455,
        0.006316891669606169,
        0.004577063443139196,
        0.007156052091158926,
        0.005370714108640742,
        0.003916989178429099,
        0.00404270017590736,
        0.003401583989357783,
        0.0030014344623648663,
        0.001837124982719413,
        0.005979580709148043,
        0.0028068681454341358,
        0.002973298154797198,
        0.0041066066227762755,
        0.0028634148539923546,
        0.004547459520916972,
        0.0027486009102883854,
        0.0024735493546662233,
        0.0027313165990765103,
        0.00297122568396541,
        0.0033693356122562867,
        0.00371268701661999,
        0.0022662067423678107,
        0.002635741632871537,
        0.002545633637742463,
        0.0014993058053530857,
        0.0013437357750566055,
        0.002272075226776198,
        0.0016990890571226677,
        0.0014473197769903992,
        0.0009003881227626051,
        0.000959489427461651,
        0.0010539021336525266,
        0.0011393745591804973,
        0.000754791153788877,
        0.0009875237229506537,
        0.0013331577401711708,
        0.0011822871901030238,
        0.0012149516763808302,
        0.0011866275363394785,
        0.0009576271690699893,
        0.0019799293423097375,
        0.0022105491034583083,
        0.0008668566058784361,
        0.000822158822686308,
        0.000664886889232245,
        0.0007125302658096188,
        0.000815409020611292,
        0.0007700575722588433,
        0.0007693038581540653,
        0.0005039340779148915,
        0.0007486470915864629,
        0.0005208769711114454,
        0.000992800843475076,
        0.0005124844107841555,
        0.0005650846449296094,
        0.0010595105936065212,
        0.0004908569089618847,
        0.0003313873516162857,
        0.0009803661771002226,
        0.0005843449303130102,
        0.0005778948403227939,
        0.0005707914086391005
    ],