{
    "test_accuracy": 0.6,
    "test_f1": 0.5987778551717171,
    "train_accuracy_history": [
        0.2708333333333333,
        0.29583333333333334,
        0.4625,
        0.45,
        0.5083333333333333,
        0.49166666666666664,
        0.575,
        0.5916666666666667,
        0.5875,
        0.6041666666666666,
        0.6333333333333333,
        0.6208333333333333,
        0.6541666666666667,
        0.675,
        0.6916666666666667,
        0.7708333333333334,
        0.7458333333333333,
        0.7708333333333334,
        0.8208333333333333,
        0.8208333333333333,
        0.8333333333333334,
        0.7416666666666667,
        0.6458333333333334,
        0.8166666666666667,
        0.8208333333333333,
        0.8333333333333334,
        0.8291666666666667,
        0.8375,
        0.8666666666666667,
        0.8916666666666667,
        0.8833333333333333,
        0.8666666666666667,
        0.9291666666666667,
        0.8916666666666667,
        0.9291666666666667,
        0.925,
        0.875,
        0.8125,
        0.85,
        0.925,
        0.9083333333333333,
        0.8875,
        0.8958333333333334,
        0.9125,
        0.925,
        0.9333333333333333,
        0.95,
        0.9625,
        0.9291666666666667,
        0.6416666666666667,
        0.43333333333333335,
        0.6791666666666667,
        0.7916666666666666,
        0.8291666666666667,
        0.8791666666666667,
        0.9,
        0.9416666666666667,
        0.9375,
        0.95,
        0.95,
        0.9416666666666667,
        0.9541666666666667,
        0.9375,
        0.95,
        0.9333333333333333,
        0.9541666666666667,
        0.9541666666666667,
        0.9541666666666667,
        0.9583333333333334,
        0.9708333333333333,
        0.975,
        0.9791666666666666,
        0.9791666666666666,
        0.9666666666666667,
        0.9125,
        0.9083333333333333,
        0.8625,
        0.9333333333333333,
        0.9375,
        0.9666666666666667,
        0.975,
        0.9708333333333333,
        0.9625,
        0.9666666666666667,
        0.975,
        0.9916666666666667,
        0.975,
        0.9375,
        0.7708333333333334,
        0.5416666666666666,
        0.8291666666666667,
        0.9083333333333333,
        0.9416666666666667,
        0.9458333333333333,
        0.9666666666666667,
        0.9666666666666667,
        0.9666666666666667,
        0.9583333333333334,
        0.9583333333333334,
        0.9708333333333333
    ],
    "val_accuracy_history": [
        0.275,
        0.4,
        0.4625,
        0.425,
        0.425,
        0.475,
        0.425,
        0.45,
        0.45,
        0.3375,
        0.425,
        0.4,
        0.525,
        0.5,
        0.5125,
        0.55,
        0.5,
        0.575,
        0.675,
        0.6625,
        0.6125,
        0.575,
        0.5625,
        0.6875,
        0.55,
        0.6,
        0.525,
        0.7,
        0.6,
        0.475,
        0.675,
        0.65,
        0.7125,
        0.6875,
        0.6625,
        0.6625,
        0.5625,
        0.625,
        0.675,
        0.65,
        0.5875,
        0.6375,
        0.7,
        0.6375,
        0.7,
        0.65,
        0.6875,
        0.65,
        0.575,
        0.25,
        0.425,
        0.5375,
        0.5875,
        0.6125,
        0.6125,
        0.6375,
        0.65,
        0.6625,
        0.6375,
        0.6625,
        0.7,
        0.65,
        0.675,
        0.6,
        0.675,
        0.675,
        0.65,
        0.7,
        0.6375,
        0.7125,
        0.675,
        0.675,
        0.6625,
        0.6625,
        0.5,
        0.65,
        0.65,
        0.6,
        0.6375,
        0.6375,
        0.6125,
        0.675,
        0.6625,
        0.65,
        0.65,
        0.6375,
        0.675,
        0.575,
        0.425,
        0.45,
        0.5875,
        0.65,
        0.6,
        0.6625,
        0.7125,
        0.675,
        0.675,
        0.675,
        0.625,
        0.6625
    ],
    "train_loss_history": [
        5.414586216832201,
        0.5546166221300761,
        0.3558056851228078,
        0.3448887783413132,
        0.33190582593282064,
        0.32530470229685304,
        0.24469261504709722,
        0.2379991674174865,
        0.2718942748382688,
        0.22385422798494498,
        0.22186092358703416,
        0.22087715758631626,
        0.2036120019853115,
        0.20288951322436333,
        0.21060179074605306,
        0.17298898240551353,
        0.1564999091050898,
        0.14840046872074406,
        0.13182839551009237,
        0.12412109283419946,
        0.12375536883870761,
        0.2610779442979644,
        0.36307193047056596,
        0.12675757910862254,
        0.14272041840401167,
        0.13770853070697436,
        0.12153165626029173,
        0.11539723836273576,
        0.11140560286391216,
        0.08880229865317232,
        0.105933156167157,
        0.09543481630119761,
        0.07908168924235118,
        0.09381000781431795,
        0.06853359015076421,
        0.06618297946988605,
        0.09417049237733105,
        0.15637453582215433,
        0.11159685544941264,
        0.06931757980783004,
        0.07080721484283761,
        0.08177275623893365,
        0.0899898152090221,
        0.07021087533018242,
        0.05962698537647763,
        0.06292891430930467,
        0.05238593640412243,
        0.03791145217595234,
        0.04506840954782092,
        1.090578564668734,
        2.810940326109994,
        0.40555859172406294,
        0.16263570888355997,
        0.12652730038389565,
        0.0903691982984128,
        0.08331434848199328,
        0.06545037108098768,
        0.06141052757302532,
        0.05364180930773728,
        0.053680300580648085,
        0.0541960008830453,
        0.04702559880679473,
        0.04573010291981821,
        0.0428881303727394,
        0.05230304700914227,
        0.03636972167150816,
        0.03771482115359201,
        0.03856560420596603,
        0.04353677872195476,
        0.02655393223825134,
        0.027777578178211117,
        0.0232158266735496,
        0.019906147208772988,
        0.030760344943193255,
        0.05784220143129157,
        0.0660350979253053,
        0.10552792717671006,
        0.08132812892581569,
        0.05843799067515647,
        0.03181238001755749,
        0.02253745469036706,
        0.026847210906271356,
        0.019450620211296156,
        0.02753477017261806,
        0.017680883489553403,
        0.012336834100521325,
        0.02054228909514677,
        0.04443746604594404,
        0.3215381362924949,
        1.143422885612866,
        0.20456407024147058,
        0.07341926760442827,
        0.05566682040868424,
        0.044582612572897536,
        0.03023498218123374,
        0.030915780100622216,
        0.02710228854266461,
        0.02921868507534479,
        0.03721268536919524,
        0.022341705753387942
    ],