{
    "test_accuracy": 0.7,
    "test_f1": 0.6703296703296704,
    "train_accuracy_history": [
        0.5333333333333333,
        0.9333333333333333,
        0.9666666666666667,
        0.9666666666666667,
        0.9666666666666667,
        1.0,
        1.0,
        0.9666666666666667,
        0.9666666666666667,
        1.0,
        1.0,
        1.0,
        1.0,
        1.0,
        1.0,
        1.0,
        1.0,
        1.0,
        1.0,
        1.0,
        1.0,
        1.0,
        1.0,
        1.0,
        1.0,
        1.0,
        1.0,
        1.0,
        1.0,
        1.0,
        1.0,
        1.0,
        1.0,
        1.0,
        1.0,
        1.0,
        1.0,
        1.0,
        1.0,
        1.0,
        1.0,
        1.0,
        1.0,
        1.0,
        1.0,
        1.0,
        1.0,
        1.0,
        1.0,
        1.0,
        1.0,
        1.0,
        1.0,
        1.0,
        1.0,
        1.0,
        1.0,
        1.0,
        1.0,
        1.0,
        1.0,
        1.0,
        1.0,
        1.0,
        1.0,
        1.0,
        1.0,
        1.0,
        1.0,
        1.0,
        1.0,
        1.0,
        1.0,
        1.0,
        1.0,
        1.0,
        1.0,
        1.0,
        1.0,
        1.0,
        1.0,
        1.0,
        1.0,
        1.0,
        1.0,
        1.0,
        1.0,
        1.0,
        1.0,
        1.0,
        1.0,
        1.0,
        1.0,
        1.0,
        1.0,
        1.0,
        1.0,
        1.0,
        1.0,
        1.0
    ],
    "val_accuracy_history": [
        0.4,
        0.4,
        0.4,
        0.4,
        0.4,
        0.4,
        0.8,
        0.7,
        0.6,
        0.8,
        0.9,
        0.4,
        0.4,
        0.7,
        0.6,
        0.6,
        0.6,
        0.6,
        0.6,
        0.6,
        0.5,
        0.4,
        0.4,
        0.4,
        0.4,
        0.4,
        0.4,
        0.4,
        0.4,
        0.8,
        0.6,
        0.6,
        0.6,
        0.7,
        0.9,
        0.7,
        0.6,
        0.6,
        0.6,
        0.6,
        0.7,
        0.8,
        0.7,
        0.6,
        0.8,
        0.5,
        0.9,
        0.9,
        0.8,
        0.9,
        0.9,
        0.9,
        0.9,
        0.9,
        0.9,
        0.7,
        0.7,
        0.9,
        0.8,
        0.8,
        0.7,
        0.9,
        0.9,
        0.9,
        0.9,
        0.7,
        0.7,
        0.8,
        0.9,
        0.9,
        0.9,
        0.9,
        0.9,
        0.9,
        0.9,
        0.8,
        0.9,
        0.9,
        0.9,
        0.9,
        0.9,
        0.9,
        0.9,
        0.9,
        0.9,
        0.9,
        0.9,
        0.9,
        0.9,
        0.9,
        0.9,
        0.7,
        0.7,
        0.8,
        0.7,
        0.7,
        0.9,
        0.9,
        0.9,
        0.9
    ],
    "train_loss_history": [
        0.21492132147153217,
        0.11098782320817312,
        0.06264465873440107,
        0.042441558092832565,
        0.04063614805539449,
        0.02973739622781674,
        0.01956266276538372,
        0.020730329863727092,
        0.018492758957048258,
        0.010300632977547745,
        0.009699786299218733,
        0.006915085452298323,
        0.006231281906366348,
        0.005542895073692004,
        0.004370770510286092,
        0.003268804637870441,
        0.0038182528650698563,
        0.003072137866790096,
        0.004732473163555065,
        0.0034460709740718205,
        0.002502870683868726,
        0.002887707845851158,
        0.0021721650031395257,
        0.00335455226401488,
        0.002232993454284345,
        0.0014504741954927643,
        0.002212217077612877,
        0.0011832823210473483,
        0.0009394171938765794,
        0.0014576532024269302,
        0.0017306209619467458,
        0.0012859547316717605,
        0.001015759779450794,
        0.0005422661420501147,
        0.0012202212577297662,
        0.0007137463602703064,
        0.0006411446408795503,
        0.0007604053845473876,
        0.0005508638976607471,
        0.002747603375852729,
        0.000630108214681968,
        0.0005059674382209778,
        0.0010595577807786564,
        0.0005839355551870539,
        0.0006339081446640193,
        0.0005023972616375734,
        0.00048709546293442446,
        0.0008342330431332812,
        0.0003675951770370981,
        0.0004524627816863358,
        0.00034390388755127787,
        0.0004048368631629273,
        0.00025289048838506766,
        0.00034654287834806987,
        0.00037858455325476823,
        0.0004321970807116789,
        0.00023002792925884327,
        0.0003146326411903525,
        0.00022345900166934976,
        0.0002507054653809367,
        0.0003755151216561596,
        0.0004001248545440224,
        0.00030126057924159493,
        0.00022021005206624978,
        0.0002959278688649647,
        0.00029479543300112707,
        0.00016542704033781775,
        0.0002103871047438588,
        0.00023308641102630644,
        0.00015964859558152965,
        0.0001790768525097519,
        0.0002786163126681155,
        0.0002808492009838422,
        0.00019283429622494926,
        0.00015828996498991424,
        0.0001617205382596391,
        0.00022463521818281152,
        0.000216630020198257,
        0.000146679410681827,
        0.00018927445974744236,
        0.0001251107935483257,
        0.00012565722081490094,
        0.0002892714871753318,
        0.00016971957581214762,
        0.0001863080983942685,
        9.466861908246453e-05,
        0.00017124410078395158,
        0.0001532876146181176,
        0.00016327556647108092,
        0.00011851431227114518,
        0.00016877665402716956,
        0.00014424250354447092,
        0.00016779725556261837,
        0.00016867572800644364,
        0.0006831946496580107,
        0.00012196953127083058,
        0.00019364445470273494,
        9.978428188333055e-05,
        0.00014279098086262821,
        0.00017330536769198565
    ],