{
    "test_accuracy": 0.7,
    "test_f1": 0.6703296703296704,
    "train_accuracy_history": [
        0.5333333333333333,
        0.9666666666666667,
        1.0,
        1.0,
        1.0,
        1.0,
        1.0,
        1.0,
        1.0,
        1.0,
        1.0,
        1.0,
        1.0,
        1.0,
        1.0,
        1.0,
        1.0,
        1.0,
        1.0,
        1.0,
        1.0,
        1.0,
        1.0,
        1.0,
        1.0,
        1.0,
        1.0,
        1.0,
        1.0,
        1.0,
        1.0,
        1.0,
        1.0,
        1.0,
        1.0,
        1.0,
        1.0,
        1.0,
        1.0,
        1.0,
        1.0,
        1.0,
        1.0,
        1.0,
        1.0,
        1.0,
        1.0,
        1.0,
        1.0,
        1.0,
        1.0,
        1.0,
        1.0,
        1.0,
        1.0,
        1.0,
        1.0,
        1.0,
        1.0,
        1.0,
        1.0,
        1.0,
        1.0,
        1.0,
        1.0,
        1.0,
        1.0,
        1.0,
        1.0,
        1.0,
        1.0,
        1.0,
        1.0,
        1.0,
        1.0,
        1.0,
        1.0,
        1.0,
        1.0,
        1.0,
        1.0,
        1.0,
        1.0,
        1.0,
        1.0,
        1.0,
        1.0,
        1.0,
        1.0,
        1.0,
        1.0,
        1.0,
        1.0,
        1.0,
        1.0,
        1.0,
        1.0,
        1.0,
        1.0,
        1.0
    ],
    "val_accuracy_history": [
        0.6,
        0.5,
        0.4,
        0.4,
        0.4,
        0.4,
        0.4,
        0.5,
        0.7,
        0.7,
        0.8,
        0.9,
        0.9,
        0.9,
        0.4,
        0.4,
        0.4,
        0.4,
        0.4,
        0.4,
        0.4,
        0.4,
        0.4,
        0.4,
        0.4,
        0.7,
        0.8,
        0.9,
        0.9,
        0.8,
        0.4,
        0.4,
        0.4,
        0.6,
        0.7,
        0.7,
        0.7,
        0.9,
        0.9,
        0.9,
        0.9,
        0.9,
        0.9,
        0.9,
        0.9,
        0.9,
        0.9,
        0.9,
        0.8,
        0.8,
        0.8,
        0.9,
        0.9,
        0.9,
        0.9,
        0.8,
        0.7,
        0.7,
        0.7,
        0.7,
        0.8,
        0.9,
        0.9,
        0.9,
        0.9,
        0.9,
        0.9,
        0.9,
        0.9,
        0.9,
        0.9,
        0.9,
        0.9,
        0.9,
        0.9,
        0.9,
        0.9,
        0.9,
        0.9,
        0.9,
        0.9,
        0.7,
        0.7,
        0.9,
        0.9,
        0.9,
        0.6,
        0.9,
        0.9,
        0.9,
        0.9,
        0.9,
        0.9,
        0.6,
        0.6,
        0.6,
        0.6,
        0.9,
        0.9,
        0.8
    ],
    "train_loss_history": [
        0.18969924449920655,
        0.07912403059502443,
        0.03464874650041262,
        0.016179694638897974,
        0.008979103745271761,
        0.007962569470206897,
        0.004538718944725891,
        0.003442048925595979,
        0.0023610185133293273,
        0.002311765685832749,
        0.002636732130000989,
        0.0013985995125646393,
        0.0016444900499967237,
        0.001056931837229058,
        0.0016102686485586068,
        0.001178272832961132,
        0.001066369885423531,
        0.0010227342640670638,
        0.0007934745226521045,
        0.0008104300786120196,
        0.0005376607572543435,
        0.0005005002371035516,
        0.0006375870473372439,
        0.000556547812690648,
        0.0005558910643837105,
        0.0005628164023316155,
        0.00033720665281483284,
        0.0002908136365779986,
        0.00025800895721962057,
        0.0003194379668760424,
        0.0003122734395825925,
        0.0002231930775451474,
        0.00020064802483830136,
        0.0003178987525946771,
        0.0003131599000577504,
        0.0001501385006122291,
        0.000195223257469479,
        0.00016658179083606228,
        0.00012844048372547454,
        0.00028628062864299864,
        0.0002181561712253218,
        0.00013274468728923238,
        0.0001265482317345838,
        0.00012093257901142351,
        0.00015529675656580366,
        0.0001520992557440574,
        0.00015523041050376682,
        0.0001808847693610005,
        0.00017487412775759974,
        0.00017653448157943784,
        7.589309916511411e-05,
        0.00011265517241554335,
        0.0001091643037701336,
        6.905265557482684e-05,
        0.00019554895710219473,
        0.00011494827728408079,
        0.00015848567842719302,
        9.289305695953468e-05,
        0.00010113552329282053,
        5.329952764441259e-05,
        0.00010979481254859517,
        8.973446771657716e-05,
        7.406659327292194e-05,
        0.00010642443982457431,
        8.91551018867176e-05,
        6.959470604973224e-05,
        0.00010195698414463549,
        9.19630228963797e-05,
        7.378355257969815e-05,
        7.294818484903469e-05,
        0.00010557568239164539,
        4.100222383082534e-05,
        9.321441466454416e-05,
        6.509887001205546e-05,
        5.767199302984712e-05,
        6.0916703174977255e-05,
        4.725721143283105e-05,
        5.1533944739882526e-05,
        4.207387695108385e-05,
        5.6792370439022e-05,
        4.29404221601241e-05,
        8.035519858822227e-05,
        5.0283531891182065e-05,
        3.763305940083228e-05,
        6.819943409936968e-05,
        7.51036254465968e-05,
        4.009294619417384e-05,
        4.715915504978815e-05,
        4.819138051364765e-05,
        3.4651276231064305e-05,
        8.027102588433384e-05,
        4.2968839989043775e-05,
        3.737921057715236e-05,
        3.584679325285833e-05,
        6.189399064169266e-05,
        4.394263408660966e-05,
        4.177731708144468e-05,
        3.5773156165911736e-05,
        4.0537359018344433e-05,
        3.951461223247558e-05
    ],