{
    "test_accuracy": 0.3,
    "test_f1": 0.23076923076923078,
    "train_accuracy_history": [
        0.36666666666666664,
        0.5666666666666667,
        0.6666666666666666,
        0.7666666666666667,
        0.8,
        0.8666666666666667,
        0.8333333333333334,
        1.0,
        0.8666666666666667,
        0.9333333333333333,
        0.9333333333333333,
        1.0,
        1.0,
        1.0,
        1.0,
        1.0,
        1.0,
        1.0,
        1.0,
        1.0,
        1.0,
        1.0,
        1.0,
        1.0,
        1.0,
        1.0,
        1.0,
        1.0,
        1.0,
        1.0,
        1.0,
        1.0,
        1.0,
        1.0,
        1.0,
        1.0,
        1.0,
        1.0,
        1.0,
        1.0,
        1.0,
        1.0,
        1.0,
        1.0,
        1.0,
        1.0,
        1.0,
        1.0,
        1.0,
        1.0,
        1.0,
        1.0,
        1.0,
        1.0,
        1.0,
        1.0,
        1.0,
        1.0,
        1.0,
        1.0,
        1.0,
        1.0,
        1.0,
        1.0,
        1.0,
        1.0,
        1.0,
        1.0,
        1.0,
        1.0,
        1.0,
        1.0,
        1.0,
        1.0,
        1.0,
        1.0,
        1.0,
        1.0,
        1.0,
        1.0,
        1.0,
        1.0,
        1.0,
        1.0,
        1.0,
        1.0,
        1.0,
        1.0,
        1.0,
        1.0,
        1.0,
        1.0,
        1.0,
        1.0,
        1.0,
        1.0,
        1.0,
        1.0,
        1.0,
        1.0
    ],
    "val_accuracy_history": [
        0.6,
        0.6,
        0.6,
        0.6,
        0.6,
        0.6,
        0.6,
        0.6,
        0.6,
        0.6,
        0.6,
        0.4,
        0.6,
        0.6,
        0.6,
        0.6,
        0.6,
        0.6,
        0.4,
        0.6,
        0.6,
        0.6,
        0.6,
        0.6,
        0.6,
        0.6,
        0.6,
        0.6,
        0.6,
        0.6,
        0.6,
        0.6,
        0.6,
        0.6,
        0.6,
        0.6,
        0.5,
        0.6,
        0.6,
        0.6,
        0.6,
        0.5,
        0.5,
        0.7,
        0.6,
        0.4,
        0.5,
        0.6,
        0.3,
        0.6,
        0.4,
        0.5,
        0.4,
        0.4,
        0.4,
        0.4,
        0.5,
        0.5,
        0.6,
        0.4,
        0.5,
        0.4,
        0.6,
        0.6,
        0.6,
        0.5,
        0.5,
        0.4,
        0.4,
        0.3,
        0.3,
        0.5,
        0.6,
        0.6,
        0.6,
        0.6,
        0.6,
        0.6,
        0.6,
        0.6,
        0.6,
        0.6,
        0.7,
        0.7,
        0.5,
        0.4,
        0.4,
        0.6,
        0.6,
        0.7,
        0.6,
        0.6,
        0.6,
        0.5,
        0.4,
        0.5,
        0.5,
        0.6,
        0.6,
        0.4
    ],
    "train_loss_history": [
        0.21434502601623534,
        0.17324135502179464,
        0.15016077955563864,
        0.12675305406252543,
        0.11496221820513407,
        0.09533975770076115,
        0.08996704990665118,
        0.049533025920391084,
        0.04983035313586394,
        0.048429523160060245,
        0.04610892410079638,
        0.027959764127930005,
        0.022146426141262054,
        0.01636480543141564,
        0.012542314253126581,
        0.010375604157646497,
        0.00946551536520322,
        0.006685654710357388,
        0.005346951152508457,
        0.005622352473437786,
        0.004402740206569433,
        0.004198907734826207,
        0.003603016398847103,
        0.002685236659211417,
        0.0052082657037923735,
        0.001903878020433088,
        0.0036962100459883612,
        0.0018949921863774459,
        0.0025598643813282253,
        0.0024797758009905617,
        0.001679381278033058,
        0.002050680674922963,
        0.002658595253402988,
        0.001472909360503157,
        0.0012882636471961936,
        0.0013842196747039755,
        0.0014567489580561718,
        0.0011422573045517007,
        0.0010475126871218284,
        0.001466112215227137,
        0.001276145518446962,
        0.0007768401837286849,
        0.0011214414262212813,
        0.0012238379917107523,
        0.0009681800807205339,
        0.0007334224220054846,
        0.0011385724414139987,
        0.001083532947814092,
        0.0008605121091629068,
        0.0008855576840384553,
        0.0013090927871720244,
        0.0007178473053500057,
        0.0008510182383664263,
        0.0003917184522530685,
        0.0007899838732555508,
        0.0007380473078228533,
        0.0005394154247672608,
        0.0007396927627269179,
        0.0004855730978306383,
        0.0004651034289660553,
        0.00043258715498571595,
        0.00040027600480243566,
        0.000663440070153835,
        0.0003490955277811736,
        0.0004542572482023388,
        0.00039492862997576595,
        0.0004538375826086849,
        0.0005942752643022687,
        0.0004532917538502564,
        0.00023932683848215675,
        0.0003649707961206635,
        0.0006194403496920132,
        0.0004164850931071366,
        0.003108012253263344,
        0.0010085294876868527,
        0.0018922923520828287,
        0.0012982634866299729,
        0.0007306212384719402,
        0.0018493653546708326,
        0.0008637481058637301,
        0.000505667709512636,
        0.000865207517441983,
        0.0008466573529100666,
        0.00044997148991872865,
        0.0009230154605271916,
        0.0006271264447908228,
        0.0005899374412062267,
        0.0006922029443861296,
        0.00040146334261711064,
        0.0007870912061965404,
        0.0003369966691631513,
        0.0002457732237720241,
        0.0004062786659536262,
        0.000395860521045203,
        0.0003181288564519491,
        0.00036428873039161166,
        0.00021880179701838642,
        0.0003362753913582613,
        0.0002459079116912714,
        0.00020645871700253338
    ],